source	x	y	z	chemin	type	mappin	titre	extra
mappin	-1542	1203	58.5	quests/main_quest/act_01/q116_cyberspace/00_roof/01_go_to_roof/roof	gameJournalQuestMapPin	Mappins.QuestStaticMappinDefinition		
mappin	-1541.17	1204.14	57.5	quests/main_quest/act_01/q116_cyberspace/00_roof/02b_pick_necklace/bullet	gameJournalQuestMapPin	Mappins.QuestStaticMappinDefinition		
mappin	-1127.245	216.52	-716.522	quests/main_quest/act_01/q116_cyberspace/01_cyberspace/01_explore/mp	gameJournalQuestMapPin	Mappins.QuestStaticMappinDefinition		
mappin	-1108.84	-35.693	1163.933	quests/main_quest/act_01/q116_cyberspace/01_cyberspace/02a_talk_v/v	gameJournalQuestMapPin	Mappins.QuestDynamicMappinDefinition		
mappin	-1127.287	298.566	-716.6	quests/main_quest/act_01/q116_cyberspace/01_cyberspace/03_choose/bridge	gameJournalQuestMapPin	Mappins.QuestStaticMappinDefinition		
mappin	-1127.136	193.195	-717.379	quests/main_quest/act_01/q116_cyberspace/01_cyberspace/03_choose/sarcophagus	gameJournalQuestMapPin	Mappins.QuestStaticMappinDefinition		
mappin	-1108.84	-35.693	1163.933	quests/main_quest/act_01/q116_cyberspace/01_cyberspace/02d_talk_v_alt/v	gameJournalQuestMapPin	Mappins.QuestDynamicMappinDefinition		
mappin	-1127.136	193.195	-717.379	quests/main_quest/act_01/q116_cyberspace/01_cyberspace/03a_enter_well/sarcophagus	gameJournalQuestMapPin	Mappins.QuestStaticMappinDefinition		
mappin	-1127.136	193.195	-717.379	quests/main_quest/act_01/q116_cyberspace/01_cyberspace/03a_enter_well_optional/sarcophagus	gameJournalQuestMapPin	Mappins.QuestStaticMappinDefinition		
mappin	-1127.287	298.566	-716.6	quests/main_quest/act_01/q116_cyberspace/01_cyberspace/03b_cross_bridge/bridge	gameJournalQuestMapPin	Mappins.QuestStaticMappinDefinition		
mappin	-1127.287	298.566	-716.6	quests/main_quest/act_01/q116_cyberspace/01_cyberspace/03b_cross_bridge_optional/bridge	gameJournalQuestMapPin	Mappins.QuestStaticMappinDefinition		
mappin	1840.88	2236.869	181.139	quests/main_quest/act_01/q114_01_nomad_initiation/new_camp_wake_up/travel_nomad_camp/mp_camp	gameJournalQuestMapPin	Mappins.QuestStaticMappinDefinition		
mappin	2188.406	2030.696	178.565	quests/main_quest/act_01/q114_01_nomad_initiation/preparations/warm_up/mp_point	gameJournalQuestMapPin	Mappins.QuestStaticMappinDefinition		
mappin	6013.585	6114.534	0	quests/main_quest/act_01/q114_01_nomad_initiation/preparations/vendor/vendor_mp	gameJournalQuestMapPin	Mappins.QuestDynamicMappinDefinition		
mappin	1817.937	2250.156	181.051	quests/main_quest/act_01/q114_01_nomad_initiation/preparations/take_part_in_initiation/mp_saul	gameJournalQuestMapPin	Mappins.QuestStaticMappinDefinition		
mappin	2274.506	1967.006	177.553	quests/main_quest/act_01/q114_01_nomad_initiation/preparations/destroywrecks/mp_wreck_001	gameJournalQuestMapPin	Mappins.QuestStaticMappinDefinition		
mappin	2199.301	1974.847	180.065	quests/main_quest/act_01/q114_01_nomad_initiation/preparations/destroywrecks/mp_wreck_002	gameJournalQuestMapPin	Mappins.QuestStaticMappinDefinition		
mappin	2156.778	2066.914	178.45	quests/main_quest/act_01/q114_01_nomad_initiation/preparations/destroywrecks/mp_wreck_003	gameJournalQuestMapPin	Mappins.QuestStaticMappinDefinition		
mappin	2247.626	2107.77	178.449	quests/main_quest/act_01/q114_01_nomad_initiation/preparations/destroywrecks/mp_wreck_004	gameJournalQuestMapPin	Mappins.QuestStaticMappinDefinition		
mappin	2168.619	2065.952	179.568	quests/main_quest/act_01/q114_01_nomad_initiation/preparations/destroywrecks/mp_area	gameJournalQuestMapPin	Mappins.QuestStaticMappinDefinition		
mappin	2278.196	2058.902	178.697	quests/main_quest/act_01/q114_01_nomad_initiation/preparations/destroywrecks/mp_wreck_005	gameJournalQuestMapPin	Mappins.QuestStaticMappinDefinition		
mappin	2192.336	2074.064	175.778	quests/main_quest/act_01/q114_01_nomad_initiation/preparations/destroywrecks/mp_wreck_006	gameJournalQuestMapPin	Mappins.QuestStaticMappinDefinition		
mappin	2288.446	2004.713	174.775	quests/main_quest/act_01/q114_01_nomad_initiation/preparations/destroywrecks/mp_wreck_007	gameJournalQuestMapPin	Mappins.QuestStaticMappinDefinition		
mappin	2230.149	2030.504	178.652	quests/main_quest/act_01/q114_01_nomad_initiation/preparations/destroywrecks/mp_wreck_008	gameJournalQuestMapPin	Mappins.QuestStaticMappinDefinition		
mappin	2273.359	2063.23	179.205	quests/main_quest/act_01/q114_01_nomad_initiation/preparations/drive_to_spot/mp_spot	gameJournalQuestMapPin	Mappins.QuestStaticMappinDefinition		
mappin	2330.993	2066.525	179.457	quests/main_quest/act_01/q114_01_nomad_initiation/preparations/punch_through/mp_goal	gameJournalQuestMapPin	Mappins.QuestStaticMappinDefinition		
mappin	1889.018	2232.461	179.263	quests/main_quest/act_01/q114_01_nomad_initiation/preparations/return_to_camp/mp_camp	gameJournalQuestMapPin	Mappins.QuestStaticMappinDefinition		
mappin	1811.687	2239.756	180.924	quests/main_quest/act_01/q114_01_nomad_initiation/preparations/enter_bathtub/mp_bathtub	gameJournalQuestMapPin	Mappins.QuestStaticMappinDefinition		
mappin	-2928.839	-4725.557	67.862	quests/main_quest/act_01/q114_01_nomad_initiation/party/party/mp_bigpete	gameJournalQuestMapPin	Mappins.QuestDynamicMappinDefinition		
mappin	2171.32	-1743.454	61.768	quests/main_quest/act_01/q114_01_nomad_initiation/party/party/mp_tanner	gameJournalQuestMapPin	Mappins.QuestDynamicMappinDefinition		
mappin	1812.356	2291.183	202.153	quests/main_quest/act_01/q114_01_nomad_initiation/party/party/mp_singer	gameJournalQuestMapPin	Mappins.QuestDynamicMappinDefinition		
mappin	-153.565	-5201.959	86.981	quests/main_quest/act_01/q114_01_nomad_initiation/party/party/mp_welby	gameJournalQuestMapPin	Mappins.QuestDynamicMappinDefinition		
mappin	1800.128	2259.403	177.001	quests/main_quest/act_01/q114_01_nomad_initiation/party/party/mp_party_area	gameJournalQuestMapPin	Mappins.QuestStaticMappinDefinition		
mappin	1845.896	2222.281	180.141	quests/main_quest/act_01/q114_01_nomad_initiation/party/line/line_mp	gameJournalQuestMapPin	Mappins.QuestStaticMappinDefinition		
mappin	1845.184	2215.263	180.95	quests/main_quest/act_01/q114_01_nomad_initiation/party/shoot_bottles/mp_bottles	gameJournalQuestMapPin	Mappins.QuestStaticMappinDefinition		
mappin	-1654.649	1583.908	-554.98	quests/main_quest/act_01/q115_afterlife/02_afterlife/02_talk_alt/marker	gameJournalQuestMapPin	Mappins.QuestStaticMappinDefinition		
mappin	-1443.781	1025.052	88.209	quests/main_quest/act_01/q115_afterlife/02_afterlife/07_get_in_av/rogue	gameJournalQuestMapPin	Mappins.QuestStaticMappinDefinition		
mappin	-1448.444	996.823	17.377	quests/main_quest/act_01/q115_afterlife/02_afterlife/02a_connect_to_chair/chair	gameJournalQuestMapPin	Mappins.QuestStaticMappinDefinition		
mappin	-1463.65	1032.155	18.379	quests/main_quest/act_01/q115_afterlife/02_afterlife/06b_elevator/elevator1	gameJournalQuestMapPin	Mappins.QuestStaticMappinDefinition		
mappin	-1447.954	999.864	18.207	quests/main_quest/act_01/q115_afterlife/02_afterlife/02b_put_on_suit/suit	gameJournalQuestMapPin	Mappins.QuestStaticMappinDefinition		
mappin	-1446.798	996.986	17.888	quests/main_quest/act_01/q115_afterlife/02_afterlife/02c_go_net_room/room	gameJournalQuestMapPin	Mappins.QuestStaticMappinDefinition		
mappin	-1451.967	1007.911	17.294	quests/main_quest/act_01/q115_afterlife/02_afterlife/01b_grab_thrusters/thrusters	gameJournalQuestMapPin	Mappins.QuestStaticMappinDefinition		
mappin	-1449.999	1008.068	16.403	quests/main_quest/act_01/q115_afterlife/02_afterlife/01c_grab_equipment/equipment	gameJournalQuestMapPin	Mappins.QuestStaticMappinDefinition		
mappin	-1449.05	1011.145	17.605	quests/main_quest/act_01/q115_afterlife/02_afterlife/01d_grab_splinter/splinter	gameJournalQuestMapPin	Mappins.QuestStaticMappinDefinition		
mappin	249.137	2428.782	67.081	quests/main_quest/act_01/q114_02_maglev_line_assault/04_approach/drive/construction_mp	gameJournalQuestMapPin	Mappins.QuestStaticMappinDefinition		
mappin	210.357	2382.61	67.328	quests/main_quest/act_01/q114_02_maglev_line_assault/04_approach/convoy/mp_area	gameJournalQuestMapPin	Mappins.QuestStaticMappinDefinition		
mappin	249.951	2430.748	70.084	quests/main_quest/act_01/q114_02_maglev_line_assault/04_approach/gate/gate_01	gameJournalQuestMapPin	Mappins.QuestStaticMappinDefinition		
mappin	249.137	2428.782	67.081	quests/main_quest/act_01/q114_02_maglev_line_assault/04_approach/continue_approach/mp_construction	gameJournalQuestMapPin	Mappins.QuestStaticMappinDefinition		
mappin	2088.777	2715.682	126.826	quests/main_quest/act_01/q114_02_maglev_line_assault/04_approach/break_through/mp_barriers	gameJournalQuestMapPin	Mappins.QuestStaticMappinDefinition		
mappin	554.422	2712.839	58.086	quests/main_quest/act_01/q114_02_maglev_line_assault/04_approach/defend_panzer/mp_large_001	gameJournalQuestMapPin	Mappins.QuestDynamicMappinDefinition		
mappin	554.422	2712.839	58.086	quests/main_quest/act_01/q114_02_maglev_line_assault/04_approach/defend_panzer/mp_large_002	gameJournalQuestMapPin	Mappins.QuestDynamicMappinDefinition		
mappin	554.422	2712.839	58.086	quests/main_quest/act_01/q114_02_maglev_line_assault/04_approach/defend_panzer/mp_large_003	gameJournalQuestMapPin	Mappins.QuestDynamicMappinDefinition		
mappin	554.422	2712.839	58.086	quests/main_quest/act_01/q114_02_maglev_line_assault/04_approach/defend_panzer/mp_large_004	gameJournalQuestMapPin	Mappins.QuestDynamicMappinDefinition		
mappin	554.422	2712.839	58.086	quests/main_quest/act_01/q114_02_maglev_line_assault/04_approach/defend_panzer/mp_large_005	gameJournalQuestMapPin	Mappins.QuestDynamicMappinDefinition		
mappin	554.422	2712.839	58.086	quests/main_quest/act_01/q114_02_maglev_line_assault/04_approach/defend_panzer/mp_medium_001	gameJournalQuestMapPin	Mappins.QuestDynamicMappinDefinition		
mappin	554.422	2712.839	58.086	quests/main_quest/act_01/q114_02_maglev_line_assault/04_approach/defend_panzer/mp_medium_002	gameJournalQuestMapPin	Mappins.QuestDynamicMappinDefinition		
mappin	554.422	2712.839	58.086	quests/main_quest/act_01/q114_02_maglev_line_assault/04_approach/defend_panzer/mp_medium_003	gameJournalQuestMapPin	Mappins.QuestDynamicMappinDefinition		
mappin	554.422	2712.839	58.086	quests/main_quest/act_01/q114_02_maglev_line_assault/04_approach/defend_panzer/mp_medium_004	gameJournalQuestMapPin	Mappins.QuestDynamicMappinDefinition		
mappin	587.914	2743.579	68.69	quests/main_quest/act_01/q114_02_maglev_line_assault/04_approach/defend_panzer/mp_area	gameJournalQuestMapPin	Mappins.QuestStaticMappinDefinition		
mappin	265.779	2464.125	67.664	quests/main_quest/act_01/q114_02_maglev_line_assault/04_approach/clear_courtyard/mp_area	gameJournalQuestMapPin	Mappins.QuestStaticMappinDefinition		
mappin	397.782	2601.306	68.191	quests/main_quest/act_01/q114_02_maglev_line_assault/04_approach/clear_bridge/mp_barricade_001	gameJournalQuestMapPin	Mappins.QuestStaticMappinDefinition		
mappin	361.714	2565.554	68.543	quests/main_quest/act_01/q114_02_maglev_line_assault/04_approach/clear_bridge/mp_barricade_002	gameJournalQuestMapPin	Mappins.QuestStaticMappinDefinition		
mappin	249.137	2428.782	67.081	quests/main_quest/act_01/q114_02_maglev_line_assault/05_construction/construction/construction_mp	gameJournalQuestMapPin	Mappins.QuestDynamicMappinDefinition		
mappin	294.922	2473.249	65.14	quests/main_quest/act_01/q114_02_maglev_line_assault/05_construction/panzer/mp_area	gameJournalQuestMapPin	Mappins.QuestStaticMappinDefinition		
mappin	286.388	2483.137	62.639	quests/main_quest/act_01/q114_02_maglev_line_assault/05_construction/panzer/mp_drone_001	gameJournalQuestMapPin	Mappins.QuestDynamicMappinDefinition		
mappin	283.404	2486.122	62.639	quests/main_quest/act_01/q114_02_maglev_line_assault/05_construction/panzer/mp_drone_007	gameJournalQuestMapPin	Mappins.QuestDynamicMappinDefinition		
mappin	289.429	2480.096	62.639	quests/main_quest/act_01/q114_02_maglev_line_assault/05_construction/panzer/mp_drone_0010	gameJournalQuestMapPin	Mappins.QuestDynamicMappinDefinition		
mappin	286.388	2483.137	62.639	quests/main_quest/act_01/q114_02_maglev_line_assault/05_construction/panzer/mp_drone_002	gameJournalQuestMapPin	Mappins.QuestDynamicMappinDefinition		
mappin	286.388	2483.137	62.639	quests/main_quest/act_01/q114_02_maglev_line_assault/05_construction/panzer/mp_drone_003	gameJournalQuestMapPin	Mappins.QuestDynamicMappinDefinition		
mappin	286.388	2483.137	62.639	quests/main_quest/act_01/q114_02_maglev_line_assault/05_construction/panzer/mp_drone_004	gameJournalQuestMapPin	Mappins.QuestDynamicMappinDefinition		
mappin	286.388	2483.137	62.639	quests/main_quest/act_01/q114_02_maglev_line_assault/05_construction/panzer/mp_drone_005	gameJournalQuestMapPin	Mappins.QuestDynamicMappinDefinition		
mappin	286.388	2483.137	62.639	quests/main_quest/act_01/q114_02_maglev_line_assault/05_construction/panzer/mp_drone_006	gameJournalQuestMapPin	Mappins.QuestDynamicMappinDefinition		
mappin	283.404	2486.122	62.639	quests/main_quest/act_01/q114_02_maglev_line_assault/05_construction/panzer/mp_drone_008	gameJournalQuestMapPin	Mappins.QuestDynamicMappinDefinition		
mappin	283.404	2486.122	62.639	quests/main_quest/act_01/q114_02_maglev_line_assault/05_construction/panzer/mp_drone_009	gameJournalQuestMapPin	Mappins.QuestDynamicMappinDefinition		
mappin	289.429	2480.096	62.639	quests/main_quest/act_01/q114_02_maglev_line_assault/05_construction/panzer/mp_drone_0011	gameJournalQuestMapPin	Mappins.QuestDynamicMappinDefinition		
mappin	289.429	2480.096	62.639	quests/main_quest/act_01/q114_02_maglev_line_assault/05_construction/panzer/mp_drone_0012	gameJournalQuestMapPin	Mappins.QuestDynamicMappinDefinition		
mappin	289.429	2480.096	62.639	quests/main_quest/act_01/q114_02_maglev_line_assault/05_construction/panzer/mp_drone_0013	gameJournalQuestMapPin	Mappins.QuestDynamicMappinDefinition		
mappin	195.879	2390.398	65.434	quests/main_quest/act_01/q114_02_maglev_line_assault/05_construction/defend/mp_gamma_001	gameJournalQuestMapPin	Mappins.QuestDynamicMappinDefinition		
mappin	195.879	2390.398	65.434	quests/main_quest/act_01/q114_02_maglev_line_assault/05_construction/defend/mp_gamma_002	gameJournalQuestMapPin	Mappins.QuestDynamicMappinDefinition		
mappin	195.879	2390.398	65.434	quests/main_quest/act_01/q114_02_maglev_line_assault/05_construction/defend/mp_gamma_003	gameJournalQuestMapPin	Mappins.QuestDynamicMappinDefinition		
mappin	195.879	2390.398	65.434	quests/main_quest/act_01/q114_02_maglev_line_assault/05_construction/defend/mp_gamma_004	gameJournalQuestMapPin	Mappins.QuestDynamicMappinDefinition		
mappin	195.879	2390.398	65.434	quests/main_quest/act_01/q114_02_maglev_line_assault/05_construction/defend/mp_beta_001	gameJournalQuestMapPin	Mappins.QuestDynamicMappinDefinition		
mappin	195.879	2390.398	65.434	quests/main_quest/act_01/q114_02_maglev_line_assault/05_construction/defend/mp_beta_002	gameJournalQuestMapPin	Mappins.QuestDynamicMappinDefinition		
mappin	195.879	2390.398	65.434	quests/main_quest/act_01/q114_02_maglev_line_assault/05_construction/defend/mp_beta_003	gameJournalQuestMapPin	Mappins.QuestDynamicMappinDefinition		
mappin	195.879	2390.398	65.434	quests/main_quest/act_01/q114_02_maglev_line_assault/05_construction/defend/mp_beta_004	gameJournalQuestMapPin	Mappins.QuestDynamicMappinDefinition		
mappin	251.23	2417.5	67	quests/main_quest/act_01/q114_02_maglev_line_assault/05_construction/defend/mp_alfa_001	gameJournalQuestMapPin	Mappins.QuestDynamicMappinDefinition		
mappin	251.23	2417.5	67	quests/main_quest/act_01/q114_02_maglev_line_assault/05_construction/defend/mp_alfa_002	gameJournalQuestMapPin	Mappins.QuestDynamicMappinDefinition		
mappin	251.23	2417.5	67	quests/main_quest/act_01/q114_02_maglev_line_assault/05_construction/defend/mp_alfa_003	gameJournalQuestMapPin	Mappins.QuestDynamicMappinDefinition		
mappin	251.23	2417.5	67	quests/main_quest/act_01/q114_02_maglev_line_assault/05_construction/defend/mp_alfa_004	gameJournalQuestMapPin	Mappins.QuestDynamicMappinDefinition		
mappin	246.5	2434.62	67	quests/main_quest/act_01/q114_02_maglev_line_assault/05_construction/defend/mp_delta_001	gameJournalQuestMapPin	Mappins.QuestDynamicMappinDefinition		
mappin	246.5	2434.62	67	quests/main_quest/act_01/q114_02_maglev_line_assault/05_construction/defend/mp_delta_002	gameJournalQuestMapPin	Mappins.QuestDynamicMappinDefinition		
mappin	246.5	2434.62	67	quests/main_quest/act_01/q114_02_maglev_line_assault/05_construction/defend/mp_delta_003	gameJournalQuestMapPin	Mappins.QuestDynamicMappinDefinition		
mappin	246.5	2434.62	67	quests/main_quest/act_01/q114_02_maglev_line_assault/05_construction/defend/mp_delta_004	gameJournalQuestMapPin	Mappins.QuestDynamicMappinDefinition		
mappin	195.879	2390.398	65.434	quests/main_quest/act_01/q114_02_maglev_line_assault/05_construction/defend/mp_beta_005	gameJournalQuestMapPin	Mappins.QuestDynamicMappinDefinition		
mappin	246.5	2434.62	67	quests/main_quest/act_01/q114_02_maglev_line_assault/05_construction/defend/mp_delta_005	gameJournalQuestMapPin	Mappins.QuestDynamicMappinDefinition		
mappin	210.357	2382.61	67.328	quests/main_quest/act_01/q114_02_maglev_line_assault/05_construction/defend/mp_area	gameJournalQuestMapPin	Mappins.QuestStaticMappinDefinition		
mappin	251.23	2417.5	67	quests/main_quest/act_01/q114_02_maglev_line_assault/05_construction/defend/mp_alfa_005	gameJournalQuestMapPin	Mappins.QuestDynamicMappinDefinition		
mappin	195.879	2390.398	65.434	quests/main_quest/act_01/q114_02_maglev_line_assault/05_construction/defend/mp_delta_006	gameJournalQuestMapPin	Mappins.QuestDynamicMappinDefinition		
mappin	176.674	2360.057	67.157	quests/main_quest/act_01/q114_02_maglev_line_assault/05_construction/approach_controls/mp_parking	gameJournalQuestMapPin	Mappins.QuestStaticMappinDefinition		
mappin	195.879	2390.398	65.434	quests/main_quest/act_01/q114_02_maglev_line_assault/05_construction/cleanup_site/mp_drone_001	gameJournalQuestMapPin	Mappins.QuestDynamicMappinDefinition		
mappin	195.879	2390.398	65.434	quests/main_quest/act_01/q114_02_maglev_line_assault/05_construction/cleanup_site/mp_drone_002	gameJournalQuestMapPin	Mappins.QuestDynamicMappinDefinition		
mappin	195.879	2390.398	65.434	quests/main_quest/act_01/q114_02_maglev_line_assault/05_construction/cleanup_site/mp_drone_003	gameJournalQuestMapPin	Mappins.QuestDynamicMappinDefinition		
mappin	195.879	2390.398	65.434	quests/main_quest/act_01/q114_02_maglev_line_assault/05_construction/cleanup_site/mp_drone_004	gameJournalQuestMapPin	Mappins.QuestDynamicMappinDefinition		
mappin	195.879	2390.398	65.434	quests/main_quest/act_01/q114_02_maglev_line_assault/05_construction/cleanup_site/mp_drone_005	gameJournalQuestMapPin	Mappins.QuestDynamicMappinDefinition		
mappin	195.879	2390.398	65.434	quests/main_quest/act_01/q114_02_maglev_line_assault/05_construction/cleanup_site/mp_drone_006	gameJournalQuestMapPin	Mappins.QuestDynamicMappinDefinition		
mappin	210.357	2382.61	67.328	quests/main_quest/act_01/q114_02_maglev_line_assault/05_construction/cleanup_site/mp_area	gameJournalQuestMapPin	Mappins.QuestStaticMappinDefinition		
mappin	195.879	2390.398	65.434	quests/main_quest/act_01/q114_02_maglev_line_assault/05_construction/defeat_dropteam/mp_dropteam	gameJournalQuestMapPin	Mappins.QuestDynamicMappinDefinition		
mappin	246.33	2428.93	67	quests/main_quest/act_01/q114_02_maglev_line_assault/05_construction/defeat_dropteam/mp_theta1	gameJournalQuestMapPin	Mappins.QuestDynamicMappinDefinition		
mappin	246.33	2428.93	67	quests/main_quest/act_01/q114_02_maglev_line_assault/05_construction/defeat_dropteam/mp_theta2	gameJournalQuestMapPin	Mappins.QuestDynamicMappinDefinition		
mappin	246.33	2428.93	67	quests/main_quest/act_01/q114_02_maglev_line_assault/05_construction/defeat_dropteam/mp_theta3	gameJournalQuestMapPin	Mappins.QuestDynamicMappinDefinition		
mappin	246.33	2428.93	67	quests/main_quest/act_01/q114_02_maglev_line_assault/05_construction/defeat_dropteam/mp_theta4	gameJournalQuestMapPin	Mappins.QuestDynamicMappinDefinition		
mappin	246.33	2428.93	67	quests/main_quest/act_01/q114_02_maglev_line_assault/05_construction/defeat_dropteam/mp_omega1	gameJournalQuestMapPin	Mappins.QuestDynamicMappinDefinition		
mappin	246.33	2428.93	67	quests/main_quest/act_01/q114_02_maglev_line_assault/05_construction/defeat_dropteam/mp_omega2	gameJournalQuestMapPin	Mappins.QuestDynamicMappinDefinition		
mappin	246.33	2428.93	67	quests/main_quest/act_01/q114_02_maglev_line_assault/05_construction/defeat_dropteam/mp_omega3	gameJournalQuestMapPin	Mappins.QuestDynamicMappinDefinition		
mappin	246.33	2428.93	67	quests/main_quest/act_01/q114_02_maglev_line_assault/05_construction/defeat_dropteam/mp_omega4	gameJournalQuestMapPin	Mappins.QuestDynamicMappinDefinition		
mappin	195.879	2390.398	65.434	quests/main_quest/act_01/q114_02_maglev_line_assault/05_construction/defeat_dropteam/mp_dropteam1	gameJournalQuestMapPin	Mappins.QuestDynamicMappinDefinition		
mappin	195.879	2390.398	65.434	quests/main_quest/act_01/q114_02_maglev_line_assault/05_construction/defeat_dropteam/mp_dropteam2	gameJournalQuestMapPin	Mappins.QuestDynamicMappinDefinition		
mappin	195.879	2390.398	65.434	quests/main_quest/act_01/q114_02_maglev_line_assault/05_construction/defeat_dropteam/mp_dropteam3	gameJournalQuestMapPin	Mappins.QuestDynamicMappinDefinition		
mappin	195.879	2390.398	65.434	quests/main_quest/act_01/q114_02_maglev_line_assault/05_construction/defeat_dropteam/mp_dropteam4	gameJournalQuestMapPin	Mappins.QuestDynamicMappinDefinition		
mappin	195.879	2390.398	65.434	quests/main_quest/act_01/q114_02_maglev_line_assault/05_construction/defeat_dropteam/mp_dropteam5	gameJournalQuestMapPin	Mappins.QuestDynamicMappinDefinition		
mappin	210.357	2382.61	67.328	quests/main_quest/act_01/q114_02_maglev_line_assault/05_construction/defeat_dropteam/mp_area	gameJournalQuestMapPin	Mappins.QuestStaticMappinDefinition		
mappin	292.608	2473.036	67.26	quests/main_quest/act_01/q114_02_maglev_line_assault/05_construction/intercept/mp_location	gameJournalQuestMapPin	Mappins.QuestStaticMappinDefinition		
mappin	249.137	2428.782	67.081	quests/main_quest/act_01/q114_02_maglev_line_assault/05_construction/return_to_construction/mp_construction	gameJournalQuestMapPin	Mappins.QuestStaticMappinDefinition		
mappin	1817.933	2291.937	202.129	quests/main_quest/act_01/q114_02_maglev_line_assault/05_construction/wait_mitch_carol/mp_mitchcarol	gameJournalQuestMapPin	Mappins.QuestDynamicMappinDefinition		
mappin	294.844	1030.274	230.608	quests/main_quest/act_01/q113_rescuing_hanako/01_estate/00_enter_estate/mappin	gameJournalQuestMapPin	Mappins.QuestStaticMappinDefinition		
mappin	320.796	1054.332	225.918	quests/main_quest/act_01/q113_rescuing_hanako/01_estate/01b_defeat_guards/guard_02	gameJournalQuestMapPin	Mappins.QuestDynamicMappinDefinition		
mappin	320.796	1054.332	225.918	quests/main_quest/act_01/q113_rescuing_hanako/01_estate/01b_defeat_guards/guard_03	gameJournalQuestMapPin	Mappins.QuestDynamicMappinDefinition		
mappin	320.796	1054.332	225.918	quests/main_quest/act_01/q113_rescuing_hanako/01_estate/01b_defeat_guards/guard_04	gameJournalQuestMapPin	Mappins.QuestDynamicMappinDefinition		
mappin	320.796	1054.332	225.918	quests/main_quest/act_01/q113_rescuing_hanako/01_estate/01b_defeat_guards/guard_05	gameJournalQuestMapPin	Mappins.QuestDynamicMappinDefinition		
mappin	320.796	1054.332	225.918	quests/main_quest/act_01/q113_rescuing_hanako/01_estate/01b_defeat_guards/guard_01	gameJournalQuestMapPin	Mappins.QuestDynamicMappinDefinition		
mappin	320.796	1054.332	225.918	quests/main_quest/act_01/q113_rescuing_hanako/01_estate/01b_defeat_guards/guard_06	gameJournalQuestMapPin	Mappins.QuestDynamicMappinDefinition		
mappin	320.796	1054.332	225.918	quests/main_quest/act_01/q113_rescuing_hanako/01_estate/01b_defeat_guards/guard_07	gameJournalQuestMapPin	Mappins.QuestDynamicMappinDefinition		
mappin	320.796	1054.332	225.918	quests/main_quest/act_01/q113_rescuing_hanako/01_estate/01b_defeat_guards/guard_08	gameJournalQuestMapPin	Mappins.QuestDynamicMappinDefinition		
mappin	320.796	1054.332	225.918	quests/main_quest/act_01/q113_rescuing_hanako/01_estate/01b_defeat_guards/guard_09	gameJournalQuestMapPin	Mappins.QuestDynamicMappinDefinition		
mappin	320.796	1054.332	225.918	quests/main_quest/act_01/q113_rescuing_hanako/01_estate/01b_defeat_guards/guard_010	gameJournalQuestMapPin	Mappins.QuestDynamicMappinDefinition		
mappin	320.796	1054.332	225.918	quests/main_quest/act_01/q113_rescuing_hanako/01_estate/01b_defeat_guards/guard_011	gameJournalQuestMapPin	Mappins.QuestDynamicMappinDefinition		
mappin	301.214	1038.961	225.968	quests/main_quest/act_01/q113_rescuing_hanako/01_estate/01b_defeat_guards/area_mp	gameJournalQuestMapPin	Mappins.QuestStaticMappinDefinition		
mappin	313.777	1063.903	226.326	quests/main_quest/act_01/q113_rescuing_hanako/01_estate/01c_defeat_rest/area_mappin	gameJournalQuestMapPin	Mappins.QuestStaticMappinDefinition		
mappin	320.796	1054.332	225.918	quests/main_quest/act_01/q113_rescuing_hanako/01_estate/01d2_takedown/mp1	gameJournalQuestMapPin	Mappins.QuestDynamicMappinDefinition		
mappin	320.796	1054.332	225.918	quests/main_quest/act_01/q113_rescuing_hanako/01_estate/01d2_takedown/mp2	gameJournalQuestMapPin	Mappins.QuestDynamicMappinDefinition		
mappin	-1447.391	77.206	243.346	quests/main_quest/act_01/q115_rogues_last_flight/05_atrium/00_get_down/down	gameJournalQuestMapPin	Mappins.QuestStaticMappinDefinition		
mappin	-1457.608	98.941	292.496	quests/main_quest/act_01/q115_rogues_last_flight/05_atrium/00_get_down/point_01	gameJournalQuestMapPin	Mappins.QuestStaticMappinDefinition		
mappin	-1434.632	97.943	280.482	quests/main_quest/act_01/q115_rogues_last_flight/05_atrium/00_get_down/point_02	gameJournalQuestMapPin	Mappins.QuestStaticMappinDefinition		
mappin	-1457.347	99.077	268.63	quests/main_quest/act_01/q115_rogues_last_flight/05_atrium/00_get_down/point_03	gameJournalQuestMapPin	Mappins.QuestStaticMappinDefinition		
mappin	-1455.624	97.27	279.348	quests/main_quest/act_01/q115_rogues_last_flight/05_atrium/00_get_down/point_01b	gameJournalQuestMapPin	Mappins.QuestStaticMappinDefinition		
mappin	-1436.165	96.279	267.348	quests/main_quest/act_01/q115_rogues_last_flight/05_atrium/00_get_down/point_02b	gameJournalQuestMapPin	Mappins.QuestStaticMappinDefinition		
mappin	-1456.037	97.112	255.348	quests/main_quest/act_01/q115_rogues_last_flight/05_atrium/00_get_down/point_03b	gameJournalQuestMapPin	Mappins.QuestStaticMappinDefinition		
mappin	-1447.271	80.019	256.946	quests/main_quest/act_01/q115_rogues_last_flight/05_atrium/00_get_down/down_jump	gameJournalQuestMapPin	Mappins.QuestStaticMappinDefinition		
mappin	-1457.059	126.803	243.346	quests/main_quest/act_01/q115_rogues_last_flight/05_atrium/01_security_room/security_room	gameJournalQuestMapPin	Mappins.QuestStaticMappinDefinition		
mappin	-1456.554	124.363	244.648	quests/main_quest/act_01/q115_rogues_last_flight/05_atrium/02_lockdown/ap	gameJournalQuestMapPin	Mappins.QuestStaticMappinDefinition		
mappin	-1461.192	137.871	244.623	quests/main_quest/act_01/q115_rogues_last_flight/05_atrium/02_lockdown/doors	gameJournalQuestMapPin	Mappins.QuestStaticMappinDefinition		
mappin	-1442.444	182.633	238.225	quests/main_quest/act_01/q115_rogues_last_flight/05_atrium/03_elevator/elevator	gameJournalQuestMapPin	Mappins.QuestStaticMappinDefinition		
mappin	-1465.672	108.568	244.484	quests/main_quest/act_01/q115_rogues_last_flight/05_atrium/03_elevator/alt_tag_09	gameJournalQuestMapPin	Mappins.QuestStaticMappinDefinition		
mappin	-1447.352	68.708	245.049	quests/main_quest/act_01/q115_rogues_last_flight/05_atrium/03_elevator/alt_tag_010	gameJournalQuestMapPin	Mappins.QuestStaticMappinDefinition		
mappin	-1438.033	146.377	238.411	quests/main_quest/act_01/q115_rogues_last_flight/05_atrium/03_elevator/alt_tag_011	gameJournalQuestMapPin	Mappins.QuestStaticMappinDefinition		
mappin	-1442.396	184.577	238.595	quests/main_quest/act_01/q115_rogues_last_flight/05_atrium/03_elevator/alt_tag_012	gameJournalQuestMapPin	Mappins.QuestStaticMappinDefinition		
mappin	-1452.882	108.686	243.349	quests/main_quest/act_01/q115_rogues_last_flight/05_atrium/03_elevator/alt_tag_drone	gameJournalQuestMapPin	Mappins.QuestDynamicMappinDefinition		
mappin	-1452.576	107.213	255.346	quests/main_quest/act_01/q115_rogues_last_flight/05_atrium/03_elevator/alt_tag_13	gameJournalQuestMapPin	Mappins.QuestDynamicMappinDefinition		
mappin	-1452.576	107.213	255.346	quests/main_quest/act_01/q115_rogues_last_flight/05_atrium/03_elevator/alt_tag_1	gameJournalQuestMapPin	Mappins.QuestDynamicMappinDefinition		
mappin	-1452.576	107.213	255.346	quests/main_quest/act_01/q115_rogues_last_flight/05_atrium/03_elevator/alt_tag_2	gameJournalQuestMapPin	Mappins.QuestDynamicMappinDefinition		
mappin	-1452.576	107.213	255.346	quests/main_quest/act_01/q115_rogues_last_flight/05_atrium/03_elevator/alt_tag_3	gameJournalQuestMapPin	Mappins.QuestDynamicMappinDefinition		
mappin	-1452.576	107.213	255.346	quests/main_quest/act_01/q115_rogues_last_flight/05_atrium/03_elevator/alt_tag_4	gameJournalQuestMapPin	Mappins.QuestDynamicMappinDefinition		
mappin	-1452.576	107.213	255.346	quests/main_quest/act_01/q115_rogues_last_flight/05_atrium/03_elevator/alt_tag_5	gameJournalQuestMapPin	Mappins.QuestDynamicMappinDefinition		
mappin	-1452.576	107.213	255.346	quests/main_quest/act_01/q115_rogues_last_flight/05_atrium/03_elevator/alt_tag_6	gameJournalQuestMapPin	Mappins.QuestDynamicMappinDefinition		
mappin	-1452.576	107.213	255.346	quests/main_quest/act_01/q115_rogues_last_flight/05_atrium/03_elevator/alt_tag_7	gameJournalQuestMapPin	Mappins.QuestDynamicMappinDefinition		
mappin	-1452.576	107.213	255.346	quests/main_quest/act_01/q115_rogues_last_flight/05_atrium/03_elevator/alt_tag_8	gameJournalQuestMapPin	Mappins.QuestDynamicMappinDefinition		
mappin	-1436.106	103.223	291.346	quests/main_quest/act_01/q115_rogues_last_flight/05_atrium/000_atrium/atrium	gameJournalQuestMapPin	Mappins.QuestStaticMappinDefinition		
mappin	-1441.357	184.2	238.627	quests/main_quest/act_01/q115_rogues_last_flight/05_atrium/04_take_elevator/button	gameJournalQuestMapPin	Mappins.QuestStaticMappinDefinition		
mappin	-1461.192	137.871	244.623	quests/main_quest/act_01/q115_rogues_last_flight/05_atrium/02b_connect_alt/ap	gameJournalQuestMapPin	Mappins.QuestStaticMappinDefinition		
mappin	-1452.882	108.686	243.349	quests/main_quest/act_01/q115_rogues_last_flight/05_atrium/02b_connect_alt/alt_tag_drone	gameJournalQuestMapPin	Mappins.QuestDynamicMappinDefinition		
mappin	-1452.576	107.213	255.346	quests/main_quest/act_01/q115_rogues_last_flight/05_atrium/02b_connect_alt/alt_tag_7	gameJournalQuestMapPin	Mappins.QuestDynamicMappinDefinition		
mappin	-1456.391	140.156	244.65	quests/main_quest/act_01/q115_rogues_last_flight/05_atrium/02b_connect_alt/alt_tag_0	gameJournalQuestMapPin	Mappins.QuestStaticMappinDefinition		
mappin	-1466.907	135.69	244.61	quests/main_quest/act_01/q115_rogues_last_flight/05_atrium/02b_connect_alt/alt_tag_01	gameJournalQuestMapPin	Mappins.QuestStaticMappinDefinition		
mappin	-1461.44	131.201	244.949	quests/main_quest/act_01/q115_rogues_last_flight/05_atrium/02b_connect_alt/alt_tag_02	gameJournalQuestMapPin	Mappins.QuestStaticMappinDefinition		
mappin	-1456.846	124.452	244.677	quests/main_quest/act_01/q115_rogues_last_flight/05_atrium/02b_connect_alt/alt_tag_03	gameJournalQuestMapPin	Mappins.QuestStaticMappinDefinition		
mappin	-1464.286	125.412	244.527	quests/main_quest/act_01/q115_rogues_last_flight/05_atrium/02b_connect_alt/alt_tag_04	gameJournalQuestMapPin	Mappins.QuestStaticMappinDefinition		
mappin	-1468.04	124.76	245.231	quests/main_quest/act_01/q115_rogues_last_flight/05_atrium/02b_connect_alt/alt_tag_05	gameJournalQuestMapPin	Mappins.QuestStaticMappinDefinition		
mappin	-1462.108	118.557	244.484	quests/main_quest/act_01/q115_rogues_last_flight/05_atrium/02b_connect_alt/alt_tag_06	gameJournalQuestMapPin	Mappins.QuestStaticMappinDefinition		
mappin	-1458.059	118.385	244.484	quests/main_quest/act_01/q115_rogues_last_flight/05_atrium/02b_connect_alt/alt_tag_07	gameJournalQuestMapPin	Mappins.QuestStaticMappinDefinition		
mappin	-1467.427	115.491	244.484	quests/main_quest/act_01/q115_rogues_last_flight/05_atrium/02b_connect_alt/alt_tag_08	gameJournalQuestMapPin	Mappins.QuestStaticMappinDefinition		
mappin	-1406.965	145.112	-26.684	quests/main_quest/act_01/q115_rogues_last_flight/07_mikoshi/00_access_mikoshi/door_02	gameJournalQuestMapPin	Mappins.QuestStaticMappinDefinition		
mappin	-1301.168	140.601	-25.507	quests/main_quest/act_01/q115_rogues_last_flight/07_mikoshi/03_go_to_access/point_02	gameJournalQuestMapPin	Mappins.QuestStaticMappinDefinition		
mappin	-1301.168	140.601	-25.507	quests/main_quest/act_01/q115_rogues_last_flight/07_mikoshi/05_jack_in/ap	gameJournalQuestMapPin	Mappins.QuestStaticMappinDefinition		
mappin	-1407.275	145.199	-24.962	quests/main_quest/act_01/q115_rogues_last_flight/07_mikoshi/00b_wait_for_alt/door_02	gameJournalQuestMapPin	Mappins.QuestStaticMappinDefinition		
mappin	-1403.631	148.268	-26.635	quests/main_quest/act_01/q115_rogues_last_flight/07_mikoshi/02b_rogue_gun/gun	gameJournalQuestMapPin	Mappins.QuestStaticMappinDefinition		
mappin	-1442.391	194.828	328.568	quests/main_quest/act_01/q115_rogues_last_flight/04_jungle/01_find_commander/area	gameJournalQuestMapPin	Mappins.QuestStaticMappinDefinition		
mappin	-1473.841	174.476	322.346	quests/main_quest/act_01/q115_rogues_last_flight/04_jungle/04_takedown_av_guard/guard_01	gameJournalQuestMapPin	Mappins.QuestDynamicMappinDefinition		
mappin	-1473.841	174.476	322.346	quests/main_quest/act_01/q115_rogues_last_flight/04_jungle/04_takedown_av_guard/guard_02	gameJournalQuestMapPin	Mappins.QuestDynamicMappinDefinition		
mappin	-1453.969	103.756	318.006	quests/main_quest/act_01/q115_rogues_last_flight/04_jungle/04_takedown_av_guard/area	gameJournalQuestMapPin	Mappins.QuestStaticMappinDefinition		
mappin	-1473.841	174.476	322.346	quests/main_quest/act_01/q115_rogues_last_flight/04_jungle/06_takedown_commander/commander	gameJournalQuestMapPin	Mappins.QuestDynamicMappinDefinition		
mappin	-1473.841	174.476	322.346	quests/main_quest/act_01/q115_rogues_last_flight/04_jungle/07_loot_commander/commander	gameJournalQuestMapPin	Mappins.QuestDynamicMappinDefinition		
mappin	-1386.333	163.283	327.857	quests/main_quest/act_01/q115_rogues_last_flight/04_jungle/08_get_to_elevator/elevator	gameJournalQuestMapPin	Mappins.QuestStaticMappinDefinition		
mappin	-1424.554	169.512	322.246	quests/main_quest/act_01/q115_rogues_last_flight/04_jungle/08_get_to_elevator/elevator_area	gameJournalQuestMapPin	Mappins.QuestStaticMappinDefinition		
mappin	-1386.333	163.283	327.857	quests/main_quest/act_01/q115_rogues_last_flight/04_jungle/09_take_elevator_down/elevator_terminal	gameJournalQuestMapPin	Mappins.QuestStaticMappinDefinition		
mappin	-1473.841	174.476	322.346	quests/main_quest/act_01/q115_rogues_last_flight/04_jungle/06b_takedown_commander/commander	gameJournalQuestMapPin	Mappins.QuestDynamicMappinDefinition		
mappin	-1473.841	174.476	322.346	quests/main_quest/act_01/q115_rogues_last_flight/04_jungle/06b_takedown_commander/commander1	gameJournalQuestMapPin	Mappins.QuestDynamicMappinDefinition		
mappin	-1473.841	174.476	322.346	quests/main_quest/act_01/q115_rogues_last_flight/04_jungle/06b_takedown_commander/commander2	gameJournalQuestMapPin	Mappins.QuestDynamicMappinDefinition		
mappin	-1427.523	171.552	321.761	quests/main_quest/act_01/q115_rogues_last_flight/04_jungle/06b_takedown_commander/area	gameJournalQuestMapPin	Mappins.QuestStaticMappinDefinition		
mappin	-1386.38	162.253	329.046	quests/main_quest/act_01/q115_rogues_last_flight/04_jungle/10_jump_down_shaft/shaft_top	gameJournalQuestMapPin	Mappins.QuestStaticMappinDefinition		
mappin	-1385.686	163.088	294.257	quests/main_quest/act_01/q115_rogues_last_flight/04_jungle/10_jump_down_shaft/shaft_bottom	gameJournalQuestMapPin	Mappins.QuestStaticMappinDefinition		
mappin	-1385.686	163.088	294.257	quests/main_quest/act_01/q115_rogues_last_flight/04_jungle/11_get_in_elevator/hatch	gameJournalQuestMapPin	Mappins.QuestStaticMappinDefinition		
mappin	-1384.253	162.103	291.596	quests/main_quest/act_01/q115_rogues_last_flight/04_jungle/12_jump_into_elev/elevator	gameJournalQuestMapPin	Mappins.QuestStaticMappinDefinition		
mappin	-1473.841	174.476	322.346	quests/main_quest/act_01/q115_rogues_last_flight/04_jungle/02e_takedown_first_guards/guard_01	gameJournalQuestMapPin	Mappins.QuestDynamicMappinDefinition		
mappin	-1473.841	174.476	322.346	quests/main_quest/act_01/q115_rogues_last_flight/04_jungle/02e_takedown_first_guards/guard_02	gameJournalQuestMapPin	Mappins.QuestDynamicMappinDefinition		
mappin	-1480.127	154.994	319.858	quests/main_quest/act_01/q115_rogues_last_flight/04_jungle/02e_takedown_first_guards/area	gameJournalQuestMapPin	Mappins.QuestStaticMappinDefinition		
mappin	-1386.333	163.283	327.857	quests/main_quest/act_01/q115_rogues_last_flight/04_jungle/08b_wait_rogue_weyland/elevator_terminal	gameJournalQuestMapPin	Mappins.QuestStaticMappinDefinition		
mappin	-1387.287	162.64	388.303	quests/main_quest/act_01/q113_corpo/02_arasaka_tower/03_elevator/elevator	gameJournalQuestMapPin	Mappins.QuestStaticMappinDefinition		
mappin	-1406.807	101.935	326.354	quests/main_quest/act_01/q113_corpo/02_arasaka_tower/02_survive/14	gameJournalQuestMapPin	Mappins.QuestDynamicMappinDefinition		
mappin	-1406.807	101.935	326.354	quests/main_quest/act_01/q113_corpo/02_arasaka_tower/02_survive/1	gameJournalQuestMapPin	Mappins.QuestDynamicMappinDefinition		
mappin	-1406.807	101.935	326.354	quests/main_quest/act_01/q113_corpo/02_arasaka_tower/02_survive/2	gameJournalQuestMapPin	Mappins.QuestDynamicMappinDefinition		
mappin	-1406.807	101.935	326.354	quests/main_quest/act_01/q113_corpo/02_arasaka_tower/02_survive/3	gameJournalQuestMapPin	Mappins.QuestDynamicMappinDefinition		
mappin	-1406.807	101.935	326.354	quests/main_quest/act_01/q113_corpo/02_arasaka_tower/02_survive/4	gameJournalQuestMapPin	Mappins.QuestDynamicMappinDefinition		
mappin	-1406.807	101.935	326.354	quests/main_quest/act_01/q113_corpo/02_arasaka_tower/02_survive/5	gameJournalQuestMapPin	Mappins.QuestDynamicMappinDefinition		
mappin	-1358.438	110.132	550.382	quests/main_quest/act_01/q113_corpo/02_arasaka_tower/02c_hanako/elevator	gameJournalQuestMapPin	Mappins.QuestStaticMappinDefinition		
mappin	-1493.154	157.813	323.293	quests/main_quest/act_01/q113_corpo/02_arasaka_tower/01a_shoo/faction	gameJournalQuestMapPin	Mappins.QuestDynamicMappinDefinition		
mappin	-1406.807	101.935	326.354	quests/main_quest/act_01/q113_corpo/02_arasaka_tower/02b_rest/01	gameJournalQuestMapPin	Mappins.QuestDynamicMappinDefinition		
mappin	-1406.807	101.935	326.354	quests/main_quest/act_01/q113_corpo/02_arasaka_tower/02b_rest/02	gameJournalQuestMapPin	Mappins.QuestDynamicMappinDefinition		
mappin	-1406.807	101.935	326.354	quests/main_quest/act_01/q113_corpo/02_arasaka_tower/02b_rest/03	gameJournalQuestMapPin	Mappins.QuestDynamicMappinDefinition		
mappin	-1406.807	101.935	326.354	quests/main_quest/act_01/q113_corpo/02_arasaka_tower/02b_rest/04	gameJournalQuestMapPin	Mappins.QuestDynamicMappinDefinition		
mappin	-1406.807	101.935	326.354	quests/main_quest/act_01/q113_corpo/02_arasaka_tower/02b_rest/05	gameJournalQuestMapPin	Mappins.QuestDynamicMappinDefinition		
mappin	-1406.807	101.935	326.354	quests/main_quest/act_01/q113_corpo/02_arasaka_tower/02b_rest/06	gameJournalQuestMapPin	Mappins.QuestDynamicMappinDefinition		
mappin	-1406.807	101.935	326.354	quests/main_quest/act_01/q113_corpo/02_arasaka_tower/02b_rest/07	gameJournalQuestMapPin	Mappins.QuestDynamicMappinDefinition		
mappin	-1406.807	101.935	326.354	quests/main_quest/act_01/q113_corpo/02_arasaka_tower/02b_rest/08	gameJournalQuestMapPin	Mappins.QuestDynamicMappinDefinition		
mappin	-1358.438	110.132	550.382	quests/main_quest/act_01/q113_corpo/02_arasaka_tower/00d_get_in_elevator/elevator	gameJournalQuestMapPin	Mappins.QuestStaticMappinDefinition		
mappin	-1367.188	122.197	417.797	quests/main_quest/act_01/q113_corpo/02_arasaka_tower/00e_sit_mikoshi/mappin	gameJournalQuestMapPin	Mappins.QuestStaticMappinDefinition		
mappin	-1440.461	228.606	388.354	quests/main_quest/act_01/q113_corpo/05_top_atrium/01_get_to_elevator/elevator	gameJournalQuestMapPin	Mappins.QuestStaticMappinDefinition		
mappin	-1440.588	226.678	565.358	quests/main_quest/act_01/q113_corpo/05_top_atrium/01_get_to_elevator/elevator2	gameJournalQuestMapPin	Mappins.QuestStaticMappinDefinition		
mappin	-1443.75	151.95	565.346	quests/main_quest/act_01/q113_corpo/06_ceo_floor/02_go_to_boss/room	gameJournalQuestMapPin	Mappins.QuestStaticMappinDefinition		
mappin	-1442.116	190.645	566.506	quests/main_quest/act_01/q113_corpo/06_ceo_floor/02_go_to_boss/door_quickhack	gameJournalQuestMapPin	Mappins.QuestStaticMappinDefinition		
mappin	-1442.365	184.71	566.536	quests/main_quest/act_01/q113_corpo/06_ceo_floor/02_go_to_boss/door_quickhack1	gameJournalQuestMapPin	Mappins.QuestStaticMappinDefinition		
mappin	-1444.774	128.025	570.641	quests/main_quest/act_01/q113_corpo/06_ceo_floor/05_confront_yorinobu/door_quickhack	gameJournalQuestMapPin	Mappins.QuestStaticMappinDefinition		
mappin	-1446.318	91.74	570.501	quests/main_quest/act_01/q113_corpo/06_ceo_floor/05_confront_yorinobu/door_quickhack1	gameJournalQuestMapPin	Mappins.QuestStaticMappinDefinition		
mappin	-1430.613	73.947	570.319	quests/main_quest/act_01/q113_corpo/06_ceo_floor/06_kasai/elevator_mp	gameJournalQuestMapPin	Mappins.QuestStaticMappinDefinition		
mappin	-1442.87	168.167	565.348	quests/main_quest/act_01/q113_corpo/06_ceo_floor/03c_defeat_men/mp	gameJournalQuestMapPin	Mappins.QuestStaticMappinDefinition		
mappin	-1442.065	193.494	565.353	quests/main_quest/act_01/q113_corpo/06_ceo_floor/02b_defeat_men/mp	gameJournalQuestMapPin	Mappins.QuestStaticMappinDefinition		
mappin	-1434.059	191.479	569.231	quests/main_quest/act_01/q113_corpo/06_ceo_floor/02b_defeat_men/turret_quickhack_01	gameJournalQuestMapPin	Mappins.QuestStaticMappinDefinition		
mappin	-1450.624	191.93	569.231	quests/main_quest/act_01/q113_corpo/06_ceo_floor/02b_defeat_men/turret_quickhack_02	gameJournalQuestMapPin	Mappins.QuestStaticMappinDefinition		
mappin	-1448.138	212.384	569.126	quests/main_quest/act_01/q113_corpo/06_ceo_floor/02b_defeat_men/turret_quickhack_03	gameJournalQuestMapPin	Mappins.QuestStaticMappinDefinition		
mappin	-1434.728	212.384	569.126	quests/main_quest/act_01/q113_corpo/06_ceo_floor/02b_defeat_men/turret_quickhack_04	gameJournalQuestMapPin	Mappins.QuestStaticMappinDefinition		
mappin	165.164	2345.646	66.966	quests/main_quest/act_01/q114_03_attack_on_arasaka_tower/06_tunnel/wait/mp_door	gameJournalQuestMapPin	Mappins.QuestStaticMappinDefinition		
mappin	159.489	2339.644	66.763	quests/main_quest/act_01/q114_03_attack_on_arasaka_tower/06_tunnel/drive/mp_tunnel_mouth	gameJournalQuestMapPin	Mappins.QuestStaticMappinDefinition		
mappin	-1395.901	15.515	-36.748	quests/main_quest/act_01/q114_03_attack_on_arasaka_tower/06_tunnel/deeperunderground/mp_goal	gameJournalQuestMapPin	Mappins.QuestStaticMappinDefinition		
mappin	-1394.866	17.172	-35.302	quests/main_quest/act_01/q114_03_attack_on_arasaka_tower/06_tunnel/enter_driller/mp_driller	gameJournalQuestMapPin	Mappins.QuestStaticMappinDefinition		
mappin	-1444.284	25.82	-36.388	quests/main_quest/act_01/q114_03_attack_on_arasaka_tower/06_tunnel/drill_wait/drill_goal	gameJournalQuestMapPin	Mappins.QuestStaticMappinDefinition		
mappin	-1444.284	25.82	-36.388	quests/main_quest/act_01/q114_03_attack_on_arasaka_tower/06_tunnel/hole/mp_hole	gameJournalQuestMapPin	Mappins.QuestStaticMappinDefinition		
mappin	-1394.866	17.172	-35.302	quests/main_quest/act_01/q114_03_attack_on_arasaka_tower/06_tunnel/start_drill/start_drill	gameJournalQuestMapPin	Mappins.QuestStaticMappinDefinition		
mappin	-1498.31	78.044	-32.654	quests/main_quest/act_01/q114_03_attack_on_arasaka_tower/07_manufacturing/climb_to_manufacturing/mp_goal_001	gameJournalQuestMapPin	Mappins.QuestStaticMappinDefinition		
mappin	-1501.51	54.359	-30.562	quests/main_quest/act_01/q114_03_attack_on_arasaka_tower/07_manufacturing/climb_to_manufacturing/mp_goal_002	gameJournalQuestMapPin	Mappins.QuestStaticMappinDefinition		
mappin	-1499.969	54.378	-21.501	quests/main_quest/act_01/q114_03_attack_on_arasaka_tower/07_manufacturing/climb_to_manufacturing/mp_goal_003	gameJournalQuestMapPin	Mappins.QuestStaticMappinDefinition		
mappin	-1496.07	53.86	-21.902	quests/main_quest/act_01/q114_03_attack_on_arasaka_tower/07_manufacturing/climb_to_manufacturing/mp_goal_004	gameJournalQuestMapPin	Mappins.QuestStaticMappinDefinition		
mappin	-1471.583	108.83	-25.274	quests/main_quest/act_01/q114_03_attack_on_arasaka_tower/07_manufacturing/deeper/hall_mp	gameJournalQuestMapPin	Mappins.QuestStaticMappinDefinition		
mappin	-1480.249	100.013	-25.091	quests/main_quest/act_01/q114_03_attack_on_arasaka_tower/07_manufacturing/sneak_manufacturing/mp_exit	gameJournalQuestMapPin	Mappins.QuestStaticMappinDefinition		
mappin	-1472.049	99.665	-25.091	quests/main_quest/act_01/q114_03_attack_on_arasaka_tower/07_manufacturing/sneak_manufacturing/mp_exit_side	gameJournalQuestMapPin	Mappins.QuestStaticMappinDefinition		
mappin	-1455.809	96.055	-25.242	quests/main_quest/act_01/q114_03_attack_on_arasaka_tower/07_manufacturing/get_rid_of_transport/mp_control_computer	gameJournalQuestMapPin	Mappins.QuestStaticMappinDefinition		
mappin	-1496.207	78.334	-32.654	quests/main_quest/act_01/q114_03_attack_on_arasaka_tower/07_manufacturing/search_dampening/mp_goal	gameJournalQuestMapPin	Mappins.QuestStaticMappinDefinition		
mappin	-1500.32	67.484	-36.786	quests/main_quest/act_01/q114_03_attack_on_arasaka_tower/07_manufacturing/search_dampening/mp_area	gameJournalQuestMapPin	Mappins.QuestStaticMappinDefinition		
mappin	-1471.179	59.812	-20.654	quests/main_quest/act_01/q114_03_attack_on_arasaka_tower/07_manufacturing/secure_top_area/mp_enemy_001	gameJournalQuestMapPin	Mappins.QuestDynamicMappinDefinition		
mappin	-1471.179	59.812	-20.654	quests/main_quest/act_01/q114_03_attack_on_arasaka_tower/07_manufacturing/secure_top_area/mp_enemy_002	gameJournalQuestMapPin	Mappins.QuestDynamicMappinDefinition		
mappin	-1455.809	96.055	-25.242	quests/main_quest/act_01/q114_03_attack_on_arasaka_tower/07_manufacturing/get_to_security/mp_booth	gameJournalQuestMapPin	Mappins.QuestStaticMappinDefinition		
mappin	-1471.465	55.25	-22.66	quests/main_quest/act_01/q114_03_attack_on_arasaka_tower/07_manufacturing/get_to_security/mp_door_generic	gameJournalQuestMapPin	Mappins.QuestStaticMappinDefinition		
mappin	-1468.203	68.573	-22.604	quests/main_quest/act_01/q114_03_attack_on_arasaka_tower/07_manufacturing/get_to_security/mp_door_solo	gameJournalQuestMapPin	Mappins.QuestStaticMappinDefinition		
mappin	-1496.07	53.86	-21.902	quests/main_quest/act_01/q114_03_attack_on_arasaka_tower/07_manufacturing/pass_hatch/mp_hatch	gameJournalQuestMapPin	Mappins.QuestStaticMappinDefinition		
mappin	-1455.772	96.109	-25.189	quests/main_quest/act_01/q114_03_attack_on_arasaka_tower/08_netrunner/setup_splinter/mp_setup	gameJournalQuestMapPin	Mappins.QuestStaticMappinDefinition		
mappin	-1430.698	157.23	-25.426	quests/main_quest/act_01/q114_03_attack_on_arasaka_tower/08_netrunner/enable_mainframe/mp_mainframe_pc	gameJournalQuestMapPin	Mappins.QuestEntityMappinDefinition		
mappin	-1448.117	147.11	-27.652	quests/main_quest/act_01/q114_03_attack_on_arasaka_tower/08_netrunner/breach_nest/mp_nest	gameJournalQuestMapPin	Mappins.QuestStaticMappinDefinition		
mappin	-1406.965	145.112	-26.684	quests/main_quest/act_01/q114_03_attack_on_arasaka_tower/09_mikoshi/00_access_mikoshi/door_02	gameJournalQuestMapPin	Mappins.QuestStaticMappinDefinition		
mappin	-1432.004	146.175	-26.654	quests/main_quest/act_01/q114_03_attack_on_arasaka_tower/09_mikoshi/00_access_mikoshi/door_01	gameJournalQuestMapPin	Mappins.QuestStaticMappinDefinition		
mappin	-1301.168	140.601	-25.507	quests/main_quest/act_01/q114_03_attack_on_arasaka_tower/09_mikoshi/03_go_to_access/point_02	gameJournalQuestMapPin	Mappins.QuestStaticMappinDefinition		
mappin	-1301.168	140.601	-25.507	quests/main_quest/act_01/q114_03_attack_on_arasaka_tower/09_mikoshi/05_jack_in/ap	gameJournalQuestMapPin	Mappins.QuestStaticMappinDefinition		
mappin	-1407.275	145.199	-24.962	quests/main_quest/act_01/q114_03_attack_on_arasaka_tower/09_mikoshi/00b_wait_for_alt/door_02	gameJournalQuestMapPin	Mappins.QuestStaticMappinDefinition		
mappin	-653.841	-192.756	7.947	quests/main_quest/act_01/q112_04_hideout/06_safe_house/06c_go_safehouse/mp_01	gameJournalQuestMapPin	Mappins.QuestStaticMappinDefinition		
mappin	-634.208	-208.79	16.17	quests/main_quest/act_01/q112_04_hideout/06_safe_house/06c_go_safehouse/mp_02	gameJournalQuestMapPin	Mappins.QuestStaticMappinDefinition		
mappin	-606.6	-187.433	17.706	quests/main_quest/act_01/q112_04_hideout/06_safe_house/06c_go_safehouse/mp_03	gameJournalQuestMapPin	Mappins.QuestStaticMappinDefinition		
mappin	-592.862	-139.865	8.246	quests/main_quest/act_01/q112_04_hideout/06_safe_house/06h_flee/exit_mp	gameJournalQuestMapPin	Mappins.QuestStaticMappinDefinition		
mappin	-654.332	-192.285	8.246	quests/main_quest/act_01/q112_04_hideout/06_safe_house/06h_flee/exit_main_mp	gameJournalQuestMapPin	Mappins.QuestStaticMappinDefinition		
mappin	-606.18	-187.775	16.183	quests/main_quest/act_01/q112_04_hideout/06_safe_house/06g_check_door/corridor	gameJournalQuestMapPin	Mappins.QuestStaticMappinDefinition		
mappin	-625.166	-201.669	16.18	quests/main_quest/act_01/q112_04_hideout/06_safe_house/06i_save/area_mp	gameJournalQuestMapPin	Mappins.QuestStaticMappinDefinition		
mappin	-604.191	-160.774	16.176	quests/main_quest/act_01/q112_04_hideout/06_safe_house/06c_use_shortcut/shortcut_mp	gameJournalQuestMapPin	Mappins.QuestStaticMappinDefinition		
mappin	-592.862	-139.865	8.246	quests/main_quest/act_01/q112_04_hideout/06_safe_house/06c_use_shortcut/shortcut_02_mp	gameJournalQuestMapPin	Mappins.QuestStaticMappinDefinition		
mappin	1659.358	-774.468	49.895	quests/main_quest/act_01/q112_04_hideout/07_safe_house/07b_take_call/doll	gameJournalQuestMapPin	Mappins.QuestDynamicMappinDefinition		
mappin	1662.25	-786.401	51	quests/main_quest/act_01/q112_04_hideout/07_safe_house/07a2_check_door/door_mp	gameJournalQuestMapPin	Mappins.QuestStaticMappinDefinition		
mappin	-415.097	663.096	115.053	quests/main_quest/act_01/q112_03_dashi_parade/05_parade/05a_go_parade/parade_mp1	gameJournalQuestMapPin	Mappins.QuestStaticMappinDefinition		
mappin	-450.984	744.039	135.577	quests/main_quest/act_01/q112_03_dashi_parade/05_parade/05c_kill_snipers/mp1	gameJournalQuestMapPin	Mappins.QuestStaticMappinDefinition		
mappin	-457.168	769.435	135.41	quests/main_quest/act_01/q112_03_dashi_parade/05_parade/05c_kill_snipers/mp2	gameJournalQuestMapPin	Mappins.QuestStaticMappinDefinition		
mappin	-485.404	758.485	159.463	quests/main_quest/act_01/q112_03_dashi_parade/05_parade/05c_kill_snipers/mp3	gameJournalQuestMapPin	Mappins.QuestStaticMappinDefinition		
mappin	-510.778	730.689	170.586	quests/main_quest/act_01/q112_03_dashi_parade/05_parade/05c_kill_snipers/mp4	gameJournalQuestMapPin	Mappins.QuestStaticMappinDefinition		
mappin	-496.684	714.231	159.374	quests/main_quest/act_01/q112_03_dashi_parade/05_parade/05c_kill_snipers/mp5	gameJournalQuestMapPin	Mappins.QuestStaticMappinDefinition		
mappin	-487.982	708.305	115.797	quests/main_quest/act_01/q112_03_dashi_parade/05_parade/05c_kill_snipers/mp6	gameJournalQuestMapPin	Mappins.QuestStaticMappinDefinition		
mappin	-513.969	716.99	116.849	quests/main_quest/act_01/q112_03_dashi_parade/05_parade/05c_kill_snipers/mp7	gameJournalQuestMapPin	Mappins.QuestStaticMappinDefinition		
mappin	-539.326	748.9	123.52	quests/main_quest/act_01/q112_03_dashi_parade/05_parade/05c_kill_snipers/mp8	gameJournalQuestMapPin	Mappins.QuestStaticMappinDefinition		
mappin	-528.176	789.585	121.928	quests/main_quest/act_01/q112_03_dashi_parade/05_parade/05c_kill_snipers/mp9	gameJournalQuestMapPin	Mappins.QuestStaticMappinDefinition		
mappin	-506.888	790.258	139.664	quests/main_quest/act_01/q112_03_dashi_parade/05_parade/05c_kill_snipers/mp10	gameJournalQuestMapPin	Mappins.QuestStaticMappinDefinition		
mappin	-528.712	790.465	167.569	quests/main_quest/act_01/q112_03_dashi_parade/05_parade/05c_kill_snipers/mp11	gameJournalQuestMapPin	Mappins.QuestStaticMappinDefinition		
mappin	-577.333	777.399	171.21	quests/main_quest/act_01/q112_03_dashi_parade/05_parade/05d_get_in_position/apartment_mp_01	gameJournalQuestMapPin	Mappins.QuestStaticMappinDefinition		
mappin	-559.997	752.452	147.065	quests/main_quest/act_01/q112_03_dashi_parade/05_parade/05d_get_in_position/apartment_mp_02	gameJournalQuestMapPin	Mappins.QuestStaticMappinDefinition		
mappin	-553.971	733.46	147.001	quests/main_quest/act_01/q112_03_dashi_parade/05_parade/05d_get_in_position/netrunner_mp	gameJournalQuestMapPin	Mappins.QuestDynamicMappinDefinition		
mappin	-545.762	754.183	147.93	quests/main_quest/act_01/q112_03_dashi_parade/05_parade/05e_hack/hanako_mp	gameJournalQuestMapPin	Mappins.QuestStaticMappinDefinition		
mappin	-536.076	737.86	147.038	quests/main_quest/act_01/q112_03_dashi_parade/05_parade/05k_flee/01_mp	gameJournalQuestMapPin	Mappins.QuestStaticMappinDefinition		
mappin	-541.514	716.764	139.061	quests/main_quest/act_01/q112_03_dashi_parade/05_parade/05k_flee/01_mp1	gameJournalQuestMapPin	Mappins.QuestStaticMappinDefinition		
mappin	-559.538	712.111	139.277	quests/main_quest/act_01/q112_03_dashi_parade/05_parade/05k_flee/01_mp2	gameJournalQuestMapPin	Mappins.QuestStaticMappinDefinition		
mappin	-490.761	739.519	46.692	quests/main_quest/act_01/q112_03_dashi_parade/05_parade/05k_flee/01_mp3	gameJournalQuestMapPin	Mappins.QuestStaticMappinDefinition		
mappin	-526.216	772.559	126.116	quests/main_quest/act_01/q112_03_dashi_parade/05_parade/05g2_security/turret	gameJournalQuestMapPin	Mappins.QuestStaticMappinDefinition		
mappin	-553.971	733.46	147.001	quests/main_quest/act_01/q112_03_dashi_parade/05_parade/05d2_jack_out/netrunner	gameJournalQuestMapPin	Mappins.QuestDynamicMappinDefinition		
mappin	-927.541	1342.473	5.968	quests/main_quest/act_01/q112_01_old_friend/00_secret_meeting/00a_meet_takemura/docks_mp	gameJournalQuestMapPin	Mappins.QuestStaticMappinDefinition		
mappin	-930.693	1340.898	7.027	quests/main_quest/act_01/q112_01_old_friend/00_secret_meeting/00b2_sit_takemura/mp	gameJournalQuestMapPin	Mappins.QuestStaticMappinDefinition		
mappin	-657.332	826.691	19.522	quests/main_quest/act_01/q112_01_old_friend/00c_wakako/00c_01_meet_wakako/mp	gameJournalQuestMapPin	Mappins.QuestStaticMappinDefinition		
mappin	-929.05	1346.8	6.9	quests/main_quest/act_01/q112_01_old_friend/00c_wakako/00c_01b_join/mp	gameJournalQuestMapPin	Mappins.QuestStaticMappinDefinition		
mappin	-298.649	-1578.494	7.536	quests/main_quest/act_01/q112_02_industrial_park/02_reconnaissance/02a_drive_to_arroyo/roof_mp	gameJournalQuestMapPin	Mappins.QuestStaticMappinDefinition		
mappin	-291.264	-1569.666	43.524	quests/main_quest/act_01/q112_02_industrial_park/02_reconnaissance/02b_get_to_roof/roof_mp	gameJournalQuestMapPin	Mappins.QuestStaticMappinDefinition		
mappin	-281.468	-1459.489	7.681	quests/main_quest/act_01/q112_02_industrial_park/02_reconnaissance/02c_observe/01_park_mp	gameJournalQuestMapPin	Mappins.QuestStaticMappinDefinition		
mappin	-261.341	-1412.048	8.621	quests/main_quest/act_01/q112_02_industrial_park/02_reconnaissance/02c_observe/02_barges_mp	gameJournalQuestMapPin	Mappins.QuestDynamicMappinDefinition		
mappin	-343.651	-1485.031	7.57	quests/main_quest/act_01/q112_02_industrial_park/02_reconnaissance/02c_observe/04_nomad_mp	gameJournalQuestMapPin	Mappins.QuestDynamicMappinDefinition		
mappin	-395.117	-1470.025	7.85	quests/main_quest/act_01/q112_02_industrial_park/02_reconnaissance/02c_observe/truck_01	gameJournalQuestMapPin	Mappins.QuestDynamicMappinDefinition		
mappin	-268.109	-1573.903	7.602	quests/main_quest/act_01/q112_02_industrial_park/03_takemura/03b_return/return_mp	gameJournalQuestMapPin	Mappins.QuestStaticMappinDefinition		
mappin	-232.256	-1498.367	7.647	quests/main_quest/act_01/q112_02_industrial_park/04_infiltration/04d_get_inside/compound_mp	gameJournalQuestMapPin	Mappins.QuestStaticMappinDefinition		
mappin	-296.36	-1532.12	14.53	quests/main_quest/act_01/q112_02_industrial_park/04_infiltration/04d_get_inside/bridge_mp	gameJournalQuestMapPin	Mappins.QuestStaticMappinDefinition		
mappin	-271.846	-1532.04	12.136	quests/main_quest/act_01/q112_02_industrial_park/04_infiltration/04d_get_inside/transformer_mp	gameJournalQuestMapPin	Mappins.QuestStaticMappinDefinition		
mappin	-246.718	-1362.986	10.232	quests/main_quest/act_01/q112_02_industrial_park/04_infiltration/04e_hack/computer_mp	gameJournalQuestMapPin	Mappins.QuestStaticMappinDefinition		
mappin	-296.468	-1482.421	-12.195	quests/main_quest/act_01/q112_02_industrial_park/04_infiltration/4f_use_nomad/nomad_mp	gameJournalQuestMapPin	Mappins.QuestDynamicMappinDefinition		
mappin	-395.117	-1470.025	7.85	quests/main_quest/act_01/q112_02_industrial_park/04_infiltration/04g_use_truck/truck_mp	gameJournalQuestMapPin	Mappins.QuestDynamicMappinDefinition		
mappin	-228.179	-1376.558	14.604	quests/main_quest/act_01/q112_02_industrial_park/04_infiltration/04h_leave/exit_mp	gameJournalQuestMapPin	Mappins.QuestStaticMappinDefinition		
mappin	-204.394	-1383.914	22.704	quests/main_quest/act_01/q112_02_industrial_park/04_infiltration/04h_leave/exit_mp1	gameJournalQuestMapPin	Mappins.QuestStaticMappinDefinition		
mappin	-190.232	-1376.247	15.504	quests/main_quest/act_01/q112_02_industrial_park/04_infiltration/04h_leave/exit_mp2	gameJournalQuestMapPin	Mappins.QuestStaticMappinDefinition		
mappin	-310.039	-1520.085	8.384	quests/main_quest/act_01/q112_02_industrial_park/04_infiltration/04h_leave/exit_mp3	gameJournalQuestMapPin	Mappins.QuestStaticMappinDefinition		
mappin	-209.257	-1454.215	7.6	quests/main_quest/act_01/q112_02_industrial_park/04_infiltration/04g2_drive_truck/parking	gameJournalQuestMapPin	Mappins.QuestStaticMappinDefinition		
mappin	-263.577	-1411.759	8.904	quests/main_quest/act_01/q112_02_industrial_park/04_infiltration/04d2_get_warehouse/barge_mp	gameJournalQuestMapPin	Mappins.QuestStaticMappinDefinition		
mappin	-415.32	714.65	116.25	quests/main_quest/act_01/q112_02_industrial_park/01_market/01a_meet_takemura/takemura_node	gameJournalQuestMapPin	Mappins.QuestStaticMappinDefinition		
mappin	-431.797	670.625	115.683	quests/main_quest/act_01/q112_02_industrial_park/01_market/01c_sit_down/seat_mp	gameJournalQuestMapPin	Mappins.QuestStaticMappinDefinition		
mappin	-436.213	651.265	116.055	quests/main_quest/act_01/q112_02_industrial_park/01_market/01h_infiltrate_security/mp	gameJournalQuestMapPin	Mappins.QuestStaticMappinDefinition		
mappin	-440.925	651.783	111.988	quests/main_quest/act_01/q112_02_industrial_park/01_market/01i_code/mp	gameJournalQuestMapPin	Mappins.QuestStaticMappinDefinition		
mappin	-402.24	707.695	115.575	quests/main_quest/act_01/q112_02_industrial_park/01_market/01a1_wait_takemura/mp	gameJournalQuestMapPin	Mappins.QuestStaticMappinDefinition		
mappin	-1662.204	-1875.097	55.778	quests/main_quest/act_01/q110_03_cyberspace/05_alt/03_sit_down_in_chair/q110_icetube_choice_point	gameJournalQuestMapPin	Mappins.QuestStaticMappinDefinition		
mappin	-1733.688	-1902.606	63.783	quests/main_quest/act_01/q110_03_cyberspace/05_alt/00_meet_brigitte/q110_mp_behind_altar	gameJournalQuestMapPin	Mappins.QuestStaticMappinDefinition		
mappin	-1691.405	-1881.195	57.748	quests/main_quest/act_01/q110_03_cyberspace/05_alt/06c_investigate_sounds/q110_mp_sound_source	gameJournalQuestMapPin	Mappins.QuestStaticMappinDefinition		
mappin	-1679.105	-1868.384	56.448	quests/main_quest/act_01/q110_03_cyberspace/05_alt/06c_investigate_sounds/q110_mp_sound_source_1	gameJournalQuestMapPin	Mappins.QuestStaticMappinDefinition		
mappin	-1654.155	-1857.64	56.745	quests/main_quest/act_01/q110_03_cyberspace/05_alt/06aa_touch_the_blackwall/q110_mp_blackwall_touch	gameJournalQuestMapPin	Mappins.QuestStaticMappinDefinition		
mappin	-1751.182	-1930.515	63.361	quests/main_quest/act_01/q110_03_cyberspace/06_wrap_up/03_escape/q110_mp_lair_escape_03	gameJournalQuestMapPin	Mappins.QuestStaticMappinDefinition		
mappin	-1750.135	-1928.34	63.427	quests/main_quest/act_01/q110_03_cyberspace/06_wrap_up/02b_leave_the_chapel/q110_mp_leave_chapel	gameJournalQuestMapPin	Mappins.QuestStaticMappinDefinition		
mappin	-1678.363	-1864.291	55.34	quests/main_quest/act_01/q110_03_cyberspace/06_wrap_up/4_hide_from_guards/q110_mp_escape_lair_hide_guards_01	gameJournalQuestMapPin	Mappins.QuestStaticMappinDefinition		
mappin	-1680.163	-1848.446	54.977	quests/main_quest/act_01/q110_03_cyberspace/06_wrap_up/4_hide_from_guards/q110_mp_escape_lair_hide_guards_02	gameJournalQuestMapPin	Mappins.QuestStaticMappinDefinition		
mappin	5689.011	-1522.861	212.605	quests/main_quest/act_01/q108_johnny/01_concert/04_look_for_drugs/q108_tr_backstage	gameJournalQuestMapPin	Mappins.QuestStaticMappinDefinition		
mappin	5702.806	-1565.403	216.097	quests/main_quest/act_01/q108_johnny/02_backalley/02_fight_thugs/thug_01	gameJournalQuestMapPin	Mappins.QuestDynamicMappinDefinition		
mappin	5702.806	-1565.403	216.097	quests/main_quest/act_01/q108_johnny/02_backalley/02_fight_thugs/thug_02	gameJournalQuestMapPin	Mappins.QuestDynamicMappinDefinition		
mappin	5702.806	-1565.403	216.097	quests/main_quest/act_01/q108_johnny/02_backalley/02_fight_thugs/thug_03	gameJournalQuestMapPin	Mappins.QuestDynamicMappinDefinition		
mappin	5702.806	-1565.403	216.097	quests/main_quest/act_01/q108_johnny/02_backalley/02_fight_thugs/thug_04	gameJournalQuestMapPin	Mappins.QuestDynamicMappinDefinition		
mappin	5702.806	-1565.403	216.097	quests/main_quest/act_01/q108_johnny/02_backalley/02_fight_thugs/miniboss	gameJournalQuestMapPin	Mappins.QuestDynamicMappinDefinition		
mappin	-2275.311	-636.483	-103.375	quests/main_quest/act_01/q108_johnny/03_ripperdoc/01_talk_with_ripper/ripper	gameJournalQuestMapPin	Mappins.QuestDynamicMappinDefinition		
mappin	-2277.29	-639.744	-102.24	quests/main_quest/act_01/q108_johnny/03_ripperdoc/03_walk_out/doors	gameJournalQuestMapPin	Mappins.QuestStaticMappinDefinition		
mappin	-747.028	1079.062	66.94	quests/main_quest/act_01/q108_johnny/04_atlantis/01_find_rogue/q108_tr_atlantis_emergency_staircase	gameJournalQuestMapPin	Mappins.QuestStaticMappinDefinition		
mappin	-765.51	1099.231	66.661	quests/main_quest/act_01/q108_johnny/04_atlantis/01_find_rogue/backroom	gameJournalQuestMapPin	Mappins.QuestStaticMappinDefinition		
mappin	-758.019	1091.296	61.48	quests/main_quest/act_01/q108_johnny/04_atlantis/01_find_rogue/q108_mp_atlantis	gameJournalQuestMapPin	Mappins.QuestStaticMappinDefinition		
mappin	-765.107	1076.21	64.669	quests/main_quest/act_01/q108_johnny/04_atlantis/03_kill_arasaka/q108_arasaka_leader	gameJournalQuestMapPin	Mappins.QuestDynamicMappinDefinition		
mappin	-748.591	1106.148	29.025	quests/main_quest/act_01/q108_johnny/04_atlantis/04_follow_rogue/q108_tr_atlantis_elevator_escape	gameJournalQuestMapPin	Mappins.QuestStaticMappinDefinition		
mappin	-747.028	1079.062	66.94	quests/main_quest/act_01/q108_johnny/04_atlantis/04_follow_rogue/q108_tr_atlantis_emergency_staircase	gameJournalQuestMapPin	Mappins.QuestStaticMappinDefinition		
mappin	-747.09	1074.264	60.774	quests/main_quest/act_01/q108_johnny/04_atlantis/04_follow_rogue/q108_tr_atlantis_staircase	gameJournalQuestMapPin	Mappins.QuestStaticMappinDefinition		
mappin	-759.073	1089.405	36.608	quests/main_quest/act_01/q108_johnny/04_atlantis/01a_ask_aroud/barman_f_01	gameJournalQuestMapPin	Mappins.QuestDynamicMappinDefinition		
mappin	-759.073	1089.405	36.608	quests/main_quest/act_01/q108_johnny/04_atlantis/01a_ask_aroud/barman_m_01	gameJournalQuestMapPin	Mappins.QuestDynamicMappinDefinition		
mappin	-759.073	1089.405	36.608	quests/main_quest/act_01/q108_johnny/04_atlantis/01a_ask_aroud/bouncer_entrance	gameJournalQuestMapPin	Mappins.QuestDynamicMappinDefinition		
mappin	-759.073	1089.405	36.608	quests/main_quest/act_01/q108_johnny/04_atlantis/01a_ask_aroud/mercenary_f_01_deal_chat	gameJournalQuestMapPin	Mappins.QuestDynamicMappinDefinition		
mappin	-747.015	1115.101	67.578	quests/main_quest/act_01/q108_johnny/04_atlantis/02a_sit_down/sit_down	gameJournalQuestMapPin	Mappins.QuestStaticMappinDefinition		
mappin	-751.25	1107.001	62.48	quests/main_quest/act_01/q108_johnny/04_atlantis/05a_call_lift/q108_mp_terminal_lift_atlantis_right	gameJournalQuestMapPin	Mappins.QuestStaticMappinDefinition		
mappin	-748	1105.596	60.253	quests/main_quest/act_01/q108_johnny/04_atlantis/05b_enter_lift/q108_tr_lift_atlantis_right_enter	gameJournalQuestMapPin	Mappins.QuestStaticMappinDefinition		
mappin	-750.36	1106.81	62.48	quests/main_quest/act_01/q108_johnny/04_atlantis/05c_pick_parking/q108_mp_terminal_lift_atlantis_pick_floor	gameJournalQuestMapPin	Mappins.QuestStaticMappinDefinition		
mappin	-759.073	1089.405	36.608	quests/main_quest/act_01/q108_johnny/04_atlantis/01b_talk_with_bouncer/bouncer_entrance	gameJournalQuestMapPin	Mappins.QuestDynamicMappinDefinition		
mappin	-750.143	1077.014	68.386	quests/main_quest/act_01/q108_johnny/04_atlantis/01c_help_vending_machine/vending_machine	gameJournalQuestMapPin	Mappins.QuestStaticMappinDefinition		
mappin	-771.28	1092.663	28.144	quests/main_quest/act_01/q108_johnny/05_escape_from_atlantis/02_protect_car/arasaka_car_01	gameJournalQuestMapPin	Mappins.QuestDynamicMappinDefinition		
mappin	-771.28	1092.663	28.144	quests/main_quest/act_01/q108_johnny/05_escape_from_atlantis/02_protect_car/arasaka_car_02	gameJournalQuestMapPin	Mappins.QuestDynamicMappinDefinition		
mappin	-771.28	1092.663	28.144	quests/main_quest/act_01/q108_johnny/05_escape_from_atlantis/02_protect_car1/q108_spwn_arasaka_av	gameJournalQuestMapPin	Mappins.QuestDynamicMappinDefinition		
mappin	-1429.279	180.228	206.485	quests/main_quest/act_01/q108_johnny/06_arasaka_tower/02_get_to_mainframe/front_desk	gameJournalQuestMapPin	Mappins.QuestStaticMappinDefinition		
mappin	-1462.479	160.472	210.109	quests/main_quest/act_01/q108_johnny/06_arasaka_tower/02_get_to_mainframe/mainframe	gameJournalQuestMapPin	Mappins.QuestStaticMappinDefinition		
mappin	-1417.862	172.882	207.746	quests/main_quest/act_01/q108_johnny/06_arasaka_tower/02_get_to_mainframe/server_room_a	gameJournalQuestMapPin	Mappins.QuestStaticMappinDefinition		
mappin	-1435.696	130.269	207.758	quests/main_quest/act_01/q108_johnny/06_arasaka_tower/02_get_to_mainframe/server_room_c	gameJournalQuestMapPin	Mappins.QuestStaticMappinDefinition		
mappin	-1419.6	131.507	207.78	quests/main_quest/act_01/q108_johnny/06_arasaka_tower/02_get_to_mainframe/server_room_b	gameJournalQuestMapPin	Mappins.QuestStaticMappinDefinition		
mappin	-1434.732	152.257	207.749	quests/main_quest/act_01/q108_johnny/06_arasaka_tower/02_get_to_mainframe/server_room_c1	gameJournalQuestMapPin	Mappins.QuestStaticMappinDefinition		
mappin	-1478.075	175.58	208.266	quests/main_quest/act_01/q108_johnny/06_arasaka_tower/03_kill_toshiro/kill_arasaka_agents	gameJournalQuestMapPin	Mappins.QuestStaticMappinDefinition		
mappin	-1460.489	160.33	210.75	quests/main_quest/act_01/q108_johnny/06_arasaka_tower/02a_destroy_turret/destroy_turrets	gameJournalQuestMapPin	Mappins.QuestStaticMappinDefinition		
mappin	-1462.521	160.432	208.686	quests/main_quest/act_01/q108_johnny/06_arasaka_tower/02b_open_doors/q108_dvc_door_to_mainframe_turret	gameJournalQuestMapPin	Mappins.QuestStaticMappinDefinition		
mappin	-1462.521	160.432	208.686	quests/main_quest/act_01/q108_johnny/06_arasaka_tower/02d_plant_explosives/q108_dvc_door_to_mainframe_turret	gameJournalQuestMapPin	Mappins.QuestStaticMappinDefinition		
mappin	-1462.426	160.514	210.085	quests/main_quest/act_01/q108_johnny/06_arasaka_tower/02e_arm_explosives/q108_dvc_c4_explosives	gameJournalQuestMapPin	Mappins.QuestStaticMappinDefinition		
mappin	-1429.279	180.228	206.485	quests/main_quest/act_01/q108_johnny/06_arasaka_tower/07_kill_reinforcements/front_desk	gameJournalQuestMapPin	Mappins.QuestStaticMappinDefinition		
mappin	-1435.131	144.81	210.158	quests/main_quest/act_01/q108_johnny/06_arasaka_tower/02c_destroy_turret/q108_dvc_turret_server_room_c	gameJournalQuestMapPin	Mappins.QuestStaticMappinDefinition		
mappin	-1197.64	1563.366	22.915	quests/main_quest/act_01/q105_dollhouse/lizzies/meet_judy/location	gameJournalQuestMapPin	Mappins.QuestStaticMappinDefinition		
mappin	-1194.665	1563.541	17.735	quests/main_quest/act_01/q105_dollhouse/lizzies/meet_judy/receptionist	gameJournalQuestMapPin	Mappins.QuestDynamicMappinDefinition		
mappin	-1197.64	1563.366	22.915	quests/main_quest/act_01/q105_dollhouse/lizzies/go_lizzies/location	gameJournalQuestMapPin	Mappins.QuestStaticMappinDefinition		
mappin	-1194.665	1563.541	17.735	quests/main_quest/act_01/q105_dollhouse/lizzies/go_lizzies/receptionist	gameJournalQuestMapPin	Mappins.QuestDynamicMappinDefinition		
mappin	-1201.899	1562.443	22.975	quests/main_quest/act_01/q105_dollhouse/lizzies/leave_lizzies/exit	gameJournalQuestMapPin	Mappins.QuestStaticMappinDefinition		
mappin	-1182.894	1589.336	19.361	quests/main_quest/act_01/q105_dollhouse/lizzies/leave_lizzies/01_staircase	gameJournalQuestMapPin	Mappins.QuestStaticMappinDefinition		
mappin	-1189.735	1587.557	22.915	quests/main_quest/act_01/q105_dollhouse/lizzies/leave_lizzies/02_dressing	gameJournalQuestMapPin	Mappins.QuestStaticMappinDefinition		
mappin	-1168.102	1576.316	19.721	quests/main_quest/act_01/q105_dollhouse/lizzies/03a_loot_case/case	gameJournalQuestMapPin	Mappins.QuestStaticMappinDefinition		
mappin	-692.753	779.497	38.386	quests/main_quest/act_01/q105_dollhouse/dollhouse/location/building	gameJournalQuestMapPin	Mappins.QuestStaticMappinDefinition		
mappin	-663.335	817.845	128.37	quests/main_quest/act_01/q105_dollhouse/dollhouse/room_doll_question/doll_m_01	gameJournalQuestMapPin	Mappins.QuestDynamicMappinDefinition		
mappin	-663.335	817.845	128.37	quests/main_quest/act_01/q105_dollhouse/dollhouse/room_doll_question/doll_f_01	gameJournalQuestMapPin	Mappins.QuestDynamicMappinDefinition		
mappin	-663.335	817.845	128.37	quests/main_quest/act_01/q105_dollhouse/dollhouse/room_doll_wait/doll_1	gameJournalQuestMapPin	Mappins.QuestDynamicMappinDefinition		
mappin	-663.335	817.845	128.37	quests/main_quest/act_01/q105_dollhouse/dollhouse/room_doll_wait/doll_2	gameJournalQuestMapPin	Mappins.QuestDynamicMappinDefinition		
mappin	-653.363	792.212	128.507	quests/main_quest/act_01/q105_dollhouse/dollhouse/room_doll_wait/door_booth_6	gameJournalQuestMapPin	Mappins.QuestStaticMappinDefinition		
mappin	-640.525	782.307	128.467	quests/main_quest/act_01/q105_dollhouse/dollhouse/room_doll_wait/door_booth_9	gameJournalQuestMapPin	Mappins.QuestStaticMappinDefinition		
mappin	-686.18	800.088	37.752	quests/main_quest/act_01/q105_dollhouse/dollhouse/elevator/downstairs	gameJournalQuestMapPin	Mappins.QuestStaticMappinDefinition		
mappin	-684.41	806.768	37.972	quests/main_quest/act_01/q105_dollhouse/dollhouse/elevator/elevator_panel	gameJournalQuestMapPin	Mappins.QuestStaticMappinDefinition		
mappin	-662.718	806.865	129.893	quests/main_quest/act_01/q105_dollhouse/dollhouse/into_dollhouse/entry	gameJournalQuestMapPin	Mappins.QuestStaticMappinDefinition		
mappin	-641.908	811.33	129.414	quests/main_quest/act_01/q105_dollhouse/dollhouse/reception/reception	gameJournalQuestMapPin	Mappins.QuestStaticMappinDefinition		
mappin	-634.076	807.164	129.497	quests/main_quest/act_01/q105_dollhouse/dollhouse/weapons/locker	gameJournalQuestMapPin	Mappins.QuestStaticMappinDefinition		
mappin	-664.234	817.144	128.262	quests/main_quest/act_01/q105_dollhouse/dollhouse/security/security	gameJournalQuestMapPin	Mappins.QuestDynamicMappinDefinition		
mappin	-641.368	810.85	130.356	quests/main_quest/act_01/q105_dollhouse/dollhouse/go_reception/reception	gameJournalQuestMapPin	Mappins.QuestStaticMappinDefinition		
mappin	-653.852	790.507	129.772	quests/main_quest/act_01/q105_dollhouse/dollhouse/room_6/room	gameJournalQuestMapPin	Mappins.QuestStaticMappinDefinition		
mappin	-638.972	781.889	129.792	quests/main_quest/act_01/q105_dollhouse/dollhouse/room_9/room	gameJournalQuestMapPin	Mappins.QuestStaticMappinDefinition		
mappin	-644.401	776.987	129.278	quests/main_quest/act_01/q105_dollhouse/dollhouse/sit/room_9	gameJournalQuestMapPin	Mappins.QuestStaticMappinDefinition		
mappin	-653.852	790.507	129.772	quests/main_quest/act_01/q105_dollhouse/dollhouse/room_1/room	gameJournalQuestMapPin	Mappins.QuestStaticMappinDefinition		
mappin	-638.972	781.889	129.792	quests/main_quest/act_01/q105_dollhouse/dollhouse/room_2/room	gameJournalQuestMapPin	Mappins.QuestStaticMappinDefinition		
mappin	-663.335	817.845	128.37	quests/main_quest/act_01/q105_dollhouse/dollhouse/doll_info/doll_f_01	gameJournalQuestMapPin	Mappins.QuestDynamicMappinDefinition		
mappin	-663.335	817.845	128.37	quests/main_quest/act_01/q105_dollhouse/dollhouse/doll_info/doll_m_01	gameJournalQuestMapPin	Mappins.QuestDynamicMappinDefinition		
mappin	-664.194	754.464	133.316	quests/main_quest/act_01/q105_dollhouse/dollhouse/vip/area	gameJournalQuestMapPin	Mappins.QuestStaticMappinDefinition		
mappin	-641.368	810.85	130.356	quests/main_quest/act_01/q105_dollhouse/dollhouse/return_dollhouse/reception	gameJournalQuestMapPin	Mappins.QuestStaticMappinDefinition		
mappin	-664.234	817.144	128.262	quests/main_quest/act_01/q105_dollhouse/dollhouse/find_a_vip_card/guard_vipentrance_02	gameJournalQuestMapPin	Mappins.QuestDynamicMappinDefinition		
mappin	-667.861	819.371	129.187	quests/main_quest/act_01/q105_dollhouse/dollhouse/02a_wait/bench	gameJournalQuestMapPin	Mappins.QuestStaticMappinDefinition		
mappin	-629.278	785.354	128.68	quests/main_quest/act_01/q105_dollhouse/03_investigation/chamber_go/chamber	gameJournalQuestMapPin	Mappins.QuestStaticMappinDefinition		
mappin	-629.278	785.354	128.68	quests/main_quest/act_01/q105_dollhouse/03_investigation/chamber_investigate/chamber_area	gameJournalQuestMapPin	Mappins.QuestStaticMappinDefinition		
mappin	-627.777	781.882	128.423	quests/main_quest/act_01/q105_dollhouse/03_investigation/client_computer/computer	gameJournalQuestMapPin	Mappins.QuestStaticMappinDefinition		
mappin	-642.773	785.159	132.257	quests/main_quest/act_01/q105_dollhouse/04_woodman/find_woodman/office	gameJournalQuestMapPin	Mappins.QuestStaticMappinDefinition		
mappin	-638.935	785.958	133.323	quests/main_quest/act_01/q105_dollhouse/04_woodman/data/computer	gameJournalQuestMapPin	Mappins.QuestStaticMappinDefinition		
mappin	-642.773	785.159	132.257	quests/main_quest/act_01/q105_dollhouse/04_woodman/office/office	gameJournalQuestMapPin	Mappins.QuestStaticMappinDefinition		
mappin	-642.758	783.87	133.636	quests/main_quest/act_01/q105_dollhouse/04_woodman/06_leave_office/door	gameJournalQuestMapPin	Mappins.QuestStaticMappinDefinition		
mappin	-663.827	808.463	129.516	quests/main_quest/act_01/q105_dollhouse/05_leave_dollhouse/leave/exit	gameJournalQuestMapPin	Mappins.QuestStaticMappinDefinition		
mappin	-633.96	785.173	133.456	quests/main_quest/act_01/q105_dollhouse/05_leave_dollhouse/leave/q105_tr_dollhouse_to_exit_01	gameJournalQuestMapPin	Mappins.QuestStaticMappinDefinition		
mappin	-623.919	796.158	133.106	quests/main_quest/act_01/q105_dollhouse/05_leave_dollhouse/leave/q105_tr_dollhouse_to_exit_02	gameJournalQuestMapPin	Mappins.QuestStaticMappinDefinition		
mappin	-625.413	794.432	128.266	quests/main_quest/act_01/q105_dollhouse/05_leave_dollhouse/leave/q105_tr_dollhouse_to_exit_03	gameJournalQuestMapPin	Mappins.QuestStaticMappinDefinition		
mappin	-636.046	807.857	128.256	quests/main_quest/act_01/q105_dollhouse/05_leave_dollhouse/leave/q105_tr_dollhouse_to_exit_04	gameJournalQuestMapPin	Mappins.QuestStaticMappinDefinition		
mappin	-654.485	755.725	133.939	quests/main_quest/act_01/q105_dollhouse/05_leave_dollhouse/leave/q105_mp_dollhouse_to_exit_hostile_01	gameJournalQuestMapPin	Mappins.QuestStaticMappinDefinition		
mappin	-674.039	760.47	133.52	quests/main_quest/act_01/q105_dollhouse/05_leave_dollhouse/leave/q105_mp_dollhouse_to_exit_hostile_02	gameJournalQuestMapPin	Mappins.QuestStaticMappinDefinition		
mappin	-660.212	774.503	129.475	quests/main_quest/act_01/q105_dollhouse/05_leave_dollhouse/leave/q105_mp_dollhouse_to_exit_hostile_03	gameJournalQuestMapPin	Mappins.QuestStaticMappinDefinition		
mappin	-634.076	807.164	129.497	quests/main_quest/act_01/q105_dollhouse/05_leave_dollhouse/take_weapons/reception	gameJournalQuestMapPin	Mappins.QuestStaticMappinDefinition		
mappin	-684.253	807.014	129.426	quests/main_quest/act_01/q105_dollhouse/05_leave_dollhouse/03_take_elevator/elevator	gameJournalQuestMapPin	Mappins.QuestStaticMappinDefinition		
mappin	-1751.102	-1930.32	62.992	quests/main_quest/act_01/q110_01_voodooboys/02_make_contact/01_go_to_chapel/q110_mp_chapel_entrance	gameJournalQuestMapPin	Mappins.QuestStaticMappinDefinition		
mappin	-1741.153	-1908.825	63.348	quests/main_quest/act_01/q110_01_voodooboys/02_make_contact/01_go_to_chapel/q110_mp_chapel_altar	gameJournalQuestMapPin	Mappins.QuestStaticMappinDefinition		
mappin	-1741.153	-1908.825	63.348	quests/main_quest/act_01/q110_01_voodooboys/02_make_contact/02_wait_for_sermon_to_end/q110_mp_chapel_altar	gameJournalQuestMapPin	Mappins.QuestStaticMappinDefinition		
mappin	-1818.236	-1977.06	53.545	quests/main_quest/act_01/q110_01_voodooboys/02_make_contact/06_go_to_butcher_shop/q110_butcher_shop_enterance	gameJournalQuestMapPin	Mappins.QuestStaticMappinDefinition		
mappin	-1815.353	-1964.156	52.556	quests/main_quest/act_01/q110_01_voodooboys/02_make_contact/07_look_for_placide/back_room_area	gameJournalQuestMapPin	Mappins.QuestStaticMappinDefinition		
mappin	-1902.929	-1889.375	58.597	quests/main_quest/act_01/q110_01_voodooboys/02_make_contact/09b_sit_down/q110_netrunners_den_sit_down_choice	gameJournalQuestMapPin	Mappins.QuestStaticMappinDefinition		
mappin	-1822.007	-1968.644	54.934	quests/main_quest/act_01/q110_01_voodooboys/02_make_contact/06c_look_at_camera/q110_butcher_shop_scan_camera	gameJournalQuestMapPin	Mappins.QuestStaticMappinDefinition		
mappin	-1749.473	-1936.501	62.937	quests/main_quest/act_01/q110_01_voodooboys/02_make_contact/01b_wait_till_chapel_open/q110_mp_wait_till_chapel_open	gameJournalQuestMapPin	Mappins.QuestStaticMappinDefinition		
mappin	-897.374	1858.82	42.46	quests/main_quest/act_01/q105_04_judys/judys/sit/stool	gameJournalQuestMapPin	Mappins.QuestStaticMappinDefinition		
mappin	-908.027	1869.037	43.872	quests/main_quest/act_01/q105_04_judys/judys/leave_apartment/door	gameJournalQuestMapPin	Mappins.QuestStaticMappinDefinition		
mappin	-899.038	1853.788	42.207	quests/main_quest/act_01/q105_04_judys/judys/editing_room/room	gameJournalQuestMapPin	Mappins.QuestStaticMappinDefinition		
mappin	-896.927	1852.461	42.493	quests/main_quest/act_01/q105_04_judys/judys/sit_table/table	gameJournalQuestMapPin	Mappins.QuestStaticMappinDefinition		
mappin	-1765.03	-1922.985	57.481	quests/main_quest/act_01/q105_04_judys/judys/06b_bd_alt_scan_phone/phone	gameJournalQuestMapPin	Mappins.QuestDynamicMappinDefinition		
mappin	79.183	-522.619	10.82	quests/main_quest/act_01/q105_03_braindance_studio/braindance/go_studio/area	gameJournalQuestMapPin	Mappins.QuestStaticMappinDefinition		
mappin	75.657	-508.99	7.304	quests/main_quest/act_01/q105_03_braindance_studio/braindance/find_entrance/area	gameJournalQuestMapPin	Mappins.QuestStaticMappinDefinition		
mappin	51.067	-526.468	-16.749	quests/main_quest/act_01/q105_03_braindance_studio/braindance/locate_evelyn/area	gameJournalQuestMapPin	Mappins.QuestStaticMappinDefinition		
mappin	56.918	-513.137	-16.696	quests/main_quest/act_01/q105_03_braindance_studio/braindance/locate_evelyn/door	gameJournalQuestMapPin	Mappins.QuestStaticMappinDefinition		
mappin	12.74	-506.872	7.542	quests/main_quest/act_01/q105_03_braindance_studio/braindance/meet_judy/meeting_area	gameJournalQuestMapPin	Mappins.QuestStaticMappinDefinition		
mappin	75.657	-508.99	7.304	quests/main_quest/act_01/q105_03_braindance_studio/braindance/main_building/area	gameJournalQuestMapPin	Mappins.QuestStaticMappinDefinition		
mappin	78.535	-513.738	-4.696	quests/main_quest/act_01/q105_03_braindance_studio/braindance/level_01/area	gameJournalQuestMapPin	Mappins.QuestStaticMappinDefinition		
mappin	31.935	-510.77	1.304	quests/main_quest/act_01/q105_03_braindance_studio/braindance/transition_kill/arena_2_gunner_01	gameJournalQuestMapPin	Mappins.QuestDynamicMappinDefinition		
mappin	31.935	-510.77	1.304	quests/main_quest/act_01/q105_03_braindance_studio/braindance/transition_kill/arena_2_melee_01	gameJournalQuestMapPin	Mappins.QuestDynamicMappinDefinition		
mappin	23.384	-483.402	-5.776	quests/main_quest/act_01/q105_03_braindance_studio/braindance/transition_wait/area	gameJournalQuestMapPin	Mappins.QuestStaticMappinDefinition		
mappin	41.54	-480.945	-15.353	quests/main_quest/act_01/q105_03_braindance_studio/braindance/escort_judy_01/door	gameJournalQuestMapPin	Mappins.QuestStaticMappinDefinition		
mappin	78.145	-501.733	-3.036	quests/main_quest/act_01/q105_03_braindance_studio/braindance/escort_judy_01/earlier_door	gameJournalQuestMapPin	Mappins.QuestStaticMappinDefinition		
mappin	31.935	-510.77	1.304	quests/main_quest/act_01/q105_03_braindance_studio/braindance/big_room_takeout/arena_1_gunner_01	gameJournalQuestMapPin	Mappins.QuestDynamicMappinDefinition		
mappin	31.935	-510.77	1.304	quests/main_quest/act_01/q105_03_braindance_studio/braindance/big_room_takeout/arena_1_rifler_01	gameJournalQuestMapPin	Mappins.QuestDynamicMappinDefinition		
mappin	37.747	-469.408	-5.736	quests/main_quest/act_01/q105_03_braindance_studio/braindance/big_room_alternate/area	gameJournalQuestMapPin	Mappins.QuestStaticMappinDefinition		
mappin	41.54	-480.945	-15.353	quests/main_quest/act_01/q105_03_braindance_studio/braindance/wait_door/door	gameJournalQuestMapPin	Mappins.QuestStaticMappinDefinition		
mappin	43.289	-500.356	-14.883	quests/main_quest/act_01/q105_03_braindance_studio/braindance/17_leave/exit	gameJournalQuestMapPin	Mappins.QuestStaticMappinDefinition		
mappin	-627.454	817.624	18.375	quests/main_quest/act_01/q105_03_braindance_studio/06_finding_studio/01_look_web/computer_01	gameJournalQuestMapPin	Mappins.QuestStaticMappinDefinition		
mappin	-650.504	861.792	18.955	quests/main_quest/act_01/q105_03_braindance_studio/06_finding_studio/01_look_web/computer_02	gameJournalQuestMapPin	Mappins.QuestStaticMappinDefinition		
mappin	-653.383	823.648	19.345	quests/main_quest/act_01/q105_03_braindance_studio/06_finding_studio/01_look_web/computer_03	gameJournalQuestMapPin	Mappins.QuestStaticMappinDefinition		
mappin	-597.763	860.167	18.011	quests/main_quest/act_01/q105_03_braindance_studio/06_finding_studio/01a_03_pick_package/q105_fixer_package	gameJournalQuestMapPin	Mappins.QuestStaticMappinDefinition		
mappin	-648.23	839.596	16.755	quests/main_quest/act_01/q105_03_braindance_studio/06_finding_studio/visit_shop/wbr_jpn_junk_01	gameJournalQuestMapPin	Mappins.QuestDynamicMappinDefinition		
mappin	-597.833	860.166	18.335	quests/main_quest/act_01/q105_03_braindance_studio/06_finding_studio/01b_02_open_compartment/shaft	gameJournalQuestMapPin	Mappins.QuestStaticMappinDefinition		
mappin	-597.974	860.144	17.116	quests/main_quest/act_01/q105_03_braindance_studio/06_finding_studio/01b_01_go_pickup/pickup	gameJournalQuestMapPin	Mappins.QuestStaticMappinDefinition		
mappin	-627.454	817.624	18.375	quests/main_quest/act_01/q105_03_braindance_studio/06_finding_studio/01a_01_go_terminal/computer_01	gameJournalQuestMapPin	Mappins.QuestStaticMappinDefinition		
mappin	-650.504	861.792	18.955	quests/main_quest/act_01/q105_03_braindance_studio/06_finding_studio/01a_01_go_terminal/computer_02	gameJournalQuestMapPin	Mappins.QuestStaticMappinDefinition		
mappin	-653.383	823.648	19.345	quests/main_quest/act_01/q105_03_braindance_studio/06_finding_studio/01a_01_go_terminal/computer_03	gameJournalQuestMapPin	Mappins.QuestStaticMappinDefinition		
mappin	-627.454	817.624	18.375	quests/main_quest/act_01/q105_03_braindance_studio/06_finding_studio/01a_03_underground/computer_01	gameJournalQuestMapPin	Mappins.QuestStaticMappinDefinition		
mappin	-650.504	861.792	18.955	quests/main_quest/act_01/q105_03_braindance_studio/06_finding_studio/01a_03_underground/computer_02	gameJournalQuestMapPin	Mappins.QuestStaticMappinDefinition		
mappin	-653.383	823.648	19.345	quests/main_quest/act_01/q105_03_braindance_studio/06_finding_studio/01a_03_underground/computer_03	gameJournalQuestMapPin	Mappins.QuestStaticMappinDefinition		
mappin	-639.601	882.014	15.26	quests/main_quest/act_01/q105_03_braindance_studio/06_finding_studio/01a_00_optional_look/q105_tr_jigjig_street	gameJournalQuestMapPin	Mappins.QuestStaticMappinDefinition		
mappin	-574.441	797.752	24.91	quests/main_quest/act_01/q105_02_jigjig/jigjig/enter_fingers/q105_tr_fingers_house_top_floor	gameJournalQuestMapPin	Mappins.QuestStaticMappinDefinition		
mappin	-579.452	801.109	20.89	quests/main_quest/act_01/q105_02_jigjig/jigjig/enter_fingers/q105_tr_fingers_house_bottom_floor	gameJournalQuestMapPin	Mappins.QuestStaticMappinDefinition		
mappin	-561.686	805.83	20.86	quests/main_quest/act_01/q105_02_jigjig/jigjig/enter_fingers/q105_mp_fingers_staircase	gameJournalQuestMapPin	Mappins.QuestStaticMappinDefinition		
mappin	-582.04	800.484	20.26	quests/main_quest/act_01/q105_02_jigjig/jigjig/defeat_goons/mp_goons	gameJournalQuestMapPin	Mappins.QuestStaticMappinDefinition		
mappin	-641.427	886.843	19.842	quests/main_quest/act_01/q105_02_jigjig/jigjig/location/jigjig	gameJournalQuestMapPin	Mappins.QuestStaticMappinDefinition		
mappin	-588.271	804.805	20.202	quests/main_quest/act_01/q105_02_jigjig/jigjig/look_for_address/q105_tr_fingers_area	gameJournalQuestMapPin	Mappins.QuestStaticMappinDefinition		
mappin	-583.731	797.701	20.29	quests/main_quest/act_01/q105_02_jigjig/jigjig/talk_goons/goon1	gameJournalQuestMapPin	Mappins.QuestDynamicMappinDefinition		
mappin	-573.802	800.432	17.518	quests/main_quest/act_01/q105_02_jigjig/jigjig/04c_talk_prostitutes/prostitute	gameJournalQuestMapPin	Mappins.QuestDynamicMappinDefinition		
mappin	-588.271	804.805	20.202	quests/main_quest/act_01/q105_02_jigjig/jigjig/02b_go_to_clinic/q105_tr_fingers_area	gameJournalQuestMapPin	Mappins.QuestStaticMappinDefinition		
mappin	-2393.129	-2054.769	11.456	quests/main_quest/act_01/q110_voodoo/03_mall_job/02_get_inside_the_mall/q110_mp_mall_back_entrance	gameJournalQuestMapPin	Mappins.QuestStaticMappinDefinition		
mappin	-2351.183	-2190.592	13.275	quests/main_quest/act_01/q110_voodoo/03_mall_job/02_get_inside_the_mall/q110_mp_mall_garage_entrance	gameJournalQuestMapPin	Mappins.QuestStaticMappinDefinition		
mappin	-2311.181	-2065.444	16.492	quests/main_quest/act_01/q110_voodoo/03_mall_job/03_locate_the_truck/q110_mp_locate_truck_area	gameJournalQuestMapPin	Mappins.QuestStaticMappinDefinition		
mappin	-2386.477	-2037.436	15.181	quests/main_quest/act_01/q110_voodoo/03_mall_job/03_locate_the_truck/q110_mp_gym_corridor_entrance	gameJournalQuestMapPin	Mappins.QuestStaticMappinDefinition		
mappin	-2284.902	-2060.669	15.295	quests/main_quest/act_01/q110_voodoo/03_mall_job/04_inflitrate_the_truck/q110_dvc_mall_access_point_truck	gameJournalQuestMapPin	Mappins.QuestStaticMappinDefinition		
mappin	-2296.375	-2043.86	16.608	quests/main_quest/act_01/q110_voodoo/03_mall_job/05_find_netwatch_agent/q110_placide_gate_hack	gameJournalQuestMapPin	Mappins.QuestStaticMappinDefinition		
mappin	-2276.776	-1988.333	22.15	quests/main_quest/act_01/q110_voodoo/03_mall_job/05_find_netwatch_agent/q110_placide_gate_hack1	gameJournalQuestMapPin	Mappins.QuestStaticMappinDefinition		
mappin	-2282.465	-1993.427	22.15	quests/main_quest/act_01/q110_voodoo/03_mall_job/05_find_netwatch_agent/q110_placide_gate_hack2	gameJournalQuestMapPin	Mappins.QuestStaticMappinDefinition		
mappin	-2270.834	-2071.325	17.254	quests/main_quest/act_01/q110_voodoo/03_mall_job/05_find_netwatch_agent/q110_mp_agent_gate_hacking_ui_002	gameJournalQuestMapPin	Mappins.QuestStaticMappinDefinition		
mappin	-2271.771	-2062.178	16.276	quests/main_quest/act_01/q110_voodoo/03_mall_job/05_find_netwatch_agent/q110_mp_agent_gate_hacking_ui_001	gameJournalQuestMapPin	Mappins.QuestStaticMappinDefinition		
mappin	-2292.335	-2036.36	16.49	quests/main_quest/act_01/q110_voodoo/03_mall_job/05_find_netwatch_agent/q110_mp_agent_ad_hacking_001	gameJournalQuestMapPin	Mappins.QuestStaticMappinDefinition		
mappin	-2252.917	-2054.891	22.034	quests/main_quest/act_01/q110_voodoo/03_mall_job/05_find_netwatch_agent/q110_mp_agent_ad_hacking_002	gameJournalQuestMapPin	Mappins.QuestStaticMappinDefinition		
mappin	-2271.771	-2062.178	16.276	quests/main_quest/act_01/q110_voodoo/03_mall_job/05_find_netwatch_agent/q110_placide_rehacking_gate	gameJournalQuestMapPin	Mappins.QuestStaticMappinDefinition		
mappin	-2303.789	-1971.799	23.802	quests/main_quest/act_01/q110_voodoo/03_mall_job/05_find_netwatch_agent/q110_mp_agent_in_cinema_stealth	gameJournalQuestMapPin	Mappins.QuestStaticMappinDefinition		
mappin	-2266.978	-2011.189	21.297	quests/main_quest/act_01/q110_voodoo/03_mall_job/05_find_netwatch_agent/q110_mp_way_to_agent_cinema	gameJournalQuestMapPin	Mappins.QuestStaticMappinDefinition		
mappin	-2293.625	-2100.604	21.735	quests/main_quest/act_01/q110_voodoo/03_mall_job/05_find_netwatch_agent/q110_mp_elevator_shaft_stealth	gameJournalQuestMapPin	Mappins.QuestStaticMappinDefinition		
mappin	-1877.006	-1879.765	58.932	quests/main_quest/act_01/q110_voodoo/03_mall_job/01_exit_the_hotel/q110_mp_netrunners_den_exit_lift	gameJournalQuestMapPin	Mappins.QuestStaticMappinDefinition		
mappin	-1877.144	-1877.082	59.205	quests/main_quest/act_01/q110_voodoo/03_mall_job/01_exit_the_hotel/q110_mp_netrunners_den_exit_lift_panel	gameJournalQuestMapPin	Mappins.QuestStaticMappinDefinition		
mappin	-1875.371	-1878.603	59.139	quests/main_quest/act_01/q110_voodoo/03_mall_job/01_exit_the_hotel/q110_mp_netrunners_den_exit_lift_panel_inside	gameJournalQuestMapPin	Mappins.QuestStaticMappinDefinition		
mappin	-1924.864	-1904.105	58.658	quests/main_quest/act_01/q110_voodoo/03_mall_job/01_exit_the_hotel/q110_mp_netrunners_den_front_staircase	gameJournalQuestMapPin	Mappins.QuestStaticMappinDefinition		
mappin	-1863.485	-1875.081	44.62	quests/main_quest/act_01/q110_voodoo/03_mall_job/01_exit_the_hotel/q110_mp_netrunners_den_back_exit	gameJournalQuestMapPin	Mappins.QuestStaticMappinDefinition		
mappin	-1882.138	-1871.77	58.973	quests/main_quest/act_01/q110_voodoo/03_mall_job/01_exit_the_hotel/q110_mp_netrunners_den_back_elevator_room	gameJournalQuestMapPin	Mappins.QuestStaticMappinDefinition		
mappin	-2231.02	-2242.812	13.349	quests/main_quest/act_01/q110_voodoo/03_mall_job/01b_meet_placides_men/q110_mp_voodoo_boy_lookout	gameJournalQuestMapPin	Mappins.QuestStaticMappinDefinition		
mappin	-2231.02	-2242.812	13.349	quests/main_quest/act_01/q110_voodoo/03_mall_job/01c_talk_to_voodoo_boy/q110_mp_voodoo_boys	gameJournalQuestMapPin	Mappins.QuestStaticMappinDefinition		
mappin	-2311.02	-1976.265	23.685	quests/main_quest/act_01/q110_voodoo/03_mall_job/05b_talk_to_agent/static_agent	gameJournalQuestMapPin	Mappins.QuestStaticMappinDefinition		
mappin	-2285.812	-2060.893	15.969	quests/main_quest/act_01/q110_voodoo/03_mall_job/03a_get_to_truck/q110_mp_truck	gameJournalQuestMapPin	Mappins.QuestStaticMappinDefinition		
mappin	-2285.812	-2060.893	15.969	quests/main_quest/act_01/q110_voodoo/03_mall_job/03a_get_to_truck/q110_mp_truck1	gameJournalQuestMapPin	Mappins.QuestStaticMappinDefinition		
mappin	-2285.812	-2060.893	15.969	quests/main_quest/act_01/q110_voodoo/03_mall_job/03b_eliminate_hostiles_near_truck/q110_mp_truck	gameJournalQuestMapPin	Mappins.QuestStaticMappinDefinition		
mappin	-1924.864	-1904.105	58.658	quests/main_quest/act_01/q110_voodoo/04_confrontation/01_go_to_netrunners_den/q110_mp_netrunners_den_front_staircase	gameJournalQuestMapPin	Mappins.QuestStaticMappinDefinition		
mappin	-1899.441	-1888.833	59.002	quests/main_quest/act_01/q110_voodoo/04_confrontation/01c_meet_placide/q110_mp_confrontation_room_entrance	gameJournalQuestMapPin	Mappins.QuestStaticMappinDefinition		
mappin	-2273.236	-2105.548	14.073	quests/main_quest/act_01/q110_voodoo/04_confrontation/00_leave_the_mall/q110_mp_mall_exit	gameJournalQuestMapPin	Mappins.QuestStaticMappinDefinition		
mappin	-215.289	-2659.157	39.979	quests/main_quest/act_01/q104_01_sabotage/preparations/shoot_av/av_mp	gameJournalQuestMapPin	Mappins.QuestDynamicMappinDefinition		
mappin	351.962	-3034.826	98.128	quests/main_quest/act_01/q104_01_sabotage/preparations/drive_panam_hill/hill_mp	gameJournalQuestMapPin	Mappins.QuestStaticMappinDefinition		
mappin	-215.289	-2659.157	39.979	quests/main_quest/act_01/q104_01_sabotage/preparations/wait_for_av/av	gameJournalQuestMapPin	Mappins.QuestDynamicMappinDefinition		
mappin	-195.302	-2838.326	22.799	quests/main_quest/act_01/q104_01_sabotage/preparations/go_bottom_bunker1/bunker	gameJournalQuestMapPin	Mappins.QuestStaticMappinDefinition		
mappin	-197.997	-2821.997	25.328	quests/main_quest/act_01/q104_01_sabotage/preparations/drive_plant/plant	gameJournalQuestMapPin	Mappins.QuestStaticMappinDefinition		
mappin	1710.625	-754.836	49.794	quests/main_quest/act_01/q104_01_sabotage/preparations/meet_panam/mp_garage	gameJournalQuestMapPin	Mappins.QuestStaticMappinDefinition		
mappin	1705.09	-753.13	50.47	quests/main_quest/act_01/q104_01_sabotage/preparations/meet_panam/mp_wait	gameJournalQuestMapPin	Mappins.QuestStaticMappinDefinition		
mappin	1706.187	-755.859	49.801	quests/main_quest/act_01/q104_01_sabotage/preparations/meet_panam/mp_garage_guidance	gameJournalQuestMapPin	Mappins.QuestStaticMappinDefinition		
mappin	1706.187	-755.859	49.801	quests/main_quest/act_01/q104_01_sabotage/preparations/talk_panam/mp_garage_guidance	gameJournalQuestMapPin	Mappins.QuestStaticMappinDefinition		
mappin	-197.997	-2821.997	25.328	quests/main_quest/act_01/q104_01_sabotage/preparations/drive/powerplant	gameJournalQuestMapPin	Mappins.QuestStaticMappinDefinition		
mappin	936.402	-1937.748	163.683	quests/main_quest/act_01/q104_01_sabotage/preparations/calibrate_turret/mp_1	gameJournalQuestMapPin	Mappins.QuestStaticMappinDefinition		
mappin	1090.986	-1900.604	125.155	quests/main_quest/act_01/q104_01_sabotage/preparations/calibrate_turret/mp_2	gameJournalQuestMapPin	Mappins.QuestStaticMappinDefinition		
mappin	1001.889	-2001.423	167.847	quests/main_quest/act_01/q104_01_sabotage/preparations/calibrate_turret/mp_3	gameJournalQuestMapPin	Mappins.QuestStaticMappinDefinition		
mappin	-205.811	-2794.034	24.873	quests/main_quest/act_01/q104_01_sabotage/preparations/plant_security/mp_drone_1	gameJournalQuestMapPin	Mappins.QuestDynamicMappinDefinition		
mappin	-205.811	-2794.034	24.873	quests/main_quest/act_01/q104_01_sabotage/preparations/plant_security/mp_drone_2	gameJournalQuestMapPin	Mappins.QuestDynamicMappinDefinition		
mappin	-205.811	-2794.034	24.873	quests/main_quest/act_01/q104_01_sabotage/preparations/plant_security/mp_drone_3	gameJournalQuestMapPin	Mappins.QuestDynamicMappinDefinition		
mappin	-205.811	-2794.034	24.873	quests/main_quest/act_01/q104_01_sabotage/preparations/plant_security/mp_drone_4	gameJournalQuestMapPin	Mappins.QuestDynamicMappinDefinition		
mappin	-195.897	-2840.06	22.377	quests/main_quest/act_01/q104_01_sabotage/preparations/terminal_control/mp_terminal	gameJournalQuestMapPin	Mappins.QuestStaticMappinDefinition		
mappin	-194.122	-2839.845	22.377	quests/main_quest/act_01/q104_01_sabotage/preparations/terminal_control/mp_terminal1	gameJournalQuestMapPin	Mappins.QuestStaticMappinDefinition		
mappin	-209.789	-2832.125	21.711	quests/main_quest/act_01/q104_01_sabotage/preparations/terminal_control/mp_terminal2	gameJournalQuestMapPin	Mappins.QuestStaticMappinDefinition		
mappin	5669.88	-1535.464	215.236	quests/main_quest/act_01/q101_01_firestorm/johnny/microphone/mp_micro	gameJournalQuestMapPin	Mappins.QuestStaticMappinDefinition		
mappin	5668.982	-1533.555	214.473	quests/main_quest/act_01/q101_01_firestorm/johnny/stage/mp_stage	gameJournalQuestMapPin	Mappins.QuestStaticMappinDefinition		
mappin	5701.044	-1511.739	220.047	quests/main_quest/act_01/q101_01_firestorm/johnny/rooftop/mp_door	gameJournalQuestMapPin	Mappins.QuestStaticMappinDefinition		
mappin	5694.179	-1496.9	220.659	quests/main_quest/act_01/q101_01_firestorm/johnny/av_enter/mp_av	gameJournalQuestMapPin	Mappins.QuestStaticMappinDefinition		
mappin	-1504.727	168.692	600.819	quests/main_quest/act_01/q101_01_firestorm/johnny/server/mp_server	gameJournalQuestMapPin	Mappins.QuestStaticMappinDefinition		
mappin	-1448.713	172.457	594.252	quests/main_quest/act_01/q101_01_firestorm/johnny/follow_rogue/rogue_mp	gameJournalQuestMapPin	Mappins.QuestStaticMappinDefinition		
mappin	-1448.796	169.432	594.445	quests/main_quest/act_01/q101_01_firestorm/johnny/place_bomb/bomb_mp	gameJournalQuestMapPin	Mappins.QuestStaticMappinDefinition		
mappin	-1448.815	170.972	596.372	quests/main_quest/act_01/q101_01_firestorm/johnny/shoot_cables/cables_mp	gameJournalQuestMapPin	Mappins.QuestStaticMappinDefinition		
mappin	-1455.166	183.867	599.347	quests/main_quest/act_01/q101_01_firestorm/johnny/back_to_heli/rooftop_mp	gameJournalQuestMapPin	Mappins.QuestStaticMappinDefinition		
mappin	-1466.788	179.663	600.81	quests/main_quest/act_01/q101_01_firestorm/johnny/back_to_heli/pre_rooftop_mp	gameJournalQuestMapPin	Mappins.QuestStaticMappinDefinition		
mappin	-1417.745	167.823	616.284	quests/main_quest/act_01/q101_01_firestorm/johnny/kill_arasakas_rooftop/arasaka1_mp	gameJournalQuestMapPin	Mappins.QuestDynamicMappinDefinition		
mappin	-1417.745	167.823	616.284	quests/main_quest/act_01/q101_01_firestorm/johnny/kill_arasakas_rooftop/arasaka1_mp1	gameJournalQuestMapPin	Mappins.QuestDynamicMappinDefinition		
mappin	-1417.745	167.823	616.284	quests/main_quest/act_01/q101_01_firestorm/johnny/kill_arasakas_rooftop/arasaka1_mp2	gameJournalQuestMapPin	Mappins.QuestDynamicMappinDefinition		
mappin	-1417.745	167.823	616.284	quests/main_quest/act_01/q101_01_firestorm/johnny/kill_arasakas_rooftop/arasaka1_mp3	gameJournalQuestMapPin	Mappins.QuestDynamicMappinDefinition		
mappin	-1417.745	167.823	616.284	quests/main_quest/act_01/q101_01_firestorm/johnny/kill_arasakas_rooftop/arasaka5_mp	gameJournalQuestMapPin	Mappins.QuestDynamicMappinDefinition		
mappin	-1417.745	167.823	616.284	quests/main_quest/act_01/q101_01_firestorm/johnny/kill_arasakas_rooftop/arasaka6_mp	gameJournalQuestMapPin	Mappins.QuestDynamicMappinDefinition		
mappin	-1453.374	178.689	616.371	quests/main_quest/act_01/q101_01_firestorm/johnny/kill_arasakas_rooftop/rooftop_mp	gameJournalQuestMapPin	Mappins.QuestStaticMappinDefinition		
mappin	-1447.924	194.463	611.945	quests/main_quest/act_01/q101_01_firestorm/johnny/hack_arasaka_ap/hacking_icon_mp	gameJournalQuestMapPin	Mappins.QuestStaticMappinDefinition		
mappin	-1504.727	168.692	600.819	quests/main_quest/act_01/q101_01_firestorm/johnny/hack_arasaka_ap/hacking_icon_mp1	gameJournalQuestMapPin	Mappins.QuestStaticMappinDefinition		
mappin	-1446.84	190.236	610.35	quests/main_quest/act_01/q101_01_firestorm/johnny/kill_arasakas_stairs/stairs_mp	gameJournalQuestMapPin	Mappins.QuestStaticMappinDefinition		
mappin	-1504.727	168.692	600.819	quests/main_quest/act_01/q101_01_firestorm/johnny/connect_splinter/mp_server	gameJournalQuestMapPin	Mappins.QuestStaticMappinDefinition		
mappin	-1414.417	188.942	607.455	quests/main_quest/act_01/q101_01_firestorm/johnny/follow_spider_murphy/spider_murphy_mp	gameJournalQuestMapPin	Mappins.QuestDynamicMappinDefinition		
mappin	-1450.672	178.395	594.121	quests/main_quest/act_01/q101_01_firestorm/johnny/wait_elevator/elevator_room_mp	gameJournalQuestMapPin	Mappins.QuestStaticMappinDefinition		
mappin	-1448.703	172.555	595.754	quests/main_quest/act_01/q101_01_firestorm/johnny/wait_elevator/murphy_hack_mp	gameJournalQuestMapPin	Mappins.QuestStaticMappinDefinition		
mappin	-1504.37	184.26	599.38	quests/main_quest/act_01/q101_01_firestorm/johnny/kill_arasakas_office/office_mp	gameJournalQuestMapPin	Mappins.QuestStaticMappinDefinition		
mappin	-1387.035	1273.533	124.309	quests/main_quest/act_01/q101_resurrection/base/check_emails/computer_mp	gameJournalQuestMapPin	Mappins.QuestStaticMappinDefinition		
mappin	-1376.698	1270.705	123.465	quests/main_quest/act_01/q101_resurrection/base/eat_something/vending_mp	gameJournalQuestMapPin	Mappins.QuestStaticMappinDefinition		
mappin	-1380.012	1263.282	124.242	quests/main_quest/act_01/q101_resurrection/base/restock_ammo/ammo_case_mp	gameJournalQuestMapPin	Mappins.QuestStaticMappinDefinition		
mappin	-1381.02	1271.151	123.095	quests/main_quest/act_01/q101_resurrection/base/take_pills/pills_mp	gameJournalQuestMapPin	Mappins.QuestStaticMappinDefinition		
mappin	-1273.515	1589.746	-577.501	quests/main_quest/act_01/q101_resurrection/base/cyberspace_way_out/mp_1	gameJournalQuestMapPin	Mappins.QuestStaticMappinDefinition		
mappin	-1254.858	1583.546	-572.5	quests/main_quest/act_01/q101_resurrection/base/cyberspace_way_out/mp_3	gameJournalQuestMapPin	Mappins.QuestStaticMappinDefinition		
mappin	-1259.468	1604.253	-575.457	quests/main_quest/act_01/q101_resurrection/base/cyberspace_way_out/mp_l2	gameJournalQuestMapPin	Mappins.QuestStaticMappinDefinition		
mappin	-1270.672	1569.555	-575.457	quests/main_quest/act_01/q101_resurrection/base/cyberspace_way_out/mp_r2	gameJournalQuestMapPin	Mappins.QuestStaticMappinDefinition		
mappin	-1389.656	1271.115	124.591	quests/main_quest/act_01/q101_resurrection/base/prepare_before_leave/leave_mp	gameJournalQuestMapPin	Mappins.QuestStaticMappinDefinition		
mappin	-1402.383	1289.487	120.477	quests/main_quest/act_01/q101_resurrection/takemura/meet_with_takemura/mb_elev_mp3	gameJournalQuestMapPin	Mappins.QuestStaticMappinDefinition		
mappin	-1395.183	1318.394	120.157	quests/main_quest/act_01/q101_resurrection/takemura/meet_with_takemura/mb_elev_mp1	gameJournalQuestMapPin	Mappins.QuestStaticMappinDefinition		
mappin	-1434.854	1314.506	120.811	quests/main_quest/act_01/q101_resurrection/takemura/meet_with_takemura/mb_elev_mp2	gameJournalQuestMapPin	Mappins.QuestStaticMappinDefinition		
mappin	-1506.481	1146.607	19.258	quests/main_quest/act_01/q101_resurrection/takemura/talk_takemura/sit_mp	gameJournalQuestMapPin	Mappins.QuestStaticMappinDefinition		
mappin	-1458.489	1025.615	16.896	quests/main_quest/act_01/q103_warhead/afterlife/go_afterlife/afterlife	gameJournalQuestMapPin	Mappins.QuestStaticMappinDefinition		
mappin	-1465.155	1046.971	22.759	quests/main_quest/act_01/q103_warhead/afterlife/go_afterlife/afterlife1	gameJournalQuestMapPin	Mappins.QuestStaticMappinDefinition		
mappin	-1437.706	1009.212	17.304	quests/main_quest/act_01/q103_warhead/afterlife/wait_1_day/mp_stool	gameJournalQuestMapPin	Mappins.QuestStaticMappinDefinition		
mappin	-1421.01	1014.03	17.35	quests/main_quest/act_01/q103_warhead/afterlife/sit_down/mp_sit	gameJournalQuestMapPin	Mappins.QuestStaticMappinDefinition		
mappin	691.477	-638.734	9.727	quests/main_quest/act_01/q103_warhead/panam/go_to_panam/meeting_point	gameJournalQuestMapPin	Mappins.QuestStaticMappinDefinition		
mappin	693.609	-640.02	10.47	quests/main_quest/act_01/q103_warhead/panam/get_in_car/panams_car	gameJournalQuestMapPin	Mappins.QuestStaticMappinDefinition		
mappin	2556.864	-23.895	82.079	quests/main_quest/act_01/q103_warhead/ghost_town/find_key/key	gameJournalQuestMapPin	Mappins.QuestDynamicMappinDefinition		
mappin	2574.76	-38.795	80.464	quests/main_quest/act_01/q103_warhead/ghost_town/kill_raffen_shiv/raffen_shiv02	gameJournalQuestMapPin	Mappins.QuestStaticMappinDefinition		
mappin	2580.302	-41.797	80.81	quests/main_quest/act_01/q103_warhead/ghost_town/ride_to_ghost_town/ghost_town	gameJournalQuestMapPin	Mappins.QuestStaticMappinDefinition		
mappin	2594.841	-52.59	82.236	quests/main_quest/act_01/q103_warhead/ghost_town/restore_power/mp_switch_button	gameJournalQuestMapPin	Mappins.QuestStaticMappinDefinition		
mappin	2663.306	280.932	77.224	quests/main_quest/act_01/q103_warhead/ghost_town/rendezvous_gt_north1/mp_north	gameJournalQuestMapPin	Mappins.QuestStaticMappinDefinition		
mappin	2591.266	-53.71	84.845	quests/main_quest/act_01/q103_warhead/ghost_town/head_rooftop/mp_rooftop	gameJournalQuestMapPin	Mappins.QuestStaticMappinDefinition		
mappin	3451.747	-366.726	133.664	quests/main_quest/act_01/q103_warhead/ghost_town/carry_box/mp_box	gameJournalQuestMapPin	Mappins.QuestStaticMappinDefinition		
mappin	3376.228	-343.912	134.331	quests/main_quest/act_01/q103_warhead/ghost_town/put_box_away/mp_trunk	gameJournalQuestMapPin	Mappins.QuestStaticMappinDefinition		
mappin	2556.864	-23.895	82.079	quests/main_quest/act_01/q103_warhead/ghost_town/takedown_veh_guard/mp_guard1	gameJournalQuestMapPin	Mappins.QuestDynamicMappinDefinition		
mappin	2556.864	-23.895	82.079	quests/main_quest/act_01/q103_warhead/ghost_town/takedown_veh_guard/mp_guard2	gameJournalQuestMapPin	Mappins.QuestDynamicMappinDefinition		
mappin	2591.224	-52.683	85.5	quests/main_quest/act_01/q103_warhead/ghost_town/hide_ledge/mp_ledge	gameJournalQuestMapPin	Mappins.QuestStaticMappinDefinition		
mappin	2594.812	-57.297	83.32	quests/main_quest/act_01/q103_warhead/ghost_town/break_window/mp_glass	gameJournalQuestMapPin	Mappins.QuestStaticMappinDefinition		
mappin	2600.513	-73.993	80.78	quests/main_quest/act_01/q103_warhead/ghost_town/go_power_station/mp_power	gameJournalQuestMapPin	Mappins.QuestStaticMappinDefinition		
mappin	2607.68	-78.406	81.495	quests/main_quest/act_01/q103_warhead/ghost_town/pickup_cables/mp_trunk	gameJournalQuestMapPin	Mappins.QuestStaticMappinDefinition		
mappin	2603.891	-76.873	81.593	quests/main_quest/act_01/q103_warhead/ghost_town/connect_battery/mp_battery	gameJournalQuestMapPin	Mappins.QuestStaticMappinDefinition		
mappin	2591.375	-52.541	85.398	quests/main_quest/act_01/q103_warhead/ghost_town/light_city/mp_lever	gameJournalQuestMapPin	Mappins.QuestStaticMappinDefinition		
mappin	1869.169	12.383	54.604	quests/main_quest/act_01/q103_warhead/tunnels/defeat_boss/raffen_shiv_boss	gameJournalQuestMapPin	Mappins.QuestStaticMappinDefinition		
mappin	1881.229	36.112	55.108	quests/main_quest/act_01/q103_warhead/tunnels/ride/mp_tunnel	gameJournalQuestMapPin	Mappins.QuestStaticMappinDefinition		
mappin	1638.318	-764.876	50.396	quests/main_quest/act_01/q103_warhead/roadhouse/ride/mp_road	gameJournalQuestMapPin	Mappins.QuestStaticMappinDefinition		
mappin	1636.964	-798.136	54.713	quests/main_quest/act_01/q103_warhead/roadhouse/sit_stool/mp_stool	gameJournalQuestMapPin	Mappins.QuestStaticMappinDefinition		
mappin	1662.681	-791.51	49.82	quests/main_quest/act_01/q103_warhead/roadhouse/go_to_room/mp_room	gameJournalQuestMapPin	Mappins.QuestStaticMappinDefinition		
mappin	1592.362	-797.06	54.27	quests/main_quest/act_01/q103_warhead/roadhouse/bed_upstairs/mp_bed	gameJournalQuestMapPin	Mappins.QuestStaticMappinDefinition		
mappin	1659.132	-791.1	50.34	quests/main_quest/act_01/q103_warhead/roadhouse/bed_downstairs/mp_bed	gameJournalQuestMapPin	Mappins.QuestStaticMappinDefinition		
mappin	2574.383	-41.127	80.897	quests/main_quest/act_01/q103_warhead/ghost_town_recon/01_scan_cables/mp_area	gameJournalQuestMapPin	Mappins.QuestStaticMappinDefinition		
mappin	2591.375	-52.541	85.398	quests/main_quest/act_01/q103_warhead/ghost_town_recon/02_scan_fusebox/mp_fusebox	gameJournalQuestMapPin	Mappins.QuestStaticMappinDefinition		
mappin	693.39	-628.973	9.707	quests/main_quest/act_01/q103_warhead/ghost_town_recon/03_back_car/mp_car	gameJournalQuestMapPin	Mappins.QuestDynamicMappinDefinition		
mappin	2589.234	-68.814	80.518	quests/main_quest/act_01/q103_warhead/ghost_town_recon/01_02_scan_transformer/mp_transformer	gameJournalQuestMapPin	Mappins.QuestStaticMappinDefinition		
mappin	-661.711	-4985.791	68.977	quests/main_quest/act_01/q104_02_av_chase/av_chase/follow_av/av_mp	gameJournalQuestMapPin	Mappins.QuestDynamicMappinDefinition		
mappin	-215.289	-2659.157	39.979	quests/main_quest/act_01/q104_02_av_chase/av_chase/chase_av/av_mp	gameJournalQuestMapPin	Mappins.QuestDynamicMappinDefinition		
mappin	-257.428	-3340.7	79.625	quests/main_quest/act_01/q104_02_av_chase/av_chase/deal_with_drones/drone1_mp	gameJournalQuestMapPin	Mappins.QuestEntityMappinDefinition		
mappin	-257.428	-3340.7	79.625	quests/main_quest/act_01/q104_02_av_chase/av_chase/deal_with_drones/drone2_mp	gameJournalQuestMapPin	Mappins.QuestEntityMappinDefinition		
mappin	-257.428	-3340.7	79.625	quests/main_quest/act_01/q104_02_av_chase/av_chase/deal_with_drones/drone_base_01	gameJournalQuestMapPin	Mappins.QuestDynamicMappinDefinition		
mappin	-257.428	-3340.7	79.625	quests/main_quest/act_01/q104_02_av_chase/av_chase/deal_with_drones/drone_base_02	gameJournalQuestMapPin	Mappins.QuestDynamicMappinDefinition		
mappin	-257.428	-3340.7	79.625	quests/main_quest/act_01/q104_02_av_chase/av_chase/deal_with_drones/drone_base_03	gameJournalQuestMapPin	Mappins.QuestDynamicMappinDefinition		
mappin	-669.654	-5006.292	74.518	quests/main_quest/act_01/q104_02_av_chase/av_chase/track_av/crash_site_mp	gameJournalQuestMapPin	Mappins.QuestStaticMappinDefinition		
mappin	-661.647	-5011.623	67.496	quests/main_quest/act_01/q104_02_av_chase/finding_courier/kill_petrochem_av/mp_area	gameJournalQuestMapPin	Mappins.QuestStaticMappinDefinition		
mappin	-668.101	-5006.063	71.77	quests/main_quest/act_01/q104_02_av_chase/finding_courier/deal_av_turret/mp_panel	gameJournalQuestMapPin	Mappins.QuestStaticMappinDefinition		
mappin	-754.009	-5046.476	79.417	quests/main_quest/act_01/q104_02_av_chase/finding_courier/follow_tracks/mp_tracks_000	gameJournalQuestMapPin	Mappins.QuestStaticMappinDefinition		
mappin	-876.639	-5095.798	80.17	quests/main_quest/act_01/q104_02_av_chase/finding_courier/follow_tracks/mp_tracks_001	gameJournalQuestMapPin	Mappins.QuestStaticMappinDefinition		
mappin	-997.239	-5135.144	83.368	quests/main_quest/act_01/q104_02_av_chase/finding_courier/follow_tracks/mp_tracks_002	gameJournalQuestMapPin	Mappins.QuestStaticMappinDefinition		
mappin	-1139.257	-5184.071	86.244	quests/main_quest/act_01/q104_02_av_chase/finding_courier/follow_tracks/mp_tracks_003	gameJournalQuestMapPin	Mappins.QuestStaticMappinDefinition		
mappin	-1266.632	-5194.17	83.564	quests/main_quest/act_01/q104_02_av_chase/finding_courier/follow_tracks/mp_tracks_004	gameJournalQuestMapPin	Mappins.QuestStaticMappinDefinition		
mappin	-1839.046	-4267.549	74.024	quests/main_quest/act_01/q104_02_av_chase/finding_courier/find_courier_gas/gas_station_mp	gameJournalQuestMapPin	Mappins.QuestStaticMappinDefinition		
mappin	-665.939	-5023.047	70.222	quests/main_quest/act_01/q104_02_av_chase/finding_courier/scan_tire_tracks/tracks1_mp1	gameJournalQuestMapPin	Mappins.QuestStaticMappinDefinition		
mappin	-667.624	-5024.557	70.37	quests/main_quest/act_01/q104_02_av_chase/finding_courier/scan_tire_tracks/tracks1_mp2	gameJournalQuestMapPin	Mappins.QuestStaticMappinDefinition		
mappin	-1358.814	-5158.42	82.978	quests/main_quest/act_01/q104_02_av_chase/finding_courier/airstrip_oil_tracks/mp_airstrip_tracks_001	gameJournalQuestMapPin	Mappins.QuestStaticMappinDefinition		
mappin	-1422.251	-5102.338	82.978	quests/main_quest/act_01/q104_02_av_chase/finding_courier/airstrip_oil_tracks/mp_airstrip_tracks_002	gameJournalQuestMapPin	Mappins.QuestStaticMappinDefinition		
mappin	-1276.796	-5208.874	83.391	quests/main_quest/act_01/q104_02_av_chase/finding_courier/airstrip_oil_tracks/mp_airstrip_tracks_000	gameJournalQuestMapPin	Mappins.QuestStaticMappinDefinition		
mappin	-1444.363	-5034.595	82.917	quests/main_quest/act_01/q104_02_av_chase/finding_courier/airstrip_oil_tracks/mp_airstrip_tracks_003	gameJournalQuestMapPin	Mappins.QuestStaticMappinDefinition		
mappin	-1479.696	-5022.613	83.042	quests/main_quest/act_01/q104_02_av_chase/finding_courier/airstrip_oil_tracks/mp_airstrip_tracks_004	gameJournalQuestMapPin	Mappins.QuestStaticMappinDefinition		
mappin	-661.711	-4985.791	68.977	quests/main_quest/act_01/q104_02_av_chase/finding_courier/resolve_hostage_situation/mp_pilot	gameJournalQuestMapPin	Mappins.QuestDynamicMappinDefinition		
mappin	-661.711	-4985.791	68.977	quests/main_quest/act_01/q104_02_av_chase/finding_courier/optional_scan_turret/turret	gameJournalQuestMapPin	Mappins.QuestDynamicMappinDefinition		
mappin	-661.498	-4985.218	68.967	quests/main_quest/act_01/q104_02_av_chase/finding_courier/optional_scan_zetatech/mp_operators	gameJournalQuestMapPin	Mappins.QuestDynamicMappinDefinition		
mappin	-664.705	-5028.65	70.015	quests/main_quest/act_01/q104_02_av_chase/finding_courier/optional_scan_aldecados/aldecados	gameJournalQuestMapPin	Mappins.QuestStaticMappinDefinition		
mappin	-1841.502	-4300.245	74.12	quests/main_quest/act_01/q104_02_av_chase/finding_courier/carry_haru_outside/outside	gameJournalQuestMapPin	Mappins.QuestStaticMappinDefinition		
mappin	-1841.692	-4300.298	74.37	quests/main_quest/act_01/q104_02_av_chase/finding_courier/put_haru_on_bike/bike	gameJournalQuestMapPin	Mappins.QuestStaticMappinDefinition		
mappin	-1841.692	-4300.298	74.37	quests/main_quest/act_01/q104_02_av_chase/finding_courier/get_on_bike/bike	gameJournalQuestMapPin	Mappins.QuestStaticMappinDefinition		
mappin	-661.498	-4985.218	68.967	quests/main_quest/act_01/q104_02_av_chase/finding_courier/optional_scan_drones/mp_drones	gameJournalQuestMapPin	Mappins.QuestDynamicMappinDefinition		
mappin	-1422.191	-5106.803	82.978	quests/main_quest/act_01/q104_02_av_chase/finding_courier/optional_kill_airstrip_kangtao/mp_enemy_04	gameJournalQuestMapPin	Mappins.QuestStaticMappinDefinition		
mappin	-661.711	-4985.791	68.977	quests/main_quest/act_01/q104_02_av_chase/finding_courier/kill_av_pilot/mp_av_pilot	gameJournalQuestMapPin	Mappins.QuestDynamicMappinDefinition		
mappin	-1500.951	-4992.73	78.977	quests/main_quest/act_01/q104_02_av_chase/finding_courier/follow_tracks_post_airstrip/mp_tracks_001	gameJournalQuestMapPin	Mappins.QuestStaticMappinDefinition		
mappin	-1466.875	-4898.624	76.258	quests/main_quest/act_01/q104_02_av_chase/finding_courier/follow_tracks_post_airstrip/mp_tracks_002	gameJournalQuestMapPin	Mappins.QuestStaticMappinDefinition		
mappin	-1450.793	-4816.555	73.438	quests/main_quest/act_01/q104_02_av_chase/finding_courier/follow_tracks_post_airstrip/mp_tracks_003	gameJournalQuestMapPin	Mappins.QuestStaticMappinDefinition		
mappin	-1438.103	-4722.741	70.821	quests/main_quest/act_01/q104_02_av_chase/finding_courier/follow_tracks_post_airstrip/mp_tracks_004	gameJournalQuestMapPin	Mappins.QuestStaticMappinDefinition		
mappin	-1441.29	-4636.553	69.327	quests/main_quest/act_01/q104_02_av_chase/finding_courier/follow_tracks_post_airstrip/mp_tracks_005	gameJournalQuestMapPin	Mappins.QuestStaticMappinDefinition		
mappin	-1483.45	-4528.864	66.896	quests/main_quest/act_01/q104_02_av_chase/finding_courier/follow_tracks_post_airstrip/mp_tracks_006	gameJournalQuestMapPin	Mappins.QuestStaticMappinDefinition		
mappin	-1759.829	-4315.597	82.565	quests/main_quest/act_01/q104_02_av_chase/finding_courier/gas_station_vantage_point/mp_gas_station_vantage	gameJournalQuestMapPin	Mappins.QuestStaticMappinDefinition		
mappin	-1836.568	-4269.404	74.025	quests/main_quest/act_01/q104_02_av_chase/finding_courier/reach_gas_station/gas_station_mp	gameJournalQuestMapPin	Mappins.QuestStaticMappinDefinition		
mappin	-668.084	-5008.78	71.148	quests/main_quest/act_01/q104_02_av_chase/finding_courier/get_inside_av/mp_av_door	gameJournalQuestMapPin	Mappins.QuestStaticMappinDefinition		
mappin	-421.039	-4876.376	81.137	quests/main_quest/act_01/q104_02_av_chase/finding_courier/get_on_bike_tracking/mp_bike	gameJournalQuestMapPin	Mappins.QuestDynamicMappinDefinition		
mappin	-1815.552	-4282.435	74.568	quests/main_quest/act_01/q104_02_av_chase/finding_courier/defeat_gas_station/mp_kang	gameJournalQuestMapPin	Mappins.QuestStaticMappinDefinition		
mappin	-421.039	-4876.376	81.137	quests/main_quest/act_01/q104_02_av_chase/finding_courier/optional_take_bike/mp_bike_scorpion	gameJournalQuestMapPin	Mappins.QuestDynamicMappinDefinition		
mappin	-421.039	-4876.376	81.137	quests/main_quest/act_01/q104_02_av_chase/finding_courier/optional_take_bike/mp_bike_nomad	gameJournalQuestMapPin	Mappins.QuestDynamicMappinDefinition		
mappin	1600.266	-792.653	54.153	quests/main_quest/act_01/q104_02_av_chase/finding_courier/leave_roadhouse/mp_exit	gameJournalQuestMapPin	Mappins.QuestStaticMappinDefinition		
mappin	-2478.539	-2441.24	19.087	quests/main_quest/epilogues/q204_reborn/01_apartment/leave_apartment/apartment_door_terminal	gameJournalQuestMapPin	Mappins.QuestStaticMappinDefinition		
mappin	-2476.99	-2457.057	19.088	quests/main_quest/epilogues/q204_reborn/01_apartment/ring_the_door/door_terminal	gameJournalQuestMapPin	Mappins.QuestStaticMappinDefinition		
mappin	-2474.166	-2439.101	18.384	quests/main_quest/epilogues/q204_reborn/01_apartment/take_ticket/q204_bus_ticket	gameJournalQuestMapPin	Mappins.QuestStaticMappinDefinition		
mappin	-2474.359	-2436.388	19.014	quests/main_quest/epilogues/q204_reborn/01_apartment/01d_take_rogue_gun/q204_rogue_gun_apartmant	gameJournalQuestMapPin	Mappins.QuestStaticMappinDefinition		
mappin	-2470.307	-2436.97	18.505	quests/main_quest/epilogues/q204_reborn/01_apartment/01a_pack_bag/q204_duffle_bag	gameJournalQuestMapPin	Mappins.QuestStaticMappinDefinition		
mappin	-2477.517	-2443.364	18.958	quests/main_quest/epilogues/q204_reborn/01_apartment/01d_take_jacket/q204_jacket	gameJournalQuestMapPin	Mappins.QuestStaticMappinDefinition		
mappin	-2475.922	-2464.056	17.593	quests/main_quest/epilogues/q204_reborn/02_dad/talk_to_steves_dad/steves_dad	gameJournalQuestMapPin	Mappins.QuestDynamicMappinDefinition		
mappin	-2475.922	-2464.056	17.593	quests/main_quest/epilogues/q204_reborn/02_dad/defeat_steves_dad/steves_dad	gameJournalQuestMapPin	Mappins.QuestDynamicMappinDefinition		
mappin	-1842.445	-577.452	7.586	quests/main_quest/epilogues/q204_reborn/03_music_shop/talk_to_the_store_owner/q204_com_music_store_owner	gameJournalQuestMapPin	Mappins.QuestDynamicMappinDefinition		
mappin	-1843.233	-569.541	9.398	quests/main_quest/epilogues/q204_reborn/03_music_shop/choose_a_guitar_to_buy/q204_guitar_01	gameJournalQuestMapPin	Mappins.QuestStaticMappinDefinition		
mappin	-1842.702	-569.558	9.398	quests/main_quest/epilogues/q204_reborn/03_music_shop/choose_a_guitar_to_buy/q204_guitar_02	gameJournalQuestMapPin	Mappins.QuestStaticMappinDefinition		
mappin	-1849.839	-592.228	9.378	quests/main_quest/epilogues/q204_reborn/03_music_shop/leave_the_store/q204_mp_leave_music_store	gameJournalQuestMapPin	Mappins.QuestStaticMappinDefinition		
mappin	-1843.51	-573.576	7.605	quests/main_quest/epilogues/q204_reborn/03_music_shop/go_back_room/back_room	gameJournalQuestMapPin	Mappins.QuestStaticMappinDefinition		
mappin	-1842.445	-577.452	7.586	quests/main_quest/epilogues/q204_reborn/03_music_shop/talk_to_the_store_owner1/q204_com_music_store_owner	gameJournalQuestMapPin	Mappins.QuestDynamicMappinDefinition		
mappin	-1849.839	-592.228	9.378	quests/main_quest/epilogues/q204_reborn/03_music_shop/02_enter_music_shop/q204_mp_enter_music_store	gameJournalQuestMapPin	Mappins.QuestStaticMappinDefinition		
mappin	173.568	570.547	121.053	quests/main_quest/epilogues/q204_reborn/04_columbarium/leave_columbarium/q204_mp_leave_columbarium	gameJournalQuestMapPin	Mappins.QuestStaticMappinDefinition		
mappin	157.164	527.394	118.125	quests/main_quest/epilogues/q204_reborn/04_columbarium/enter_bus/bus	gameJournalQuestMapPin	Mappins.QuestStaticMappinDefinition		
mappin	252.156	597.034	123.103	quests/main_quest/epilogues/q204_reborn/04_columbarium/go_to_the_graves/q204_mp_graves	gameJournalQuestMapPin	Mappins.QuestStaticMappinDefinition		
mappin	249.292	596.184	122.406	quests/main_quest/epilogues/q204_reborn/04_columbarium/open_graves/q204_locker_v	gameJournalQuestMapPin	Mappins.QuestStaticMappinDefinition		
mappin	254.165	599.273	122.411	quests/main_quest/epilogues/q204_reborn/04_columbarium/open_graves/q204_locker_alt	gameJournalQuestMapPin	Mappins.QuestStaticMappinDefinition		
mappin	249.292	596.184	122.406	quests/main_quest/epilogues/q204_reborn/04_columbarium/leave_mementos/q204_locker_v	gameJournalQuestMapPin	Mappins.QuestStaticMappinDefinition		
mappin	254.165	599.273	122.411	quests/main_quest/epilogues/q204_reborn/04_columbarium/leave_mementos/q204_locker_alt	gameJournalQuestMapPin	Mappins.QuestStaticMappinDefinition		
mappin	166.111	580.153	118.632	quests/main_quest/epilogues/q204_reborn/04_columbarium/02_check_map/q204_dvc_columbarium_map_01	gameJournalQuestMapPin	Mappins.QuestStaticMappinDefinition		
mappin	158.42	528.143	119.133	quests/main_quest/epilogues/q204_reborn/04_columbarium/06a_use_ticket/ticket_booth	gameJournalQuestMapPin	Mappins.QuestStaticMappinDefinition		
mappin	155.418	531.919	119.919	quests/main_quest/epilogues/q204_reborn/04_columbarium/06b_put_bag/luggage	gameJournalQuestMapPin	Mappins.QuestStaticMappinDefinition		
mappin	155.249	532.506	118.346	quests/main_quest/epilogues/q204_reborn/04_columbarium/06c_sit_down/sit	gameJournalQuestMapPin	Mappins.QuestStaticMappinDefinition		
mappin	-1352.078	1212.155	120.59	quests/main_quest/epilogues/q203_legend/penthouse/get_shower/q203_shower	gameJournalQuestMapPin	Mappins.QuestStaticMappinDefinition		
mappin	-1333.646	1188.979	115.795	quests/main_quest/epilogues/q203_legend/penthouse/grab_coffee/q203_coffee_maker	gameJournalQuestMapPin	Mappins.QuestStaticMappinDefinition		
mappin	-1347.312	1193.209	114.988	quests/main_quest/epilogues/q203_legend/penthouse/get_dressed/mappin_weapon_room	gameJournalQuestMapPin	Mappins.QuestStaticMappinDefinition		
mappin	-1351.319	1192.023	115	quests/main_quest/epilogues/q203_legend/penthouse/get_guns/mappin_weapons_room	gameJournalQuestMapPin	Mappins.QuestStaticMappinDefinition		
mappin	-1351.319	1192.023	115	quests/main_quest/epilogues/q203_legend/penthouse/get_katana/mappin_weapon_room	gameJournalQuestMapPin	Mappins.QuestStaticMappinDefinition		
mappin	-1461.537	1029.855	88.11	quests/main_quest/epilogues/q203_legend/penthouse/travel_to_afterlife/mappin_elevator	gameJournalQuestMapPin	Mappins.QuestStaticMappinDefinition		
mappin	-1458.616	1025.668	18	quests/main_quest/epilogues/q203_legend/penthouse/travel_to_afterlife/mappin_front_door	gameJournalQuestMapPin	Mappins.QuestStaticMappinDefinition		
mappin	-1339.219	1208.711	119.33	quests/main_quest/epilogues/q203_legend/penthouse/put_on_clothes/mappin_clothes	gameJournalQuestMapPin	Mappins.QuestStaticMappinDefinition		
mappin	-1442.398	1024.856	16.722	quests/main_quest/epilogues/q203_legend/afterlife/talk_blue_eyes/mappin_blueeyes	gameJournalQuestMapPin	Mappins.QuestDynamicMappinDefinition		
mappin	-1442.398	1024.856	16.722	quests/main_quest/epilogues/q203_legend/afterlife/meet_contact/mappin_blue_eyes	gameJournalQuestMapPin	Mappins.QuestDynamicMappinDefinition		
mappin	-1461.537	1029.855	88.11	quests/main_quest/epilogues/q203_legend/afterlife/enter_afterlife/mappin_elevator	gameJournalQuestMapPin	Mappins.QuestStaticMappinDefinition		
mappin	-1458.616	1025.668	18	quests/main_quest/epilogues/q203_legend/afterlife/enter_afterlife/mappin_door	gameJournalQuestMapPin	Mappins.QuestStaticMappinDefinition		
mappin	-1463.642	1032.159	88.06	quests/main_quest/epilogues/q203_legend/afterlife/enter_afterlife/mappin_elevator_panel	gameJournalQuestMapPin	Mappins.QuestStaticMappinDefinition		
mappin	-1461.96	1030.109	18.06	quests/main_quest/epilogues/q203_legend/afterlife/enter_afterlife/mappin_elevator_door_bottom	gameJournalQuestMapPin	Mappins.QuestStaticMappinDefinition		
mappin	-1421.322	1014.443	17.62	quests/main_quest/epilogues/q203_legend/afterlife/sit_with_blue_eye/sit_down	gameJournalQuestMapPin	Mappins.QuestStaticMappinDefinition		
mappin	4005.13	685.196	1591.703	quests/main_quest/epilogues/q203_legend/cosmos/leave_cabin/mappin_cabin_door	gameJournalQuestMapPin	Mappins.QuestStaticMappinDefinition		
mappin	-1442.398	1024.856	16.722	quests/main_quest/epilogues/q203_legend/cosmos/walk_with_blueeyes/mappin_blueeyes	gameJournalQuestMapPin	Mappins.QuestDynamicMappinDefinition		
mappin	3998.64	683.296	1591.293	quests/main_quest/epilogues/q203_legend/cosmos/get_helmet/mappin_helmet_02	gameJournalQuestMapPin	Mappins.QuestStaticMappinDefinition		
mappin	3995.98	682.426	1591.573	quests/main_quest/epilogues/q203_legend/cosmos/enter_airlock/mappin_airlock_door_inner	gameJournalQuestMapPin	Mappins.QuestStaticMappinDefinition		
mappin	3994.46	686.856	1590.933	quests/main_quest/epilogues/q203_legend/cosmos/get_guns/mappin_guns	gameJournalQuestMapPin	Mappins.QuestStaticMappinDefinition		
mappin	3994.18	680.246	1591.973	quests/main_quest/epilogues/q203_legend/cosmos/depressurize/mappin_airlock_control	gameJournalQuestMapPin	Mappins.QuestStaticMappinDefinition		
mappin	3996.57	678.024	1591.453	quests/main_quest/epilogues/q203_legend/cosmos/exit_airlock/mappin_exit_airlock	gameJournalQuestMapPin	Mappins.QuestStaticMappinDefinition		
mappin	736.57	-2226.05	173.78	quests/main_quest/epilogues/q202_nomads/motel/join_panam/mp_dam	gameJournalQuestMapPin	Mappins.QuestStaticMappinDefinition		
mappin	-578.065	-3871.979	72.07	quests/main_quest/epilogues/q202_nomads/temp_river/badlands_drive/mp_camp	gameJournalQuestMapPin	Mappins.QuestStaticMappinDefinition		
mappin	-599.325	-3865.207	74.765	quests/main_quest/epilogues/q202_nomads/temp_river/get_on_board/mappin_panzer	gameJournalQuestMapPin	Mappins.QuestStaticMappinDefinition		
mappin	-1539.48	-6892.112	114.923	quests/main_quest/epilogues/q202_nomads/temp_river/cross_border/mp_socal	gameJournalQuestMapPin	Mappins.QuestStaticMappinDefinition		
mappin	-995.804	-5862.042	97.303	quests/main_quest/epilogues/q202_nomads/temp_river/cross_border/mp_middle	gameJournalQuestMapPin	Mappins.QuestStaticMappinDefinition		
mappin	-1560.686	-6181.391	102.74	quests/main_quest/epilogues/q202_nomads/temp_river/cross_border/mp_tunnel	gameJournalQuestMapPin	Mappins.QuestStaticMappinDefinition		
mappin	-739.679	-5892.719	100.129	quests/main_quest/epilogues/q202_nomads/temp_river/cross_border/mp_start	gameJournalQuestMapPin	Mappins.QuestStaticMappinDefinition		
mappin	-1383.485	-5902.38	101.565	quests/main_quest/epilogues/q202_nomads/temp_river/cross_border/mp_middle2	gameJournalQuestMapPin	Mappins.QuestStaticMappinDefinition		
mappin	-1252.612	-5880.31	98.145	quests/main_quest/epilogues/q202_nomads/temp_river/cross_border/mp_middle1	gameJournalQuestMapPin	Mappins.QuestStaticMappinDefinition		
mappin	-1529.6	-5965.927	101.406	quests/main_quest/epilogues/q202_nomads/temp_river/cross_border/mp_middle3	gameJournalQuestMapPin	Mappins.QuestStaticMappinDefinition		
mappin	-579.709	-3875.967	74.341	quests/main_quest/epilogues/q202_nomads/temp_river/follow_nomads/mp_starting_point	gameJournalQuestMapPin	Mappins.QuestDynamicMappinDefinition		
mappin	4766.437	-1094.466	1310.426	quests/main_quest/epilogues/q201_heir/02_operation_room/02_follow_the_guard/guard_mp	gameJournalQuestMapPin	Mappins.QuestDynamicMappinDefinition		
mappin	4746.302	-1096.79	1273.469	quests/main_quest/epilogues/q201_heir/02_operation_room/05_investigate_noises/noises_mp	gameJournalQuestMapPin	Mappins.QuestStaticMappinDefinition		
mappin	4768.237	-1093.696	1310.426	quests/main_quest/epilogues/q201_heir/04_cabin_day_1/03_cooperate_with_doctor/doctor_mp	gameJournalQuestMapPin	Mappins.QuestDynamicMappinDefinition		
mappin	4743.897	-1092.705	1313.272	quests/main_quest/epilogues/q201_heir/04_cabin_day_1/04_scan_letters/letters_mp	gameJournalQuestMapPin	Mappins.QuestStaticMappinDefinition		
mappin	4747.473	-1089.834	1311.456	quests/main_quest/epilogues/q201_heir/04_cabin_day_1/04_treadmill/treadmill_mp	gameJournalQuestMapPin	Mappins.QuestStaticMappinDefinition		
mappin	4746.259	-1096.83	1311.85	quests/main_quest/epilogues/q201_heir/04_cabin_day_1/11_nightmare_exit/door_mp	gameJournalQuestMapPin	Mappins.QuestStaticMappinDefinition		
mappin	4768.237	-1093.696	1310.426	quests/main_quest/epilogues/q201_heir/05_cabin_day_2/03_cooperate_with_doctor/doctor_mp	gameJournalQuestMapPin	Mappins.QuestDynamicMappinDefinition		
mappin	4747.473	-1089.834	1311.456	quests/main_quest/epilogues/q201_heir/05_cabin_day_2/04_treadmill/treadmill_mp	gameJournalQuestMapPin	Mappins.QuestStaticMappinDefinition		
mappin	4768.237	-1093.696	1310.426	quests/main_quest/epilogues/q201_heir/05_cabin_day_2/10_01_talk_to_dr_nightmare/doctor_mp	gameJournalQuestMapPin	Mappins.QuestDynamicMappinDefinition		
mappin	4766.437	-1094.466	1310.426	quests/main_quest/epilogues/q201_heir/07_cabin_day_4/03_follow_guard_ice/guard_mp	gameJournalQuestMapPin	Mappins.QuestDynamicMappinDefinition		
mappin	4778.198	-1100.169	1310.426	quests/main_quest/epilogues/q201_heir/07_cabin_day_4/04_follow_guard_earth/guard_mp	gameJournalQuestMapPin	Mappins.QuestStaticMappinDefinition		
mappin	4743.092	-1094.699	1311.323	quests/main_quest/epilogues/q201_heir/07_cabin_day_4/05_take_bag/bag_mp	gameJournalQuestMapPin	Mappins.QuestStaticMappinDefinition		
mappin	4766.615	-1096.772	1310.468	quests/main_quest/epilogues/q201_heir/07_cabin_day_4/06_lie_on_bed/mikoshi_bed_mp	gameJournalQuestMapPin	Mappins.QuestStaticMappinDefinition		
mappin	4768.237	-1093.696	1310.426	quests/main_quest/epilogues/q201_heir/06_cabin_day_1/03_cooperate_with_doctor/doctor_mp	gameJournalQuestMapPin	Mappins.QuestDynamicMappinDefinition		
mappin	4741.43	-1093.781	1310.417	quests/main_quest/epilogues/q201_heir/06_cabin_day_1/04_break_stuff/tv_mp	gameJournalQuestMapPin	Mappins.QuestStaticMappinDefinition		
mappin	4748.064	-1093.351	1311.407	quests/main_quest/epilogues/q201_heir/06_cabin_day_1/04_break_stuff/medical_stuff_mp	gameJournalQuestMapPin	Mappins.QuestStaticMappinDefinition		
mappin	4746.959	-1089.848	1310.426	quests/main_quest/epilogues/q201_heir/06_cabin_day_1/04_break_stuff/toilet_mp	gameJournalQuestMapPin	Mappins.QuestStaticMappinDefinition		
mappin	4741.159	-1089.443	1310.426	quests/main_quest/epilogues/q201_heir/06_cabin_day_1/04_break_stuff/glass_dishes_mp	gameJournalQuestMapPin	Mappins.QuestStaticMappinDefinition		
mappin	4766.437	-1094.466	1310.426	quests/main_quest/epilogues/q201_heir/08_cabin_day_30_takemura/03_follow_guard_ice/guard_mp	gameJournalQuestMapPin	Mappins.QuestDynamicMappinDefinition		
mappin	4778.198	-1100.169	1310.426	quests/main_quest/epilogues/q201_heir/08_cabin_day_30_takemura/04_follow_guard_earth/guard_2_mp	gameJournalQuestMapPin	Mappins.QuestStaticMappinDefinition		
mappin	4743.092	-1094.699	1311.323	quests/main_quest/epilogues/q201_heir/08_cabin_day_30_takemura/05_take_bag/bag_mp	gameJournalQuestMapPin	Mappins.QuestStaticMappinDefinition		
mappin	4766.615	-1096.772	1310.468	quests/main_quest/epilogues/q201_heir/08_cabin_day_30_takemura/06_enter_operation/operation_room_mp	gameJournalQuestMapPin	Mappins.QuestStaticMappinDefinition		
mappin	-1201.906	1330.929	21.27	quests/main_quest/prologue/q003_stout/stout/01_go_to_notell/notell	gameJournalQuestMapPin	Mappins.QuestStaticMappinDefinition		
mappin	-446.133	417.619	132.002	quests/main_quest/prologue/q001_intro/mission0/check_girl/girl	gameJournalQuestMapPin	Mappins.QuestDynamicMappinDefinition		
mappin	-458.752	432.221	132.003	quests/main_quest/prologue/q001_intro/mission0/help_girl_av/balcony	gameJournalQuestMapPin	Mappins.QuestStaticMappinDefinition		
mappin	-460.765	428.695	131.887	quests/main_quest/prologue/q001_intro/mission0/help_girl_av/balcony_area	gameJournalQuestMapPin	Mappins.QuestStaticMappinDefinition		
mappin	-458.752	432.221	132.003	quests/main_quest/prologue/q001_intro/mission0/wait_girl_tt/balcony	gameJournalQuestMapPin	Mappins.QuestStaticMappinDefinition		
mappin	-460.765	428.695	131.887	quests/main_quest/prologue/q001_intro/mission0/wait_girl_tt/balcony_area	gameJournalQuestMapPin	Mappins.QuestStaticMappinDefinition		
mappin	-483.168	384.224	132.782	quests/main_quest/prologue/q001_intro/mission0/check_dead_girl/girl	gameJournalQuestMapPin	Mappins.QuestStaticMappinDefinition		
mappin	-466.725	377.444	133.508	quests/main_quest/prologue/q001_intro/mission0/get_to_door/door	gameJournalQuestMapPin	Mappins.QuestStaticMappinDefinition		
mappin	-467.829	376.181	132.006	quests/main_quest/prologue/q001_intro/mission0/wait_door/door	gameJournalQuestMapPin	Mappins.QuestStaticMappinDefinition		
mappin	-454.269	420.043	131.993	quests/main_quest/prologue/q001_intro/mission0/deal_scavengers/last_rooms_mp	gameJournalQuestMapPin	Mappins.QuestStaticMappinDefinition		
mappin	-471.437	396.758	132.174	quests/main_quest/prologue/q001_intro/mission0/deal_scavengers/scav_den_mp	gameJournalQuestMapPin	Mappins.QuestStaticMappinDefinition		
mappin	-483.168	384.224	132.782	quests/main_quest/prologue/q001_intro/mission0/deal_scavengers/dead_girl_mp	gameJournalQuestMapPin	Mappins.QuestStaticMappinDefinition		
mappin	-468.961	417.093	133.102	quests/main_quest/prologue/q001_intro/mission0/go_balcony/balcony	gameJournalQuestMapPin	Mappins.QuestStaticMappinDefinition		
mappin	-469.03	395.962	132.023	quests/main_quest/prologue/q001_intro/mission0/distract_boss/boss	gameJournalQuestMapPin	Mappins.QuestDynamicMappinDefinition		
mappin	-444.994	419.044	132	quests/main_quest/prologue/q001_intro/mission0/go_bathroom/girl	gameJournalQuestMapPin	Mappins.QuestStaticMappinDefinition		
mappin	-459.135	432.184	132.002	quests/main_quest/prologue/q001_intro/mission0/put_girl_stretcher/stretcher	gameJournalQuestMapPin	Mappins.QuestStaticMappinDefinition		
mappin	-451.6	421.785	132.002	quests/main_quest/prologue/q001_intro/mission0/shoot_boss_through_wall/boss_mp	gameJournalQuestMapPin	Mappins.QuestDynamicMappinDefinition		
mappin	-469.03	395.962	132.023	quests/main_quest/prologue/q001_intro/mission0/takedown_scavenger/scavenger_mapping	gameJournalQuestMapPin	Mappins.QuestDynamicMappinDefinition		
mappin	-469.03	395.962	132.023	quests/main_quest/prologue/q001_intro/mission0/hide_the_body/body_mappin	gameJournalQuestMapPin	Mappins.QuestDynamicMappinDefinition		
mappin	-472.602	388.532	133.08	quests/main_quest/prologue/q001_intro/mission0/hide_the_body/freezer_mappin	gameJournalQuestMapPin	Mappins.QuestStaticMappinDefinition		
mappin	-463.558	394.474	132.052	quests/main_quest/prologue/q001_intro/mission0/wait_for_the_scavengers_to_finish/wait_for_the_opportunity_mappin	gameJournalQuestMapPin	Mappins.QuestStaticMappinDefinition		
mappin	-469.03	395.962	132.023	quests/main_quest/prologue/q001_intro/mission0/drag_the_body_out_of_the_way/scav2	gameJournalQuestMapPin	Mappins.QuestDynamicMappinDefinition		
mappin	-462.245	395.007	131.832	quests/main_quest/prologue/q001_intro/mission0/drag_the_body_out_of_the_way/hiddenarea	gameJournalQuestMapPin	Mappins.QuestStaticMappinDefinition		
mappin	-469.03	395.962	132.023	quests/main_quest/prologue/q001_intro/mission0/double_takedown_tutorial/scav7_mappin	gameJournalQuestMapPin	Mappins.QuestDynamicMappinDefinition		
mappin	-469.03	395.962	132.023	quests/main_quest/prologue/q001_intro/mission0/double_takedown_tutorial/scav7_mappin1	gameJournalQuestMapPin	Mappins.QuestDynamicMappinDefinition		
mappin	-462.245	395.007	131.832	quests/main_quest/prologue/q001_intro/mission0/hide_and_let_the_scavs_pass_you/hiddenarea	gameJournalQuestMapPin	Mappins.QuestStaticMappinDefinition		
mappin	-469.03	395.962	132.023	quests/main_quest/prologue/q001_intro/mission0/takedown_scavenger2/scav2	gameJournalQuestMapPin	Mappins.QuestDynamicMappinDefinition		
mappin	-473.088	412.97	132	quests/main_quest/prologue/q001_intro/mission0/deal_with_the_rest_however_you_want/deal_with_scavengers_area_mappin	gameJournalQuestMapPin	Mappins.QuestStaticMappinDefinition		
mappin	-469.03	395.962	132.023	quests/main_quest/prologue/q001_intro/mission0/get_rid_of_the_scavengers_leader/scavengers_boss	gameJournalQuestMapPin	Mappins.QuestDynamicMappinDefinition		
mappin	-470.654	413.861	134	quests/main_quest/prologue/q001_intro/mission0/get_rid_of_the_scavengers_leader/tbug_hack_mp1	gameJournalQuestMapPin	Mappins.QuestStaticMappinDefinition		
mappin	-467.004	415.557	134.004	quests/main_quest/prologue/q001_intro/mission0/get_rid_of_the_scavengers_leader/tbug_hack_mp2	gameJournalQuestMapPin	Mappins.QuestStaticMappinDefinition		
mappin	-457.145	416.466	133.496	quests/main_quest/prologue/q001_intro/mission0/get_rid_of_the_scavengers_leader/tbug_hack_door_mp	gameJournalQuestMapPin	Mappins.QuestStaticMappinDefinition		
mappin	-461.894	422.976	133.999	quests/main_quest/prologue/q001_intro/mission0/get_rid_of_the_scavengers_leader/tbug_hack_mp3	gameJournalQuestMapPin	Mappins.QuestStaticMappinDefinition		
mappin	-469.03	395.962	132.023	quests/main_quest/prologue/q001_intro/mission0/deal_with_the_scavengers/mappins	gameJournalQuestMapPin	Mappins.NPCMappinDefinition		
mappin	-469.03	395.962	132.023	quests/main_quest/prologue/q001_intro/mission0/deal_with_the_scavengers/scav2	gameJournalQuestMapPin	Mappins.NPCMappinDefinition		
mappin	-469.03	395.962	132.023	quests/main_quest/prologue/q001_intro/mission0/deal_with_the_scavengers/scav1	gameJournalQuestMapPin	Mappins.NPCMappinDefinition		
mappin	-457.06	404.489	132	quests/main_quest/prologue/q001_intro/mission0/use_stealth_path/hole_mappin	gameJournalQuestMapPin	Mappins.QuestStaticMappinDefinition		
mappin	-437.005	415.625	133.141	quests/main_quest/prologue/q001_intro/mission0/goto_elevator1/elevator	gameJournalQuestMapPin	Mappins.QuestStaticMappinDefinition		
mappin	-455.844	389.679	131.915	quests/main_quest/prologue/q001_intro/mission0/scan_weak_spot/corridor_mp	gameJournalQuestMapPin	Mappins.QuestStaticMappinDefinition		
mappin	-447.23	405.684	132.016	quests/main_quest/prologue/q001_intro/mission0/scan_weak_spot/door_mp	gameJournalQuestMapPin	Mappins.QuestStaticMappinDefinition		
mappin	-450.775	393.9	133.409	quests/main_quest/prologue/q001_intro/mission0/hack_access_point/access_point_mp	gameJournalQuestMapPin	Mappins.QuestStaticMappinDefinition		
mappin	-458.752	432.221	132.003	quests/main_quest/prologue/q001_intro/mission0/wait_tt_arrival/balcony	gameJournalQuestMapPin	Mappins.QuestStaticMappinDefinition		
mappin	-460.765	428.695	131.887	quests/main_quest/prologue/q001_intro/mission0/wait_tt_arrival/balcony_area	gameJournalQuestMapPin	Mappins.QuestStaticMappinDefinition		
mappin	-446.133	417.619	132.002	quests/main_quest/prologue/q001_intro/mission0/check_the_bodies/girl	gameJournalQuestMapPin	Mappins.QuestDynamicMappinDefinition		
mappin	-467.38	376.792	133.369	quests/main_quest/prologue/q001_intro/mission0/tutorial_hack_door/q001_tutorial_hack_door_mappin	gameJournalQuestMapPin	Mappins.QuestStaticMappinDefinition		
mappin	-468.312	397.37	133.064	quests/main_quest/prologue/q001_intro/mission0/distraction_tutorial/distraction_tutorial_mappin	gameJournalQuestMapPin	Mappins.QuestStaticMappinDefinition		
mappin	-469.03	395.962	132.023	quests/main_quest/prologue/q001_intro/mission0/distraction_tutorial/scav7_mappin	gameJournalQuestMapPin	Mappins.QuestDynamicMappinDefinition		
mappin	-450.775	393.9	133.409	quests/main_quest/prologue/q001_intro/mission0/get_to_access_point/access_point_mp	gameJournalQuestMapPin	Mappins.QuestStaticMappinDefinition		
mappin	-466.725	377.444	133.508	quests/main_quest/prologue/q001_intro/mission0/get_to_apartment/door	gameJournalQuestMapPin	Mappins.QuestStaticMappinDefinition		
mappin	-475.971	389.852	132.02	quests/main_quest/prologue/q001_intro/mission0/get_to_takedown_room/room_mp	gameJournalQuestMapPin	Mappins.QuestStaticMappinDefinition		
mappin	-483.377	389.619	133.46	quests/main_quest/prologue/q001_intro/mission0/get_to_takedown_room/door_mp	gameJournalQuestMapPin	Mappins.QuestStaticMappinDefinition		
mappin	-469.03	395.962	132.023	quests/main_quest/prologue/q001_intro/mission0/approach_scavenger_remaining_in_stealth/scavenger_mapping	gameJournalQuestMapPin	Mappins.QuestDynamicMappinDefinition		
mappin	-470.884	407.019	132	quests/main_quest/prologue/q001_intro/mission0/go_back_to_main_room/main_room_mp	gameJournalQuestMapPin	Mappins.QuestStaticMappinDefinition		
mappin	-459.368	428.283	132.01	quests/main_quest/prologue/q001_intro/mission0/trauma_team_back/away_mp	gameJournalQuestMapPin	Mappins.QuestStaticMappinDefinition		
mappin	-437.814	414.58	131.927	quests/main_quest/prologue/q001_intro/ride_to_mb/01_get_to_garage/elevator_mp	gameJournalQuestMapPin	Mappins.QuestDynamicMappinDefinition		
mappin	-1383.252	1270.503	123.065	quests/main_quest/prologue/q001_intro/ride_to_mb/05_go_to_vroom/vroom_mp	gameJournalQuestMapPin	Mappins.QuestStaticMappinDefinition		
mappin	-1375.816	1289.69	31.107	quests/main_quest/prologue/q001_intro/ride_to_mb/05_go_to_vroom/elevator_mp	gameJournalQuestMapPin	Mappins.QuestStaticMappinDefinition		
mappin	-1377.538	1275.592	123.725	quests/main_quest/prologue/q001_intro/ride_to_mb/06_sleep/sleep_mp	gameJournalQuestMapPin	Mappins.QuestStaticMappinDefinition		
mappin	-419.736	727.178	46.816	quests/main_quest/prologue/q001_intro/ride_to_mb/03b_fight_off_scavs/q001_spwn_scavs_chase_car	gameJournalQuestMapPin	Mappins.QuestDynamicMappinDefinition		
mappin	-1380.901	1262.17	124.844	quests/main_quest/prologue/q001_intro/ride_to_mb/05a_stash/stash_mp	gameJournalQuestMapPin	Mappins.QuestStaticMappinDefinition		
mappin	-1382.944	1266.386	124.613	quests/main_quest/prologue/q001_intro/ride_to_mb/05a_stash/stash_terminal_mp	gameJournalQuestMapPin	Mappins.QuestStaticMappinDefinition		
mappin	-438.298	414.024	24.403	quests/main_quest/prologue/q001_intro/premission0/03_enter_the_elevator/q000_vr_mp_scav_elevator	gameJournalQuestMapPin	Mappins.QuestStaticMappinDefinition		
mappin	-439.616	413.656	24.739	quests/main_quest/prologue/q001_intro/premission0/03_enter_the_elevator/q000_vr_tbug_hack	gameJournalQuestMapPin	Mappins.QuestStaticMappinDefinition		
mappin	-1676.047	1181.174	17.103	quests/main_quest/prologue/q001_02_dex/dex/go_to_dex/dex	gameJournalQuestMapPin	Mappins.QuestDynamicMappinDefinition		
mappin	-1676.047	1181.174	17.103	quests/main_quest/prologue/q001_02_dex/dex/enter_dex_car/limo_door_mp	gameJournalQuestMapPin	Mappins.QuestDynamicMappinDefinition		
mappin	-1380.901	1262.17	124.844	quests/main_quest/prologue/q001_01_victor/megabuilding/05a_stash/stash_mp	gameJournalQuestMapPin	Mappins.QuestStaticMappinDefinition		
mappin	-1543.519	1198.045	15.877	quests/main_quest/prologue/q001_01_victor/ripperdoc/go_to_ripperdoc/chakra	gameJournalQuestMapPin	Mappins.QuestStaticMappinDefinition		
mappin	-1546.581	1234.838	12.214	quests/main_quest/prologue/q001_01_victor/ripperdoc/sit_chair/chair	gameJournalQuestMapPin	Mappins.QuestStaticMappinDefinition		
mappin	-1568.788	1228.006	17.64	quests/main_quest/prologue/q001_01_victor/ripperdoc/go_to_rd_by_car/by_car_mp	gameJournalQuestMapPin	Mappins.QuestStaticMappinDefinition		
mappin	-1730.643	-1245.177	22.112	quests/main_quest/prologue/q004_braindance/tutorial/scan_gun/pistol	gameJournalQuestMapPin	Mappins.QuestDynamicMappinDefinition		
mappin	-1725.286	-1236.352	23.752	quests/main_quest/prologue/q004_braindance/tutorial/eavesdrop/sound_clue_01	gameJournalQuestMapPin	Mappins.QuestStaticMappinDefinition		
mappin	-1721.581	-1242.444	23.183	quests/main_quest/prologue/q004_braindance/tutorial/eavesdrop/sound_clue_02	gameJournalQuestMapPin	Mappins.QuestStaticMappinDefinition		
mappin	-1730.643	-1245.177	22.112	quests/main_quest/prologue/q004_braindance/tutorial/scan_npc/client_injured	gameJournalQuestMapPin	Mappins.QuestDynamicMappinDefinition		
mappin	-1728.808	-1248.255	23.375	quests/main_quest/prologue/q004_braindance/tutorial/scan_cctv_screen/cctv	gameJournalQuestMapPin	Mappins.QuestStaticMappinDefinition		
mappin	-1730.643	-1245.177	22.112	quests/main_quest/prologue/q004_braindance/tutorial/scan_ganger/ganger	gameJournalQuestMapPin	Mappins.QuestDynamicMappinDefinition		
mappin	-1717.477	-1230.479	22.147	quests/main_quest/prologue/q004_braindance/tutorial/approach_bubble/bubble_mappin	gameJournalQuestMapPin	Mappins.QuestStaticMappinDefinition		
mappin	-1730.643	-1245.177	22.112	quests/main_quest/prologue/q004_braindance/tutorial/approach_robbers/thug_01	gameJournalQuestMapPin	Mappins.QuestDynamicMappinDefinition		
mappin	-1200.988	1562.313	24.24	quests/main_quest/prologue/q004_braindance/evelyn/go_to_nightclub/entrance	gameJournalQuestMapPin	Mappins.QuestStaticMappinDefinition		
mappin	-1190.467	1566.953	24.236	quests/main_quest/prologue/q004_braindance/evelyn/go_to_nightclub/entrance_2	gameJournalQuestMapPin	Mappins.QuestStaticMappinDefinition		
mappin	-1172.416	1571.363	23.915	quests/main_quest/prologue/q004_braindance/evelyn/find_evelyn/barstool	gameJournalQuestMapPin	Mappins.QuestStaticMappinDefinition		
mappin	-1165.183	1568.718	22.915	quests/main_quest/prologue/q004_braindance/evelyn/follow_evelyn/vip_room	gameJournalQuestMapPin	Mappins.QuestStaticMappinDefinition		
mappin	-1165.302	1578.282	19.815	quests/main_quest/prologue/q004_braindance/evelyn/use_editor/editor	gameJournalQuestMapPin	Mappins.QuestStaticMappinDefinition		
mappin	-1162.924	1569.577	23.666	quests/main_quest/prologue/q004_braindance/evelyn/sit_couch/seat	gameJournalQuestMapPin	Mappins.QuestStaticMappinDefinition		
mappin	-1194.665	1563.541	17.735	quests/main_quest/prologue/q004_braindance/evelyn/talk_bouncers/bouncer_1	gameJournalQuestMapPin	Mappins.QuestDynamicMappinDefinition		
mappin	-1165.183	1568.718	22.915	quests/main_quest/prologue/q004_braindance/evelyn/enter_vip_room/vip_room	gameJournalQuestMapPin	Mappins.QuestStaticMappinDefinition		
mappin	-2215.419	1760.742	308.078	quests/main_quest/prologue/q004_braindance/braindance/02_find_documents/yorinobu_hand_left	gameJournalQuestMapPin	Mappins.QuestDynamicMappinDefinition		
mappin	-2215.419	1760.742	308.078	quests/main_quest/prologue/q004_braindance/braindance/02_find_documents/pda	gameJournalQuestMapPin	Mappins.QuestDynamicMappinDefinition		
mappin	-2218.679	1758.309	307.6	quests/main_quest/prologue/q004_braindance/braindance/03_use_thermal_vision/penthouse_area	gameJournalQuestMapPin	Mappins.QuestStaticMappinDefinition		
mappin	-1175.917	1585.971	18.915	quests/main_quest/prologue/q004_braindance/finale/exit_judy_workshop/workshop_door	gameJournalQuestMapPin	Mappins.QuestStaticMappinDefinition		
mappin	-1249.808	-1006.223	13.107	quests/main_quest/prologue/q000_street_kid/01_new_job/01_meet_your_fixer/stais	gameJournalQuestMapPin	Mappins.QuestStaticMappinDefinition		
mappin	-1268.669	-989.391	16.649	quests/main_quest/prologue/q000_street_kid/01_new_job/03_sit_down/chair	gameJournalQuestMapPin	Mappins.QuestStaticMappinDefinition		
mappin	-1236.897	-1003.674	12.617	quests/main_quest/prologue/q000_street_kid/01_new_job/05_leave_coyote/bar_exit	gameJournalQuestMapPin	Mappins.QuestStaticMappinDefinition		
mappin	-1286.992	-1011.173	13.407	quests/main_quest/prologue/q000_street_kid/01_new_job/07_get_inside_the_car/exit	gameJournalQuestMapPin	Mappins.QuestStaticMappinDefinition		
mappin	-1299.46	-1006.058	13.567	quests/main_quest/prologue/q000_street_kid/01_new_job/05a_get_to_the_street/street	gameJournalQuestMapPin	Mappins.QuestStaticMappinDefinition		
mappin	-1826.442	-558.232	8.677	quests/main_quest/prologue/q000_street_kid/01_new_job/10_go_inside_elevator/elevator	gameJournalQuestMapPin	Mappins.QuestStaticMappinDefinition		
mappin	-1826.442	-558.232	8.677	quests/main_quest/prologue/q000_street_kid/01_new_job/10_go_inside_elevator/terminal	gameJournalQuestMapPin	Mappins.QuestStaticMappinDefinition		
mappin	-1840.725	-528.099	-3.398	quests/main_quest/prologue/q000_street_kid/01_new_job/10_go_inside_elevator/entrance	gameJournalQuestMapPin	Mappins.QuestStaticMappinDefinition		
mappin	-1840.725	-528.099	-3.398	quests/main_quest/prologue/q000_street_kid/02_steal_car/01_find_garage_entrance/entrance	gameJournalQuestMapPin	Mappins.QuestStaticMappinDefinition		
mappin	-1843.232	-495.248	-5.801	quests/main_quest/prologue/q000_street_kid/02_steal_car/03_find_the_car/parking_area	gameJournalQuestMapPin	Mappins.QuestStaticMappinDefinition		
mappin	-1859.551	-471.338	-4.982	quests/main_quest/prologue/q000_street_kid/02_steal_car/04_connect/corporate_car	gameJournalQuestMapPin	Mappins.QuestStaticMappinDefinition		
mappin	-1853.551	-465.103	-5.701	quests/main_quest/prologue/q000_street_kid/02_steal_car/02_talk_with_guard/guard	gameJournalQuestMapPin	Mappins.QuestDynamicMappinDefinition		
mappin	-1859.551	-471.338	-4.982	quests/main_quest/prologue/q000_street_kid/02_steal_car/05_get_into_the_car/corporate_car	gameJournalQuestMapPin	Mappins.QuestStaticMappinDefinition		
mappin	-808.118	1975.647	30.824	quests/main_quest/prologue/q003_maelstrom/militech/02_meet_militech/meeting_point	gameJournalQuestMapPin	Mappins.QuestStaticMappinDefinition		
mappin	-814.314	1969.178	30.375	quests/main_quest/prologue/q003_maelstrom/militech/02_meet_militech2/couch	gameJournalQuestMapPin	Mappins.QuestStaticMappinDefinition		
mappin	-769.763	2203.538	52.384	quests/main_quest/prologue/q003_maelstrom/maelstrom_deal/03_go_to_intercom/intercom	gameJournalQuestMapPin	Mappins.QuestStaticMappinDefinition		
mappin	-769.763	2203.538	52.384	quests/main_quest/prologue/q003_maelstrom/maelstrom_deal/03_go_to_intercom1/intercom	gameJournalQuestMapPin	Mappins.QuestStaticMappinDefinition		
mappin	-863.786	2221.255	55.915	quests/main_quest/prologue/q003_maelstrom/maelstrom_deal/06_go_to_elevator/intercom	gameJournalQuestMapPin	Mappins.QuestStaticMappinDefinition		
mappin	-867.7	2216.466	61.638	quests/main_quest/prologue/q003_maelstrom/maelstrom_deal/07_get_to_meeting/intercom	gameJournalQuestMapPin	Mappins.QuestStaticMappinDefinition		
mappin	-868.507	2211.964	60.567	quests/main_quest/prologue/q003_maelstrom/maelstrom_deal/10_kill_deal/01_kill	gameJournalQuestMapPin	Mappins.QuestStaticMappinDefinition		
mappin	-791.932	2207.521	52.518	quests/main_quest/prologue/q003_maelstrom/maelstrom_deal/10_kill_deal/intercom1	gameJournalQuestMapPin	Mappins.QuestDynamicMappinDefinition		
mappin	-791.932	2207.521	52.518	quests/main_quest/prologue/q003_maelstrom/maelstrom_deal/10_kill_deal/intercom2	gameJournalQuestMapPin	Mappins.QuestDynamicMappinDefinition		
mappin	-791.932	2207.521	52.518	quests/main_quest/prologue/q003_maelstrom/maelstrom_deal/10_kill_deal/intercom3	gameJournalQuestMapPin	Mappins.QuestDynamicMappinDefinition		
mappin	-867.27	2211.167	61.356	quests/main_quest/prologue/q003_maelstrom/maelstrom_deal/12_get_raven/jackie	gameJournalQuestMapPin	Mappins.QuestStaticMappinDefinition		
mappin	-869.813	2197.591	61.863	quests/main_quest/prologue/q003_maelstrom/maelstrom_deal/12_get_raven/jackie1	gameJournalQuestMapPin	Mappins.QuestStaticMappinDefinition		
mappin	-850.648	2234.414	54.34	quests/main_quest/prologue/q003_maelstrom/maelstrom_deal/17_survive_main_hall/royce	gameJournalQuestMapPin	Mappins.QuestStaticMappinDefinition		
mappin	-820.261	2196.47	52.103	quests/main_quest/prologue/q003_maelstrom/maelstrom_deal/17_survive_main_hall/royce1	gameJournalQuestMapPin	Mappins.QuestStaticMappinDefinition		
mappin	-863.786	2221.255	55.915	quests/main_quest/prologue/q003_maelstrom/maelstrom_deal/06_go_to_elevator1/intercom	gameJournalQuestMapPin	Mappins.QuestStaticMappinDefinition		
mappin	-867.7	2216.466	61.638	quests/main_quest/prologue/q003_maelstrom/maelstrom_deal/07_get_to_meeting1/intercom	gameJournalQuestMapPin	Mappins.QuestStaticMappinDefinition		
mappin	-856.355	2229.063	55.915	quests/main_quest/prologue/q003_maelstrom/maelstrom_deal/06_go_to_elevator2/intercom	gameJournalQuestMapPin	Mappins.QuestStaticMappinDefinition		
mappin	-865.992	2212.117	61.431	quests/main_quest/prologue/q003_maelstrom/maelstrom_deal/08_make_deal1/couch	gameJournalQuestMapPin	Mappins.QuestStaticMappinDefinition		
mappin	-738.841	2159.794	53.738	quests/main_quest/prologue/q003_maelstrom/maelstrom_deal/00_wait_jackie/wait	gameJournalQuestMapPin	Mappins.QuestStaticMappinDefinition		
mappin	-769.763	2203.538	52.384	quests/main_quest/prologue/q003_maelstrom/maelstrom_deal/04a_talk_through_intercom/intercom	gameJournalQuestMapPin	Mappins.QuestStaticMappinDefinition		
mappin	-863.786	2221.255	55.915	quests/main_quest/prologue/q003_maelstrom/maelstrom_deal/06_go_to_elevator3/intercom	gameJournalQuestMapPin	Mappins.QuestStaticMappinDefinition		
mappin	-887.982	2210.297	69.24	quests/main_quest/prologue/q003_maelstrom/03_escape/01_leave_office/escape1	gameJournalQuestMapPin	Mappins.QuestStaticMappinDefinition		
mappin	-889.707	2210.907	69.285	quests/main_quest/prologue/q003_maelstrom/03_escape/02_turn_on_conveyor/conveyor	gameJournalQuestMapPin	Mappins.QuestStaticMappinDefinition		
mappin	-884.678	2225.132	61.831	quests/main_quest/prologue/q003_maelstrom/03_escape/03_escape_allfoods/01_pre_lab	gameJournalQuestMapPin	Mappins.QuestStaticMappinDefinition		
mappin	-853.961	2259.502	57.112	quests/main_quest/prologue/q003_maelstrom/03_escape/03_escape_allfoods/02_transition	gameJournalQuestMapPin	Mappins.QuestStaticMappinDefinition		
mappin	-812.416	2195.435	54.236	quests/main_quest/prologue/q003_maelstrom/03_escape/03_escape_allfoods/03_garage	gameJournalQuestMapPin	Mappins.QuestStaticMappinDefinition		
mappin	-783.92	2186.461	53.697	quests/main_quest/prologue/q003_maelstrom/03_escape/03_escape_allfoods/04_exit	gameJournalQuestMapPin	Mappins.QuestStaticMappinDefinition		
mappin	-832.422	2211.787	61.073	quests/main_quest/prologue/q003_maelstrom/03_escape/03_escape_allfoods/02_transition1	gameJournalQuestMapPin	Mappins.QuestStaticMappinDefinition		
mappin	-820.261	2196.47	52.103	quests/main_quest/prologue/q003_maelstrom/03_escape/04_kill_royce/royce	gameJournalQuestMapPin	Mappins.QuestStaticMappinDefinition		
mappin	-791.932	2207.521	52.518	quests/main_quest/prologue/q003_maelstrom/03_escape/04_kill_royce/intercom	gameJournalQuestMapPin	Mappins.QuestDynamicMappinDefinition		
mappin	-761.117	2165.389	53.534	quests/main_quest/prologue/q003_maelstrom/03_escape/05_leave_allfoods/royce	gameJournalQuestMapPin	Mappins.QuestStaticMappinDefinition		
mappin	-765.497	2163.55	53.534	quests/main_quest/prologue/q003_maelstrom/03_escape/05_leave_allfoods/royce1	gameJournalQuestMapPin	Mappins.QuestStaticMappinDefinition		
mappin	-869.813	2197.591	61.863	quests/main_quest/prologue/q003_maelstrom/03_escape/finish1/jackie	gameJournalQuestMapPin	Mappins.QuestStaticMappinDefinition		
mappin	-874.882	2265.783	55.533	quests/main_quest/prologue/q003_maelstrom/03_escape/14_save_brick/brick	gameJournalQuestMapPin	Mappins.QuestStaticMappinDefinition		
mappin	-874.882	2265.783	55.533	quests/main_quest/prologue/q003_maelstrom/03_escape/15_talk_to_brick1/brick	gameJournalQuestMapPin	Mappins.QuestStaticMappinDefinition		
mappin	-876.235	2265.387	59.308	quests/main_quest/prologue/q003_maelstrom/03_escape/14_save_brick1/conveyor	gameJournalQuestMapPin	Mappins.QuestStaticMappinDefinition		
mappin	-873.058	2267.938	58.86	quests/main_quest/prologue/q003_maelstrom/03_escape/15_talk_to_brick5/brick	gameJournalQuestMapPin	Mappins.QuestStaticMappinDefinition		
mappin	-868.506	2211.964	60.561	quests/main_quest/prologue/q003_maelstrom/03_escape/10_find_flathead/01_kill	gameJournalQuestMapPin	Mappins.QuestStaticMappinDefinition		
mappin	-820.261	2196.47	52.103	quests/main_quest/prologue/q003_maelstrom/03_escape/19_defeat_militech/royce	gameJournalQuestMapPin	Mappins.QuestStaticMappinDefinition		
mappin	-761.117	2165.389	53.534	quests/main_quest/prologue/q003_maelstrom/03_escape/04b_sneak_past_royce/royce	gameJournalQuestMapPin	Mappins.QuestStaticMappinDefinition		
mappin	-392.349	420.406	-213.001	quests/main_quest/prologue/q000_tutorial/q000_tutorial/q000_02_complete_courses/q000_vr_tutorial_selection_button_001	gameJournalQuestMapPin	Mappins.QuestStaticMappinDefinition		
mappin	-395.571	427.884	-213.001	quests/main_quest/prologue/q000_tutorial/q000_tutorial/q000_02_complete_courses/q000_vr_tutorial_selection_button_002	gameJournalQuestMapPin	Mappins.QuestStaticMappinDefinition		
mappin	-392.374	424.582	-213.001	quests/main_quest/prologue/q000_tutorial/q000_tutorial/q000_02_complete_courses/q000_vr_tutorial_selection_button_003	gameJournalQuestMapPin	Mappins.QuestStaticMappinDefinition		
mappin	-395.512	417.462	-213.001	quests/main_quest/prologue/q000_tutorial/q000_tutorial/q000_02_complete_courses/q000_vr_tutorial_selection_button_004	gameJournalQuestMapPin	Mappins.QuestStaticMappinDefinition		
mappin	-434.233	422.567	-213.623	quests/main_quest/prologue/q000_tutorial/q000_tutorial/q000_03_exit_opt/q000_vr_mp_sim_exit	gameJournalQuestMapPin	Mappins.QuestStaticMappinDefinition		
mappin	-434.233	422.567	-213.623	quests/main_quest/prologue/q000_tutorial/q000_tutorial/q000_03_exit/q000_vr_mp_sim_exit	gameJournalQuestMapPin	Mappins.QuestStaticMappinDefinition		
mappin	-516.825	347.714	-216.434	quests/main_quest/prologue/q000_tutorial/q000_course_01/01_approach_the_window/q000_vr_mp_course_01_patrol_room_window	gameJournalQuestMapPin	Mappins.QuestStaticMappinDefinition		
mappin	-512.006	357.142	-220.484	quests/main_quest/prologue/q000_tutorial/q000_course_01/03_enter_the_room/q000_vr_mp_course_01_patrol_room_entrance	gameJournalQuestMapPin	Mappins.QuestStaticMappinDefinition		
mappin	-518.065	370.398	-219.645	quests/main_quest/prologue/q000_tutorial/q000_course_01/04_reach_exit_of_the_room/q000_vr_mp_course_01_patrol_room_exit	gameJournalQuestMapPin	Mappins.QuestStaticMappinDefinition		
mappin	-528.803	372.374	-218.499	quests/main_quest/prologue/q000_tutorial/q000_course_01/05_enter_next_area/q000_vr_mp_course_01_camera_room_entrance	gameJournalQuestMapPin	Mappins.QuestStaticMappinDefinition		
mappin	-516.388	386.366	-216.862	quests/main_quest/prologue/q000_tutorial/q000_course_01/06_tag_the_camera/q000_vr_dvc_course_01_camera	gameJournalQuestMapPin	Mappins.QuestStaticMappinDefinition		
mappin	-508.494	375.241	-218.796	quests/main_quest/prologue/q000_tutorial/q000_course_01/07_reach_exit_of_the_room/q000_vr_mp_course_01_room_02_exit_stairs	gameJournalQuestMapPin	Mappins.QuestStaticMappinDefinition		
mappin	-503.571	366.111	-216.749	quests/main_quest/prologue/q000_tutorial/q000_course_01/07_reach_exit_of_the_room/q000_vr_mp_course_01_end	gameJournalQuestMapPin	Mappins.QuestStaticMappinDefinition		
mappin	-526.229	382.961	-218.254	quests/main_quest/prologue/q000_tutorial/q000_course_01/07_reach_exit_of_the_room/q000_vr_mp_course_01_camera_room_entrance	gameJournalQuestMapPin	Mappins.QuestStaticMappinDefinition		
mappin	-509.468	352.922	-221.364	quests/main_quest/prologue/q000_tutorial/q000_course_01/03b_hide_from_guard/q000_vr_mp_course_01_room_cover	gameJournalQuestMapPin	Mappins.QuestStaticMappinDefinition		
mappin	-503.509	361	-218	quests/main_quest/prologue/q000_tutorial/q000_course_01/08_step_into_exit/q000_vr_course_01_ending_pad	gameJournalQuestMapPin	Mappins.QuestStaticMappinDefinition		
mappin	-420.505	278.255	-218.88	quests/main_quest/prologue/q000_tutorial/q000_course_02/01a_pick_weapon/pistol	gameJournalQuestMapPin	Mappins.QuestStaticMappinDefinition		
mappin	-420.499	278.251	-218.88	quests/main_quest/prologue/q000_tutorial/q000_course_02/01a_pick_weapon/rifle	gameJournalQuestMapPin	Mappins.QuestStaticMappinDefinition		
mappin	-423.386	288.348	-220.694	quests/main_quest/prologue/q000_tutorial/q000_course_02/01aa_hit_targets/q000_vr_tutorial_shooting_target_001	gameJournalQuestMapPin	Mappins.QuestEntityMappinDefinition		
mappin	-420.733	298.501	-220.077	quests/main_quest/prologue/q000_tutorial/q000_course_02/01aa_hit_targets/q000_vr_tutorial_shooting_target_002	gameJournalQuestMapPin	Mappins.QuestEntityMappinDefinition		
mappin	-414.856	292.78	-221.153	quests/main_quest/prologue/q000_tutorial/q000_course_02/01aa_hit_targets/q000_vr_tutorial_shooting_target_003	gameJournalQuestMapPin	Mappins.QuestEntityMappinDefinition		
mappin	-420.441	290.275	-219.735	quests/main_quest/prologue/q000_tutorial/q000_course_02/02a_enter_arena/q000_vr_mp_course_02_arena	gameJournalQuestMapPin	Mappins.QuestStaticMappinDefinition		
mappin	-420.717	278.188	-218.889	quests/main_quest/prologue/q000_tutorial/q000_course_02/01c_pick_up_reanimator/q000_vr_course_02_loot_token_reanimator	gameJournalQuestMapPin	Mappins.QuestStaticMappinDefinition		
mappin	-420.519	298.7	-221	quests/main_quest/prologue/q000_tutorial/q000_course_02/03_step_into_exit/pad_01	gameJournalQuestMapPin	Mappins.QuestStaticMappinDefinition		
mappin	-420.488	289.3	-221	quests/main_quest/prologue/q000_tutorial/q000_course_02/03_step_into_exit/pad_02	gameJournalQuestMapPin	Mappins.QuestStaticMappinDefinition		
mappin	-319.5	350	-217.1	quests/main_quest/prologue/q000_tutorial/q000_course_03/01_scan_the_tv/tv	gameJournalQuestMapPin	Mappins.QuestStaticMappinDefinition		
mappin	-319.456	351.317	-219.073	quests/main_quest/prologue/q000_tutorial/q000_course_03/02_use_tv_to_distract/tv	gameJournalQuestMapPin	Mappins.QuestStaticMappinDefinition		
mappin	-319.468	333.359	-217.222	quests/main_quest/prologue/q000_tutorial/q000_course_03/01a_enter_the_room/q000_vr_mp_course_03_hacking_room	gameJournalQuestMapPin	Mappins.QuestStaticMappinDefinition		
mappin	-319.468	333.359	-217.222	quests/main_quest/prologue/q000_tutorial/q000_course_03/01a_enter_the_room1/q000_vr_mp_course_03_hacking_room	gameJournalQuestMapPin	Mappins.QuestStaticMappinDefinition		
mappin	-324.653	349.385	-218.637	quests/main_quest/prologue/q000_tutorial/q000_course_03/03c_hide_body/q000_vr_mp_first_body_container	gameJournalQuestMapPin	Mappins.QuestStaticMappinDefinition		
mappin	-319.467	346.97	-219.985	quests/main_quest/prologue/q000_tutorial/q000_course_03/07_enter_exit_pad/exit_pad	gameJournalQuestMapPin	Mappins.QuestStaticMappinDefinition		
mappin	-319.531	329.8	-219	quests/main_quest/prologue/q000_tutorial/q000_course_03/07_enter_exit_pad/exit_pad_002	gameJournalQuestMapPin	Mappins.QuestStaticMappinDefinition		
mappin	-319.5	350	-215.5	quests/main_quest/prologue/q000_tutorial/q000_course_03/04aa_take_over_camera/q000_vr_mp_course_03_stage_02_camera	gameJournalQuestMapPin	Mappins.QuestStaticMappinDefinition		
mappin	-319.468	333.359	-217.222	quests/main_quest/prologue/q000_tutorial/q000_course_03/00a_enter_the_room/q000_vr_mp_course_03_hacking_room	gameJournalQuestMapPin	Mappins.QuestStaticMappinDefinition		
mappin	-320.154	339.535	-219.739	quests/main_quest/prologue/q000_tutorial/q000_course_03/00b_scan_all_targets/q000_vr_mp_course_03_stage_00_laptop	gameJournalQuestMapPin	Mappins.QuestStaticMappinDefinition		
mappin	-316.649	339.535	-216.983	quests/main_quest/prologue/q000_tutorial/q000_course_03/00b_scan_all_targets/q000_vr_mp_course_03_stage_00_camera	gameJournalQuestMapPin	Mappins.QuestStaticMappinDefinition		
mappin	-315.386	338.535	-217.934	quests/main_quest/prologue/q000_tutorial/q000_course_03/00b_scan_all_targets/q000_vr_mp_course_03_stage_00_server	gameJournalQuestMapPin	Mappins.QuestStaticMappinDefinition		
mappin	-319.076	333.211	-216.678	quests/main_quest/prologue/q000_tutorial/q000_course_03/08_connect_to_ap/q000_vr_mp_course_03_hacking_room	gameJournalQuestMapPin	Mappins.QuestStaticMappinDefinition		
mappin	-244.52	341.59	-221	quests/main_quest/prologue/q000_tutorial/q000_course_04/01_enter_the_arena/q000_vr_mp_course_04_arena	gameJournalQuestMapPin	Mappins.QuestStaticMappinDefinition		
mappin	-244.517	336.356	-220.559	quests/main_quest/prologue/q000_tutorial/q000_course_04/03_pick_up_katana/q000_vr_course_04_loot_katana	gameJournalQuestMapPin	Mappins.QuestStaticMappinDefinition		
mappin	-244.497	335.3	-221	quests/main_quest/prologue/q000_tutorial/q000_course_04/06_enter_exit_pad/pad_01	gameJournalQuestMapPin	Mappins.QuestStaticMappinDefinition		
mappin	-244.512	345	-221	quests/main_quest/prologue/q000_tutorial/q000_course_04/06_enter_exit_pad/pad_02	gameJournalQuestMapPin	Mappins.QuestStaticMappinDefinition		
mappin	-244.52	338.482	-221	quests/main_quest/prologue/q000_tutorial/q000_course_04/05a_step_into_arena/q000_vr_mp_course_04_arena_final_fight	gameJournalQuestMapPin	Mappins.QuestStaticMappinDefinition		
mappin	-1438.906	211.677	16.346	quests/main_quest/prologue/q000_corpo/lobby/03a_talk_friend/corpo_friend	gameJournalQuestMapPin	Mappins.QuestDynamicMappinDefinition		
mappin	-1476.39	227.2	17.74	quests/main_quest/prologue/q000_corpo/lobby/00_leave_the_toilet/q000_corpo_mp_toilet_door	gameJournalQuestMapPin	Mappins.QuestStaticMappinDefinition		
mappin	-1408.681	128.514	142.817	quests/main_quest/prologue/q000_corpo/office/01_to_desk/q000_corpo_mp_vs_desk_mappin	gameJournalQuestMapPin	Mappins.QuestStaticMappinDefinition		
mappin	-1415.557	110.178	143.446	quests/main_quest/prologue/q000_corpo/office/02_to_jenkins_office/q000_corpo_tr_jenkins_office	gameJournalQuestMapPin	Mappins.QuestStaticMappinDefinition		
mappin	-1441.404	163.165	139.339	quests/main_quest/prologue/q000_corpo/office/02_to_jenkins_office/jenkins	gameJournalQuestMapPin	Mappins.QuestDynamicMappinDefinition		
mappin	-1437.392	183.886	16.826	quests/main_quest/prologue/q000_corpo/office/02_to_jenkins_office/q000_corpo_tr_elevators	gameJournalQuestMapPin	Mappins.QuestStaticMappinDefinition		
mappin	-1415.055	122.336	143.198	quests/main_quest/prologue/q000_corpo/office/02_to_jenkins_office/q000_corpo_mp_jenkins_office_outer_door	gameJournalQuestMapPin	Mappins.QuestStaticMappinDefinition		
mappin	-1441.404	163.165	139.339	quests/main_quest/prologue/q000_corpo/office/03_talk_jenkins/jenkins	gameJournalQuestMapPin	Mappins.QuestDynamicMappinDefinition		
mappin	-1405.498	93.402	141.694	quests/main_quest/prologue/q000_corpo/office/05_take_shard/q000_corpo_mp_jenkins_table	gameJournalQuestMapPin	Mappins.QuestStaticMappinDefinition		
mappin	-1415.055	120.349	143.198	quests/main_quest/prologue/q000_corpo/office/05b_leave_the_office/q000_corpo_mp_jenkins_office_door	gameJournalQuestMapPin	Mappins.QuestStaticMappinDefinition		
mappin	-1405.442	93.604	141.733	quests/main_quest/prologue/q000_corpo/office/05a_take_money/q000_corpo_mp_jenkins_table	gameJournalQuestMapPin	Mappins.QuestStaticMappinDefinition		
mappin	-1501.059	147.983	142.514	quests/main_quest/prologue/q000_corpo/office/07_go_to_hangar/q000_corpo_mp_hangar	gameJournalQuestMapPin	Mappins.QuestStaticMappinDefinition		
mappin	-1490.342	143.654	143.262	quests/main_quest/prologue/q000_corpo/office/07_go_to_hangar/q000_corpo_mp_door_hangar	gameJournalQuestMapPin	Mappins.QuestStaticMappinDefinition		
mappin	-1201.905	1562.259	24.274	quests/main_quest/prologue/q000_corpo/office/10_fly_to_lizzies/q000_corpo_mp_lizzies_front_entrance	gameJournalQuestMapPin	Mappins.QuestStaticMappinDefinition		
mappin	-1416.703	98.345	142.448	quests/main_quest/prologue/q000_corpo/office/02b_sit_down/q000_corpo_jenkins_office_chair	gameJournalQuestMapPin	Mappins.QuestStaticMappinDefinition		
mappin	-1186.883	1592.103	32.176	quests/main_quest/prologue/q000_corpo/lizzies/01_meet_contact/entrance	gameJournalQuestMapPin	Mappins.QuestStaticMappinDefinition		
mappin	-1173.264	1554.573	23.967	quests/main_quest/prologue/q000_corpo/lizzies/02_give_shard/q000_corpo_lizzies_couch_sit_down	gameJournalQuestMapPin	Mappins.QuestStaticMappinDefinition		
mappin	-1198.603	1568.037	23.388	quests/main_quest/prologue/q000_corpo/lizzies/05_talk_corpo/q000_corpo_com_lizzies_club	gameJournalQuestMapPin	Mappins.QuestDynamicMappinDefinition		
mappin	-1198.603	1568.037	23.388	quests/main_quest/prologue/q000_corpo/lizzies/06_give_up_shard/q000_corpo_com_lizzies_club	gameJournalQuestMapPin	Mappins.QuestDynamicMappinDefinition		
mappin	-1186.883	1592.103	32.176	quests/main_quest/prologue/q000_corpo/lizzies/02_find_jackie/entrance	gameJournalQuestMapPin	Mappins.QuestStaticMappinDefinition		
mappin	-1198.603	1568.037	23.388	quests/main_quest/prologue/q000_corpo/lizzies/01c_talk_to_bouncer/bouncer	gameJournalQuestMapPin	Mappins.QuestDynamicMappinDefinition		
mappin	-3969.106	-6481.601	76.735	quests/main_quest/prologue/q000_nomad/01_roadhouse/02_fix_car_engine/q000_car_engine_interaction	gameJournalQuestMapPin	Mappins.QuestStaticMappinDefinition		
mappin	-3969.797	-6487.181	77.559	quests/main_quest/prologue/q000_nomad/01_roadhouse/06_leave_the_garage/q000_nomad_mp_exit_garage	gameJournalQuestMapPin	Mappins.QuestStaticMappinDefinition		
mappin	-4087.945	-6626.464	89.235	quests/main_quest/prologue/q000_nomad/01_roadhouse/07_go_to_radio_tower/q000_nomad_mp_radio_tower_area	gameJournalQuestMapPin	Mappins.QuestStaticMappinDefinition		
mappin	-4073.781	-6639.714	111.677	quests/main_quest/prologue/q000_nomad/01_roadhouse/08_climb_the_tower/q000_nomad_mp_radio_tower_top	gameJournalQuestMapPin	Mappins.QuestStaticMappinDefinition		
mappin	-4073.78	-6639.714	111.42	quests/main_quest/prologue/q000_nomad/01_roadhouse/09b_jack_in/q000_nomad_radio_tower_circut	gameJournalQuestMapPin	Mappins.QuestStaticMappinDefinition		
mappin	-3239.35	-6736.655	108.397	quests/main_quest/prologue/q000_nomad/02_meeting_jackie/01_drive_to_the_meeting_spot/q000_mp_protein_farm_meeting	gameJournalQuestMapPin	Mappins.QuestStaticMappinDefinition		
mappin	-3240.928	-6736.931	109.224	quests/main_quest/prologue/q000_nomad/02_meeting_jackie/06_open_trunk/q000_nomad_mp_jackie_trailor_car_trunk	gameJournalQuestMapPin	Mappins.QuestStaticMappinDefinition		
mappin	-3239.35	-6736.655	108.397	quests/main_quest/prologue/q000_nomad/02_meeting_jackie/05b_bring_around_the_car/trailor	gameJournalQuestMapPin	Mappins.QuestStaticMappinDefinition		
mappin	-2836.156	-5663.158	102.694	quests/main_quest/prologue/q000_nomad/03_border/01_drive_to_the_border/q000_nomad_mp_border_crossing	gameJournalQuestMapPin	Mappins.QuestStaticMappinDefinition		
mappin	-3287.792	-6811.927	109.863	quests/main_quest/prologue/q000_nomad/03_border/01_drive_to_the_border/q000_mp_to_border_access_road	gameJournalQuestMapPin	Mappins.QuestStaticMappinDefinition		
mappin	-3601.07	-6639.28	91.342	quests/main_quest/prologue/q000_nomad/03_border/01_drive_to_the_border/q000_mp_to_border_highway	gameJournalQuestMapPin	Mappins.QuestStaticMappinDefinition		
mappin	-2823.058	-5645.812	101.404	quests/main_quest/prologue/q000_nomad/03_border/02_enter_checkpoint/q000_nomad_mp_border_crossing_checkpoint	gameJournalQuestMapPin	Mappins.QuestStaticMappinDefinition		
mappin	-2805.469	-5668.235	101.92	quests/main_quest/prologue/q000_nomad/03_border/03c_go_to_office/q000_nomad_mp_border_office	gameJournalQuestMapPin	Mappins.QuestStaticMappinDefinition		
mappin	-2808.3	-5667.425	102.611	quests/main_quest/prologue/q000_nomad/03_border/03c_go_to_office/q000_nomad_mp_border_office_terminal	gameJournalQuestMapPin	Mappins.QuestStaticMappinDefinition		
mappin	-2822.05	-5674.795	105.961	quests/main_quest/prologue/q000_nomad/03_border/03e_talk_to_officer/officer	gameJournalQuestMapPin	Mappins.QuestDynamicMappinDefinition		
mappin	-2824.072	-5648.668	101.932	quests/main_quest/prologue/q000_nomad/03_border/04_get_back_to_car/jackie	gameJournalQuestMapPin	Mappins.QuestStaticMappinDefinition		
mappin	-2809.521	-5660.34	102.462	quests/main_quest/prologue/q000_nomad/03_border/03bb_enter_the_building/q000_nomad_mp_border_office_hall	gameJournalQuestMapPin	Mappins.QuestStaticMappinDefinition		
mappin	-2818.56	-5650.153	102.405	quests/main_quest/prologue/q000_nomad/03_border/03bb_enter_the_building/q000_nomad_mp_border_crossing_fance_gate	gameJournalQuestMapPin	Mappins.QuestStaticMappinDefinition		
mappin	-2810.192	-5662.871	102.219	quests/main_quest/prologue/q000_nomad/03_border/03bbb_leave_weapon/q000_nomad_mp_border_leave_weapon	gameJournalQuestMapPin	Mappins.QuestStaticMappinDefinition		
mappin	-2810.192	-5662.871	102.219	quests/main_quest/prologue/q000_nomad/03_border/03f_pick_up_weapon/q000_nomad_mp_border_leave_weapon	gameJournalQuestMapPin	Mappins.QuestStaticMappinDefinition		
mappin	-2227.323	1736.651	20	quests/main_quest/prologue/q005_heist/arasaka_undercover/check_in/receptionist	gameJournalQuestMapPin	Mappins.QuestDynamicMappinDefinition		
mappin	-2199.421	1776.341	164.357	quests/main_quest/prologue/q005_heist/arasaka_undercover/go_to_room/room_213	gameJournalQuestMapPin	Mappins.QuestStaticMappinDefinition		
mappin	-2229.139	1770.805	20.25	quests/main_quest/prologue/q005_heist/arasaka_undercover/go_to_room/lobby_elevators	gameJournalQuestMapPin	Mappins.QuestStaticMappinDefinition		
mappin	-2197.064	1777.444	164.628	quests/main_quest/prologue/q005_heist/arasaka_undercover/go_to_room/room_4203_terminal	gameJournalQuestMapPin	Mappins.QuestStaticMappinDefinition		
mappin	-2227.323	1736.651	20	quests/main_quest/prologue/q005_heist/arasaka_undercover/security_gate/sec_gate_guard	gameJournalQuestMapPin	Mappins.QuestDynamicMappinDefinition		
mappin	-2205.756	1784.603	163	quests/main_quest/prologue/q005_heist/arasaka_undercover/find_entry_point/rented_room	gameJournalQuestMapPin	Mappins.QuestStaticMappinDefinition		
mappin	-2171.059	1774.994	142.616	quests/main_quest/prologue/q005_heist/arasaka_undercover/hack_netrunner/netrunner_chair	gameJournalQuestMapPin	Mappins.QuestStaticMappinDefinition		
mappin	-2228.275	1769.301	307.999	quests/main_quest/prologue/q005_heist/arasaka_undercover/go_to_suite/penthouse_entrance	gameJournalQuestMapPin	Mappins.QuestStaticMappinDefinition		
mappin	-2227.323	1736.651	20	quests/main_quest/prologue/q005_heist/arasaka_undercover/talk_with_concierge/gate_guard	gameJournalQuestMapPin	Mappins.QuestDynamicMappinDefinition		
mappin	-2180.628	1767.805	148.833	quests/main_quest/prologue/q005_heist/arasaka_undercover/find_flathead_passage/node_room_cam	gameJournalQuestMapPin	Mappins.QuestStaticMappinDefinition		
mappin	-2186.251	1779.081	143.568	quests/main_quest/prologue/q005_heist/arasaka_undercover/open_grate_sec_room/grate_sec_room	gameJournalQuestMapPin	Mappins.QuestStaticMappinDefinition		
mappin	-2179.055	1778.702	143.658	quests/main_quest/prologue/q005_heist/arasaka_undercover/open_fake_door/fake_door	gameJournalQuestMapPin	Mappins.QuestStaticMappinDefinition		
mappin	-2175.256	1783.305	143.886	quests/main_quest/prologue/q005_heist/arasaka_undercover/connect_to_cctv/cctv_access_point	gameJournalQuestMapPin	Mappins.QuestStaticMappinDefinition		
mappin	-2207.118	1787.673	163.507	quests/main_quest/prologue/q005_heist/arasaka_undercover/sit_table/sit_interaction	gameJournalQuestMapPin	Mappins.QuestStaticMappinDefinition		
mappin	-2241.625	1714.586	20.113	quests/main_quest/prologue/q005_heist/arasaka_undercover/check_in_authentication/q005_authenticator_token	gameJournalQuestMapPin	Mappins.QuestStaticMappinDefinition		
mappin	-2228.021	1768.814	20.09	quests/main_quest/prologue/q005_heist/arasaka_undercover/goto_lobby_elevator/lobby_elevator_front	gameJournalQuestMapPin	Mappins.QuestStaticMappinDefinition		
mappin	-2227.997	1768.954	163.225	quests/main_quest/prologue/q005_heist/arasaka_undercover/take_elevator_to_42_floor/floor_42	gameJournalQuestMapPin	Mappins.QuestStaticMappinDefinition		
mappin	-2203.389	1765.653	19.546	quests/main_quest/prologue/q005_heist/arasaka_undercover/visit_hotel_bar/bar_area	gameJournalQuestMapPin	Mappins.QuestStaticMappinDefinition		
mappin	-2247.856	1711.201	19	quests/main_quest/prologue/q005_heist/arasaka_undercover/stand_inside_scanner/scanner	gameJournalQuestMapPin	Mappins.QuestStaticMappinDefinition		
mappin	-2228.112	1768.995	268.336	quests/main_quest/prologue/q005_heist/arasaka_escape/04_get_to_lobby/lobby	gameJournalQuestMapPin	Mappins.QuestStaticMappinDefinition		
mappin	-2188.736	1700.81	268.246	quests/main_quest/prologue/q005_heist/arasaka_escape/04_get_to_lobby/elevetor_2	gameJournalQuestMapPin	Mappins.QuestStaticMappinDefinition		
mappin	-2173.046	1774.547	268.336	quests/main_quest/prologue/q005_heist/arasaka_escape/04_get_to_lobby/lobby1	gameJournalQuestMapPin	Mappins.QuestStaticMappinDefinition		
mappin	-2158.256	1748.655	268.336	quests/main_quest/prologue/q005_heist/arasaka_escape/04_get_to_lobby/lobby2	gameJournalQuestMapPin	Mappins.QuestStaticMappinDefinition		
mappin	-2145.317	1738.285	268.336	quests/main_quest/prologue/q005_heist/arasaka_escape/04_get_to_lobby/lobby3	gameJournalQuestMapPin	Mappins.QuestStaticMappinDefinition		
mappin	-2168.981	1723.515	268.336	quests/main_quest/prologue/q005_heist/arasaka_escape/04_get_to_lobby/lobby4	gameJournalQuestMapPin	Mappins.QuestStaticMappinDefinition		
mappin	-2178.9	1740.968	268.336	quests/main_quest/prologue/q005_heist/arasaka_escape/04_get_to_lobby/lobby5	gameJournalQuestMapPin	Mappins.QuestStaticMappinDefinition		
mappin	-2189.447	1759.139	268.336	quests/main_quest/prologue/q005_heist/arasaka_escape/04_get_to_lobby/lobby6	gameJournalQuestMapPin	Mappins.QuestStaticMappinDefinition		
mappin	-2203.629	1769.288	268.336	quests/main_quest/prologue/q005_heist/arasaka_escape/04_get_to_lobby/lobby7	gameJournalQuestMapPin	Mappins.QuestStaticMappinDefinition		
mappin	-2248.325	1726.026	7.11	quests/main_quest/prologue/q005_heist/arasaka_escape/06_get_to_elevator/elevator_inside_cab	gameJournalQuestMapPin	Mappins.QuestStaticMappinDefinition		
mappin	-2185.732	1790.373	268	quests/main_quest/prologue/q005_heist/arasaka_escape/08_hide_before_guards/hide_mp	gameJournalQuestMapPin	Mappins.QuestStaticMappinDefinition		
mappin	-2170.02	1791.782	266.999	quests/main_quest/prologue/q005_heist/arasaka_escape/09_find_loot/loot_mp	gameJournalQuestMapPin	Mappins.QuestStaticMappinDefinition		
mappin	-2167.009	1794.005	269.164	quests/main_quest/prologue/q005_heist/arasaka_escape/11_take_care_of_guards/better_spot_mp	gameJournalQuestMapPin	Mappins.QuestStaticMappinDefinition		
mappin	-2227.618	1737.161	19	quests/main_quest/prologue/q005_heist/arasaka_escape/12_arasaka_officer/officer_mp	gameJournalQuestMapPin	Mappins.QuestDynamicMappinDefinition		
mappin	-2227.618	1737.161	19	quests/main_quest/prologue/q005_heist/arasaka_escape/13_kill_the_guards/arasaka_guards_mp	gameJournalQuestMapPin	Mappins.QuestDynamicMappinDefinition		
mappin	-2214.9	1746.133	308	quests/main_quest/prologue/q005_heist/arasaka_escape/00a_escape_penthouse/penthouse_window	gameJournalQuestMapPin	Mappins.QuestStaticMappinDefinition		
mappin	-2214.933	1746.194	309.47	quests/main_quest/prologue/q005_heist/arasaka_escape/00a_escape_penthouse/hack_on_window	gameJournalQuestMapPin	Mappins.QuestStaticMappinDefinition		
mappin	-2203.426	1764.896	312.049	quests/main_quest/prologue/q005_heist/arasaka_escape/00b_goto_landing_pad/landing_pad_exit	gameJournalQuestMapPin	Mappins.QuestStaticMappinDefinition		
mappin	-2216.857	1775.482	320.043	quests/main_quest/prologue/q005_heist/arasaka_escape/00b_goto_landing_pad/landing_pad_staircase_top	gameJournalQuestMapPin	Mappins.QuestStaticMappinDefinition		
mappin	-2222.452	1763.379	320	quests/main_quest/prologue/q005_heist/arasaka_escape/00c_defeat_rooftop_guards/av_guards	gameJournalQuestMapPin	Mappins.QuestDynamicMappinDefinition		
mappin	-2222.452	1763.379	320	quests/main_quest/prologue/q005_heist/arasaka_escape/00c_defeat_rooftop_guards/rooftop_guard_01	gameJournalQuestMapPin	Mappins.QuestDynamicMappinDefinition		
mappin	-2222.452	1763.379	320	quests/main_quest/prologue/q005_heist/arasaka_escape/00c_defeat_rooftop_guards/rooftop_guard_02	gameJournalQuestMapPin	Mappins.QuestDynamicMappinDefinition		
mappin	-2211.43	1763.339	321.055	quests/main_quest/prologue/q005_heist/arasaka_escape/00d_get_to_av/saburo_av	gameJournalQuestMapPin	Mappins.QuestDynamicMappinDefinition		
mappin	-2209.133	1778.308	309.089	quests/main_quest/prologue/q005_heist/arasaka_escape/01b_use_ladder/ladder	gameJournalQuestMapPin	Mappins.QuestStaticMappinDefinition		
mappin	-2203.426	1764.896	312.049	quests/main_quest/prologue/q005_heist/arasaka_escape/00f_return_to_penthouse/penthouse	gameJournalQuestMapPin	Mappins.QuestStaticMappinDefinition		
mappin	-2209.133	1778.308	309.089	quests/main_quest/prologue/q005_heist/arasaka_escape/00g_reach_ladder/ladder	gameJournalQuestMapPin	Mappins.QuestStaticMappinDefinition		
mappin	-2188.736	1700.81	268.246	quests/main_quest/prologue/q005_heist/arasaka_escape/15_enter_the_lobby/q005_mp_escape_elevator_to_lobby	gameJournalQuestMapPin	Mappins.QuestStaticMappinDefinition		
mappin	-2211.43	1763.339	321.055	quests/main_quest/prologue/q005_heist/arasaka_escape/00d_check_av/saburo_av	gameJournalQuestMapPin	Mappins.QuestDynamicMappinDefinition		
mappin	-2249.526	1726.108	20.171	quests/main_quest/prologue/q005_heist/arasaka_escape/16_reach_garage_elevator/elevator_area	gameJournalQuestMapPin	Mappins.QuestStaticMappinDefinition		
mappin	-2249.846	1728.474	19.068	quests/main_quest/prologue/q005_heist/arasaka_escape/17_wait_jackie_in_elevator/elevator_inside_cab	gameJournalQuestMapPin	Mappins.QuestStaticMappinDefinition		
mappin	-2188.736	1700.81	268.246	quests/main_quest/prologue/q005_heist/arasaka_escape/17_wait_jackie_in_elevator/mp_officer_elevator	gameJournalQuestMapPin	Mappins.QuestStaticMappinDefinition		
mappin	-2214.9	1746.133	308	quests/main_quest/prologue/q005_heist/arasaka_escape/00h_goto_window/penthouse_window	gameJournalQuestMapPin	Mappins.QuestStaticMappinDefinition		
mappin	-2214.933	1746.194	309.47	quests/main_quest/prologue/q005_heist/arasaka_escape/00h_goto_window/hack_on_window	gameJournalQuestMapPin	Mappins.QuestStaticMappinDefinition		
mappin	-1484.314	1048.12	23.661	quests/main_quest/prologue/q005_heist/cab_ride/get_in_delamain/q005_mp_afterlife_get_into_delamain	gameJournalQuestMapPin	Mappins.QuestStaticMappinDefinition		
mappin	-1439.613	978.909	17.36	quests/main_quest/prologue/q005_heist/cab_ride/loot_disguise/suit	gameJournalQuestMapPin	Mappins.QuestStaticMappinDefinition		
mappin	-1127.432	1321.62	29.289	quests/main_quest/prologue/q005_heist/return/room/room_mp	gameJournalQuestMapPin	Mappins.QuestStaticMappinDefinition		
mappin	-1160.859	1309.178	21.135	quests/main_quest/prologue/q005_heist/return/room/no_tell_door	gameJournalQuestMapPin	Mappins.QuestStaticMappinDefinition		
mappin	-1133.252	1328.031	29.413	quests/main_quest/prologue/q005_heist/return/exit_toilet/toilet_door	gameJournalQuestMapPin	Mappins.QuestStaticMappinDefinition		
mappin	-1135.259	1327.265	29.695	quests/main_quest/prologue/q005_heist/return/prepare/mirror	gameJournalQuestMapPin	Mappins.QuestStaticMappinDefinition		
mappin	-1133.252	1328.031	29.413	quests/main_quest/prologue/q005_heist/return/go_to_bathroom/bathroom_door	gameJournalQuestMapPin	Mappins.QuestStaticMappinDefinition		
mappin	-1465.155	1046.971	22.759	quests/main_quest/prologue/q005_heist/the_plan/goto_meeting_location/afterlife_entrance	gameJournalQuestMapPin	Mappins.QuestStaticMappinDefinition		
mappin	-1439.295	977.576	16.849	quests/main_quest/prologue/q005_heist/the_plan/participate_briefing/dex_lounge	gameJournalQuestMapPin	Mappins.QuestStaticMappinDefinition		
mappin	-1436.657	977.03	16.883	quests/main_quest/prologue/q005_heist/the_plan/participate_briefing/booth	gameJournalQuestMapPin	Mappins.QuestStaticMappinDefinition		
mappin	-1437.109	978.223	17.249	quests/main_quest/prologue/q005_heist/the_plan/participate_briefing/booth_seat	gameJournalQuestMapPin	Mappins.QuestStaticMappinDefinition		
mappin	-1442.281	1011.237	17.367	quests/main_quest/prologue/q005_heist/the_plan/join_jackie/sit_bar	gameJournalQuestMapPin	Mappins.QuestStaticMappinDefinition		
mappin	-1438.701	978.311	17.314	quests/main_quest/prologue/q005_heist/the_plan/put_spiderbot/spiderbot_case	gameJournalQuestMapPin	Mappins.QuestStaticMappinDefinition		
mappin	-1436.657	977.03	16.883	quests/main_quest/prologue/q005_heist/the_plan/enter_meeting_capsule/booth_door	gameJournalQuestMapPin	Mappins.QuestStaticMappinDefinition		
mappin	-2202.055	1756.993	307.937	quests/main_quest/prologue/q005_heist/03b_penthouse/open_cabinet/q005_mp_safe_hidden_mappin	gameJournalQuestMapPin	Mappins.QuestStaticMappinDefinition		
mappin	-2202.055	1756.993	308.8	quests/main_quest/prologue/q005_heist/03b_penthouse/connect_to_safe/cabinet	gameJournalQuestMapPin	Mappins.QuestStaticMappinDefinition		
mappin	-2211.848	1755.843	309.434	quests/main_quest/prologue/q005_heist/03b_penthouse/hide/tech_room	gameJournalQuestMapPin	Mappins.QuestStaticMappinDefinition		
mappin	-2211.855	1755.858	308	quests/main_quest/prologue/q005_heist/03b_penthouse/hide/hack_on_door	gameJournalQuestMapPin	Mappins.QuestStaticMappinDefinition		
mappin	-2202.055	1756.993	307.937	quests/main_quest/prologue/q005_heist/03b_penthouse/find_safe_release_switch/q005_mrk_safe_mappin	gameJournalQuestMapPin	Mappins.QuestStaticMappinDefinition		
mappin	-2202.055	1756.993	307.937	quests/main_quest/prologue/q005_heist/03b_penthouse/find_safe_release_switch/q005_mp_safe_hidden_mappin	gameJournalQuestMapPin	Mappins.QuestStaticMappinDefinition		
mappin	-2202.055	1756.993	308.8	quests/main_quest/prologue/q005_heist/03b_penthouse/return_to_safe/q005_dvc_safe_switch	gameJournalQuestMapPin	Mappins.QuestStaticMappinDefinition		
mappin	-2214.933	1746.194	309.47	quests/main_quest/prologue/q005_heist/03b_penthouse/talk_tbug_jackie/hack_on_window	gameJournalQuestMapPin	Mappins.QuestStaticMappinDefinition		
mappin	-2225.33	1753.829	308.596	quests/main_quest/prologue/q005_heist/03b_penthouse/use_safe_switch/q005_dvc_safe_switch	gameJournalQuestMapPin	Mappins.QuestStaticMappinDefinition		
mappin	-2225.33	1753.829	308.596	quests/main_quest/prologue/q005_heist/03b_penthouse/use_safe_switch/q005_dvc_safe_switch1	gameJournalQuestMapPin	Mappins.QuestStaticMappinDefinition		
mappin	-2225.33	1753.829	308.596	quests/main_quest/prologue/q005_heist/03b_penthouse/use_safe_switch/q005_dvc_safe_switch2	gameJournalQuestMapPin	Mappins.QuestStaticMappinDefinition		
mappin	-2225.33	1753.829	308.596	quests/main_quest/prologue/q005_heist/03b_penthouse/use_safe_switch/q005_dvc_safe_switch3	gameJournalQuestMapPin	Mappins.QuestStaticMappinDefinition		
mappin	-2225.33	1753.829	308.596	quests/main_quest/prologue/q005_heist/03b_penthouse/use_safe_switch/q005_dvc_safe_switch4	gameJournalQuestMapPin	Mappins.QuestStaticMappinDefinition		
mappin	-2225.33	1753.829	308.596	quests/main_quest/prologue/q005_heist/03b_penthouse/use_safe_switch/q005_dvc_safe_switch5	gameJournalQuestMapPin	Mappins.QuestStaticMappinDefinition		
mappin	-2225.33	1753.829	308.596	quests/main_quest/prologue/q005_heist/03b_penthouse/use_safe_switch/switch	gameJournalQuestMapPin	Mappins.QuestStaticMappinDefinition		
mappin	-2197.74	1782.02	157.797	quests/main_quest/prologue/q005_heist/03a_spiderbot/room_b_use_grate/q005_flathead_room_b_exit	gameJournalQuestMapPin	Mappins.QuestStaticMappinDefinition		
mappin	-2198.325	1783.007	147	quests/main_quest/prologue/q005_heist/03a_spiderbot/06_room_a_use_distraction/control_box	gameJournalQuestMapPin	Mappins.QuestStaticMappinDefinition		
mappin	-2198.325	1783.007	147	quests/main_quest/prologue/q005_heist/03a_spiderbot/06_room_a_use_distraction/q005_terrarium_control_box	gameJournalQuestMapPin	Mappins.QuestStaticMappinDefinition		
mappin	-2204.493	1793.711	147.061	quests/main_quest/prologue/q005_heist/03a_spiderbot/08_room_a_use_grate/q005_flathead_room_a_exit	gameJournalQuestMapPin	Mappins.QuestStaticMappinDefinition		
mappin	-2193.662	1786.353	165.407	quests/main_quest/prologue/q005_heist/03a_spiderbot/room_b_use_grate1/q005_flathead_room_b_exit	gameJournalQuestMapPin	Mappins.QuestStaticMappinDefinition		
mappin	-644.142	-1258.101	11.174	quests/meta/07_nc_underground/01_garage/01_talk_to_clair/garage	gameJournalQuestMapPin	Mappins.QuestStaticMappinDefinition		
mappin	-644.142	-1258.101	11.174	quests/meta/07_nc_underground/01_garage/00a_claire_garage/garage	gameJournalQuestMapPin	Mappins.QuestStaticMappinDefinition		
mappin	-643.622	-1245.199	9.286	quests/meta/07_nc_underground/07_forlorn_hope/000_get_in/car	gameJournalQuestMapPin	Mappins.QuestDynamicMappinDefinition		
mappin	63.471	3.974	14.378	quests/meta/07_nc_underground/03_races/01_complete_big_race/race	gameJournalQuestMapPin	Mappins.QuestStaticMappinDefinition		
mappin	-1301.168	140.601	-25.507	quests/meta/09_solo/404/03_get_to_access/access_point	gameJournalQuestMapPin	Mappins.QuestStaticMappinDefinition		
mappin	-1447.672	147.098	-24.914	quests/meta/09_solo/404/01b_find_mikoshi/nest	gameJournalQuestMapPin	Mappins.QuestStaticMappinDefinition		
mappin	-1451.409	148.274	-26.288	quests/meta/09_solo/404/01d_connect_alt/mainframe	gameJournalQuestMapPin	Mappins.QuestStaticMappinDefinition		
mappin	-1408.017	145.284	-24.724	quests/meta/09_solo/404/01e_to_mikoshi/mikoshi	gameJournalQuestMapPin	Mappins.QuestStaticMappinDefinition		
mappin	-1449.448	148.166	-24.467	quests/meta/09_solo/404/01f_figure_out/room	gameJournalQuestMapPin	Mappins.QuestStaticMappinDefinition		
mappin	-1430.698	157.23	-25.426	quests/meta/09_solo/404/01f_figure_out/terminal	gameJournalQuestMapPin	Mappins.QuestStaticMappinDefinition		
mappin	-1430.698	157.23	-25.426	quests/meta/09_solo/404/01g_raise_mainframe/terminal	gameJournalQuestMapPin	Mappins.QuestStaticMappinDefinition		
mappin	-1452.46	147.547	-27.652	quests/meta/09_solo/404/01g_raise_mainframe/mainframe	gameJournalQuestMapPin	Mappins.QuestStaticMappinDefinition		
mappin	-1441.105	211.606	17.289	quests/meta/09_solo/404/00b_find_way/lobby	gameJournalQuestMapPin	Mappins.QuestStaticMappinDefinition		
mappin	-1441.075	187.125	15.356	quests/meta/09_solo/404/00c_gain_access_elev/lobby	gameJournalQuestMapPin	Mappins.QuestStaticMappinDefinition		
mappin	-1441.105	211.606	17.289	quests/meta/09_solo/404/00d_find_loot/lobby	gameJournalQuestMapPin	Mappins.QuestStaticMappinDefinition		
mappin	-1442.284	185.114	16.804	quests/meta/09_solo/404/00e_take_elev/elevator	gameJournalQuestMapPin	Mappins.QuestStaticMappinDefinition		
mappin	-1443.408	184.588	16.802	quests/meta/09_solo/404/00e_take_elev/terminal	gameJournalQuestMapPin	Mappins.QuestStaticMappinDefinition		
mappin	-1429.263	156.565	-21.778	quests/meta/09_solo/404/01c2_clear_control/room	gameJournalQuestMapPin	Mappins.QuestStaticMappinDefinition		
mappin	-1446.916	148.057	-27.973	quests/meta/09_solo/404/01f2_clear_nest/nest	gameJournalQuestMapPin	Mappins.QuestStaticMappinDefinition		
mappin	-1441.105	211.606	17.289	quests/meta/09_solo/404/00d2_defeat_enemies/lobby	gameJournalQuestMapPin	Mappins.QuestStaticMappinDefinition		
mappin	-1451.409	148.274	-26.288	quests/meta/09_solo/404/01h_wait_mainframe/mainframe	gameJournalQuestMapPin	Mappins.QuestStaticMappinDefinition		
mappin	-1794.752	-535.948	11.341	quests/meta/02_sickness/q115/02_meet_hanako/entrance	gameJournalQuestMapPin	Mappins.QuestStaticMappinDefinition		
mappin	-1793.03	-536.808	11.55	quests/meta/02_sickness/q115/02_meet_hanako/terminal	gameJournalQuestMapPin	Mappins.QuestStaticMappinDefinition		
mappin	-1790.164	-481.792	12.229	quests/meta/02_sickness/q115/02_meet_hanako/street	gameJournalQuestMapPin	Mappins.QuestStaticMappinDefinition		
mappin	-1802.031	-519.371	75.18	quests/meta/02_sickness/q115/03_sit_hanako/chair	gameJournalQuestMapPin	Mappins.QuestStaticMappinDefinition		
mappin	-1794.752	-535.949	75.433	quests/meta/02_sickness/q115/05_leave_restaurant/elevator	gameJournalQuestMapPin	Mappins.QuestStaticMappinDefinition		
mappin	-1793.021	-536.807	75.392	quests/meta/02_sickness/q115/05_leave_restaurant/terminal	gameJournalQuestMapPin	Mappins.QuestStaticMappinDefinition		
mappin	-1545.119	1232.363	12.635	quests/meta/02_sickness/q115_ripperdoc/01_2_grab_inhalers/inhalers	gameJournalQuestMapPin	Mappins.QuestStaticMappinDefinition		
mappin	-1551.127	1205.453	53.001	quests/meta/02_sickness/q115_ripperdoc/05_leave_roof/elevator	gameJournalQuestMapPin	Mappins.QuestStaticMappinDefinition		
mappin	-1549.982	1204.903	54.189	quests/meta/02_sickness/q115_ripperdoc/05_leave_roof/terminal	gameJournalQuestMapPin	Mappins.QuestStaticMappinDefinition		
mappin	-1543.362	1210.14	16.473	quests/meta/02_sickness/q115_ripperdoc/05_leave_roof/shop	gameJournalQuestMapPin	Mappins.QuestStaticMappinDefinition		
mappin	-1541.144	1201.78	57.768	quests/meta/02_sickness/q115_ripperdoc/01_4_sit/sit	gameJournalQuestMapPin	Mappins.QuestStaticMappinDefinition		
mappin	-1550.056	1204.862	17.199	quests/meta/02_sickness/q115_ripperdoc/01_3b_elevator/elevator	gameJournalQuestMapPin	Mappins.QuestStaticMappinDefinition		
mappin	-1543.362	1210.14	16.473	quests/meta/02_sickness/q115_ripperdoc/01_0_leave_ripperdoc/mp	gameJournalQuestMapPin	Mappins.QuestStaticMappinDefinition		
mappin	-1549.524	1191.167	15.91	quests/meta/02_sickness/q115_ripperdoc/13_leave_misty/street	gameJournalQuestMapPin	Mappins.QuestStaticMappinDefinition		
mappin	1055.02	-1496.948	50.487	quests/minor_activities/badlands/se1/ma_bls_ina_se1_06/ma_bls_ina_se1_06/go_to_spot/spot	gameJournalQuestMapPin	Mappins.QuestStaticMappinDefinition		
mappin	1055.632	-1498.012	49.756	quests/minor_activities/badlands/se1/ma_bls_ina_se1_06/ma_bls_ina_se1_06/loot/loot	gameJournalQuestMapPin	Mappins.QuestStaticMappinDefinition		
mappin	1249.936	-216.695	28.4	quests/minor_activities/badlands/se1/ma_bls_ina_se1_02/ma_bls_ina_se1_02/go_to/door	gameJournalQuestMapPin	Mappins.QuestStaticMappinDefinition		
mappin	1253.26	-212.402	28.431	quests/minor_activities/badlands/se1/ma_bls_ina_se1_02/ma_bls_ina_se1_02/loot/stash	gameJournalQuestMapPin	Mappins.QuestStaticMappinDefinition		
mappin	4694.592	-1451.209	133.912	quests/minor_activities/badlands/se1/ma_bls_ina_se1_18/ma_bls_ina_se1_18/go_to_spot/spot	gameJournalQuestMapPin	Mappins.QuestStaticMappinDefinition		
mappin	4692.993	-1441.75	138.586	quests/minor_activities/badlands/se1/ma_bls_ina_se1_18/ma_bls_ina_se1_18/loot/loot	gameJournalQuestMapPin	Mappins.QuestStaticMappinDefinition		
mappin	4495.879	-751.19	145.55	quests/minor_activities/badlands/se1/ma_bls_ina_se1_03/ma_bls_ina_se1_03/go_to/wind_turbine	gameJournalQuestMapPin	Mappins.QuestStaticMappinDefinition		
mappin	4491.999	-750.564	150.531	quests/minor_activities/badlands/se1/ma_bls_ina_se1_03/ma_bls_ina_se1_03/loot/vehicle	gameJournalQuestMapPin	Mappins.QuestStaticMappinDefinition		
mappin	4759.819	-1287.91	137.18	quests/minor_activities/badlands/se1/ma_bls_ina_se1_22/ma_bls_ina_se1_22/kill/psycho	gameJournalQuestMapPin	Mappins.QuestDynamicMappinDefinition		
mappin	-1194.198	-5503.771	87.827	quests/minor_activities/badlands/se5/ma_bls_ina_se5_33/ma_bls_ina_se5_33/go_to_coordinates/stash_area	gameJournalQuestMapPin	Mappins.QuestStaticMappinDefinition		
mappin	-1218.629	-5518.554	90.829	quests/minor_activities/badlands/se5/ma_bls_ina_se5_33/ma_bls_ina_se5_33/loot_stash/stash	gameJournalQuestMapPin	Mappins.QuestStaticMappinDefinition		
mappin	-1559.029	617.516	9.35	quests/minor_activities/city_center/downtown/ma_cct_dtn_12/ma_cct_dtn_12/go_to_corporate_parking/parking	gameJournalQuestMapPin	Mappins.QuestStaticMappinDefinition		
mappin	-1567.445	651.31	15.721	quests/minor_activities/city_center/downtown/ma_cct_dtn_12/ma_cct_dtn_12/loot_vehicle/vehicle	gameJournalQuestMapPin	Mappins.QuestStaticMappinDefinition		
mappin	-843.91	1923.47	35.81	quests/minor_activities/city_center/downtown/ma_cct_dtn_03/ma_cct_dtn_03/find_psycho/area	gameJournalQuestMapPin	Mappins.QuestStaticMappinDefinition		
mappin	-2147.289	273.18	7.53	quests/minor_activities/city_center/downtown/ma_cct_dtn_03/ma_cct_dtn_03/kill_psycho/psycho	gameJournalQuestMapPin	Mappins.QuestStaticMappinDefinition		
mappin	-1450.023	-650.237	14.263	quests/minor_activities/heywood/glen/ma_hey_gle_07/ma_hey_gle_07/go_to_spot/location	gameJournalQuestMapPin	Mappins.QuestStaticMappinDefinition		
mappin	-1449.568	-651.548	14.26	quests/minor_activities/heywood/glen/ma_hey_gle_07/ma_hey_gle_07/loot/loot	gameJournalQuestMapPin	Mappins.QuestStaticMappinDefinition		
mappin	-1790.336	-2066.854	43.728	quests/minor_activities/pacifica/coastview/ma_pac_cvi_13/ma_pac_cvi_13/go_to_spot/spot	gameJournalQuestMapPin	Mappins.QuestDynamicMappinDefinition		
mappin	-1791.656	-2064.684	44.033	quests/minor_activities/pacifica/coastview/ma_pac_cvi_13/ma_pac_cvi_13/loot/loot	gameJournalQuestMapPin	Mappins.QuestDynamicMappinDefinition		
mappin	-2427.125	-2202.625	15.982	quests/minor_activities/pacifica/coastview/ma_pac_cvi_12/ma_pac_cvi_12/get_rid/area	gameJournalQuestMapPin	Mappins.QuestStaticMappinDefinition		
mappin	-2161.361	-2241.44	12.05	quests/minor_activities/pacifica/coastview/ma_pac_cvi_10/ma_pac_cvi_10/go_to_spot/spot	gameJournalQuestMapPin	Mappins.QuestStaticMappinDefinition		
mappin	-2160.141	-2244.113	13.117	quests/minor_activities/pacifica/coastview/ma_pac_cvi_10/ma_pac_cvi_10/loot/loot	gameJournalQuestMapPin	Mappins.QuestStaticMappinDefinition		
mappin	-1.904	-454.059	16.06	quests/minor_activities/santo_domingo/arroyo/ma_std_arr_14/ma_std_arr_14/loot_stash/mp_loot	gameJournalQuestMapPin	Mappins.QuestStaticMappinDefinition		
mappin	-3.794	-454.422	15.69	quests/minor_activities/santo_domingo/arroyo/ma_std_arr_14/ma_std_arr_14/go_to_stash/mp_stash	gameJournalQuestMapPin	Mappins.QuestStaticMappinDefinition		
mappin	-948.77	-1506.41	26.01	quests/minor_activities/santo_domingo/arroyo/ma_std_arr_07/ma_std_arr_07/read_shard/mp_datapad	gameJournalQuestMapPin	Mappins.QuestStaticMappinDefinition		
mappin	-927.7	-1535.74	26.01	quests/minor_activities/santo_domingo/arroyo/ma_std_arr_07/ma_std_arr_07/go_to_stash/mp_stash	gameJournalQuestMapPin	Mappins.QuestStaticMappinDefinition		
mappin	-929.278	-1534.146	28.04	quests/minor_activities/santo_domingo/arroyo/ma_std_arr_07/ma_std_arr_07/loot_stash/mp_stash	gameJournalQuestMapPin	Mappins.QuestStaticMappinDefinition		
mappin	-737.57	-1784.79	6.11	quests/minor_activities/santo_domingo/arroyo/ma_std_arr_10/ma_std_arr_10/go_to_stash/mp_stash	gameJournalQuestMapPin	Mappins.QuestStaticMappinDefinition		
mappin	-738.01	-1783.62	5.108	quests/minor_activities/santo_domingo/arroyo/ma_std_arr_10/ma_std_arr_10/loot_stash/loot	gameJournalQuestMapPin	Mappins.QuestStaticMappinDefinition		
mappin	-736.01	-1789.31	6.99	quests/minor_activities/santo_domingo/arroyo/ma_std_arr_10/ma_std_arr_10/read_shard/npc_with_shard	gameJournalQuestMapPin	Mappins.QuestStaticMappinDefinition		
mappin	-604.16	-1038.48	7.96	quests/minor_activities/santo_domingo/arroyo/ma_std_arr_03/ma_std_arr_03/get_rid_of_hostile_enemies_in_area/ma_std_arr_03_area_mappin	gameJournalQuestMapPin	Mappins.QuestStaticMappinDefinition		
mappin	770.703	-1590.278	46.099	quests/minor_activities/santo_domingo/rancho_coronado/ma_std_rcr_18/ma_std_rcr_18/get_rid/area	gameJournalQuestMapPin	Mappins.QuestStaticMappinDefinition		
mappin	-70.834	-2235.406	7.127	quests/minor_activities/santo_domingo/rancho_coronado/ma_std_rcr_16/ma_std_rcr_16/loot_stash/mp_loot	gameJournalQuestMapPin	Mappins.QuestStaticMappinDefinition		
mappin	283.31	-2107.54	14.95	quests/minor_activities/santo_domingo/rancho_coronado/ma_std_rcr_13/ma_std_rcr_13/reach_stash/mp_stash	gameJournalQuestMapPin	Mappins.QuestStaticMappinDefinition		
mappin	284.144	-2098.093	17.848	quests/minor_activities/santo_domingo/rancho_coronado/ma_std_rcr_13/ma_std_rcr_13/loot_stash/mp_loot	gameJournalQuestMapPin	Mappins.QuestStaticMappinDefinition		
mappin	36.205	-1842.572	-10.12	quests/minor_activities/santo_domingo/rancho_coronado/ma_std_rcr_12/ma_std_rcr_12/reach_stash/mp_stash	gameJournalQuestMapPin	Mappins.QuestStaticMappinDefinition		
mappin	39.566	-1837.19	-4.229	quests/minor_activities/santo_domingo/rancho_coronado/ma_std_rcr_12/ma_std_rcr_12/loot_stash/mp_stash	gameJournalQuestMapPin	Mappins.QuestStaticMappinDefinition		
mappin	646.229	-2160.923	39.5	quests/minor_activities/santo_domingo/rancho_coronado/ma_std_rcr_10/ma_std_rcr_10/reach_stash/mp_stash	gameJournalQuestMapPin	Mappins.QuestStaticMappinDefinition		
mappin	646.423	-2159.228	39.339	quests/minor_activities/santo_domingo/rancho_coronado/ma_std_rcr_10/ma_std_rcr_10/loot_stash/mp_loot	gameJournalQuestMapPin	Mappins.QuestStaticMappinDefinition		
mappin	-1041.521	1707.191	29.1	quests/minor_activities/watson/kabuki/ma_wat_kab_05/ma_wat_kab_05/go_to_coordinates/stash_area	gameJournalQuestMapPin	Mappins.QuestStaticMappinDefinition		
mappin	-1039.441	1708.429	29.122	quests/minor_activities/watson/kabuki/ma_wat_kab_05/ma_wat_kab_05/loot_stash/stash	gameJournalQuestMapPin	Mappins.QuestStaticMappinDefinition		
mappin	-2163.64	1555.24	-5.85	quests/minor_activities/watson/little_china/ma_wat_lch_15/ma_wat_lch_15/go_to_point/mappin	gameJournalQuestMapPin	Mappins.QuestStaticMappinDefinition		
mappin	-2160.741	1555.172	-4.711	quests/minor_activities/watson/little_china/ma_wat_lch_15/ma_wat_lch_15/loot_the_loot/mappin	gameJournalQuestMapPin	Mappins.QuestStaticMappinDefinition		
mappin	-1622.19	1495.14	18.13	quests/minor_activities/watson/little_china/ma_wat_lch_08/ma_wat_lch_08/kill_all_gangers/area	gameJournalQuestMapPin	Mappins.QuestStaticMappinDefinition		
mappin	-1615.348	1803.039	25.87	quests/minor_activities/watson/little_china/ma_wat_lch_05/ma_wat_lch_03/go_to_spot/location	gameJournalQuestMapPin	Mappins.QuestStaticMappinDefinition		
mappin	-1614.048	1806.896	24.903	quests/minor_activities/watson/little_china/ma_wat_lch_05/ma_wat_lch_03/loot/container	gameJournalQuestMapPin	Mappins.QuestStaticMappinDefinition		
mappin	270.34	630.72	120.9	quests/minor_activities/watson/little_china/ma_wat_lch_03/ma_wat_lch_03/go_to_spot/location	gameJournalQuestMapPin	Mappins.QuestStaticMappinDefinition		
mappin	284.02	632.703	120.952	quests/minor_activities/watson/little_china/ma_wat_lch_03/ma_wat_lch_03/loot/container	gameJournalQuestMapPin	Mappins.QuestStaticMappinDefinition		
mappin	-1528.8	1815.24	28.55	quests/minor_activities/watson/little_china/ma_wat_lch_01/ma_wat_lch_01/get_rid/area	gameJournalQuestMapPin	Mappins.QuestStaticMappinDefinition		
mappin	-1082.143	3334.517	1.837	quests/minor_activities/watson/northside_industrial_district/ma_wat_nid_27/ma_wat_nid_27/find/area	gameJournalQuestMapPin	Mappins.QuestStaticMappinDefinition		
mappin	-1082.493	3334.315	2.182	quests/minor_activities/watson/northside_industrial_district/ma_wat_nid_27/ma_wat_nid_27/loot/stash	gameJournalQuestMapPin	Mappins.QuestStaticMappinDefinition		
mappin	-1111.159	3313.475	8.502	quests/minor_activities/watson/northside_industrial_district/ma_wat_nid_27/ma_wat_nid_27/shard/area	gameJournalQuestMapPin	Mappins.QuestStaticMappinDefinition		
mappin	-932.016	2395.719	60.721	quests/minor_activities/watson/northside_industrial_district/ma_wat_nid_26/ma_wat_nid_26/reach/antenna	gameJournalQuestMapPin	Mappins.QuestStaticMappinDefinition		
mappin	-924.146	2401.522	62.721	quests/minor_activities/watson/northside_industrial_district/ma_wat_nid_26/ma_wat_nid_26/loot/loot	gameJournalQuestMapPin	Mappins.QuestStaticMappinDefinition		
mappin	-1537.767	2562.009	9.912	quests/minor_activities/watson/northside_industrial_district/ma_wat_nid_12/ma_wat_nid_12/ma_wat_nid_12/stash	gameJournalQuestMapPin	Mappins.QuestStaticMappinDefinition		
mappin	-1537.713	2558.881	10.679	quests/minor_activities/watson/northside_industrial_district/ma_wat_nid_12/ma_wat_nid_12/ma_wat_nid_12_loot/stash	gameJournalQuestMapPin	Mappins.QuestStaticMappinDefinition		
mappin	-1512.166	2578.615	7.151	quests/minor_activities/watson/northside_industrial_district/ma_wat_nid_12/ma_wat_nid_12/ma_wat_nid_12_shard/area	gameJournalQuestMapPin	Mappins.QuestStaticMappinDefinition		
mappin	-492.644	2383.081	43.011	quests/minor_activities/watson/northside_industrial_district/ma_wat_nid_10/ma_wat_nid_10/ma_wat_nid_10_find/area	gameJournalQuestMapPin	Mappins.QuestStaticMappinDefinition		
mappin	-504.786	2387.367	43.619	quests/minor_activities/watson/northside_industrial_district/ma_wat_nid_10/ma_wat_nid_10/ma_wat_nid_10_loot/body	gameJournalQuestMapPin	Mappins.QuestStaticMappinDefinition		
mappin	-532.688	2442.688	56.518	quests/minor_activities/watson/northside_industrial_district/ma_wat_nid_10/ma_wat_nid_10/ma_wat_nid_10_shard/area	gameJournalQuestMapPin	Mappins.QuestStaticMappinDefinition		
mappin	-530.875	2440.5	56.469	quests/minor_activities/watson/northside_industrial_district/ma_wat_nid_10/ma_wat_nid_10/ma_wat_nid_10_blood/area	gameJournalQuestMapPin	Mappins.QuestStaticMappinDefinition		
mappin	-1162.675	2420.944	7.11	quests/minor_activities/watson/northside_industrial_district/ma_wat_nid_06/ma_wat_nid_06/kill/area	gameJournalQuestMapPin	Mappins.QuestStaticMappinDefinition		
mappin	-1705.614	2246.131	18	quests/minor_activities/watson/northside_industrial_district/ma_wat_nid_03/ma_wat_nid_03/kill/psycho	gameJournalQuestMapPin	Mappins.QuestDynamicMappinDefinition		
mappin	-1710.759	2222.768	18.2	quests/minor_activities/watson/northside_industrial_district/ma_wat_nid_03/ma_wat_nid_03/find/area	gameJournalQuestMapPin	Mappins.QuestStaticMappinDefinition		
mappin	-1727.683	2435.631	7.291	quests/minor_activities/watson/northside_industrial_district/ma_wat_nid_01/ma_wat_nid_01/kill/area	gameJournalQuestMapPin	Mappins.QuestStaticMappinDefinition		
mappin	-1815.99	2551.781	26.01	quests/minor_activities/watson/northside_industrial_district/ma_wat_nid_02/ma_wat_nid_02/kill/area	gameJournalQuestMapPin	Mappins.QuestStaticMappinDefinition		
mappin	353.142	-384.974	6.64	quests/minor_activities/westbrook/charter_hill/ma_wbr_hil_05/ma_wbr_hil_05/go_to_spot/mp_spot	gameJournalQuestMapPin	Mappins.QuestStaticMappinDefinition		
mappin	-560.472	498.463	18.3	quests/minor_activities/westbrook/japantown/ma_wbr_jpn_20/clear_the_area/clear_the_area/mappin	gameJournalQuestMapPin	Mappins.QuestStaticMappinDefinition		
mappin	-456.04	613.44	34.98	quests/minor_activities/westbrook/japantown/ma_wbr_jpn_09/ma_wbr_jpn_09/go_to_spot/spot	gameJournalQuestMapPin	Mappins.QuestStaticMappinDefinition		
mappin	-452.217	612.444	36.066	quests/minor_activities/westbrook/japantown/ma_wbr_jpn_09/ma_wbr_jpn_09/loot/loot	gameJournalQuestMapPin	Mappins.QuestStaticMappinDefinition		
mappin	-297.955	1409.982	43.185	quests/minor_activities/westbrook/japantown/ma_wbr_jpn_07/ma_wbr_jpn_07/go_to_spot/spot	gameJournalQuestMapPin	Mappins.QuestStaticMappinDefinition		
mappin	-296.682	1413.329	43.238	quests/minor_activities/westbrook/japantown/ma_wbr_jpn_07/ma_wbr_jpn_07/loot/loot	gameJournalQuestMapPin	Mappins.QuestStaticMappinDefinition		
mappin	-76.292	1301.307	101.07	quests/minor_activities/westbrook/north_oak/ma_wbr_nok_03/ma_wbr_nok_03/go_to_spot/hideout	gameJournalQuestMapPin	Mappins.QuestStaticMappinDefinition		
mappin	-75.492	1299.091	102.86	quests/minor_activities/westbrook/north_oak/ma_wbr_nok_03/ma_wbr_nok_03/loot/stash	gameJournalQuestMapPin	Mappins.QuestStaticMappinDefinition		
mappin	-374.68	728.11	74.84	quests/minor_activities/westbrook/north_oak/ma_wbr_nok_01/ma_wbr_nok_01/go_to_spot/location	gameJournalQuestMapPin	Mappins.QuestStaticMappinDefinition		
mappin	-372.323	723.62	75.027	quests/minor_activities/westbrook/north_oak/ma_wbr_nok_01/ma_wbr_nok_01/loot/container	gameJournalQuestMapPin	Mappins.QuestStaticMappinDefinition		
mappin	-1386.929	1273.537	124.404	quests/minor_quest/mws_wat_08_trauma_drama/mws_wat_08_trauma_drama/01_check_trauma_team_website/v_computer	gameJournalQuestMapPin	Mappins.QuestStaticMappinDefinition		
mappin	-1334.759	1744.549	18.985	quests/minor_quest/mws_wat_08_trauma_drama/mws_wat_08_trauma_drama/04_go_to_reward_location/reward_mp	gameJournalQuestMapPin	Mappins.QuestStaticMappinDefinition		
mappin	-1334.213	1744.32	19.001	quests/minor_quest/mws_wat_08_trauma_drama/mws_wat_08_trauma_drama/05_scan_hand/scanner	gameJournalQuestMapPin	Mappins.QuestStaticMappinDefinition		
mappin	-1334.759	1744.549	18.985	quests/minor_quest/mws_wat_08_trauma_drama/mws_wat_08_trauma_drama/06_take_your_reward/reward	gameJournalQuestMapPin	Mappins.QuestStaticMappinDefinition		
mappin	-720.33	-2271.24	14.15	quests/minor_quest/mws_se5_07/mws_se5_07/corpse/corpse	gameJournalQuestMapPin	Mappins.QuestStaticMappinDefinition		
mappin	-719.18	-2279.81	14.14	quests/minor_quest/mws_se5_07/mws_se5_07/corpse1/corpse	gameJournalQuestMapPin	Mappins.QuestStaticMappinDefinition		
mappin	-1069.99	-2438.4	25.37	quests/minor_quest/mws_se5_07/mws_se5_07c/objective/car	gameJournalQuestMapPin	Mappins.QuestStaticMappinDefinition		
mappin	-1093.25	-2430.87	28.37	quests/minor_quest/mws_se5_07/mws_se5_07c/objective1/wraiths	gameJournalQuestMapPin	Mappins.QuestStaticMappinDefinition		
mappin	-1104.71	-2424.43	25.47	quests/minor_quest/mws_se5_07/mws_se5_07c/objective2/porsche	gameJournalQuestMapPin	Mappins.QuestDynamicMappinDefinition		
mappin	-592.288	-1971.004	6.01	quests/minor_quest/mq058_semimaru_crystalcoat/mq058_01_guarded_area/00_find_mint_hideout/00_mint_hideout	gameJournalQuestMapPin	Mappins.QuestStaticMappinDefinition		
mappin	-592.288	-1971.004	6.01	quests/minor_quest/mq058_semimaru_crystalcoat/mq058_01_guarded_area/01_locate_mint_computer/00_mint_hideout	gameJournalQuestMapPin	Mappins.QuestStaticMappinDefinition		
mappin	-579.829	-1950.928	8.705	quests/minor_quest/mq058_semimaru_crystalcoat/mq058_02_computer_hack/00_hack_mint_computer/00_mint_computer	gameJournalQuestMapPin	Mappins.QuestStaticMappinDefinition		
mappin	-579.829	-1950.928	8.705	quests/minor_quest/mq058_semimaru_crystalcoat/mq058_02_computer_hack/01_find_relevant_info/00_mint_computer	gameJournalQuestMapPin	Mappins.QuestStaticMappinDefinition		
mappin	-579.829	-1950.928	8.705	quests/minor_quest/mq058_semimaru_crystalcoat/mq058_02_computer_hack/02_extract_mint_data/00_mint_computer	gameJournalQuestMapPin	Mappins.QuestStaticMappinDefinition		
mappin	352.41	-235.61	6.8	quests/minor_quest/mq060_nitro/hook/01a_connect/location_questmappin	gameJournalQuestMapPin	Mappins.QuestStaticMappinDefinition		
mappin	357.184	-234.605	6.86	quests/minor_quest/mq060_nitro/hook/01b_connect/terminal_questmappin	gameJournalQuestMapPin	Mappins.QuestStaticMappinDefinition		
mappin	-1387	1273.49	124.33	quests/minor_quest/mq060_nitro/hook/01c_connect/computer	gameJournalQuestMapPin	Mappins.QuestStaticMappinDefinition		
mappin	357.92	-234.25	7.13	quests/minor_quest/mq060_nitro/hook/01c_connect/kiroshi	gameJournalQuestMapPin	Mappins.QuestStaticMappinDefinition		
mappin	355.573	-211.793	12.955	quests/minor_quest/mq060_nitro/kiroshi/02_order/terminal_quest_mappin	gameJournalQuestMapPin	Mappins.QuestStaticMappinDefinition		
mappin	343.211	-160.243	11.36	quests/minor_quest/mq060_nitro/kiroshi/03_disconnect/android_case_questmappin	gameJournalQuestMapPin	Mappins.QuestStaticMappinDefinition		
mappin	-1167.55	347.2	4.51	quests/minor_quest/mq060_nitro/end/07_golocation/location_dock_quest_mappin	gameJournalQuestMapPin	Mappins.QuestStaticMappinDefinition		
mappin	-1161.755	342.335	5.62	quests/minor_quest/mq060_nitro/end/08_identify/tablet_questmappin	gameJournalQuestMapPin	Mappins.QuestStaticMappinDefinition		
mappin	758.14	-2202.45	172.61	quests/minor_quest/mq059_freedom/00_hook_location/static_loc_1/first_map_loc	gameJournalQuestMapPin	Mappins.QuestStaticMappinDefinition		
mappin	612.39	-1886.13	27.8	quests/minor_quest/mq059_freedom/00_hook_location/reach_first_point/first_map_loc	gameJournalQuestMapPin	Mappins.QuestStaticMappinDefinition		
mappin	758.14	-2202.45	172.61	quests/minor_quest/mq059_freedom/01_dam_investigation/find_the_engineer/first_investigation_area	gameJournalQuestMapPin	Mappins.QuestStaticMappinDefinition		
mappin	528.92	-1412.76	18.96	quests/minor_quest/mq059_freedom/02_second_location/reach_second_location/second_map_location	gameJournalQuestMapPin	Mappins.QuestStaticMappinDefinition		
mappin	528.92	-1412.76	18.96	quests/minor_quest/mq059_freedom/03_steal_information/find_the_corporate_information/second_investigation_area	gameJournalQuestMapPin	Mappins.QuestStaticMappinDefinition		
mappin	528.92	-1412.76	18.96	quests/minor_quest/mq059_freedom/03_steal_information/dealopponents/second_investigation_area	gameJournalQuestMapPin	Mappins.QuestStaticMappinDefinition		
mappin	528.92	-1412.76	18.96	quests/minor_quest/mq059_freedom/03_steal_information/get_master_key/second_investigation_area	gameJournalQuestMapPin	Mappins.QuestStaticMappinDefinition		
mappin	522.624	-1401.481	20.9	quests/minor_quest/mq059_freedom/03_steal_information/dig_laptop/laptop_pin	gameJournalQuestMapPin	Mappins.QuestStaticMappinDefinition		
mappin	142.06	-1825	-10.34	quests/minor_quest/mq059_freedom/04_chase/reach_the_car/third_map_location	gameJournalQuestMapPin	Mappins.QuestStaticMappinDefinition		
mappin	-728.19	3139.25	7.18	quests/minor_quest/mq050_ken_block_tribute/mq050_warehouse/investigate/warehouse	gameJournalQuestMapPin	Mappins.QuestStaticMappinDefinition		
mappin	-728.97	3147.24	7.47	quests/minor_quest/mq050_ken_block_tribute/mq050_warehouse/get_inside_car/car	gameJournalQuestMapPin	Mappins.QuestStaticMappinDefinition		
mappin	-729.548	-511.757	8	quests/minor_quest/mq056_race_replay/01_city_center/01_get_in/vehicle	gameJournalQuestMapPin	Mappins.QuestStaticMappinDefinition		
mappin	-731.862	-510.063	8	quests/minor_quest/mq056_race_replay/01_city_center/02_beat_race/racer_1	gameJournalQuestMapPin	Mappins.QuestDynamicMappinDefinition		
mappin	-731.862	-510.063	8	quests/minor_quest/mq056_race_replay/01_city_center/02_beat_race/racer_2	gameJournalQuestMapPin	Mappins.QuestDynamicMappinDefinition		
mappin	-731.862	-510.063	8	quests/minor_quest/mq056_race_replay/01_city_center/02_beat_race/racer_3	gameJournalQuestMapPin	Mappins.QuestDynamicMappinDefinition		
mappin	-731.862	-510.063	8	quests/minor_quest/mq056_race_replay/01_city_center/02_beat_race/racer_4	gameJournalQuestMapPin	Mappins.QuestDynamicMappinDefinition		
mappin	-731.862	-510.063	8	quests/minor_quest/mq056_race_replay/01_city_center/02_beat_race/racer_5	gameJournalQuestMapPin	Mappins.QuestDynamicMappinDefinition		
mappin	-753.852	-513.223	8.65	quests/minor_quest/mq056_race_replay/01_city_center/01a_wait_for_race/waiting_spot	gameJournalQuestMapPin	Mappins.QuestStaticMappinDefinition		
mappin	-2646.084	-488.262	7.863	quests/minor_quest/mq056_race_replay/01_city_center/04_get_reward/reward_crate	gameJournalQuestMapPin	Mappins.QuestStaticMappinDefinition		
mappin	875.31	-3004.595	204.372	quests/minor_quest/mq056_race_replay/02_badlands/01_get_in/vehicle	gameJournalQuestMapPin	Mappins.QuestStaticMappinDefinition		
mappin	881.094	-3003.875	204.43	quests/minor_quest/mq056_race_replay/02_badlands/02_beat_race/racer_1	gameJournalQuestMapPin	Mappins.QuestDynamicMappinDefinition		
mappin	881.094	-3003.875	204.43	quests/minor_quest/mq056_race_replay/02_badlands/02_beat_race/racer_2	gameJournalQuestMapPin	Mappins.QuestDynamicMappinDefinition		
mappin	881.094	-3003.875	204.43	quests/minor_quest/mq056_race_replay/02_badlands/02_beat_race/racer_3	gameJournalQuestMapPin	Mappins.QuestDynamicMappinDefinition		
mappin	881.094	-3003.875	204.43	quests/minor_quest/mq056_race_replay/02_badlands/02_beat_race/racer_4	gameJournalQuestMapPin	Mappins.QuestDynamicMappinDefinition		
mappin	881.094	-3003.875	204.43	quests/minor_quest/mq056_race_replay/02_badlands/02_beat_race/racer_5	gameJournalQuestMapPin	Mappins.QuestDynamicMappinDefinition		
mappin	-1721.008	-4795.61	74.72	quests/minor_quest/mq056_race_replay/02_badlands/04_get_reward/reward_crate	gameJournalQuestMapPin	Mappins.QuestStaticMappinDefinition		
mappin	-1037.727	-1534.226	25.607	quests/minor_quest/mq056_race_replay/03_santo_domingo/01_get_in/vehicle	gameJournalQuestMapPin	Mappins.QuestStaticMappinDefinition		
mappin	-1036.312	-1527.032	25.602	quests/minor_quest/mq056_race_replay/03_santo_domingo/02_beat_race/racer_1	gameJournalQuestMapPin	Mappins.QuestDynamicMappinDefinition		
mappin	-1036.312	-1527.032	25.602	quests/minor_quest/mq056_race_replay/03_santo_domingo/02_beat_race/racer_2	gameJournalQuestMapPin	Mappins.QuestDynamicMappinDefinition		
mappin	-1036.312	-1527.032	25.602	quests/minor_quest/mq056_race_replay/03_santo_domingo/02_beat_race/racer_3	gameJournalQuestMapPin	Mappins.QuestDynamicMappinDefinition		
mappin	-1036.312	-1527.032	25.602	quests/minor_quest/mq056_race_replay/03_santo_domingo/02_beat_race/racer_4	gameJournalQuestMapPin	Mappins.QuestDynamicMappinDefinition		
mappin	-1036.312	-1527.032	25.602	quests/minor_quest/mq056_race_replay/03_santo_domingo/02_beat_race/racer_5	gameJournalQuestMapPin	Mappins.QuestDynamicMappinDefinition		
mappin	563.208	-2344.992	172.686	quests/minor_quest/mq056_race_replay/03_santo_domingo/04_get_reward/reward_crate	gameJournalQuestMapPin	Mappins.QuestStaticMappinDefinition		
mappin	69.118	-0.231	13.683	quests/minor_quest/mq056_race_replay/04_big_race/01_get_in/vehicle	gameJournalQuestMapPin	Mappins.QuestStaticMappinDefinition		
mappin	76.677	6.199	14.114	quests/minor_quest/mq056_race_replay/04_big_race/02_beat_race/racer_1	gameJournalQuestMapPin	Mappins.QuestDynamicMappinDefinition		
mappin	76.677	6.199	14.114	quests/minor_quest/mq056_race_replay/04_big_race/02_beat_race/racer_2	gameJournalQuestMapPin	Mappins.QuestDynamicMappinDefinition		
mappin	76.677	6.199	14.114	quests/minor_quest/mq056_race_replay/04_big_race/02_beat_race/racer_3	gameJournalQuestMapPin	Mappins.QuestDynamicMappinDefinition		
mappin	76.677	6.199	14.114	quests/minor_quest/mq056_race_replay/04_big_race/02_beat_race/racer_4	gameJournalQuestMapPin	Mappins.QuestDynamicMappinDefinition		
mappin	76.677	6.199	14.114	quests/minor_quest/mq056_race_replay/04_big_race/02_beat_race/racer_5	gameJournalQuestMapPin	Mappins.QuestDynamicMappinDefinition		
mappin	-1025.227	1508.388	25.87	quests/minor_quest/mq056_race_replay/04_big_race/04_get_reward/reward_crate	gameJournalQuestMapPin	Mappins.QuestStaticMappinDefinition		
mappin	3208.25	651.656	105.273	quests/minor_quest/mq047_ad_vehicle/mq046_set/investigate/ad_area	gameJournalQuestMapPin	Mappins.QuestStaticMappinDefinition		
mappin	3213.928	656.634	105.708	quests/minor_quest/mq047_ad_vehicle/mq046_set/get_inside_car/car	gameJournalQuestMapPin	Mappins.QuestStaticMappinDefinition		
mappin	-1001.5	1920	60.94	quests/minor_quest/mq057_motorbreath/hook/objective/scene_marker	gameJournalQuestMapPin	Mappins.QuestStaticMappinDefinition		
mappin	-1001.5	1920	60.94	quests/minor_quest/mq057_motorbreath/hook/01_objective/01_location_quest_mappin	gameJournalQuestMapPin	Mappins.QuestStaticMappinDefinition		
mappin	-863.5	1936.25	63.34	quests/minor_quest/mq057_motorbreath/01_chase/04_dealopponents/drivers_questmappin	gameJournalQuestMapPin	Mappins.QuestDynamicMappinDefinition		
mappin	-1542.592	1230.243	11.519	quests/minor_quest/mq045_victor_debt/mq045_debt/mq045_pay_off_victor/mq045_victor_mappin	gameJournalQuestMapPin	Mappins.QuestStaticMappinDefinition		
mappin	1862	-59.691	55.273	quests/minor_quest/mq046_cave_vehicle/mq046_container/investigate/contianer_area	gameJournalQuestMapPin	Mappins.QuestStaticMappinDefinition		
mappin	1863.277	-60.562	55.631	quests/minor_quest/mq046_cave_vehicle/mq046_container/get_inside_car/car	gameJournalQuestMapPin	Mappins.QuestStaticMappinDefinition		
mappin	498.55	-652.7	10.96	quests/minor_quest/mq044_jakes_vehicle/mq044_jakes_vehicle/01_reach_garage/garage	gameJournalQuestMapPin	Mappins.QuestStaticMappinDefinition		
mappin	496.984	-659.813	8.893	quests/minor_quest/mq044_jakes_vehicle/mq044_jakes_vehicle/03_get_in_car/vehicle	gameJournalQuestMapPin	Mappins.QuestDynamicMappinDefinition		
mappin	497.438	-664.594	8.894	quests/minor_quest/mq044_jakes_vehicle/mq044_jakes_vehicle/04_leave_area/area	gameJournalQuestMapPin	Mappins.QuestStaticMappinDefinition		
mappin	-1143.09	1568.98	71.71	quests/minor_quest/mq043_cyberpsychos/mq043_cyberpsychos/02_talk_regina/regina1	gameJournalQuestMapPin	Mappins.QuestStaticMappinDefinition		
mappin	-1147.061	1569.767	71.76	quests/minor_quest/mq043_cyberpsychos/mq043_cyberpsychos/03_take_reward/mp	gameJournalQuestMapPin	Mappins.QuestStaticMappinDefinition		
mappin	1396.8	-1726.245	49.54	quests/minor_quest/mq042_nomad/mq042_nomad/01_go_to_the_location/dumpster_zone	gameJournalQuestMapPin	Mappins.QuestStaticMappinDefinition		
mappin	1397.086	-1724.712	49.906	quests/minor_quest/mq042_nomad/mq042_nomad/02_scan_your_old_car/v_car	gameJournalQuestMapPin	Mappins.QuestStaticMappinDefinition		
mappin	1396.8	-1726.245	49.54	quests/minor_quest/mq042_nomad/mq042_nomad/04_get_inside_the_car/v_car	gameJournalQuestMapPin	Mappins.QuestStaticMappinDefinition		
mappin	1397.086	-1724.712	49.906	quests/minor_quest/mq042_nomad/mq042_nomad/02a_open_the_hood/hood	gameJournalQuestMapPin	Mappins.QuestStaticMappinDefinition		
mappin	1397.086	-1724.712	49.906	quests/minor_quest/mq042_nomad/mq042_nomad/02b_inspect_the_engine/mq042_nomad_mk_hood	gameJournalQuestMapPin	Mappins.QuestStaticMappinDefinition		
mappin	1397.086	-1724.712	49.906	quests/minor_quest/mq042_nomad/mq042_nomad/02c_close_the_hood/hood	gameJournalQuestMapPin	Mappins.QuestStaticMappinDefinition		
mappin	1391.01	-1726.69	49.2	quests/minor_quest/mq042_nomad/mq042_nomad/06_get_back/dumpster_zone	gameJournalQuestMapPin	Mappins.QuestStaticMappinDefinition		
mappin	406.645	-2350.752	183.643	quests/minor_quest/mq049_edgerunners/03_gift/02_pick_up_gift/mq049_mp_jacket	gameJournalQuestMapPin	Mappins.QuestStaticMappinDefinition		
mappin	-1136.76	1841.46	36.21	quests/minor_quest/mq041_corpo/corpo/01_find_the_briefcase/search_area	gameJournalQuestMapPin	Mappins.QuestStaticMappinDefinition		
mappin	-1136.83	1841.884	35.27	quests/minor_quest/mq041_corpo/corpo/02_open_the_briefcase/briefcase	gameJournalQuestMapPin	Mappins.QuestStaticMappinDefinition		
mappin	-1136.76	1841.46	36.21	quests/minor_quest/mq041_corpo/corpo/01b_lift_the_dumpster/dumpster	gameJournalQuestMapPin	Mappins.QuestStaticMappinDefinition		
mappin	-1255.288	-994.209	13.6	quests/minor_quest/mq040_biosculpt/mq040_biosculpt/01_bar_encounter/commotion_mp	gameJournalQuestMapPin	Mappins.QuestStaticMappinDefinition		
mappin	-1259.559	-988.79	12	quests/minor_quest/mq040_biosculpt/mq040_biosculpt/02_fight/ganger_mp	gameJournalQuestMapPin	Mappins.QuestDynamicMappinDefinition		
mappin	-1263.6	-998.41	12.42	quests/minor_quest/mq040_biosculpt/mq040_biosculpt/01a_intervene_decide/commotion_mp	gameJournalQuestMapPin	Mappins.QuestDynamicMappinDefinition		
mappin	-1264.701	-999.51	12.02	quests/minor_quest/mq040_biosculpt/mq040_biosculpt/03_talk_corpo/corpo_mp	gameJournalQuestMapPin	Mappins.QuestDynamicMappinDefinition		
mappin	-988.409	-855.246	8	quests/minor_quest/mq040_biosculpt/mq040_biosculpt/04_identify_wife/scan_area_mp	gameJournalQuestMapPin	Mappins.QuestStaticMappinDefinition		
mappin	-985.43	-841.35	8.2	quests/minor_quest/mq040_biosculpt/mq040_biosculpt/05_trail_wife/wife_mp	gameJournalQuestMapPin	Mappins.QuestDynamicMappinDefinition		
mappin	-1003.73	-870.48	8.48	quests/minor_quest/mq040_biosculpt/mq040_biosculpt/03a_go_to_trail_location/location_mp	gameJournalQuestMapPin	Mappins.QuestStaticMappinDefinition		
mappin	-870.009	-668.75	9.813	quests/minor_quest/mq040_biosculpt/mq040_biosculpt/07_follow_inside/building_entrance_mp	gameJournalQuestMapPin	Mappins.QuestStaticMappinDefinition		
mappin	-883.719	-669.21	13.963	quests/minor_quest/mq040_biosculpt/mq040_biosculpt/07a_find_wife/noise_mp	gameJournalQuestMapPin	Mappins.QuestStaticMappinDefinition		
mappin	-883.667	-662.781	12.231	quests/minor_quest/mq040_biosculpt/mq040_biosculpt/07a_find_wife/apartment_mp	gameJournalQuestMapPin	Mappins.QuestStaticMappinDefinition		
mappin	-985.43	-841.35	8.2	quests/minor_quest/mq040_biosculpt/mq040_biosculpt/08_confront_wife/wife_mp	gameJournalQuestMapPin	Mappins.QuestDynamicMappinDefinition		
mappin	-870.009	-668.75	9.813	quests/minor_quest/mq040_biosculpt/mq040_biosculpt/08a_corpo_report_back/building_exit_mp	gameJournalQuestMapPin	Mappins.QuestStaticMappinDefinition		
mappin	-916.96	1746.1	5.431	quests/minor_quest/mq038_neweridentity/mq038_neweridentity/01_fishing_village/mp_favelas	gameJournalQuestMapPin	Mappins.QuestStaticMappinDefinition		
mappin	-890.748	1775.378	3.296	quests/minor_quest/mq038_neweridentity/mq038_neweridentity/02_find_dumpster/mp_dumpster_real	gameJournalQuestMapPin	Mappins.QuestStaticMappinDefinition		
mappin	-867.64	1760.4	1.12	quests/minor_quest/mq038_neweridentity/mq038_neweridentity/03_recover_body/mp_cargo	gameJournalQuestMapPin	Mappins.QuestDynamicMappinDefinition		
mappin	-867.33	1760.4	1.12	quests/minor_quest/mq038_neweridentity/mq038_neweridentity/04_deliver_to_car/mp_car	gameJournalQuestMapPin	Mappins.QuestDynamicMappinDefinition		
mappin	-867.33	1760.4	1.12	quests/minor_quest/mq038_neweridentity/mq038_neweridentity/05_hide_trunk/mp_car	gameJournalQuestMapPin	Mappins.QuestDynamicMappinDefinition		
mappin	-1333.43	2016.98	18.18	quests/minor_quest/mq038_neweridentity/mq038_neweridentity/06_deliver_northside/mp_northside	gameJournalQuestMapPin	Mappins.QuestStaticMappinDefinition		
mappin	-867.33	1760.4	1.12	quests/minor_quest/mq038_neweridentity/mq038_neweridentity/06_enter_car/mp_car	gameJournalQuestMapPin	Mappins.QuestDynamicMappinDefinition		
mappin	-1424.837	1028.937	16.87	quests/minor_quest/mq038_neweridentity/mq038_neweridentity/08_talk_cargo/mp_surgeon	gameJournalQuestMapPin	Mappins.QuestDynamicMappinDefinition		
mappin	-684.75	779.823	32.664	quests/minor_quest/mq037_brendan_hooligan001/mq037_brendan_hooligan/00_deal_with_the_hooligan/hooligan	gameJournalQuestMapPin	Mappins.QuestDynamicMappinDefinition		
mappin	-693.131	761.747	35.695	quests/minor_quest/mq037_brendan_hooligan001/mq037_brendan_hooligan/01_talk_with_brendan/brendan	gameJournalQuestMapPin	Mappins.QuestStaticMappinDefinition		
mappin	-1382.88	1270.62	123.06	quests/minor_quest/mq055_romance_apartment/01_megabuilding/judy_megabuilding/apartment	gameJournalQuestMapPin	Mappins.QuestStaticMappinDefinition		
mappin	-1382.88	1270.62	123.06	quests/minor_quest/mq055_romance_apartment/01_megabuilding/kerry_megabuilding/apartment	gameJournalQuestMapPin	Mappins.QuestStaticMappinDefinition		
mappin	-1382.88	1270.62	123.06	quests/minor_quest/mq055_romance_apartment/01_megabuilding/panam_megabuilding/apartment	gameJournalQuestMapPin	Mappins.QuestStaticMappinDefinition		
mappin	-1382.88	1270.62	123.06	quests/minor_quest/mq055_romance_apartment/01_megabuilding/river_megabuilding/apartment	gameJournalQuestMapPin	Mappins.QuestStaticMappinDefinition		
mappin	-1505.3	2230.071	22.2	quests/minor_quest/mq055_romance_apartment/02_northside/judy_northside/apartment	gameJournalQuestMapPin	Mappins.QuestStaticMappinDefinition		
mappin	-1505.3	2230.071	22.2	quests/minor_quest/mq055_romance_apartment/02_northside/kerry_northside/apartment	gameJournalQuestMapPin	Mappins.QuestStaticMappinDefinition		
mappin	-1505.3	2230.071	22.2	quests/minor_quest/mq055_romance_apartment/02_northside/panam_northside/apartment	gameJournalQuestMapPin	Mappins.QuestStaticMappinDefinition		
mappin	-1505.3	2230.071	22.2	quests/minor_quest/mq055_romance_apartment/02_northside/river_northside/apartment	gameJournalQuestMapPin	Mappins.QuestStaticMappinDefinition		
mappin	-787.32	976.1	28.21	quests/minor_quest/mq055_romance_apartment/03_japantown/judy_japantown/apartment	gameJournalQuestMapPin	Mappins.QuestStaticMappinDefinition		
mappin	-787.32	976.1	28.21	quests/minor_quest/mq055_romance_apartment/03_japantown/kerry_japantown/apartment	gameJournalQuestMapPin	Mappins.QuestStaticMappinDefinition		
mappin	-787.32	976.1	28.21	quests/minor_quest/mq055_romance_apartment/03_japantown/panam_japantown/apartment	gameJournalQuestMapPin	Mappins.QuestStaticMappinDefinition		
mappin	-787.32	976.1	28.21	quests/minor_quest/mq055_romance_apartment/03_japantown/river_japantown/apartment	gameJournalQuestMapPin	Mappins.QuestStaticMappinDefinition		
mappin	-1519.89	-976.56	86.75	quests/minor_quest/mq055_romance_apartment/04_heywood/judy_heywood/apartment	gameJournalQuestMapPin	Mappins.QuestStaticMappinDefinition		
mappin	-1519.89	-976.56	86.75	quests/minor_quest/mq055_romance_apartment/04_heywood/kerry_heywood/apartment	gameJournalQuestMapPin	Mappins.QuestStaticMappinDefinition		
mappin	-1519.89	-976.56	86.75	quests/minor_quest/mq055_romance_apartment/04_heywood/panam_heywood/apartment	gameJournalQuestMapPin	Mappins.QuestStaticMappinDefinition		
mappin	-1519.89	-976.56	86.75	quests/minor_quest/mq055_romance_apartment/04_heywood/river_heywood/apartment	gameJournalQuestMapPin	Mappins.QuestStaticMappinDefinition		
mappin	-1601.09	356.79	48.62	quests/minor_quest/mq055_romance_apartment/05_downtown/judy_downtown/apartment	gameJournalQuestMapPin	Mappins.QuestStaticMappinDefinition		
mappin	-1601.09	356.79	48.62	quests/minor_quest/mq055_romance_apartment/05_downtown/kerry_downtown/apartment	gameJournalQuestMapPin	Mappins.QuestStaticMappinDefinition		
mappin	-1601.09	356.79	48.62	quests/minor_quest/mq055_romance_apartment/05_downtown/panam_downtown/apartment	gameJournalQuestMapPin	Mappins.QuestStaticMappinDefinition		
mappin	-1601.09	356.79	48.62	quests/minor_quest/mq055_romance_apartment/05_downtown/river_downtown/apartment	gameJournalQuestMapPin	Mappins.QuestStaticMappinDefinition		
mappin	-1379.27	1268.987	122.765	quests/minor_quest/mq055_romance_apartment/06_date/judy_hang/judy_megabuilding	gameJournalQuestMapPin	Mappins.QuestStaticMappinDefinition		
mappin	-1507.072	2224.428	21.822	quests/minor_quest/mq055_romance_apartment/06_date/judy_hang/judy_northside	gameJournalQuestMapPin	Mappins.QuestStaticMappinDefinition		
mappin	-785.927	976.602	28.21	quests/minor_quest/mq055_romance_apartment/06_date/judy_hang/judy_japantown	gameJournalQuestMapPin	Mappins.QuestStaticMappinDefinition		
mappin	-1606.72	358.449	49.2	quests/minor_quest/mq055_romance_apartment/06_date/judy_hang/judy_downtown	gameJournalQuestMapPin	Mappins.QuestStaticMappinDefinition		
mappin	-1379.27	1268.987	122.765	quests/minor_quest/mq055_romance_apartment/06_date/kerry_hang/kerry_megabuilding	gameJournalQuestMapPin	Mappins.QuestStaticMappinDefinition		
mappin	-1507.072	2224.428	21.822	quests/minor_quest/mq055_romance_apartment/06_date/kerry_hang/kerry_northside	gameJournalQuestMapPin	Mappins.QuestStaticMappinDefinition		
mappin	-785.927	976.602	28.21	quests/minor_quest/mq055_romance_apartment/06_date/kerry_hang/kerry_japantown	gameJournalQuestMapPin	Mappins.QuestStaticMappinDefinition		
mappin	-1606.72	358.449	49.2	quests/minor_quest/mq055_romance_apartment/06_date/kerry_hang/kerry_downtown	gameJournalQuestMapPin	Mappins.QuestStaticMappinDefinition		
mappin	-1379.27	1268.987	122.765	quests/minor_quest/mq055_romance_apartment/06_date/panam_hang/panam_megabuilding	gameJournalQuestMapPin	Mappins.QuestStaticMappinDefinition		
mappin	-1507.072	2224.428	21.822	quests/minor_quest/mq055_romance_apartment/06_date/panam_hang/panam_northside	gameJournalQuestMapPin	Mappins.QuestStaticMappinDefinition		
mappin	-785.927	976.602	28.21	quests/minor_quest/mq055_romance_apartment/06_date/panam_hang/panam_japantown	gameJournalQuestMapPin	Mappins.QuestStaticMappinDefinition		
mappin	-1606.72	358.449	49.2	quests/minor_quest/mq055_romance_apartment/06_date/panam_hang/panam_downtown	gameJournalQuestMapPin	Mappins.QuestStaticMappinDefinition		
mappin	-1379.27	1268.987	122.765	quests/minor_quest/mq055_romance_apartment/06_date/river_hang/river_megabuilding	gameJournalQuestMapPin	Mappins.QuestStaticMappinDefinition		
mappin	-1507.072	2224.428	21.822	quests/minor_quest/mq055_romance_apartment/06_date/river_hang/river_northside	gameJournalQuestMapPin	Mappins.QuestStaticMappinDefinition		
mappin	-785.927	976.602	28.21	quests/minor_quest/mq055_romance_apartment/06_date/river_hang/river_japantown	gameJournalQuestMapPin	Mappins.QuestStaticMappinDefinition		
mappin	-1606.72	358.449	49.2	quests/minor_quest/mq055_romance_apartment/06_date/river_hang/river_downtown	gameJournalQuestMapPin	Mappins.QuestStaticMappinDefinition		
mappin	-1380.64	1270.08	123.48	quests/minor_quest/mq055_romance_apartment/06_date/judy_wait/wait_megabuilding	gameJournalQuestMapPin	Mappins.QuestStaticMappinDefinition		
mappin	-1506.24	2228.58	22.61	quests/minor_quest/mq055_romance_apartment/06_date/judy_wait/wait_northside	gameJournalQuestMapPin	Mappins.QuestStaticMappinDefinition		
mappin	-785.64	975.89	28.91	quests/minor_quest/mq055_romance_apartment/06_date/judy_wait/wait_japantown	gameJournalQuestMapPin	Mappins.QuestStaticMappinDefinition		
mappin	-1519.11	-975.12	87.18	quests/minor_quest/mq055_romance_apartment/06_date/judy_wait/wait_heywood	gameJournalQuestMapPin	Mappins.QuestStaticMappinDefinition		
mappin	-1601.81	357.77	49.06	quests/minor_quest/mq055_romance_apartment/06_date/judy_wait/wait_downtown	gameJournalQuestMapPin	Mappins.QuestStaticMappinDefinition		
mappin	-1380.64	1270.08	123.48	quests/minor_quest/mq055_romance_apartment/06_date/kerry_wait/wait_megabuilding	gameJournalQuestMapPin	Mappins.QuestStaticMappinDefinition		
mappin	-1601.81	357.77	49.06	quests/minor_quest/mq055_romance_apartment/06_date/kerry_wait/wait_downtown	gameJournalQuestMapPin	Mappins.QuestStaticMappinDefinition		
mappin	-1519.11	-975.12	87.18	quests/minor_quest/mq055_romance_apartment/06_date/kerry_wait/wait_heywood	gameJournalQuestMapPin	Mappins.QuestStaticMappinDefinition		
mappin	-785.64	975.89	28.91	quests/minor_quest/mq055_romance_apartment/06_date/kerry_wait/wait_japantown	gameJournalQuestMapPin	Mappins.QuestStaticMappinDefinition		
mappin	-1506.24	2228.58	22.61	quests/minor_quest/mq055_romance_apartment/06_date/kerry_wait/wait_northside	gameJournalQuestMapPin	Mappins.QuestStaticMappinDefinition		
mappin	-1380.64	1270.08	123.48	quests/minor_quest/mq055_romance_apartment/06_date/panam_wait/wait_megabuilding	gameJournalQuestMapPin	Mappins.QuestStaticMappinDefinition		
mappin	-1601.81	357.77	49.06	quests/minor_quest/mq055_romance_apartment/06_date/panam_wait/wait_downtown	gameJournalQuestMapPin	Mappins.QuestStaticMappinDefinition		
mappin	-1519.11	-975.12	87.18	quests/minor_quest/mq055_romance_apartment/06_date/panam_wait/wait_heywood	gameJournalQuestMapPin	Mappins.QuestStaticMappinDefinition		
mappin	-785.64	975.89	28.91	quests/minor_quest/mq055_romance_apartment/06_date/panam_wait/wait_japantown	gameJournalQuestMapPin	Mappins.QuestStaticMappinDefinition		
mappin	-1506.24	2228.58	22.61	quests/minor_quest/mq055_romance_apartment/06_date/panam_wait/wait_northside	gameJournalQuestMapPin	Mappins.QuestStaticMappinDefinition		
mappin	-1380.64	1270.08	123.48	quests/minor_quest/mq055_romance_apartment/06_date/river_wait/wait_megabuilding	gameJournalQuestMapPin	Mappins.QuestStaticMappinDefinition		
mappin	-1601.81	357.77	49.06	quests/minor_quest/mq055_romance_apartment/06_date/river_wait/wait_downtown	gameJournalQuestMapPin	Mappins.QuestStaticMappinDefinition		
mappin	-1519.11	-975.12	87.18	quests/minor_quest/mq055_romance_apartment/06_date/river_wait/wait_heywood	gameJournalQuestMapPin	Mappins.QuestStaticMappinDefinition		
mappin	-785.64	975.89	28.91	quests/minor_quest/mq055_romance_apartment/06_date/river_wait/wait_japantown	gameJournalQuestMapPin	Mappins.QuestStaticMappinDefinition		
mappin	-1506.24	2228.58	22.61	quests/minor_quest/mq055_romance_apartment/06_date/river_wait/wait_northside	gameJournalQuestMapPin	Mappins.QuestStaticMappinDefinition		
mappin	-1381.767	1270.795	120.514	quests/minor_quest/mq055_romance_apartment/06_date/leave_end/megabuilding	gameJournalQuestMapPin	Mappins.QuestStaticMappinDefinition		
mappin	-1505.317	2227.431	15.492	quests/minor_quest/mq055_romance_apartment/06_date/leave_end/northside	gameJournalQuestMapPin	Mappins.QuestStaticMappinDefinition		
mappin	-787.345	990.346	11.02	quests/minor_quest/mq055_romance_apartment/06_date/leave_end/japantown	gameJournalQuestMapPin	Mappins.QuestStaticMappinDefinition		
mappin	-1525.479	-994.348	6.556	quests/minor_quest/mq055_romance_apartment/06_date/leave_end/heywood	gameJournalQuestMapPin	Mappins.QuestStaticMappinDefinition		
mappin	-1601.045	339.508	6.726	quests/minor_quest/mq055_romance_apartment/06_date/leave_end/downtown	gameJournalQuestMapPin	Mappins.QuestStaticMappinDefinition		
mappin	-695.928	757.149	32.699	quests/minor_quest/mq037_brendan_dumpster/mq037_brendan_dumpster/00_push_dumpster/dumpster	gameJournalQuestMapPin	Mappins.QuestStaticMappinDefinition		
mappin	-693.131	761.747	35.695	quests/minor_quest/mq037_brendan_dumpster/mq037_brendan_dumpster/01_talk_brendan/brendan	gameJournalQuestMapPin	Mappins.QuestStaticMappinDefinition		
mappin	-1938.372	-958.851	7.731	quests/minor_quest/mq037_brendan/mq037_brendan/01_go_to_service/service_point	gameJournalQuestMapPin	Mappins.QuestStaticMappinDefinition		
mappin	-1945.595	-958.589	7.702	quests/minor_quest/mq037_brendan/mq037_brendan/02_find_brendan/service_point_area	gameJournalQuestMapPin	Mappins.QuestStaticMappinDefinition		
mappin	-1948.679	-952.408	7.675	quests/minor_quest/mq037_brendan/mq037_brendan/02_find_brendan/service_point_door	gameJournalQuestMapPin	Mappins.QuestStaticMappinDefinition		
mappin	-1951.778	-951.618	10.345	quests/minor_quest/mq037_brendan/mq037_brendan/03_talk_brendan/brendan	gameJournalQuestMapPin	Mappins.QuestStaticMappinDefinition		
mappin	-684.75	779.823	32.664	quests/minor_quest/mq037_brendan/mq037_brendan/04_talk_theo/theo	gameJournalQuestMapPin	Mappins.QuestDynamicMappinDefinition		
mappin	-1947.34	-963.507	11.371	quests/minor_quest/mq037_brendan/mq037_brendan/02c_destroy_turret/turret	gameJournalQuestMapPin	Mappins.QuestStaticMappinDefinition		
mappin	-691.281	965.984	12	quests/minor_quest/mq036_overload/mq036_overload/02_ask_stefan/stefan	gameJournalQuestMapPin	Mappins.QuestDynamicMappinDefinition		
mappin	-691.281	965.984	12	quests/minor_quest/mq036_overload/mq036_overload/03_follow_stefan/stefan	gameJournalQuestMapPin	Mappins.QuestDynamicMappinDefinition		
mappin	-696.679	959.15	12.577	quests/minor_quest/mq036_overload/mq036_overload/04_use_stefan_player/bd_player	gameJournalQuestMapPin	Mappins.QuestStaticMappinDefinition		
mappin	-467.424	376.828	132	quests/minor_quest/mq036_overload/mq036_overload/05_escape_hideout/hideout_exit	gameJournalQuestMapPin	Mappins.QuestStaticMappinDefinition		
mappin	-439.011	412.838	133.202	quests/minor_quest/mq036_overload/mq036_overload/05_escape_hideout/elevator	gameJournalQuestMapPin	Mappins.QuestStaticMappinDefinition		
mappin	-468.611	401.045	130.983	quests/minor_quest/mq036_overload/mq036_overload/05b_retrieve_equipment/stolen_equipment_area	gameJournalQuestMapPin	Mappins.QuestStaticMappinDefinition		
mappin	-691.281	965.984	12	quests/minor_quest/mq036_overload/mq036_overload/06_confront_stefan/stefan	gameJournalQuestMapPin	Mappins.QuestDynamicMappinDefinition		
mappin	-691.281	965.984	12	quests/minor_quest/mq036_overload/mq036_overload/07_kill_stefan/stefan	gameJournalQuestMapPin	Mappins.QuestDynamicMappinDefinition		
mappin	-691.281	965.984	12	quests/minor_quest/mq036_overload/mq036_overload/00_talk_stefan/stefan	gameJournalQuestMapPin	Mappins.QuestDynamicMappinDefinition		
mappin	-478.116	406.787	133.427	quests/minor_quest/mq036_overload/mq036_overload/05c_retrieve_equipment_2/stolen_equipment	gameJournalQuestMapPin	Mappins.QuestStaticMappinDefinition		
mappin	-1542.592	1230.243	11.519	quests/minor_quest/mq033_tarot/mq033_tarot/01_talk_to_victor/victor_mappin	gameJournalQuestMapPin	Mappins.QuestStaticMappinDefinition		
mappin	-706.218	920.659	11.051	quests/minor_quest/mq035_ozob/mq035_ozob/02_meet_ozob/meet_spot	gameJournalQuestMapPin	Mappins.QuestStaticMappinDefinition		
mappin	-1572.92	1213.573	17.522	quests/minor_quest/mq035_ozob/mq035_ozob/03_drive_to_casino/robbery_spot	gameJournalQuestMapPin	Mappins.QuestStaticMappinDefinition		
mappin	-1472.438	2363.188	18.19	quests/minor_quest/mq035_ozob/mq035_ozob/05_drive_to_ambush/ambush_parking	gameJournalQuestMapPin	Mappins.QuestStaticMappinDefinition		
mappin	-1577.793	1202.832	17.166	quests/minor_quest/mq035_ozob/mq035_ozob/06_kill_enemies/enemy_01	gameJournalQuestMapPin	Mappins.QuestDynamicMappinDefinition		
mappin	-1577.793	1202.832	17.166	quests/minor_quest/mq035_ozob/mq035_ozob/06_kill_enemies/enemy_02	gameJournalQuestMapPin	Mappins.QuestDynamicMappinDefinition		
mappin	-1577.793	1202.832	17.166	quests/minor_quest/mq035_ozob/mq035_ozob/06_kill_enemies/enemy_03	gameJournalQuestMapPin	Mappins.QuestDynamicMappinDefinition		
mappin	-1577.793	1202.832	17.166	quests/minor_quest/mq035_ozob/mq035_ozob/06_kill_enemies/enemy_04	gameJournalQuestMapPin	Mappins.QuestDynamicMappinDefinition		
mappin	-1577.793	1202.832	17.166	quests/minor_quest/mq035_ozob/mq035_ozob/06_kill_enemies/enemy_05	gameJournalQuestMapPin	Mappins.QuestDynamicMappinDefinition		
mappin	-1577.793	1202.832	17.166	quests/minor_quest/mq035_ozob/mq035_ozob/06_kill_enemies/enemy_06	gameJournalQuestMapPin	Mappins.QuestDynamicMappinDefinition		
mappin	-868.7	1103.49	21.12	quests/minor_quest/mq029_tourist/mq029_tourist_new/mq029_confront_james/mappin_james	gameJournalQuestMapPin	Mappins.QuestDynamicMappinDefinition		
mappin	-1345.25	-639.375	7.703	quests/minor_quest/mq029_tourist/mq029_tourist_new/mq029_find_josie_new/mappin_area	gameJournalQuestMapPin	Mappins.QuestStaticMappinDefinition		
mappin	569.105	-2213.07	36.164	quests/minor_quest/mq029_tourist/mq029_tourist_new/mq029_pick_up_photo/mappin_photo	gameJournalQuestMapPin	Mappins.QuestStaticMappinDefinition		
mappin	-2156.284	2880.626	7.204	quests/minor_quest/mq032_sacrum/mq032_sacrum/01_hook/brother	gameJournalQuestMapPin	Mappins.QuestDynamicMappinDefinition		
mappin	-2167.039	2873.57	7.11	quests/minor_quest/mq032_sacrum/mq032_sacrum/02_maelstrom/area_mp	gameJournalQuestMapPin	Mappins.QuestStaticMappinDefinition		
mappin	-2156.284	2880.626	7.204	quests/minor_quest/mq032_sacrum/mq032_sacrum/03_monk/brother	gameJournalQuestMapPin	Mappins.QuestDynamicMappinDefinition		
mappin	-2148.717	2883.161	8.354	quests/minor_quest/mq032_sacrum/mq032_sacrum/04_loot/cyberware	gameJournalQuestMapPin	Mappins.QuestStaticMappinDefinition		
mappin	-1877.956	83.043	7.52	quests/minor_quest/mq030_melisa/01_melisa/01_defeat_psycho/psycho	gameJournalQuestMapPin	Mappins.QuestDynamicMappinDefinition		
mappin	-1877.956	83.043	7.52	quests/minor_quest/mq030_melisa/01_melisa/02_approach_max_tac/melisa	gameJournalQuestMapPin	Mappins.QuestDynamicMappinDefinition		
mappin	-1888.097	88.883	8.216	quests/minor_quest/mq030_melisa/01_melisa/03_sit_down/sit	gameJournalQuestMapPin	Mappins.QuestStaticMappinDefinition		
mappin	-1877.956	83.043	7.52	quests/minor_quest/mq030_melisa/01_melisa/04_talk_to_melisa/melisa	gameJournalQuestMapPin	Mappins.QuestDynamicMappinDefinition		
mappin	-494.318	-1916.079	-10.563	quests/minor_quest/mq025_07_fight_club/club/07_fight/mp	gameJournalQuestMapPin	Mappins.QuestDynamicMappinDefinition		
mappin	-494.634	-1931.069	8.53	quests/minor_quest/mq025_07_fight_club/club/07_club_fight/mp	gameJournalQuestMapPin	Mappins.QuestStaticMappinDefinition		
mappin	-494.318	-1916.079	-10.563	quests/minor_quest/mq025_07_fight_club/club/07_talk/mp	gameJournalQuestMapPin	Mappins.QuestDynamicMappinDefinition		
mappin	-2119.358	-1999.766	16.282	quests/minor_quest/mq025_06_pacifica/pacifica/06_pacifica_fight/mp	gameJournalQuestMapPin	Mappins.QuestStaticMappinDefinition		
mappin	-2129.077	-2017.991	-5.541	quests/minor_quest/mq025_06_pacifica/pacifica/06_talk_announcer/mp	gameJournalQuestMapPin	Mappins.QuestDynamicMappinDefinition		
mappin	-916.477	2002.957	44.382	quests/minor_quest/mq026_conspiracy/stash/01_01_find_stash/cargo_factory	gameJournalQuestMapPin	Mappins.QuestStaticMappinDefinition		
mappin	-916.36	1998.931	39.615	quests/minor_quest/mq026_conspiracy/stash/01_02_find_stash/fightarea	gameJournalQuestMapPin	Mappins.QuestStaticMappinDefinition		
mappin	-910.258	2001.344	44.363	quests/minor_quest/mq026_conspiracy/stash/01_03_loot_corpse/01_03_loot	gameJournalQuestMapPin	Mappins.QuestDynamicMappinDefinition		
mappin	-842.648	1841.828	36.147	quests/minor_quest/mq026_conspiracy/stash/01_03_loot_corpse/carrier	gameJournalQuestMapPin	Mappins.QuestDynamicMappinDefinition		
mappin	-916.477	2002.957	44.382	quests/minor_quest/mq026_conspiracy/stash/01_02a_suspicious/cargo_factory	gameJournalQuestMapPin	Mappins.QuestStaticMappinDefinition		
mappin	-842.648	1841.828	36.147	quests/minor_quest/mq026_conspiracy/stash/01_04_confront/01_03_loot	gameJournalQuestMapPin	Mappins.QuestDynamicMappinDefinition		
mappin	-957.218	1999.992	44.374	quests/minor_quest/mq026_conspiracy/stash/01_05_hide/hiding_place	gameJournalQuestMapPin	Mappins.QuestStaticMappinDefinition		
mappin	-923.083	1943.135	36.613	quests/minor_quest/mq026_conspiracy/stash/01_01b_return_factory/cargo_factory	gameJournalQuestMapPin	Mappins.QuestStaticMappinDefinition		
mappin	-1554.566	1197.329	17.15	quests/minor_quest/mq026_conspiracy/stash/01_07_return/prophet	gameJournalQuestMapPin	Mappins.QuestStaticMappinDefinition		
mappin	-951.953	2004.623	44.267	quests/minor_quest/mq026_conspiracy/stash/01_05b_wait/hiding_place	gameJournalQuestMapPin	Mappins.QuestStaticMappinDefinition		
mappin	-2140.343	945.598	-30.925	quests/minor_quest/mq026_conspiracy/stash/01_08_what/disciple	gameJournalQuestMapPin	Mappins.QuestDynamicMappinDefinition		
mappin	-2140.343	945.598	-30.925	quests/minor_quest/mq026_conspiracy/stash/01_07b_disciple/disciple	gameJournalQuestMapPin	Mappins.QuestDynamicMappinDefinition		
mappin	-842.648	1841.828	36.147	quests/minor_quest/mq026_conspiracy/stash/01_06b_take_out_carrier/mib2	gameJournalQuestMapPin	Mappins.QuestDynamicMappinDefinition		
mappin	-1174.521	2080.465	12.488	quests/minor_quest/mq028_stalker/mq028_stalker/find_blue/bench	gameJournalQuestMapPin	Mappins.QuestStaticMappinDefinition		
mappin	-1185.492	2081.861	11.981	quests/minor_quest/mq028_stalker/mq028_stalker/02_watch/blue_moon	gameJournalQuestMapPin	Mappins.QuestDynamicMappinDefinition		
mappin	-1185.492	2081.861	11.981	quests/minor_quest/mq028_stalker/mq028_stalker/03_defeat/stalker	gameJournalQuestMapPin	Mappins.QuestDynamicMappinDefinition		
mappin	-1185.492	2081.861	11.981	quests/minor_quest/mq028_stalker/mq028_stalker/04_talk/stalker	gameJournalQuestMapPin	Mappins.QuestDynamicMappinDefinition		
mappin	-1185.492	2081.861	11.981	quests/minor_quest/mq028_stalker/mq028_stalker/06b_kill/stalker	gameJournalQuestMapPin	Mappins.QuestDynamicMappinDefinition		
mappin	-1185.492	2081.861	11.981	quests/minor_quest/mq028_stalker/mq028_stalker/06c_jail/blue_moon	gameJournalQuestMapPin	Mappins.QuestDynamicMappinDefinition		
mappin	-1185.492	2081.861	11.981	quests/minor_quest/mq028_stalker/mq028_stalker/03b_evidence/stalker	gameJournalQuestMapPin	Mappins.QuestDynamicMappinDefinition		
mappin	-1185.492	2081.861	11.981	quests/minor_quest/mq028_stalker/mq028_stalker/04a_wait_bm/stalker	gameJournalQuestMapPin	Mappins.QuestDynamicMappinDefinition		
mappin	-1185.492	2081.861	11.981	quests/minor_quest/mq028_stalker/mq028_stalker/08_talk_bm/blue_moon	gameJournalQuestMapPin	Mappins.QuestDynamicMappinDefinition		
mappin	-1788.999	-1268.192	22.451	quests/minor_quest/mq025_05_glen/glen/05_glen_fight/mp	gameJournalQuestMapPin	Mappins.QuestStaticMappinDefinition		
mappin	-1792.283	-1272.026	3.358	quests/minor_quest/mq025_05_glen/glen/05_fight/mp	gameJournalQuestMapPin	Mappins.QuestDynamicMappinDefinition		
mappin	-1792.283	-1272.026	3.358	quests/minor_quest/mq025_05_glen/glen/05_talk/mp	gameJournalQuestMapPin	Mappins.QuestDynamicMappinDefinition		
mappin	-2274.9	-2103.421	14.727	quests/minor_quest/mq025_psycho_brawl/psycho_brawl/return/mp	gameJournalQuestMapPin	Mappins.QuestStaticMappinDefinition		
mappin	-2359.923	-2026.093	15.307	quests/minor_quest/mq025_psycho_brawl/psycho_brawl/return/mp1	gameJournalQuestMapPin	Mappins.QuestStaticMappinDefinition		
mappin	-2363.614	-2020.12	12.74	quests/minor_quest/mq025_psycho_brawl/psycho_brawl/fight_mrellis/mp	gameJournalQuestMapPin	Mappins.QuestDynamicMappinDefinition		
mappin	-2363.001	-2026.324	15.811	quests/minor_quest/mq025_psycho_brawl/psycho_brawl/ring/mp	gameJournalQuestMapPin	Mappins.QuestStaticMappinDefinition		
mappin	-2363.614	-2020.12	12.74	quests/minor_quest/mq025_psycho_brawl/psycho_brawl/victor/mp	gameJournalQuestMapPin	Mappins.QuestDynamicMappinDefinition		
mappin	-2285.017	-2115.212	13.927	quests/minor_quest/mq025_psycho_brawl/psycho_brawl/wait_03/mp	gameJournalQuestMapPin	Mappins.QuestStaticMappinDefinition		
mappin	-1428.427	1333.494	119.415	quests/minor_quest/mq025_psycho_brawl/fistfight/fight/robot_mp	gameJournalQuestMapPin	Mappins.QuestDynamicMappinDefinition		
mappin	-1428.427	1333.494	119.415	quests/minor_quest/mq025_psycho_brawl/fistfight/repeat_until_win/robot_mp1	gameJournalQuestMapPin	Mappins.QuestDynamicMappinDefinition		
mappin	-1430.865	1331.285	119.306	quests/minor_quest/mq025_psycho_brawl/fistfight/enter_ring/ring_mp	gameJournalQuestMapPin	Mappins.QuestStaticMappinDefinition		
mappin	-2363.614	-2020.12	12.74	quests/minor_quest/mq025_psycho_brawl/fistfight/talk_razor/mp	gameJournalQuestMapPin	Mappins.QuestDynamicMappinDefinition		
mappin	-1051.784	1848.342	38.885	quests/minor_quest/mq025_psycho_brawl/find_fights/find_kabuki/kabuki_mp	gameJournalQuestMapPin	Mappins.QuestStaticMappinDefinition		
mappin	-1035.992	1837.09	42.814	quests/minor_quest/mq025_psycho_brawl/find_fights/find_kabuki/kabuki_mp1	gameJournalQuestMapPin	Mappins.QuestStaticMappinDefinition		
mappin	-1029.774	1810.627	46.174	quests/minor_quest/mq025_psycho_brawl/find_fights/find_kabuki/kabuki_mp2	gameJournalQuestMapPin	Mappins.QuestStaticMappinDefinition		
mappin	-979.177	-1589.493	10.93	quests/minor_quest/mq025_psycho_brawl/find_fights/fin_arroyo/mp	gameJournalQuestMapPin	Mappins.QuestStaticMappinDefinition		
mappin	-1788.999	-1268.192	22.451	quests/minor_quest/mq025_psycho_brawl/find_fights/find_glen/mp	gameJournalQuestMapPin	Mappins.QuestStaticMappinDefinition		
mappin	-2119.358	-1999.766	16.282	quests/minor_quest/mq025_psycho_brawl/find_fights/find_pacifica/mp	gameJournalQuestMapPin	Mappins.QuestStaticMappinDefinition		
mappin	-494.634	-1931.069	8.53	quests/minor_quest/mq025_psycho_brawl/find_fights/find_club/mp	gameJournalQuestMapPin	Mappins.QuestStaticMappinDefinition		
mappin	-979.177	-1589.493	10.93	quests/minor_quest/mq025_03_arroyo/arroyo/03_arroyo_fight/mp	gameJournalQuestMapPin	Mappins.QuestStaticMappinDefinition		
mappin	-985.384	-1605.102	-7.899	quests/minor_quest/mq025_03_arroyo/arroyo/03_fight/mp	gameJournalQuestMapPin	Mappins.QuestDynamicMappinDefinition		
mappin	-985.384	-1605.102	-7.899	quests/minor_quest/mq025_03_arroyo/arroyo/03_talk/mp	gameJournalQuestMapPin	Mappins.QuestDynamicMappinDefinition		
mappin	-1113.007	2147.909	13.303	quests/minor_quest/mq024_sandra/mq024_sandra/01_find_data_carrier/data_carrier_mp	gameJournalQuestMapPin	Mappins.QuestStaticMappinDefinition		
mappin	-446.133	417.619	132.002	quests/minor_quest/mq024_sandra/mq024_sandra/03_meet_sandra/sandra_mp	gameJournalQuestMapPin	Mappins.QuestDynamicMappinDefinition		
mappin	-1283.196	1518.681	46.545	quests/minor_quest/mq024_sandra/mq024_sandra/03_meet_sandra/sandra_door_mp	gameJournalQuestMapPin	Mappins.QuestStaticMappinDefinition		
mappin	-446.133	417.619	132.002	quests/minor_quest/mq024_sandra/mq024_sandra/04_defeat_sandra/sandra_mp	gameJournalQuestMapPin	Mappins.QuestDynamicMappinDefinition		
mappin	-1051.784	1848.342	38.885	quests/minor_quest/mq025_02_kabuki/kabuki/02_kabuki_fight/kabuki_mp	gameJournalQuestMapPin	Mappins.QuestStaticMappinDefinition		
mappin	-1035.992	1837.09	42.814	quests/minor_quest/mq025_02_kabuki/kabuki/02_kabuki_fight/kabuki_mp1	gameJournalQuestMapPin	Mappins.QuestStaticMappinDefinition		
mappin	-1029.774	1810.627	46.174	quests/minor_quest/mq025_02_kabuki/kabuki/02_kabuki_fight/kabuki_mp2	gameJournalQuestMapPin	Mappins.QuestStaticMappinDefinition		
mappin	-1025.645	1815.126	27.345	quests/minor_quest/mq025_02_kabuki/kabuki/02_talk/mp	gameJournalQuestMapPin	Mappins.QuestDynamicMappinDefinition		
mappin	-1025.645	1815.126	27.345	quests/minor_quest/mq025_02_kabuki/kabuki/04_fight/mp	gameJournalQuestMapPin	Mappins.QuestDynamicMappinDefinition		
mappin	-1025.645	1815.126	27.345	quests/minor_quest/mq025_02_kabuki/kabuki/04_fight/mp1	gameJournalQuestMapPin	Mappins.QuestDynamicMappinDefinition		
mappin	-1032.647	1809.485	43.045	quests/minor_quest/mq025_02_kabuki/kabuki/04_fight/area	gameJournalQuestMapPin	Mappins.QuestStaticMappinDefinition		
mappin	-547.811	-770.716	8.244	quests/minor_quest/mq022_ezekiel/mq022_ezekiel/02_decide/mp_goon1	gameJournalQuestMapPin	Mappins.QuestDynamicMappinDefinition		
mappin	-539.744	-740.88	7.804	quests/minor_quest/mq022_ezekiel/mq022_ezekiel/02_decide/mp_area	gameJournalQuestMapPin	Mappins.QuestStaticMappinDefinition		
mappin	-547.811	-770.716	8.244	quests/minor_quest/mq022_ezekiel/mq022_ezekiel/03_outcome/mp_owner	gameJournalQuestMapPin	Mappins.QuestDynamicMappinDefinition		
mappin	-657.792	924.442	12.5	quests/minor_quest/mq023_bootleg/mq023_bootleg/02_go_to_venue/venue	gameJournalQuestMapPin	Mappins.QuestStaticMappinDefinition		
mappin	-1310.701	1842.484	18.19	quests/minor_quest/mq021_guide/mq021_guide/04_meeting/mp_watson	gameJournalQuestMapPin	Mappins.QuestStaticMappinDefinition		
mappin	-1314.385	1845.911	18.19	quests/minor_quest/mq021_guide/mq021_guide/05_participate_meeting/mp_doctor	gameJournalQuestMapPin	Mappins.QuestDynamicMappinDefinition		
mappin	-1318.156	1849.656	18.2	quests/minor_quest/mq021_guide/mq021_guide/06_defend/mp_sec_1	gameJournalQuestMapPin	Mappins.QuestStaticMappinDefinition		
mappin	-1314.385	1845.911	18.19	quests/minor_quest/mq021_guide/mq021_guide/07_confront_doctor/mp_doctor	gameJournalQuestMapPin	Mappins.QuestDynamicMappinDefinition		
mappin	1801.091	2245.712	180.669	quests/minor_quest/mq021_guide/mq021_guide/08_outcome/mp_camp	gameJournalQuestMapPin	Mappins.QuestStaticMappinDefinition		
mappin	-1315.253	1838.503	18.72	quests/minor_quest/mq021_guide/mq021_guide/07_2_get_suitcase/mp_suitcase	gameJournalQuestMapPin	Mappins.QuestStaticMappinDefinition		
mappin	-1314.385	1845.911	18.19	quests/minor_quest/mq021_guide/mq021_guide/07_1_kill_doctor/mp_doctor	gameJournalQuestMapPin	Mappins.QuestDynamicMappinDefinition		
mappin	-304.925	-158.372	-0.41	quests/minor_quest/mq015_wizardbook/02_restaurant/01_talk_with_seller/seller	gameJournalQuestMapPin	Mappins.QuestDynamicMappinDefinition		
mappin	-304.925	-158.372	-0.41	quests/minor_quest/mq015_wizardbook/02_restaurant/02_defeat_seller/seller	gameJournalQuestMapPin	Mappins.QuestDynamicMappinDefinition		
mappin	-172.964	-101.532	16.192	quests/minor_quest/mq015_wizardbook/02_restaurant/03_check_computer/mq015_seller_laptop	gameJournalQuestMapPin	Mappins.QuestStaticMappinDefinition		
mappin	-171.872	-109.324	15.1	quests/minor_quest/mq015_wizardbook/02_restaurant/00_go_to_coordinates/mq015_tr_restaurant	gameJournalQuestMapPin	Mappins.QuestStaticMappinDefinition		
mappin	-171.872	-109.324	15.1	quests/minor_quest/mq015_wizardbook/02_restaurant/00_go_to_coordinates1/mq015_tr_restaurant	gameJournalQuestMapPin	Mappins.QuestStaticMappinDefinition		
mappin	-172.964	-101.532	16.192	quests/minor_quest/mq015_wizardbook/02_restaurant/04_steal_data/mq015_seller_laptop	gameJournalQuestMapPin	Mappins.QuestStaticMappinDefinition		
mappin	-224.242	-97.566	2.99	quests/minor_quest/mq015_wizardbook/03_stash/01_go_to_coordinates/mq015_tr_stash	gameJournalQuestMapPin	Mappins.QuestStaticMappinDefinition		
mappin	-224.079	-97.845	3.093	quests/minor_quest/mq015_wizardbook/03_stash/03_open_stash/mq015_stash	gameJournalQuestMapPin	Mappins.QuestStaticMappinDefinition		
mappin	-224.079	-97.845	3.093	quests/minor_quest/mq015_wizardbook/03_stash/04_take_wizardbook/mq015_wizardbook	gameJournalQuestMapPin	Mappins.QuestStaticMappinDefinition		
mappin	-968.22	-1659.83	10.41	quests/minor_quest/mq017_streetkid/mq017_streetkid/03_follow_kirk/meeting_spot	gameJournalQuestMapPin	Mappins.QuestStaticMappinDefinition		
mappin	-972.99	-1655.13	9.96	quests/minor_quest/mq017_streetkid/mq017_streetkid/04_confront_thugs/thomas	gameJournalQuestMapPin	Mappins.QuestDynamicMappinDefinition		
mappin	-972.99	-1655.13	9.96	quests/minor_quest/mq017_streetkid/mq017_streetkid/05_defeat_thugs/thomas	gameJournalQuestMapPin	Mappins.QuestDynamicMappinDefinition		
mappin	-972.99	-1655.13	9.96	quests/minor_quest/mq017_streetkid/mq017_streetkid/05_defeat_thugs/thug_01	gameJournalQuestMapPin	Mappins.QuestDynamicMappinDefinition		
mappin	-972.99	-1655.13	9.96	quests/minor_quest/mq017_streetkid/mq017_streetkid/05_defeat_thugs/thug_02	gameJournalQuestMapPin	Mappins.QuestDynamicMappinDefinition		
mappin	-972.99	-1655.13	9.96	quests/minor_quest/mq017_streetkid/mq017_streetkid/05_defeat_thugs/thug_03	gameJournalQuestMapPin	Mappins.QuestDynamicMappinDefinition		
mappin	-1025.09	-1713.03	11.01	quests/minor_quest/mq017_streetkid/mq017_streetkid/03a_look_for_delivery_truck/garage_area	gameJournalQuestMapPin	Mappins.QuestStaticMappinDefinition		
mappin	-1034.96	-1703.04	12.44	quests/minor_quest/mq017_streetkid/mq017_streetkid/03b_look_inside/truck	gameJournalQuestMapPin	Mappins.QuestStaticMappinDefinition		
mappin	-1034.317	-1702.086	10.392	quests/minor_quest/mq017_streetkid/mq017_streetkid/03c_open_container/container	gameJournalQuestMapPin	Mappins.QuestStaticMappinDefinition		
mappin	-970.17	-1656.78	10.41	quests/minor_quest/mq017_streetkid/mq017_streetkid/03d_get_back_to_kirk/meeting_spot	gameJournalQuestMapPin	Mappins.QuestStaticMappinDefinition		
mappin	-972.99	-1655.13	9.96	quests/minor_quest/mq017_streetkid/mq017_streetkid/03aa_neutralize_garage_guard/thug_02	gameJournalQuestMapPin	Mappins.QuestDynamicMappinDefinition		
mappin	-972.99	-1655.13	9.96	quests/minor_quest/mq017_streetkid/mq017_streetkid/03aa_neutralize_garage_guard/thug_01	gameJournalQuestMapPin	Mappins.QuestDynamicMappinDefinition		
mappin	-972.99	-1655.13	9.96	quests/minor_quest/mq017_streetkid/mq017_streetkid/03aa_neutralize_garage_guard/thug_03	gameJournalQuestMapPin	Mappins.QuestDynamicMappinDefinition		
mappin	-972.99	-1655.13	9.96	quests/minor_quest/mq017_streetkid/mq017_streetkid/03aa_neutralize_garage_guard/thug_04	gameJournalQuestMapPin	Mappins.QuestDynamicMappinDefinition		
mappin	-972.99	-1655.13	9.96	quests/minor_quest/mq017_streetkid/mq017_streetkid/03aa_neutralize_garage_guard/thug_05	gameJournalQuestMapPin	Mappins.QuestDynamicMappinDefinition		
mappin	-1025.07	-1703.514	11.02	quests/minor_quest/mq017_streetkid/mq017_streetkid/03aa_neutralize_garage_guard/area	gameJournalQuestMapPin	Mappins.QuestStaticMappinDefinition		
mappin	-1268.429	-989.74	16.51	quests/minor_quest/mq017_streetkid/mq017_streetkid/03__b_sit_down_on_the_couch/sofa	gameJournalQuestMapPin	Mappins.QuestStaticMappinDefinition		
mappin	-1159.201	1333.69	20.075	quests/minor_quest/mq019_paparazzi/01_notell_motel/01_go_to_notell_motel/mq019_tr_notell_motel	gameJournalQuestMapPin	Mappins.QuestStaticMappinDefinition		
mappin	-1198.587	1325.726	28	quests/minor_quest/mq019_paparazzi/01_notell_motel/01_go_to_notell_motel/mq019_tr_enter_room	gameJournalQuestMapPin	Mappins.QuestStaticMappinDefinition		
mappin	-1200.01	1314.925	28.517	quests/minor_quest/mq019_paparazzi/01_notell_motel/02a_sit_down/mq019_01_ch_sit_down	gameJournalQuestMapPin	Mappins.QuestStaticMappinDefinition		
mappin	-1652.649	1000.903	23.794	quests/minor_quest/mq019_paparazzi/03_riot_night_club/01_go_to_riot/mq019_tr_night_club	gameJournalQuestMapPin	Mappins.QuestStaticMappinDefinition		
mappin	-1639.129	1028.078	24.694	quests/minor_quest/mq019_paparazzi/03_riot_night_club/02_ask_about_liam/girl_01	gameJournalQuestMapPin	Mappins.QuestDynamicMappinDefinition		
mappin	-1639.129	1028.078	24.694	quests/minor_quest/mq019_paparazzi/03_riot_night_club/02_ask_about_liam/junkie_01	gameJournalQuestMapPin	Mappins.QuestDynamicMappinDefinition		
mappin	-1629.084	1023.215	25.254	quests/minor_quest/mq019_paparazzi/03_riot_night_club/02_ask_about_liam/mq019_tr_night_club	gameJournalQuestMapPin	Mappins.QuestStaticMappinDefinition		
mappin	-1629.084	1023.215	25.254	quests/minor_quest/mq019_paparazzi/03_riot_night_club/02_find_liam/mq019_tr_night_club	gameJournalQuestMapPin	Mappins.QuestStaticMappinDefinition		
mappin	-1635.079	1010.92	32.814	quests/minor_quest/mq019_paparazzi/03_riot_night_club/03_check_vip_lounge/mq019_tr_vip_lounge	gameJournalQuestMapPin	Mappins.QuestStaticMappinDefinition		
mappin	-1623.201	1004.068	24.884	quests/minor_quest/mq019_paparazzi/03_riot_night_club/03_check_vip_lounge/mq019_tr_security_area	gameJournalQuestMapPin	Mappins.QuestStaticMappinDefinition		
mappin	-1629.123	1001.314	24.994	quests/minor_quest/mq019_paparazzi/03_riot_night_club/03_check_vip_lounge/mq019_02_dvc_lift_vip_lounge	gameJournalQuestMapPin	Mappins.QuestStaticMappinDefinition		
mappin	-1630.239	1010.366	32.684	quests/minor_quest/mq019_paparazzi/03_riot_night_club/03_check_vip_lounge/mq019_03_tr_vip_lounge_overheard	gameJournalQuestMapPin	Mappins.QuestStaticMappinDefinition		
mappin	-1639.129	1028.078	24.694	quests/minor_quest/mq019_paparazzi/03_riot_night_club/03a_confront_liam/liam	gameJournalQuestMapPin	Mappins.QuestDynamicMappinDefinition		
mappin	-1639.129	1028.078	24.694	quests/minor_quest/mq019_paparazzi/03_riot_night_club/03b_defeat_security/security_01	gameJournalQuestMapPin	Mappins.QuestStaticMappinDefinition		
mappin	-1639.129	1028.078	24.694	quests/minor_quest/mq019_paparazzi/03_riot_night_club/03b_defeat_security/security_02	gameJournalQuestMapPin	Mappins.QuestStaticMappinDefinition		
mappin	-1621.081	1004.594	26.297	quests/minor_quest/mq019_paparazzi/03_riot_night_club/05_steal_recordings/mq019_dvc_computer_security	gameJournalQuestMapPin	Mappins.QuestStaticMappinDefinition		
mappin	-1630.239	1010.366	32.684	quests/minor_quest/mq019_paparazzi/03_riot_night_club/03b_leave_vip_lounge/exit	gameJournalQuestMapPin	Mappins.QuestStaticMappinDefinition		
mappin	-1623.201	1004.068	24.884	quests/minor_quest/mq019_paparazzi/03_riot_night_club/02b_break_into_security/mq019_tr_security_area	gameJournalQuestMapPin	Mappins.QuestStaticMappinDefinition		
mappin	-1621.081	1004.594	26.297	quests/minor_quest/mq019_paparazzi/03_riot_night_club/02d_check_cameras/mq019_dvc_computer_security	gameJournalQuestMapPin	Mappins.QuestStaticMappinDefinition		
mappin	-1621.081	1004.594	26.297	quests/minor_quest/mq019_paparazzi/03_riot_night_club/02c_check_computer/mq019_dvc_computer_security	gameJournalQuestMapPin	Mappins.QuestStaticMappinDefinition		
mappin	-1199.479	1323.784	28	quests/minor_quest/mq019_paparazzi/06_finale/02_go_to_notell/mq019_tr_enter_room	gameJournalQuestMapPin	Mappins.QuestStaticMappinDefinition		
mappin	-1157.973	1333.867	19.98	quests/minor_quest/mq019_paparazzi/06_finale/02_go_to_notell/mq019_tr_notell_motel	gameJournalQuestMapPin	Mappins.QuestStaticMappinDefinition		
mappin	-1127.774	1335.06	27.83	quests/minor_quest/mq019_paparazzi/06_finale/04_move_body/mq019_liam_body	gameJournalQuestMapPin	Mappins.QuestDynamicMappinDefinition		
mappin	-1199.414	1293.678	18.17	quests/minor_quest/mq019_paparazzi/06_finale/04_move_body/mq019_dvc_disposal_broken_car	gameJournalQuestMapPin	Mappins.QuestStaticMappinDefinition		
mappin	-1179.585	1304.094	18.64	quests/minor_quest/mq019_paparazzi/06_finale/04_move_body/mq019_dvc_disposal_device_large_dumpster	gameJournalQuestMapPin	Mappins.QuestStaticMappinDefinition		
mappin	-1158.084	1317.232	28	quests/minor_quest/mq019_paparazzi/06_finale/04_move_body/mq019_dvc_disposal_device_chute	gameJournalQuestMapPin	Mappins.QuestStaticMappinDefinition		
mappin	-1624.692	-383.435	-13.654	quests/minor_quest/mq014_zen/01_hook/01_approach_master/master_mp	gameJournalQuestMapPin	Mappins.QuestDynamicMappinDefinition		
mappin	-1624.692	-383.435	-13.654	quests/minor_quest/mq014_zen/01_hook/02_talk_sranger/master_mp	gameJournalQuestMapPin	Mappins.QuestDynamicMappinDefinition		
mappin	-1624.692	-383.435	-13.654	quests/minor_quest/mq014_zen/01_hook/03_come_back/master_mp	gameJournalQuestMapPin	Mappins.QuestDynamicMappinDefinition		
mappin	-1624.692	-383.435	-13.654	quests/minor_quest/mq014_04_fourth/04_fourth/01_approach_master/master_mp	gameJournalQuestMapPin	Mappins.QuestDynamicMappinDefinition		
mappin	-1624.692	-383.435	-13.654	quests/minor_quest/mq014_04_fourth/04_fourth/02_talk_sranger/master_mp	gameJournalQuestMapPin	Mappins.QuestDynamicMappinDefinition		
mappin	-1624.692	-383.435	-13.654	quests/minor_quest/mq014_04_fourth/04_fourth/03_come_back/master_mp	gameJournalQuestMapPin	Mappins.QuestDynamicMappinDefinition		
mappin	1553.937	-1983.778	73.444	quests/minor_quest/mq016_bartmoss/01_warehouse/01_open_coffin/mq016_cryofreezer	gameJournalQuestMapPin	Mappins.QuestStaticMappinDefinition		
mappin	1553.937	-1983.778	73.444	quests/minor_quest/mq016_bartmoss/01_warehouse/03_scan_coffin/mq016_cryofreezer	gameJournalQuestMapPin	Mappins.QuestStaticMappinDefinition		
mappin	1553.929	-1983.99	73.918	quests/minor_quest/mq016_bartmoss/01_warehouse/04_take_cyberdeck/mq016_bartmoss_cyberdeck	gameJournalQuestMapPin	Mappins.QuestStaticMappinDefinition		
mappin	1553.937	-1983.778	73.444	quests/minor_quest/mq016_bartmoss/01_warehouse/00_explore_landfill/mq016_cryofreezer	gameJournalQuestMapPin	Mappins.QuestStaticMappinDefinition		
mappin	-1458.591	1025.05	16.38	quests/minor_quest/mq016_bartmoss/02_afterlife/01_talk_with_nix/afterlife	gameJournalQuestMapPin	Mappins.QuestStaticMappinDefinition		
mappin	-1447.321	995.2	17.35	quests/minor_quest/mq016_bartmoss/02_afterlife/03_give_nix/nix	gameJournalQuestMapPin	Mappins.QuestStaticMappinDefinition		
mappin	-1387.035	1273.533	124.309	quests/minor_quest/mq018_writer/mq018_writer/access_website/computer	gameJournalQuestMapPin	Mappins.QuestStaticMappinDefinition		
mappin	-28.333	-1739.112	-12.201	quests/minor_quest/mq018_writer/mq018_writer/03_find_place/houses	gameJournalQuestMapPin	Mappins.QuestStaticMappinDefinition		
mappin	-28.333	-1739.112	-12.201	quests/minor_quest/mq018_writer/mq018_writer/04_find_relay/houses	gameJournalQuestMapPin	Mappins.QuestStaticMappinDefinition		
mappin	-26.387	-1728.808	4.061	quests/minor_quest/mq018_writer/mq018_writer/05_access_relay/brooklyn_relay	gameJournalQuestMapPin	Mappins.QuestStaticMappinDefinition		
mappin	-770.389	-3621.391	50.552	quests/minor_quest/mq018_writer/mq018_writer/06_find_relay_powerplant/powerplant	gameJournalQuestMapPin	Mappins.QuestStaticMappinDefinition		
mappin	-770.389	-3621.391	50.552	quests/minor_quest/mq018_writer/mq018_writer/07_find_relay_powerplant/powerplant	gameJournalQuestMapPin	Mappins.QuestStaticMappinDefinition		
mappin	-749.848	-3649.116	57.452	quests/minor_quest/mq018_writer/mq018_writer/08_access_relay_powerplant/powerplant_relay	gameJournalQuestMapPin	Mappins.QuestStaticMappinDefinition		
mappin	-3315.441	-4884.67	67.434	quests/minor_quest/mq018_writer/mq018_writer/09_find_place_protein/protein	gameJournalQuestMapPin	Mappins.QuestStaticMappinDefinition		
mappin	-2913.558	-5193.581	72.057	quests/minor_quest/mq018_writer/mq018_writer/09_find_place_protein/protein_gate	gameJournalQuestMapPin	Mappins.QuestStaticMappinDefinition		
mappin	-3315.441	-4884.67	67.434	quests/minor_quest/mq018_writer/mq018_writer/09_find_relay_protein/protein	gameJournalQuestMapPin	Mappins.QuestStaticMappinDefinition		
mappin	-3319.41	-4885.178	104.408	quests/minor_quest/mq018_writer/mq018_writer/10_access_relay_protein/protein_relay	gameJournalQuestMapPin	Mappins.QuestStaticMappinDefinition		
mappin	-2729.55	-2433.558	18.03	quests/minor_quest/mq018_writer/mq018_writer/11_find_place_fortuneteller/amusement_park	gameJournalQuestMapPin	Mappins.QuestStaticMappinDefinition		
mappin	-2652.227	-2430.83	13.341	quests/minor_quest/mq018_writer/mq018_writer/12_find_fortuneteller/amusement_park	gameJournalQuestMapPin	Mappins.QuestStaticMappinDefinition		
mappin	-2664.182	-2425.311	19.285	quests/minor_quest/mq018_writer/mq018_writer/13_access_fortuneteller/fortuneteller	gameJournalQuestMapPin	Mappins.QuestStaticMappinDefinition		
mappin	-2663.71	-2425.78	19.75	quests/minor_quest/mq018_writer/mq018_writer/14_decide_fate_swedenborg/fortuneteller	gameJournalQuestMapPin	Mappins.QuestStaticMappinDefinition		
mappin	-2652.227	-2430.83	13.341	quests/minor_quest/mq018_writer/mq018_writer/13b_interact_fortuneteller/fortuneteller	gameJournalQuestMapPin	Mappins.QuestStaticMappinDefinition		
mappin	-2663.71	-2425.78	19.75	quests/minor_quest/mq018_writer/mq018_writer/13c_scan_fortuneteller/fortuneteller	gameJournalQuestMapPin	Mappins.QuestStaticMappinDefinition		
mappin	-2663.71	-2425.78	19.75	quests/minor_quest/mq018_writer/mq018_writer/13d_really_interact/fortuneteller	gameJournalQuestMapPin	Mappins.QuestStaticMappinDefinition		
mappin	-2664.182	-2425.311	19.285	quests/minor_quest/mq018_writer/mq018_writer/15a_manipulate/fortuneteller_relay	gameJournalQuestMapPin	Mappins.QuestStaticMappinDefinition		
mappin	-2663.71	-2425.78	19.75	quests/minor_quest/mq018_writer/mq018_writer/14b_listen_fortuneteller/fortuneteller	gameJournalQuestMapPin	Mappins.QuestStaticMappinDefinition		
mappin	-2663.71	-2425.78	19.75	quests/minor_quest/mq018_writer/mq018_writer/14d_pay_fortuneteller/fortuneteller	gameJournalQuestMapPin	Mappins.QuestStaticMappinDefinition		
mappin	-1038.72	-1567.136	25.701	quests/minor_quest/mq013_punks/00_punks/02_deal_with_punks/punk	gameJournalQuestMapPin	Mappins.QuestDynamicMappinDefinition		
mappin	-1038.72	-1567.136	25.701	quests/minor_quest/mq013_punks/00_punks/03_defeat_punks/punk	gameJournalQuestMapPin	Mappins.QuestDynamicMappinDefinition		
mappin	-1038.72	-1567.136	25.701	quests/minor_quest/mq013_punks/00_punks/03_defeat_punks/punk1	gameJournalQuestMapPin	Mappins.QuestDynamicMappinDefinition		
mappin	-1624.692	-383.435	-13.654	quests/minor_quest/mq014_02_second/02_second/01_approach_master/master_mp	gameJournalQuestMapPin	Mappins.QuestDynamicMappinDefinition		
mappin	-1624.692	-383.435	-13.654	quests/minor_quest/mq014_02_second/02_second/02_talk_sranger/master_mp	gameJournalQuestMapPin	Mappins.QuestDynamicMappinDefinition		
mappin	-1624.692	-383.435	-13.654	quests/minor_quest/mq014_02_second/02_second/03_come_back/master_mp	gameJournalQuestMapPin	Mappins.QuestDynamicMappinDefinition		
mappin	-1444.097	1482.779	18.146	quests/minor_quest/mq012_stud/00_stud/00_find_out/stud	gameJournalQuestMapPin	Mappins.QuestDynamicMappinDefinition		
mappin	-1444.097	1482.779	18.146	quests/minor_quest/mq012_stud/00_stud/01_talk_man/stud	gameJournalQuestMapPin	Mappins.QuestDynamicMappinDefinition		
mappin	-1444.097	1482.779	18.146	quests/minor_quest/mq012_stud/00_stud/02_get_car/man	gameJournalQuestMapPin	Mappins.QuestDynamicMappinDefinition		
mappin	-1598.958	2380.573	18.2	quests/minor_quest/mq012_stud/00_stud/03_drive_ripperdoc/ripperdoc	gameJournalQuestMapPin	Mappins.QuestStaticMappinDefinition		
mappin	-1598.958	2380.573	18.2	quests/minor_quest/mq012_stud/00_stud/03_drive_ripperdoc/ripper_gps	gameJournalQuestMapPin	Mappins.QuestStaticMappinDefinition		
mappin	-1444.097	1482.779	18.146	quests/minor_quest/mq012_stud/00_stud/01b_help/stud	gameJournalQuestMapPin	Mappins.QuestDynamicMappinDefinition		
mappin	-1630.002	2380.102	17.378	quests/minor_quest/mq012_stud/00_stud/04_stop_at_ripper/ripperdoc	gameJournalQuestMapPin	Mappins.QuestStaticMappinDefinition		
mappin	-1444.097	1482.779	18.146	quests/minor_quest/mq012_stud/00_stud/02b_return_to_car/man	gameJournalQuestMapPin	Mappins.QuestDynamicMappinDefinition		
mappin	-1624.692	-383.435	-13.654	quests/minor_quest/mq014_03_third/03_third/01_approach_master/master_mp	gameJournalQuestMapPin	Mappins.QuestDynamicMappinDefinition		
mappin	-1624.692	-383.435	-13.654	quests/minor_quest/mq014_03_third/03_third/02_talk_sranger/master_mp	gameJournalQuestMapPin	Mappins.QuestDynamicMappinDefinition		
mappin	-1624.692	-383.435	-13.654	quests/minor_quest/mq014_03_third/03_third/03_come_back/master_mp	gameJournalQuestMapPin	Mappins.QuestDynamicMappinDefinition		
mappin	799.657	-1570.341	48.94	quests/minor_quest/mq009_loser/mq009_hook/01_beat/homeless_1_mp	gameJournalQuestMapPin	Mappins.QuestDynamicMappinDefinition		
mappin	799.657	-1570.341	48.94	quests/minor_quest/mq009_loser/mq009_hook/01_beat/homeless_2_mp	gameJournalQuestMapPin	Mappins.QuestDynamicMappinDefinition		
mappin	799.657	-1570.341	48.94	quests/minor_quest/mq009_loser/mq009_hook/02_talk_loser/ken_lee_mp	gameJournalQuestMapPin	Mappins.QuestDynamicMappinDefinition		
mappin	799.657	-1570.341	48.94	quests/minor_quest/mq009_loser/mq009_2nd_meeting/01_approach_loser/ken_lee_mp	gameJournalQuestMapPin	Mappins.QuestDynamicMappinDefinition		
mappin	785.077	-1586.146	47.867	quests/minor_quest/mq009_loser/mq009_2nd_meeting/03_drive_loser/execution_mp	gameJournalQuestMapPin	Mappins.QuestStaticMappinDefinition		
mappin	799.657	-1570.341	48.94	quests/minor_quest/mq009_loser/mq009_2nd_meeting/04_shoot/ken_lee_mp	gameJournalQuestMapPin	Mappins.QuestDynamicMappinDefinition		
mappin	799.657	-1570.341	48.94	quests/minor_quest/mq009_loser/mq009_2nd_meeting/05_follow/ken_lee_mp	gameJournalQuestMapPin	Mappins.QuestDynamicMappinDefinition		
mappin	799.657	-1570.341	48.94	quests/minor_quest/mq009_loser/mq009_2nd_meeting/07_come_back/ken_lee_mp	gameJournalQuestMapPin	Mappins.QuestDynamicMappinDefinition		
mappin	799.657	-1570.341	48.94	quests/minor_quest/mq009_loser/mq009_2nd_meeting/08_talk/ken_lee_mp	gameJournalQuestMapPin	Mappins.QuestDynamicMappinDefinition		
mappin	-1392.229	1299.779	119.075	quests/minor_quest/mq010_barry/mq010_barry/01_hook/police_mp	gameJournalQuestMapPin	Mappins.QuestDynamicMappinDefinition		
mappin	-1393.821	1301.79	120.41	quests/minor_quest/mq010_barry/mq010_barry/03_talk_to_barry/barry_mp	gameJournalQuestMapPin	Mappins.QuestStaticMappinDefinition		
mappin	-1392.288	1299.729	119.075	quests/minor_quest/mq010_barry/mq010_barry/03_talk_to_barry/barry_person_mp	gameJournalQuestMapPin	Mappins.QuestDynamicMappinDefinition		
mappin	203.405	567.296	121.219	quests/minor_quest/mq010_barry/mq010_barry/04_columbarium/columbarium_mp	gameJournalQuestMapPin	Mappins.QuestStaticMappinDefinition		
mappin	-1392.229	1299.779	119.075	quests/minor_quest/mq010_barry/mq010_barry/05_tell_police/police_mp	gameJournalQuestMapPin	Mappins.QuestDynamicMappinDefinition		
mappin	-1392.288	1299.729	119.075	quests/minor_quest/mq010_barry/mq010_barry/06_see_what_happened/barry_person_mp	gameJournalQuestMapPin	Mappins.QuestDynamicMappinDefinition		
mappin	-1393.821	1301.79	120.41	quests/minor_quest/mq010_barry/mq010_barry/06_see_what_happened/barry_door_mp	gameJournalQuestMapPin	Mappins.QuestStaticMappinDefinition		
mappin	-1393.821	1301.79	120.41	quests/minor_quest/mq010_barry/mq010_barry/03a_try_talking_to_barry/barry_mp	gameJournalQuestMapPin	Mappins.QuestStaticMappinDefinition		
mappin	-1392.288	1299.729	119.075	quests/minor_quest/mq010_barry/mq010_barry/03a_try_talking_to_barry/barry_person_mp	gameJournalQuestMapPin	Mappins.QuestDynamicMappinDefinition		
mappin	-1454.777	1310.707	119.08	quests/minor_quest/mq011_wilson/00_wilson/01_go_to_wilson/gun_range	gameJournalQuestMapPin	Mappins.QuestStaticMappinDefinition		
mappin	-1455.345	1305.446	119.009	quests/minor_quest/mq011_wilson/00_wilson/03_enter_range/range	gameJournalQuestMapPin	Mappins.QuestStaticMappinDefinition		
mappin	-1455.659	1302.324	119.065	quests/minor_quest/mq011_wilson/01_competition/000_wait/area	gameJournalQuestMapPin	Mappins.QuestStaticMappinDefinition		
mappin	-2400.651	-1958.839	17.328	quests/minor_quest/mq006_rollercoaster/mq006_rollercoaster/01_locate_the_control_terminal/mq006_tr_rollercoaster_scan_area	gameJournalQuestMapPin	Mappins.QuestStaticMappinDefinition		
mappin	-2405.278	-1969.507	17.458	quests/minor_quest/mq006_rollercoaster/mq006_rollercoaster/01_locate_the_control_terminal/mq006_mp_control_box	gameJournalQuestMapPin	Mappins.QuestStaticMappinDefinition		
mappin	-2405.278	-1969.507	17.458	quests/minor_quest/mq006_rollercoaster/mq006_rollercoaster/02_restart_the_rollercoaster/mq006_mp_control_box	gameJournalQuestMapPin	Mappins.QuestStaticMappinDefinition		
mappin	-2393.45	-1950.306	17.944	quests/minor_quest/mq006_rollercoaster/mq006_rollercoaster/05_get_into_the_rollercoaster/mq006_rollercoaster_cart_001	gameJournalQuestMapPin	Mappins.QuestDynamicMappinDefinition		
mappin	-1025.625	-79.042	7.478	quests/minor_quest/mq005_alley/mq005_main/01_deal_with_cops/mq005_tr_alley_area	gameJournalQuestMapPin	Mappins.QuestStaticMappinDefinition		
mappin	-1015.295	-87.305	7.061	quests/minor_quest/mq005_alley/mq005_main/02_check_on_corpo/corpo	gameJournalQuestMapPin	Mappins.QuestDynamicMappinDefinition		
mappin	-1015.295	-87.305	7.061	quests/minor_quest/mq005_alley/mq005_main/03_talk_to_corpo/corpo	gameJournalQuestMapPin	Mappins.QuestDynamicMappinDefinition		
mappin	495.72	-2143.43	27.29	quests/minor_quest/mq008_party/mq008_party/01_check_whats_up/rep_mp	gameJournalQuestMapPin	Mappins.QuestDynamicMappinDefinition		
mappin	495.72	-2143.43	27.29	quests/minor_quest/mq008_party/mq008_party/02_speak_rep/rep_mp	gameJournalQuestMapPin	Mappins.QuestDynamicMappinDefinition		
mappin	516.076	-2132.917	31.345	quests/minor_quest/mq008_party/mq008_party/03_first_spot/spot1_mp	gameJournalQuestMapPin	Mappins.QuestStaticMappinDefinition		
mappin	516.076	-2132.917	31.345	quests/minor_quest/mq008_party/mq008_party/04_drink_spot1/spot1_mp	gameJournalQuestMapPin	Mappins.QuestStaticMappinDefinition		
mappin	526.177	-2125.193	32.09	quests/minor_quest/mq008_party/mq008_party/05_shoot_bottles1/bottles1_mp	gameJournalQuestMapPin	Mappins.QuestStaticMappinDefinition		
mappin	542.363	-2121.975	35.663	quests/minor_quest/mq008_party/mq008_party/04_drink_spot2/spot1_mp	gameJournalQuestMapPin	Mappins.QuestStaticMappinDefinition		
mappin	542.363	-2121.975	35.663	quests/minor_quest/mq008_party/mq008_party/03_first_spot1/spot1_mp	gameJournalQuestMapPin	Mappins.QuestStaticMappinDefinition		
mappin	553.85	-2126.521	34.61	quests/minor_quest/mq008_party/mq008_party/05_shoot_bottles2/bottles1_mp	gameJournalQuestMapPin	Mappins.QuestStaticMappinDefinition		
mappin	495.72	-2143.43	27.29	quests/minor_quest/mq008_party/mq008_party/15_back_to_rep/rep_mp	gameJournalQuestMapPin	Mappins.QuestDynamicMappinDefinition		
mappin	553.205	-2174.793	39.116	quests/minor_quest/mq008_party/mq008_party/03_first_spot2/spot1_mp	gameJournalQuestMapPin	Mappins.QuestStaticMappinDefinition		
mappin	584.613	-2181.076	47.83	quests/minor_quest/mq008_party/mq008_party/03_first_spot3/spot1_mp	gameJournalQuestMapPin	Mappins.QuestStaticMappinDefinition		
mappin	553.205	-2174.793	39.116	quests/minor_quest/mq008_party/mq008_party/04_drink_spot3/spot1_mp	gameJournalQuestMapPin	Mappins.QuestStaticMappinDefinition		
mappin	584.613	-2181.076	47.83	quests/minor_quest/mq008_party/mq008_party/04_drink_spot4/spot1_mp	gameJournalQuestMapPin	Mappins.QuestStaticMappinDefinition		
mappin	561.504	-2186.01	39.95	quests/minor_quest/mq008_party/mq008_party/05_shoot_bottles3/bottles1_mp	gameJournalQuestMapPin	Mappins.QuestStaticMappinDefinition		
mappin	589.681	-2174.955	48.81	quests/minor_quest/mq008_party/mq008_party/05_shoot_bottles4/bottles1_mp	gameJournalQuestMapPin	Mappins.QuestStaticMappinDefinition		
mappin	495.72	-2143.43	27.29	quests/minor_quest/mq008_party/mq008_party/16_talk_results/rep_mp	gameJournalQuestMapPin	Mappins.QuestDynamicMappinDefinition		
mappin	503.605	-2120.017	28.276	quests/minor_quest/mq008_party/mq008_party/02a_take_gun/mp_gun	gameJournalQuestMapPin	Mappins.QuestStaticMappinDefinition		
mappin	503.402	-2119.692	28.278	quests/minor_quest/mq008_party/mq008_party/17_pick_up_the_reward/reward_mp	gameJournalQuestMapPin	Mappins.QuestStaticMappinDefinition		
mappin	3328.124	-453.125	124.196	quests/minor_quest/mq001_scorpion/mq001_scorpion/04_drive_mitch/mp_mitch	gameJournalQuestMapPin	Mappins.QuestDynamicMappinDefinition		
mappin	3736.372	815.5	134.382	quests/minor_quest/mq001_scorpion/mq001_scorpion/06_take_gascan/mp_gascan	gameJournalQuestMapPin	Mappins.QuestStaticMappinDefinition		
mappin	3735.809	822.758	135.199	quests/minor_quest/mq001_scorpion/mq001_scorpion/05_open_trunk/mp_trunk	gameJournalQuestMapPin	Mappins.QuestDynamicMappinDefinition		
mappin	3735.957	823.805	133.909	quests/minor_quest/mq001_scorpion/mq001_scorpion/06a_lightup_rag/mp_rag	gameJournalQuestMapPin	Mappins.QuestDynamicMappinDefinition		
mappin	-1160.506	1582.937	24.366	quests/minor_quest/mq007_smartgun/mq007_smartgun/01_deliver_skippy/mq007_mp_regina_jones_office	gameJournalQuestMapPin	Mappins.QuestStaticMappinDefinition		
mappin	-1159.995	1584.663	24.706	quests/minor_quest/mq007_smartgun/mq007_smartgun/01_deliver_skippy/mq007_mp_regina_jones_intercom	gameJournalQuestMapPin	Mappins.QuestStaticMappinDefinition		
mappin	-1154.702	1580.88	24.985	quests/minor_quest/mq007_smartgun/mq007_smartgun/01_deliver_skippy/mq007_mp_regina_jones_elevator_panel	gameJournalQuestMapPin	Mappins.QuestStaticMappinDefinition		
mappin	-1380.878	1262.556	124.839	quests/minor_quest/mq007_smartgun/mq007_smartgun/01_deliver_skippy/mq007_mp_skippy_in_stash	gameJournalQuestMapPin	Mappins.QuestStaticMappinDefinition		
mappin	-478.137	406.952	133.354	quests/minor_quest/mq007_smartgun/mq007_smartgun/01_deliver_skippy/mq007_mp_mq036_locker	gameJournalQuestMapPin	Mappins.QuestStaticMappinDefinition		
mappin	-634.328	807.219	129.744	quests/minor_quest/mq007_smartgun/mq007_smartgun/01_deliver_skippy/mq007_mp_q105_locker	gameJournalQuestMapPin	Mappins.QuestStaticMappinDefinition		
mappin	-1141.953	1569.28	72.88	quests/minor_quest/mq007_smartgun/mq007_smartgun/02_put_skippy_down/mq007_mp_giving_skippy	gameJournalQuestMapPin	Mappins.QuestStaticMappinDefinition		
mappin	-357.26	-952.36	6.62	quests/minor_quest/mq002_veterans/mq002_veterans/01_intro/mp_scene	gameJournalQuestMapPin	Mappins.QuestStaticMappinDefinition		
mappin	-365.82	-945.93	6.62	quests/minor_quest/mq002_veterans/mq002_veterans/02_deal/mp_scav	gameJournalQuestMapPin	Mappins.QuestDynamicMappinDefinition		
mappin	-352.253	-957.524	6.62	quests/minor_quest/mq002_veterans/mq002_veterans/03_fight/mp_scav	gameJournalQuestMapPin	Mappins.QuestStaticMappinDefinition		
mappin	-1064.125	2795.525	7.105	quests/minor_quest/ma_wat_nid_22/ma_wat_nid_22/find/area	gameJournalQuestMapPin	Mappins.QuestStaticMappinDefinition		
mappin	-1064.538	2795.501	7.104	quests/minor_quest/ma_wat_nid_22/ma_wat_nid_22/kill/psycho	gameJournalQuestMapPin	Mappins.QuestDynamicMappinDefinition		
mappin	-1018.631	2767.806	7.161	quests/minor_quest/ma_wat_nid_22/ma_wat_nid_22/clues/area	gameJournalQuestMapPin	Mappins.QuestStaticMappinDefinition		
mappin	-1055.418	2800.068	7.161	quests/minor_quest/ma_wat_nid_22/ma_wat_nid_22/clues/area1	gameJournalQuestMapPin	Mappins.QuestStaticMappinDefinition		
mappin	-1705.614	2246.131	18	quests/minor_quest/ma_wat_nid_03/ma_wat_nid_03/kill/psycho	gameJournalQuestMapPin	Mappins.QuestDynamicMappinDefinition		
mappin	-1710.759	2222.768	18.2	quests/minor_quest/ma_wat_nid_03/ma_wat_nid_03/find/area	gameJournalQuestMapPin	Mappins.QuestStaticMappinDefinition		
mappin	-1710.759	2222.768	18.2	quests/minor_quest/ma_wat_nid_03/ma_wat_nid_03/search_for_clues/area	gameJournalQuestMapPin	Mappins.QuestStaticMappinDefinition		
mappin	-1097.03	1523.78	-0.28	quests/minor_quest/ma_wat_kab_08/ma_wat_kab_08/find_psycho/arena	gameJournalQuestMapPin	Mappins.QuestStaticMappinDefinition		
mappin	-1097.03	1523.78	-1.16	quests/minor_quest/ma_wat_kab_08/ma_wat_kab_08/kill_psycho/psycho	gameJournalQuestMapPin	Mappins.QuestStaticMappinDefinition		
mappin	-1097.03	1523.78	-1.16	quests/minor_quest/ma_wat_kab_08/ma_wat_kab_08/clues/arena	gameJournalQuestMapPin	Mappins.QuestStaticMappinDefinition		
mappin	-1531.859	2509.969	7.119	quests/minor_quest/ma_wat_nid_15/ma_wat_nid_15/kill_psycho/psycho	gameJournalQuestMapPin	Mappins.QuestDynamicMappinDefinition		
mappin	-1534.69	2511.725	7.12	quests/minor_quest/ma_wat_nid_15/ma_wat_nid_15/kill_psycho/area	gameJournalQuestMapPin	Mappins.QuestStaticMappinDefinition		
mappin	-1534.69	2511.725	7.12	quests/minor_quest/ma_wat_nid_15/ma_wat_nid_15/find/area	gameJournalQuestMapPin	Mappins.QuestStaticMappinDefinition		
mappin	-1534.69	2511.725	7.12	quests/minor_quest/ma_wat_nid_15/ma_wat_nid_15/search_clues/area	gameJournalQuestMapPin	Mappins.QuestStaticMappinDefinition		
mappin	-1531.859	2509.969	7.119	quests/minor_quest/ma_wat_nid_15/ma_wat_nid_15/loot_corpse/maelstrom_corpse	gameJournalQuestMapPin	Mappins.QuestDynamicMappinDefinition		
mappin	-1531.859	2509.969	7.119	quests/minor_quest/ma_wat_nid_15/ma_wat_nid_15/loot_psycho/dead_cyberpsycho	gameJournalQuestMapPin	Mappins.QuestStaticMappinDefinition		
mappin	-1531.859	2509.969	7.119	quests/minor_quest/ma_wat_nid_15/ma_wat_nid_15/look_survivors/survivor	gameJournalQuestMapPin	Mappins.QuestDynamicMappinDefinition		
mappin	-1523.752	2502.521	7.088	quests/minor_quest/ma_wat_nid_15/ma_wat_nid_15/loot_delivery/dead_worker	gameJournalQuestMapPin	Mappins.QuestStaticMappinDefinition		
mappin	-1534.69	2511.725	7.12	quests/minor_quest/ma_wat_nid_15/ma_wat_nid_15/find_ritual/area	gameJournalQuestMapPin	Mappins.QuestStaticMappinDefinition		
mappin	-286.865	-1951.242	11.031	quests/minor_quest/mq003_orbitals/mq003_orbitals/01_homeless_question/homeless_mp	gameJournalQuestMapPin	Mappins.QuestStaticMappinDefinition		
mappin	-287.483	-1951.941	9.682	quests/minor_quest/mq003_orbitals/mq003_orbitals/03_suitcase_grab/suitcase_mp	gameJournalQuestMapPin	Mappins.QuestStaticMappinDefinition		
mappin	-278.547	-1986.372	8.74	quests/minor_quest/mq003_orbitals/mq003_orbitals/05_find_corpse/corpse_area_mp	gameJournalQuestMapPin	Mappins.QuestStaticMappinDefinition		
mappin	-272.87	-1973.255	8.605	quests/minor_quest/mq003_orbitals/mq003_orbitals/05a_clues/blood_mp	gameJournalQuestMapPin	Mappins.QuestStaticMappinDefinition		
mappin	-270.012	-1961.637	8.91	quests/minor_quest/mq003_orbitals/mq003_orbitals/05a_clues/spot_mp	gameJournalQuestMapPin	Mappins.QuestStaticMappinDefinition		
mappin	-278.547	-1986.372	8.74	quests/minor_quest/mq003_orbitals/mq003_orbitals/05a_clues/clue_area_mp	gameJournalQuestMapPin	Mappins.QuestStaticMappinDefinition		
mappin	-287.483	-1951.941	9.682	quests/minor_quest/mq003_orbitals/mq003_orbitals/06_suitcase_unlock/case_mp	gameJournalQuestMapPin	Mappins.QuestStaticMappinDefinition		
mappin	-287.483	-1951.941	9.682	quests/minor_quest/mq003_orbitals/mq003_orbitals/06a_suitcase_examine/case_mp	gameJournalQuestMapPin	Mappins.QuestStaticMappinDefinition		
mappin	-287.483	-1951.941	9.682	quests/minor_quest/mq003_orbitals/mq003_orbitals/06b_suitcase_activate/case_mp	gameJournalQuestMapPin	Mappins.QuestStaticMappinDefinition		
mappin	-1025.771	-3636.31	49.16	quests/minor_quest/mq003_orbitals/mq003_orbitals/07_landing_loc/landing_loc_mp	gameJournalQuestMapPin	Mappins.QuestStaticMappinDefinition		
mappin	-1773.03	-4632.969	84.79	quests/minor_quest/mq003_orbitals/mq003_orbitals/08_eliminate_enemies/soldier_02_mp	gameJournalQuestMapPin	Mappins.QuestDynamicMappinDefinition		
mappin	-1773.03	-4632.969	84.79	quests/minor_quest/mq003_orbitals/mq003_orbitals/08_eliminate_enemies/soldier_01_mp	gameJournalQuestMapPin	Mappins.QuestDynamicMappinDefinition		
mappin	-1773.03	-4632.969	84.79	quests/minor_quest/mq003_orbitals/mq003_orbitals/08_eliminate_enemies/soldier_03_mp	gameJournalQuestMapPin	Mappins.QuestDynamicMappinDefinition		
mappin	-1773.03	-4632.969	84.79	quests/minor_quest/mq003_orbitals/mq003_orbitals/08_eliminate_enemies/soldier_04_mp	gameJournalQuestMapPin	Mappins.QuestDynamicMappinDefinition		
mappin	-1773.03	-4632.969	84.79	quests/minor_quest/mq003_orbitals/mq003_orbitals/08_eliminate_enemies/soldier_05_mp	gameJournalQuestMapPin	Mappins.QuestDynamicMappinDefinition		
mappin	-1773.03	-4632.969	84.79	quests/minor_quest/mq003_orbitals/mq003_orbitals/08_eliminate_enemies/soldier_06_mp	gameJournalQuestMapPin	Mappins.QuestDynamicMappinDefinition		
mappin	-1773.03	-4632.969	84.79	quests/minor_quest/mq003_orbitals/mq003_orbitals/08_eliminate_enemies/soldier_07_mp	gameJournalQuestMapPin	Mappins.QuestDynamicMappinDefinition		
mappin	-1025.94	-3636.56	49.41	quests/minor_quest/mq003_orbitals/mq003_orbitals/08_eliminate_enemies/enemy_area_mp	gameJournalQuestMapPin	Mappins.QuestStaticMappinDefinition		
mappin	-1025.759	-3636.29	47.263	quests/minor_quest/mq003_orbitals/mq003_orbitals/09_retrieve_pod/drop_pod_mp	gameJournalQuestMapPin	Mappins.QuestStaticMappinDefinition		
mappin	-286.865	-1951.242	11.031	quests/minor_quest/mq003_orbitals/mq003_orbitals/01b_buy_suitcase/homeless_mp	gameJournalQuestMapPin	Mappins.QuestStaticMappinDefinition		
mappin	-282.764	-1982.015	8.867	quests/minor_quest/mq003_orbitals/mq003_orbitals/05c_take_shard/shard_mp	gameJournalQuestMapPin	Mappins.QuestStaticMappinDefinition		
mappin	-282.764	-1982.015	8.867	quests/minor_quest/mq003_orbitals/mq003_orbitals/05b_examine_corpse/corpse_mp	gameJournalQuestMapPin	Mappins.QuestStaticMappinDefinition		
mappin	-2058.94	1238.9	3.89	quests/minor_quest/ma_wat_lch_06/ma_wat_lch_06/find_psycho/location	gameJournalQuestMapPin	Mappins.QuestStaticMappinDefinition		
mappin	-2057.25	1231.75	3.89	quests/minor_quest/ma_wat_lch_06/ma_wat_lch_06/kill_psycho/cyberpsycho	gameJournalQuestMapPin	Mappins.QuestDynamicMappinDefinition		
mappin	-2058.94	1238.9	3.89	quests/minor_quest/ma_wat_lch_06/ma_wat_lch_06/clues/warehouse_area	gameJournalQuestMapPin	Mappins.QuestStaticMappinDefinition		
mappin	-2226.85	-1975.145	6.45	quests/minor_quest/ma_pac_cvi_15/ma_pac_cvi_15/check_shard/computer_mp	gameJournalQuestMapPin	Mappins.QuestStaticMappinDefinition		
mappin	-2220.131	-1942.695	5.65	quests/minor_quest/ma_pac_cvi_15/ma_pac_cvi_15/clues/warehouse_area	gameJournalQuestMapPin	Mappins.QuestStaticMappinDefinition		
mappin	-2220.131	-1942.695	5.65	quests/minor_quest/ma_pac_cvi_15/ma_pac_cvi_15/find_psycho/location	gameJournalQuestMapPin	Mappins.QuestStaticMappinDefinition		
mappin	-2218.44	-1949.845	5.65	quests/minor_quest/ma_pac_cvi_15/ma_pac_cvi_15/kill_psycho/cyberpsycho	gameJournalQuestMapPin	Mappins.QuestDynamicMappinDefinition		
mappin	314.6	-1915.95	-3.6	quests/minor_quest/ma_std_rcr_11/ma_std_rcr_11/find_psycho/mp_area	gameJournalQuestMapPin	Mappins.QuestStaticMappinDefinition		
mappin	307.576	-1912.59	-6.942	quests/minor_quest/ma_std_rcr_11/ma_std_rcr_11/kill_psycho/mp_psycho	gameJournalQuestMapPin	Mappins.QuestStaticMappinDefinition		
mappin	307.576	-1912.59	-6.942	quests/minor_quest/ma_std_rcr_11/ma_std_rcr_11/loot_psycho/dead_cyberpsycho	gameJournalQuestMapPin	Mappins.QuestStaticMappinDefinition		
mappin	314.6	-1915.95	-3.6	quests/minor_quest/ma_std_rcr_11/ma_std_rcr_11/search_clues/area	gameJournalQuestMapPin	Mappins.QuestStaticMappinDefinition		
mappin	-2130.427	-1502.896	12.06	quests/minor_quest/ma_pac_cvi_08/ma_pac_cvi_08/find_psycho/find	gameJournalQuestMapPin	Mappins.QuestStaticMappinDefinition		
mappin	-2129.882	-1503.15	12.06	quests/minor_quest/ma_pac_cvi_08/ma_pac_cvi_08/kill_psycho/kill	gameJournalQuestMapPin	Mappins.QuestDynamicMappinDefinition		
mappin	-2129.882	-1503.15	12.06	quests/minor_quest/ma_pac_cvi_08/ma_pac_cvi_08/loot_psycho/dead_cyberpsycho	gameJournalQuestMapPin	Mappins.QuestDynamicMappinDefinition		
mappin	-2142.362	-1497.333	12.06	quests/minor_quest/ma_pac_cvi_08/ma_pac_cvi_08/search_clues/area	gameJournalQuestMapPin	Mappins.QuestStaticMappinDefinition		
mappin	-1951.983	-1600.439	4.64	quests/minor_quest/ma_pac_cvi_08/ma_pac_cvi_08/check_van/van	gameJournalQuestMapPin	Mappins.QuestStaticMappinDefinition		
mappin	-2066.872	-1537.024	12.063	quests/minor_quest/ma_pac_cvi_08/ma_pac_cvi_08/loot_psycho1/dead_cyberpsycho	gameJournalQuestMapPin	Mappins.QuestStaticMappinDefinition		
mappin	-2401.74	-1084.655	13.06	quests/minor_quest/ma_hey_spr_06/ma_hey_spr_04/find_psycho/area	gameJournalQuestMapPin	Mappins.QuestStaticMappinDefinition		
mappin	-2397.072	-1091.491	8.558	quests/minor_quest/ma_hey_spr_06/ma_hey_spr_04/kill_psycho/cyberpsycho	gameJournalQuestMapPin	Mappins.QuestDynamicMappinDefinition		
mappin	-2382.21	-1105.275	14.1	quests/minor_quest/ma_hey_spr_06/ma_hey_spr_04/clues/warehouse_area	gameJournalQuestMapPin	Mappins.QuestStaticMappinDefinition		
mappin	-2390.353	-1093.614	13.814	quests/minor_quest/ma_hey_spr_06/ma_hey_spr_04/check_shard1/computer_mp	gameJournalQuestMapPin	Mappins.QuestEntityMappinDefinition		
mappin	-787.159	1879.757	47.76	quests/minor_quest/ma_wat_kab_02/ma_wat_kab_02/find_psycho/area	gameJournalQuestMapPin	Mappins.QuestStaticMappinDefinition		
mappin	-787.159	1879.757	47.76	quests/minor_quest/ma_wat_kab_02/ma_wat_kab_02/kill_psycho/psycho	gameJournalQuestMapPin	Mappins.QuestDynamicMappinDefinition		
mappin	-794.936	1906.465	52.997	quests/minor_quest/ma_wat_kab_02/ma_wat_kab_02/investigate_bridge/bridge	gameJournalQuestMapPin	Mappins.QuestStaticMappinDefinition		
mappin	-790.5	1890.734	50.983	quests/minor_quest/ma_wat_kab_02/ma_wat_kab_02/search_clues/area	gameJournalQuestMapPin	Mappins.QuestStaticMappinDefinition		
mappin	-782.891	1886.672	51.052	quests/minor_quest/ma_wat_kab_02/ma_wat_kab_02/search_clues/laptop	gameJournalQuestMapPin	Mappins.QuestStaticMappinDefinition		
mappin	-1684.373	248.087	7.45	quests/minor_quest/ma_cct_dtn_07/ma_cct_dtn_07/find_psycho/area	gameJournalQuestMapPin	Mappins.QuestStaticMappinDefinition		
mappin	-1667.2	248.7	8	quests/minor_quest/ma_cct_dtn_07/ma_cct_dtn_07/find_psycho/area_2	gameJournalQuestMapPin	Mappins.QuestDynamicMappinDefinition		
mappin	-1667.2	248.7	8	quests/minor_quest/ma_cct_dtn_07/ma_cct_dtn_07/kill_psycho/psycho	gameJournalQuestMapPin	Mappins.QuestDynamicMappinDefinition		
mappin	-1667.2	248.7	8	quests/minor_quest/ma_cct_dtn_07/ma_cct_dtn_07/clues/clue_area	gameJournalQuestMapPin	Mappins.QuestDynamicMappinDefinition		
mappin	-640.37	-1330.84	7.67	quests/minor_quest/ma_std_arr_06/ma_std_arr_06/find_psycho/area	gameJournalQuestMapPin	Mappins.QuestStaticMappinDefinition		
mappin	-640.598	-1340.443	10.831	quests/minor_quest/ma_std_arr_06/ma_std_arr_06/find_psycho/turret_01	gameJournalQuestMapPin	Mappins.QuestStaticMappinDefinition		
mappin	-636.774	-1340.306	10.847	quests/minor_quest/ma_std_arr_06/ma_std_arr_06/find_psycho/turret_02	gameJournalQuestMapPin	Mappins.QuestStaticMappinDefinition		
mappin	-640.37	-1331.44	7.67	quests/minor_quest/ma_std_arr_06/ma_std_arr_06/kill_psycho/psycho	gameJournalQuestMapPin	Mappins.QuestDynamicMappinDefinition		
mappin	-638.383	-1338.125	7.677	quests/minor_quest/ma_std_arr_06/ma_std_arr_06/clues/area	gameJournalQuestMapPin	Mappins.QuestStaticMappinDefinition		
mappin	-650.071	-1320.558	8.095	quests/minor_quest/ma_std_arr_06/ma_std_arr_06/clues/area1	gameJournalQuestMapPin	Mappins.QuestStaticMappinDefinition		
mappin	-2165.83	280.76	7.71	quests/minor_quest/ma_cct_dtn_03/ma_cct_dtn_03/find/arena	gameJournalQuestMapPin	Mappins.QuestStaticMappinDefinition		
mappin	-2165.83	280.76	7.71	quests/minor_quest/ma_cct_dtn_03/ma_cct_dtn_03/kill/psycho	gameJournalQuestMapPin	Mappins.QuestStaticMappinDefinition		
mappin	-2165.83	280.76	7.71	quests/minor_quest/ma_cct_dtn_03/ma_cct_dtn_03/search_for_clues/arena	gameJournalQuestMapPin	Mappins.QuestStaticMappinDefinition		
mappin	-2244.231	-1315.764	11.96	quests/minor_quest/ma_hey_spr_04/ma_hey_spr_04/find_psycho/area	gameJournalQuestMapPin	Mappins.QuestStaticMappinDefinition		
mappin	-2222.002	-1310.985	12.585	quests/minor_quest/ma_hey_spr_04/ma_hey_spr_04/kill_psycho/cyberpsycho	gameJournalQuestMapPin	Mappins.QuestDynamicMappinDefinition		
mappin	-2222.002	-1310.985	12.585	quests/minor_quest/ma_hey_spr_04/ma_hey_spr_04/loot_psycho/dead_cyberpsycho	gameJournalQuestMapPin	Mappins.QuestDynamicMappinDefinition		
mappin	-2259.741	-1326.218	7.27	quests/minor_quest/ma_hey_spr_04/ma_hey_spr_04/search_clues/area	gameJournalQuestMapPin	Mappins.QuestStaticMappinDefinition		
mappin	2681.49	-548.151	104.035	quests/minor_quest/ma_bls_ina_se1_08/ma_bls_ina_se1_08/search/area	gameJournalQuestMapPin	Mappins.QuestStaticMappinDefinition		
mappin	2668.5	-574.416	102.585	quests/minor_quest/ma_bls_ina_se1_08/ma_bls_ina_se1_08/kill/cp	gameJournalQuestMapPin	Mappins.QuestStaticMappinDefinition		
mappin	2668.5	-560.906	102.585	quests/minor_quest/ma_bls_ina_se1_08/ma_bls_ina_se1_08/clues/arena	gameJournalQuestMapPin	Mappins.QuestStaticMappinDefinition		
mappin	2668.5	-574.416	102.585	quests/minor_quest/ma_bls_ina_se1_08/ma_bls_ina_se1_08/clues/arena_large	gameJournalQuestMapPin	Mappins.QuestStaticMappinDefinition		
mappin	2677.486	-559.841	103.78	quests/minor_quest/ma_bls_ina_se1_08/ma_bls_ina_se1_08/clues/cp	gameJournalQuestMapPin	Mappins.QuestDynamicMappinDefinition		
mappin	4777.891	-1318.064	139.734	quests/minor_quest/ma_bls_ina_se1_22/ma_bls_ina_se1_22/find/area	gameJournalQuestMapPin	Mappins.QuestStaticMappinDefinition		
mappin	4830.46	-1386.42	142.96	quests/minor_quest/ma_bls_ina_se1_22/ma_bls_ina_se1_22/kill/area	gameJournalQuestMapPin	Mappins.QuestStaticMappinDefinition		
mappin	4744.895	-1285.727	139.734	quests/minor_quest/ma_bls_ina_se1_22/ma_bls_ina_se1_22/search_for_clues/area	gameJournalQuestMapPin	Mappins.QuestStaticMappinDefinition		
mappin	4759.819	-1287.91	137.18	quests/minor_quest/ma_bls_ina_se1_22/ma_bls_ina_se1_22/search_for_clues/psycho_body	gameJournalQuestMapPin	Mappins.QuestDynamicMappinDefinition		
mappin	4608.782	-1245.972	143.618	quests/minor_quest/ma_bls_ina_se1_22/ma_bls_ina_se1_22/scan_trail/area_001	gameJournalQuestMapPin	Mappins.QuestStaticMappinDefinition		
mappin	4653.215	-1260.054	144.761	quests/minor_quest/ma_bls_ina_se1_22/ma_bls_ina_se1_22/scan_trail/area_002	gameJournalQuestMapPin	Mappins.QuestStaticMappinDefinition		
mappin	4744.895	-1285.727	139.734	quests/minor_quest/ma_bls_ina_se1_22/ma_bls_ina_se1_22/scan_trail/area_003	gameJournalQuestMapPin	Mappins.QuestStaticMappinDefinition		
mappin	4762.461	-1322.322	136.859	quests/minor_quest/ma_bls_ina_se1_22/ma_bls_ina_se1_22/scan_trail/area_004	gameJournalQuestMapPin	Mappins.QuestStaticMappinDefinition		
mappin	2558.77	-1702.26	77.52	quests/minor_quest/ma_bls_ina_se1_07/ma_bls_ina_se1_07/find_psycho/find	gameJournalQuestMapPin	Mappins.QuestStaticMappinDefinition		
mappin	2548.268	-1700.72	72.92	quests/minor_quest/ma_bls_ina_se1_07/ma_bls_ina_se1_07/kill_psycho/kill	gameJournalQuestMapPin	Mappins.QuestDynamicMappinDefinition		
mappin	2682	-1517	65.531	quests/minor_quest/ma_bls_ina_se1_07/ma_bls_ina_se1_07/follow_trail/mp_clue	gameJournalQuestMapPin	Mappins.QuestStaticMappinDefinition		
mappin	2574.936	-1679.295	78.141	quests/minor_quest/ma_bls_ina_se1_07/ma_bls_ina_se1_07/follow_trail/mp_trail_01	gameJournalQuestMapPin	Mappins.QuestStaticMappinDefinition		
mappin	2602.678	-1651.607	72.726	quests/minor_quest/ma_bls_ina_se1_07/ma_bls_ina_se1_07/follow_trail/mp_trail_02	gameJournalQuestMapPin	Mappins.QuestStaticMappinDefinition		
mappin	2626.15	-1622.865	69.033	quests/minor_quest/ma_bls_ina_se1_07/ma_bls_ina_se1_07/follow_trail/mp_trail_03	gameJournalQuestMapPin	Mappins.QuestStaticMappinDefinition		
mappin	2617.803	-1574.876	66.066	quests/minor_quest/ma_bls_ina_se1_07/ma_bls_ina_se1_07/follow_trail/mp_trail_04	gameJournalQuestMapPin	Mappins.QuestStaticMappinDefinition		
mappin	2640.385	-1537.262	65.77	quests/minor_quest/ma_bls_ina_se1_07/ma_bls_ina_se1_07/follow_trail/mp_trail_05	gameJournalQuestMapPin	Mappins.QuestStaticMappinDefinition		
mappin	2682	-1517	65.531	quests/minor_quest/ma_bls_ina_se1_07/ma_bls_ina_se1_07/clues/mp_clue	gameJournalQuestMapPin	Mappins.QuestStaticMappinDefinition		
mappin	2558.77	-1702.26	77.52	quests/minor_quest/ma_bls_ina_se1_07/ma_bls_ina_se1_07/clues/wreck_area	gameJournalQuestMapPin	Mappins.QuestStaticMappinDefinition		
mappin	-1446.45	1313.8	119.07	quests/side_quest/sq_q001_wilson/wilson/meet_wilson/wilson_static_mp_greets	gameJournalQuestMapPin	Mappins.QuestStaticMappinDefinition		
mappin	-1446.99	1318.18	119.06	quests/side_quest/sq_q001_wilson/wilson/meet_wilson/wilson_static_mp_gun_gives	gameJournalQuestMapPin	Mappins.QuestStaticMappinDefinition		
mappin	-1449.962	1318.043	119.065	quests/side_quest/sq_q001_wilson/wilson/meet_wilson/wilson_static_mp_shop	gameJournalQuestMapPin	Mappins.QuestStaticMappinDefinition		
mappin	-1449.962	1318.043	119.065	quests/side_quest/sq_q001_wilson/wilson/02_talk_to_wilson/wilson_static_mp_shop	gameJournalQuestMapPin	Mappins.QuestStaticMappinDefinition		
mappin	-1446.99	1318.18	119.06	quests/side_quest/sq_q001_wilson/wilson/02_talk_to_wilson/wilson_static_mp_gun_gives	gameJournalQuestMapPin	Mappins.QuestStaticMappinDefinition		
mappin	-1446.45	1313.8	119.07	quests/side_quest/sq_q001_wilson/wilson/02_talk_to_wilson/wilson_static_mp_greets	gameJournalQuestMapPin	Mappins.QuestStaticMappinDefinition		
mappin	-1463.965	1303.448	120.404	quests/side_quest/sq_q001_wilson/wilson/03_enter_range/range	gameJournalQuestMapPin	Mappins.QuestStaticMappinDefinition		
mappin	-1689.219	2385.218	18.343	quests/side_quest/sq_q001_wakako/wakako/02_reward/mp	gameJournalQuestMapPin	Mappins.QuestStaticMappinDefinition		
mappin	-1177.834	2039.688	20.146	quests/side_quest/sq_q001_tbug/tbug/01_pick_programms/vendor_mp	gameJournalQuestMapPin	Mappins.QuestStaticMappinDefinition		
mappin	-1176.265	2041.791	21.488	quests/side_quest/sq_q001_tbug/tbug/02_exercise_access_point/ap_mp	gameJournalQuestMapPin	Mappins.QuestStaticMappinDefinition		
mappin	-1182.25	2046.5	23.416	quests/side_quest/sq_q001_tbug/tbug/01b_use_ping/device_mp	gameJournalQuestMapPin	Mappins.QuestStaticMappinDefinition		
mappin	-1182.25	2046.5	23.416	quests/side_quest/sq_q001_tbug/tbug/01_ba_use_ping_just/device_mp	gameJournalQuestMapPin	Mappins.QuestStaticMappinDefinition		
mappin	-1182.25	2046.5	23.416	quests/side_quest/sq_q001_tbug/tbug/02_upload_ping_find_ap/device_mp	gameJournalQuestMapPin	Mappins.QuestStaticMappinDefinition		
mappin	-1182.25	2046.5	23.416	quests/side_quest/sq_q001_tbug/tbug/02b_upload_ping_just/device_mp	gameJournalQuestMapPin	Mappins.QuestStaticMappinDefinition		
mappin	-2639.75	-2476.269	36.424	quests/side_quest/sq032_tapeworm/00_johnny/03_break_window/sq032_mp_window	gameJournalQuestMapPin	Mappins.QuestStaticMappinDefinition		
mappin	-2634.149	-2469.354	35.238	quests/side_quest/sq032_tapeworm/00_johnny/04_open_cache/sq032_mp_secret_cache	gameJournalQuestMapPin	Mappins.QuestStaticMappinDefinition		
mappin	-2639.75	-2476.269	36.424	quests/side_quest/sq032_tapeworm/00_johnny/06_leave_motel_room/sq032_mp_window	gameJournalQuestMapPin	Mappins.QuestStaticMappinDefinition		
mappin	-1447.877	1012.092	17.3	quests/side_quest/sq031_smack_my_bitch_up/01_afterlife/01_bug_drags/bartender	gameJournalQuestMapPin	Mappins.QuestStaticMappinDefinition		
mappin	-1629.831	404.977	8.087	quests/side_quest/sq031_smack_my_bitch_up/03_smack_streaptease/01_watch_streaptease/streapper	gameJournalQuestMapPin	Mappins.QuestDynamicMappinDefinition		
mappin	-1634.75	386.48	7.457	quests/side_quest/sq031_smack_my_bitch_up/03_smack_streaptease/02_buy_champagne/streapper	gameJournalQuestMapPin	Mappins.QuestDynamicMappinDefinition		
mappin	-1629.831	404.977	8.087	quests/side_quest/sq031_smack_my_bitch_up/03_smack_streaptease/03_pour_champagne/streapper	gameJournalQuestMapPin	Mappins.QuestDynamicMappinDefinition		
mappin	-1612.521	372.916	9.12	quests/side_quest/sq031_smack_my_bitch_up/03_smack_streaptease/04_find_toilet/toilet	gameJournalQuestMapPin	Mappins.QuestStaticMappinDefinition		
mappin	-1629.831	404.977	8.087	quests/side_quest/sq031_smack_my_bitch_up/03_smack_streaptease/01_watch_streaptease3/streapper	gameJournalQuestMapPin	Mappins.QuestDynamicMappinDefinition		
mappin	-1629.831	404.977	8.087	quests/side_quest/sq031_smack_my_bitch_up/03_smack_streaptease/01_watch_streaptease4/streapper	gameJournalQuestMapPin	Mappins.QuestDynamicMappinDefinition		
mappin	-1604.491	358.286	9.173	quests/side_quest/sq031_smack_my_bitch_up/03_smack_streaptease/05_talk_to_patrons/brawler	gameJournalQuestMapPin	Mappins.QuestDynamicMappinDefinition		
mappin	-1634.319	404.265	14.077	quests/side_quest/sq031_smack_my_bitch_up/03_smack_streaptease/03_pour_champagne1/streapper	gameJournalQuestMapPin	Mappins.QuestDynamicMappinDefinition		
mappin	-1634.319	404.265	14.077	quests/side_quest/sq031_smack_my_bitch_up/03_smack_streaptease/03_pour_champagne2/streapper	gameJournalQuestMapPin	Mappins.QuestDynamicMappinDefinition		
mappin	-1634.319	404.265	14.077	quests/side_quest/sq031_smack_my_bitch_up/03_smack_streaptease/03_pour_champagne3/streapper	gameJournalQuestMapPin	Mappins.QuestDynamicMappinDefinition		
mappin	-1629.831	404.977	8.087	quests/side_quest/sq031_smack_my_bitch_up/03_smack_streaptease/01_watch_streaptease2/streapper	gameJournalQuestMapPin	Mappins.QuestDynamicMappinDefinition		
mappin	-83.597	1981.867	102.379	quests/side_quest/sq031_cinema/bushidox/02_get_to_cinema/cinema	gameJournalQuestMapPin	Mappins.QuestStaticMappinDefinition		
mappin	-81.61	1976.179	102.379	quests/side_quest/sq031_cinema/bushidox/04_free_slot/slot	gameJournalQuestMapPin	Mappins.QuestStaticMappinDefinition		
mappin	-80.785	1978.556	100.911	quests/side_quest/sq031_cinema/bushidox/02_get_to_cinema1/cinema	gameJournalQuestMapPin	Mappins.QuestStaticMappinDefinition		
mappin	-98.303	1952.935	100.526	quests/side_quest/sq031_cinema/bushidox/11_look_around/cinema	gameJournalQuestMapPin	Mappins.QuestStaticMappinDefinition		
mappin	-76.159	1966.055	108.489	quests/side_quest/sq031_cinema/bushidox/11_look_around/storage	gameJournalQuestMapPin	Mappins.QuestStaticMappinDefinition		
mappin	-76.088	1966.465	108.382	quests/side_quest/sq031_cinema/bushidox/13_check_storage/storage	gameJournalQuestMapPin	Mappins.QuestStaticMappinDefinition		
mappin	-80.992	1978.807	102.419	quests/side_quest/sq031_cinema/bushidox/02_get_to_cinema2/cinema	gameJournalQuestMapPin	Mappins.QuestStaticMappinDefinition		
mappin	-1466.819	1047.094	23.688	quests/side_quest/sq031_cinema/bushidox/01_pick_up_rogue_afterlife/01_afterlife_wait	gameJournalQuestMapPin	Mappins.QuestStaticMappinDefinition		
mappin	-1462.816	1047.677	22.658	quests/side_quest/sq031_cinema/bushidox/01a_afterlife_wait/01_afterlife_wait	gameJournalQuestMapPin	Mappins.QuestStaticMappinDefinition		
mappin	-1457.862	1020.338	17.747	quests/side_quest/sq031_rogue/afterlife/01_go_to_afterlife/ebunike	gameJournalQuestMapPin	Mappins.QuestStaticMappinDefinition		
mappin	-1457.862	1020.338	17.747	quests/side_quest/sq031_rogue/afterlife/02_talk_to_johnny/ebunike	gameJournalQuestMapPin	Mappins.QuestStaticMappinDefinition		
mappin	-1845.399	3855.277	7.442	quests/side_quest/sq031_rogue/grave/01_travel_to_grave/grave	gameJournalQuestMapPin	Mappins.QuestStaticMappinDefinition		
mappin	-1845.399	3855.277	7.442	quests/side_quest/sq031_rogue/grave/03_check_area/grave	gameJournalQuestMapPin	Mappins.QuestStaticMappinDefinition		
mappin	-1844.747	3854.323	6.88	quests/side_quest/sq031_rogue/grave/04_sit_grave/sit	gameJournalQuestMapPin	Mappins.QuestStaticMappinDefinition		
mappin	-1565.827	3053.782	10.722	quests/side_quest/sq031_rogue/malorian/01_search_ebunike_area/ebunike	gameJournalQuestMapPin	Mappins.QuestStaticMappinDefinition		
mappin	-1541.297	3086.051	16.552	quests/side_quest/sq031_rogue/malorian/02_seach_ebunike_deck/deck	gameJournalQuestMapPin	Mappins.QuestStaticMappinDefinition		
mappin	-1574.684	3068.235	9.233	quests/side_quest/sq031_rogue/malorian/02_seach_ebunike_deck/deck1	gameJournalQuestMapPin	Mappins.QuestStaticMappinDefinition		
mappin	-1534.043	3072.169	23.087	quests/side_quest/sq031_rogue/malorian/06_find_car/crane	gameJournalQuestMapPin	Mappins.QuestStaticMappinDefinition		
mappin	-1540.865	3053.328	9.322	quests/side_quest/sq031_rogue/malorian/06_find_car1/crane	gameJournalQuestMapPin	Mappins.QuestStaticMappinDefinition		
mappin	-1543.587	3055.347	8.076	quests/side_quest/sq031_rogue/malorian/08_remove_cloth/cloth	gameJournalQuestMapPin	Mappins.QuestStaticMappinDefinition		
mappin	-1565.827	3053.782	10.722	quests/side_quest/sq031_rogue/malorian/01_search_ebunike_area1/ebunike	gameJournalQuestMapPin	Mappins.QuestStaticMappinDefinition		
mappin	-1534.308	3089.209	17.245	quests/side_quest/sq031_rogue/malorian/02a_listen_audio_database/database	gameJournalQuestMapPin	Mappins.QuestStaticMappinDefinition		
mappin	-1562.635	2986.022	11.582	quests/side_quest/sq031_rogue/malorian/00a_open_door/crane	gameJournalQuestMapPin	Mappins.QuestStaticMappinDefinition		
mappin	-1465.155	1046.971	22.759	quests/side_quest/sq031_rogue/02_afterlife/01_go_to_afterlife1/afterlife1	gameJournalQuestMapPin	Mappins.QuestStaticMappinDefinition		
mappin	-1458.489	1025.615	16.896	quests/side_quest/sq031_rogue/02_afterlife/01_go_to_afterlife1/afterlife	gameJournalQuestMapPin	Mappins.QuestStaticMappinDefinition		
mappin	-2462.745	-20.012	3.536	quests/side_quest/sq028_kerry_romance/marina/meet_kerry/wait_mp	gameJournalQuestMapPin	Mappins.QuestStaticMappinDefinition		
mappin	-2485.856	-37.641	2.416	quests/side_quest/sq028_kerry_romance/marina/climb_aboard/cabin_cruiser	gameJournalQuestMapPin	Mappins.QuestStaticMappinDefinition		
mappin	-2448.524	3465.915	1.402	quests/side_quest/sq028_kerry_romance/cruiser/break_shit/break_area_mp	gameJournalQuestMapPin	Mappins.QuestStaticMappinDefinition		
mappin	-2452.746	3461.471	3.186	quests/side_quest/sq028_kerry_romance/cruiser/break_shit/painting_mp	gameJournalQuestMapPin	Mappins.QuestStaticMappinDefinition		
mappin	-2455.233	3466.381	2.654	quests/side_quest/sq028_kerry_romance/cruiser/break_shit/coffee_machine_mp	gameJournalQuestMapPin	Mappins.QuestStaticMappinDefinition		
mappin	-2449.885	3467.354	2.656	quests/side_quest/sq028_kerry_romance/cruiser/break_shit/gramophone_mp	gameJournalQuestMapPin	Mappins.QuestStaticMappinDefinition		
mappin	-2479.39	3517.161	4.029	quests/side_quest/sq028_kerry_romance/cruiser/escape/beach	gameJournalQuestMapPin	Mappins.QuestStaticMappinDefinition		
mappin	-2479.39	3517.161	4.029	quests/side_quest/sq028_kerry_romance/cruiser/wait_kerry/beach	gameJournalQuestMapPin	Mappins.QuestStaticMappinDefinition		
mappin	-900.65	1864.232	42.191	quests/side_quest/sq026_03_pizza/01_pizza_night/enter_apartment/apartment	gameJournalQuestMapPin	Mappins.QuestStaticMappinDefinition		
mappin	-905.515	1867.609	43.91	quests/side_quest/sq026_03_pizza/01_pizza_night/intercom/intercom	gameJournalQuestMapPin	Mappins.QuestStaticMappinDefinition		
mappin	-904.931	1860.489	42.156	quests/side_quest/sq026_03_pizza/01_pizza_night/join_kitchen/kitchen	gameJournalQuestMapPin	Mappins.QuestStaticMappinDefinition		
mappin	-906.789	1846.674	36.56	quests/side_quest/sq026_03_pizza/01_pizza_night/leave/exit	gameJournalQuestMapPin	Mappins.QuestStaticMappinDefinition		
mappin	-904.879	1868.491	43.872	quests/side_quest/sq026_03_pizza/01_pizza_night/location/location	gameJournalQuestMapPin	Mappins.QuestStaticMappinDefinition		
mappin	-905.387	1859.983	43.466	quests/side_quest/sq026_03_pizza/01_pizza_night/breakfast/coffee	gameJournalQuestMapPin	Mappins.QuestStaticMappinDefinition		
mappin	-905.298	1860.316	43.467	quests/side_quest/sq026_03_pizza/01_pizza_night/breakfast/sandwich	gameJournalQuestMapPin	Mappins.QuestStaticMappinDefinition		
mappin	-911.827	1868.41	43.448	quests/side_quest/sq026_03_pizza/01_pizza_night/wait_evening/rail	gameJournalQuestMapPin	Mappins.QuestStaticMappinDefinition		
mappin	-1429.624	-1398.984	47.116	quests/side_quest/sq025c07_suicidal/07_find_suicidal/07_find_suicidal/coastview1	gameJournalQuestMapPin	Mappins.QuestStaticMappinDefinition		
mappin	-859.45	-1189.964	46.37	quests/side_quest/sq025c07_suicidal/07_find_suicidal/07a_scan_suicidal/suicidal	gameJournalQuestMapPin	Mappins.QuestDynamicMappinDefinition		
mappin	-859.45	-1189.964	46.37	quests/side_quest/sq025c07_suicidal/07_find_suicidal/07b_disable_suicidal/suicidal	gameJournalQuestMapPin	Mappins.QuestDynamicMappinDefinition		
mappin	-859.45	-1189.964	46.37	quests/side_quest/sq025c07_suicidal/07_find_suicidal/07c_return_suicidal/suicidal	gameJournalQuestMapPin	Mappins.QuestDynamicMappinDefinition		
mappin	-650.012	799.06	132.253	quests/side_quest/sq026_02_maiko/01_maiko/enter_office/office	gameJournalQuestMapPin	Mappins.QuestStaticMappinDefinition		
mappin	-656.941	793.565	133.514	quests/side_quest/sq026_02_maiko/01_maiko/leave_dollhouse/balcony	gameJournalQuestMapPin	Mappins.QuestStaticMappinDefinition		
mappin	-685.849	804.651	36.262	quests/side_quest/sq026_02_maiko/01_maiko/use_elevator/elevator	gameJournalQuestMapPin	Mappins.QuestStaticMappinDefinition		
mappin	-694.283	776.845	37.308	quests/side_quest/sq026_02_maiko/01_maiko/meet_megabuilding/megabuilding	gameJournalQuestMapPin	Mappins.QuestStaticMappinDefinition		
mappin	-685.761	804.672	37.696	quests/side_quest/sq026_02_maiko/01_maiko/meet_megabuilding/elevator_ground	gameJournalQuestMapPin	Mappins.QuestStaticMappinDefinition		
mappin	-684.219	807.004	129.227	quests/side_quest/sq026_02_maiko/01_maiko/meet_megabuilding/elevator_dh	gameJournalQuestMapPin	Mappins.QuestStaticMappinDefinition		
mappin	-707.966	785.98	133.318	quests/side_quest/sq026_02_maiko/01_maiko/meet_megabuilding/staircase	gameJournalQuestMapPin	Mappins.QuestStaticMappinDefinition		
mappin	-685.49	757.341	133.331	quests/side_quest/sq026_02_maiko/01_maiko/meet_megabuilding/scaffolding	gameJournalQuestMapPin	Mappins.QuestStaticMappinDefinition		
mappin	-671.354	769.813	133.164	quests/side_quest/sq026_02_maiko/01_maiko/meet_megabuilding/balcony_01	gameJournalQuestMapPin	Mappins.QuestStaticMappinDefinition		
mappin	-668.771	773.326	137.164	quests/side_quest/sq026_02_maiko/01_maiko/meet_megabuilding/balcony_02	gameJournalQuestMapPin	Mappins.QuestStaticMappinDefinition		
mappin	-658.322	787.325	135.989	quests/side_quest/sq026_02_maiko/01_maiko/meet_megabuilding/balcony_03	gameJournalQuestMapPin	Mappins.QuestStaticMappinDefinition		
mappin	-656.941	793.565	133.514	quests/side_quest/sq026_02_maiko/01_maiko/meet_megabuilding/meeting	gameJournalQuestMapPin	Mappins.QuestStaticMappinDefinition		
mappin	-653.086	792.591	133.356	quests/side_quest/sq026_02_maiko/01_maiko/wait_judy/spot	gameJournalQuestMapPin	Mappins.QuestStaticMappinDefinition		
mappin	-684.219	807.004	129.227	quests/side_quest/sq026_02_maiko/02_ambush/take_elevator_down/elevator	gameJournalQuestMapPin	Mappins.QuestStaticMappinDefinition		
mappin	-684.419	806.995	92.743	quests/side_quest/sq026_02_maiko/02_ambush/take_elevator_down/elevator1	gameJournalQuestMapPin	Mappins.QuestStaticMappinDefinition		
mappin	-684.219	807.004	129.227	quests/side_quest/sq026_02_maiko/02_ambush/take_elevator_maintenance/elevator	gameJournalQuestMapPin	Mappins.QuestStaticMappinDefinition		
mappin	-904.879	1868.491	43.872	quests/side_quest/sq026_01_suicide/01_suicide/apartment/area	gameJournalQuestMapPin	Mappins.QuestStaticMappinDefinition		
mappin	-896.51	1857.168	42.25	quests/side_quest/sq026_01_suicide/01_suicide/evelyn_bed/bed	gameJournalQuestMapPin	Mappins.QuestStaticMappinDefinition		
mappin	-897.564	1859.598	42.16	quests/side_quest/sq026_01_suicide/01_suicide/evelyn_carry/bedroom	gameJournalQuestMapPin	Mappins.QuestStaticMappinDefinition		
mappin	-897.564	1859.598	42.16	quests/side_quest/sq026_01_suicide/01_suicide/wait_judy/bedroom	gameJournalQuestMapPin	Mappins.QuestStaticMappinDefinition		
mappin	-903.68	1863.784	41.7	quests/side_quest/sq026_01_suicide/01_suicide/leave_bedroom/room	gameJournalQuestMapPin	Mappins.QuestStaticMappinDefinition		
mappin	-900.607	1859.962	42.37	quests/side_quest/sq026_01_suicide/01_suicide/close_door/door	gameJournalQuestMapPin	Mappins.QuestStaticMappinDefinition		
mappin	-906.789	1846.674	36.56	quests/side_quest/sq026_01_suicide/02_roof/leave/exit	gameJournalQuestMapPin	Mappins.QuestStaticMappinDefinition		
mappin	-904.81	1857.494	46.16	quests/side_quest/sq026_01_suicide/02_roof/join_roof/couches	gameJournalQuestMapPin	Mappins.QuestStaticMappinDefinition		
mappin	3449.175	-755.404	115.852	quests/side_quest/sq027_02_raffen_shiv_attack/04_panzer/01_move_panzer/mp_point_01	gameJournalQuestMapPin	Mappins.QuestStaticMappinDefinition		
mappin	3528.689	-704.071	115.155	quests/side_quest/sq027_02_raffen_shiv_attack/04_panzer/03_drive_for_panam/mp_course_001	gameJournalQuestMapPin	Mappins.QuestStaticMappinDefinition		
mappin	3694.272	-591.243	126.375	quests/side_quest/sq027_02_raffen_shiv_attack/04_panzer/03_drive_for_panam/mp_course_002	gameJournalQuestMapPin	Mappins.QuestStaticMappinDefinition		
mappin	3873.242	-486.407	148.202	quests/side_quest/sq027_02_raffen_shiv_attack/04_panzer/03_drive_for_panam/mp_course_003	gameJournalQuestMapPin	Mappins.QuestStaticMappinDefinition		
mappin	3548.187	-662.291	117.469	quests/side_quest/sq027_02_raffen_shiv_attack/04_panzer/03_drive_for_panam/mp_course_001_l	gameJournalQuestMapPin	Mappins.QuestStaticMappinDefinition		
mappin	3570.035	-696.717	116.228	quests/side_quest/sq027_02_raffen_shiv_attack/04_panzer/03_drive_for_panam/mp_course_001_r	gameJournalQuestMapPin	Mappins.QuestStaticMappinDefinition		
mappin	3719.629	-543.18	127.849	quests/side_quest/sq027_02_raffen_shiv_attack/04_panzer/03_drive_for_panam/mp_course_002_l	gameJournalQuestMapPin	Mappins.QuestStaticMappinDefinition		
mappin	3739.934	-579.888	132.125	quests/side_quest/sq027_02_raffen_shiv_attack/04_panzer/03_drive_for_panam/mp_course_002_r	gameJournalQuestMapPin	Mappins.QuestStaticMappinDefinition		
mappin	3885.561	-455.929	147.547	quests/side_quest/sq027_02_raffen_shiv_attack/04_panzer/03_drive_for_panam/mp_course_003_l	gameJournalQuestMapPin	Mappins.QuestStaticMappinDefinition		
mappin	3905.715	-481.659	151.145	quests/side_quest/sq027_02_raffen_shiv_attack/04_panzer/03_drive_for_panam/mp_course_003_r	gameJournalQuestMapPin	Mappins.QuestStaticMappinDefinition		
mappin	3957.627	-427.97	152.514	quests/side_quest/sq027_02_raffen_shiv_attack/04_panzer/04_shoot_targets/mp_target_001	gameJournalQuestMapPin	Mappins.QuestStaticMappinDefinition		
mappin	3995.817	-442.222	149.617	quests/side_quest/sq027_02_raffen_shiv_attack/04_panzer/04_shoot_targets/mp_target_002	gameJournalQuestMapPin	Mappins.QuestStaticMappinDefinition		
mappin	3970.723	-465.395	152.816	quests/side_quest/sq027_02_raffen_shiv_attack/04_panzer/04_shoot_targets/mp_target_003	gameJournalQuestMapPin	Mappins.QuestStaticMappinDefinition		
mappin	3972.044	-390.977	147.116	quests/side_quest/sq027_02_raffen_shiv_attack/04_panzer/04_shoot_targets/mp_target_004	gameJournalQuestMapPin	Mappins.QuestStaticMappinDefinition		
mappin	3993.274	-472.156	148.654	quests/side_quest/sq027_02_raffen_shiv_attack/04_panzer/04_shoot_targets/mp_target_005	gameJournalQuestMapPin	Mappins.QuestStaticMappinDefinition		
mappin	3963.005	-448.64	154.421	quests/side_quest/sq027_02_raffen_shiv_attack/04_panzer/06_drive_panzer_to_shooting/mp_target	gameJournalQuestMapPin	Mappins.QuestStaticMappinDefinition		
mappin	3519.447	-352.348	128.625	quests/side_quest/sq027_02_raffen_shiv_attack/05_camp_attack/01_defend_the_camp/mp_combat_area	gameJournalQuestMapPin	Mappins.QuestStaticMappinDefinition		
mappin	3476.404	-350.016	134.641	quests/side_quest/sq027_02_raffen_shiv_attack/05_camp_attack/02_drive_up_to_the_camp/mp_goal	gameJournalQuestMapPin	Mappins.QuestStaticMappinDefinition		
mappin	3519.447	-352.348	128.625	quests/side_quest/sq027_02_raffen_shiv_attack/05_camp_attack/01_defend_the_camp1/mp_combat_area	gameJournalQuestMapPin	Mappins.QuestStaticMappinDefinition		
mappin	3519.447	-352.348	128.625	quests/side_quest/sq027_02_raffen_shiv_attack/05_camp_attack/01_defend_the_camp2/mp_combat_area	gameJournalQuestMapPin	Mappins.QuestStaticMappinDefinition		
mappin	3519.447	-352.348	128.625	quests/side_quest/sq027_02_raffen_shiv_attack/05_camp_attack/01_defend_the_camp3/mp_combat_area	gameJournalQuestMapPin	Mappins.QuestStaticMappinDefinition		
mappin	-703.188	763.624	34.372	quests/side_quest/sq026_04_hiromi/01_to_penthouse/go_megabuilding/megabuilding	gameJournalQuestMapPin	Mappins.QuestStaticMappinDefinition		
mappin	-699.444	792.761	37.43	quests/side_quest/sq026_04_hiromi/01_to_penthouse/meet_judy/judy	gameJournalQuestMapPin	Mappins.QuestStaticMappinDefinition		
mappin	-699.444	792.761	37.43	quests/side_quest/sq026_04_hiromi/01_to_penthouse/talk_group/group	gameJournalQuestMapPin	Mappins.QuestStaticMappinDefinition		
mappin	-694.887	798.072	89.212	quests/side_quest/sq026_04_hiromi/01_to_penthouse/clear_maintenance/area	gameJournalQuestMapPin	Mappins.QuestStaticMappinDefinition		
mappin	-723.807	807.347	90.522	quests/side_quest/sq026_04_hiromi/01_to_penthouse/enter_elevator/elevator	gameJournalQuestMapPin	Mappins.QuestStaticMappinDefinition		
mappin	-722.297	809.416	93.023	quests/side_quest/sq026_04_hiromi/01_to_penthouse/access_roof/elevator_roof	gameJournalQuestMapPin	Mappins.QuestStaticMappinDefinition		
mappin	-700.04	778.647	37.531	quests/side_quest/sq026_04_hiromi/01_to_penthouse/wait_afternoon/stand	gameJournalQuestMapPin	Mappins.QuestStaticMappinDefinition		
mappin	-707.878	835.221	322.112	quests/side_quest/sq026_04_hiromi/02_penthouse/find_entry/area	gameJournalQuestMapPin	Mappins.QuestStaticMappinDefinition		
mappin	-694.384	831.704	328.874	quests/side_quest/sq026_04_hiromi/02_penthouse/office/office	gameJournalQuestMapPin	Mappins.QuestStaticMappinDefinition		
mappin	-701.252	835.81	326.112	quests/side_quest/sq026_04_hiromi/02_penthouse/hiromi/hiromi	gameJournalQuestMapPin	Mappins.QuestDynamicMappinDefinition		
mappin	-696.613	837.603	327.212	quests/side_quest/sq026_04_hiromi/02_penthouse/join_meeting/office	gameJournalQuestMapPin	Mappins.QuestStaticMappinDefinition		
mappin	-704.783	817.927	323.252	quests/side_quest/sq026_04_hiromi/02_penthouse/leave/door	gameJournalQuestMapPin	Mappins.QuestStaticMappinDefinition		
mappin	-697.787	838.17	327.952	quests/side_quest/sq026_04_hiromi/02_penthouse/sit_down/sit	gameJournalQuestMapPin	Mappins.QuestStaticMappinDefinition		
mappin	-696.613	837.603	327.212	quests/side_quest/sq026_04_hiromi/02_penthouse/defeat_tc/area	gameJournalQuestMapPin	Mappins.QuestStaticMappinDefinition		
mappin	-685.693	804.904	324.482	quests/side_quest/sq026_04_hiromi/02_penthouse/take_elevator/elevator	gameJournalQuestMapPin	Mappins.QuestStaticMappinDefinition		
mappin	-701.131	841.761	321.706	quests/side_quest/sq026_04_hiromi/02_penthouse/defeat_security/area	gameJournalQuestMapPin	Mappins.QuestStaticMappinDefinition		
mappin	-853.092	2728.243	39.227	quests/side_quest/sq025c05_scared/05_find_scared/05_find_scared/northside	gameJournalQuestMapPin	Mappins.QuestStaticMappinDefinition		
mappin	-636.556	2530.228	49.89	quests/side_quest/sq025c05_scared/05_find_scared/05a_scan_scared/scared	gameJournalQuestMapPin	Mappins.QuestStaticMappinDefinition		
mappin	-750.906	2314.077	53	quests/side_quest/sq025c05_scared/05_find_scared/05b_disable_scared/scared	gameJournalQuestMapPin	Mappins.QuestDynamicMappinDefinition		
mappin	-750.906	2314.077	53	quests/side_quest/sq025c05_scared/05_find_scared/05c_return_scared/scared	gameJournalQuestMapPin	Mappins.QuestDynamicMappinDefinition		
mappin	1235.611	-503.462	37.001	quests/side_quest/sq029_sobchak_romance/join_river_with_fam/go_to_joss_house/mappin_trigger	gameJournalQuestMapPin	Mappins.QuestStaticMappinDefinition		
mappin	1223.784	-470.647	36.919	quests/side_quest/sq029_sobchak_romance/join_river_with_fam/01a_wait_at_place/wait_location_mp	gameJournalQuestMapPin	Mappins.QuestStaticMappinDefinition		
mappin	1256.275	-452.654	45.3	quests/side_quest/sq029_sobchak_romance/drink_with_river/06_gate/gate_mp	gameJournalQuestMapPin	Mappins.QuestStaticMappinDefinition		
mappin	1258.675	-446.39	44.19	quests/side_quest/sq029_sobchak_romance/drink_with_river/06a_fenced_area/fenced_area_mp	gameJournalQuestMapPin	Mappins.QuestStaticMappinDefinition		
mappin	1241.449	-449.89	68.24	quests/side_quest/sq029_sobchak_romance/drink_with_river/07_climb_tower/tower_mp	gameJournalQuestMapPin	Mappins.QuestStaticMappinDefinition		
mappin	1239.503	-502.463	37.219	quests/side_quest/sq029_sobchak_romance/bbq/sit_down/mappin_sit	gameJournalQuestMapPin	Mappins.QuestStaticMappinDefinition		
mappin	1239.548	-502.458	37.287	quests/side_quest/sq029_sobchak_romance/bbq/01_go_to_table/dinner_mp	gameJournalQuestMapPin	Mappins.QuestStaticMappinDefinition		
mappin	1237.678	-500.101	37.394	quests/side_quest/sq029_sobchak_romance/02_cooking/01_stir_soya/pot_mp	gameJournalQuestMapPin	Mappins.QuestStaticMappinDefinition		
mappin	1237.678	-500.101	37.394	quests/side_quest/sq029_sobchak_romance/02_cooking/03_add_rice/pot_mp	gameJournalQuestMapPin	Mappins.QuestStaticMappinDefinition		
mappin	1242.351	-532.59	37.846	quests/side_quest/sq029_sobchak_romance/02_cooking/02a_take_rice/mappin_kitchen	gameJournalQuestMapPin	Mappins.QuestStaticMappinDefinition		
mappin	1240.263	-534.068	38.229	quests/side_quest/sq029_sobchak_romance/02_cooking/06_rice/rice_mp	gameJournalQuestMapPin	Mappins.QuestStaticMappinDefinition		
mappin	1236.891	-513.36	37.97	quests/side_quest/sq029_sobchak_romance/02_cooking/07_sit_down/patio_sit_mp	gameJournalQuestMapPin	Mappins.QuestStaticMappinDefinition		
mappin	1244.232	-501.753	37.24	quests/side_quest/sq029_sobchak_romance/07_ar_game/vr_game1/vr_game_mp	gameJournalQuestMapPin	Mappins.QuestStaticMappinDefinition		
mappin	1199.912	-494.115	34	quests/side_quest/sq029_sobchak_romance/07_ar_game/04_round_1/target_mp	gameJournalQuestMapPin	Mappins.QuestEntityMappinDefinition		
mappin	1193.566	-483.667	33.77	quests/side_quest/sq029_sobchak_romance/07_ar_game/04_round_1/target_02_mp	gameJournalQuestMapPin	Mappins.QuestEntityMappinDefinition		
mappin	1193.315	-480.162	37.67	quests/side_quest/sq029_sobchak_romance/07_ar_game/04_round_1/target_03_mp	gameJournalQuestMapPin	Mappins.QuestEntityMappinDefinition		
mappin	1195.027	-487.45	33.137	quests/side_quest/sq029_sobchak_romance/07_ar_game/04_round_1/target_boss_mp	gameJournalQuestMapPin	Mappins.QuestStaticMappinDefinition		
mappin	1218.907	-480.103	35.179	quests/side_quest/sq029_sobchak_romance/07_ar_game/04_round_1/combat_area_mp	gameJournalQuestMapPin	Mappins.QuestStaticMappinDefinition		
mappin	1195.529	-488.911	33.629	quests/side_quest/sq029_sobchak_romance/07_ar_game/04_round_1/target_02a_mp	gameJournalQuestMapPin	Mappins.QuestEntityMappinDefinition		
mappin	1195.35	-478.198	35.075	quests/side_quest/sq029_sobchak_romance/07_ar_game/04_round_1/target_02b_mp	gameJournalQuestMapPin	Mappins.QuestEntityMappinDefinition		
mappin	1192.506	-508.029	36.727	quests/side_quest/sq029_sobchak_romance/07_ar_game/05_round_2/target_04_mp	gameJournalQuestMapPin	Mappins.QuestEntityMappinDefinition		
mappin	1187.121	-501.809	32.86	quests/side_quest/sq029_sobchak_romance/07_ar_game/05_round_2/target_05_mp	gameJournalQuestMapPin	Mappins.QuestEntityMappinDefinition		
mappin	1198.189	-508.611	33.97	quests/side_quest/sq029_sobchak_romance/07_ar_game/05_round_2/target_06_mp	gameJournalQuestMapPin	Mappins.QuestEntityMappinDefinition		
mappin	1198.857	-502.828	34	quests/side_quest/sq029_sobchak_romance/07_ar_game/05_round_2/target_07_mp	gameJournalQuestMapPin	Mappins.QuestEntityMappinDefinition		
mappin	1205.091	-505.811	36.75	quests/side_quest/sq029_sobchak_romance/07_ar_game/05_round_2/target_08_mp	gameJournalQuestMapPin	Mappins.QuestEntityMappinDefinition		
mappin	1208.862	-533.054	32.99	quests/side_quest/sq029_sobchak_romance/07_ar_game/05_round_2/target_boss_mp	gameJournalQuestMapPin	Mappins.QuestStaticMappinDefinition		
mappin	1190.9	-495.25	33.08	quests/side_quest/sq029_sobchak_romance/07_ar_game/05_round_2/combat_area_mp	gameJournalQuestMapPin	Mappins.QuestStaticMappinDefinition		
mappin	1193.026	-494.299	33.277	quests/side_quest/sq029_sobchak_romance/07_ar_game/05_round_2/target_05_mp1	gameJournalQuestMapPin	Mappins.QuestEntityMappinDefinition		
mappin	1195.277	-494.036	33.291	quests/side_quest/sq029_sobchak_romance/07_ar_game/05_round_2/target_05_mp2	gameJournalQuestMapPin	Mappins.QuestEntityMappinDefinition		
mappin	1212.435	-535.621	33.45	quests/side_quest/sq029_sobchak_romance/07_ar_game/06_round_3/target_09_mp	gameJournalQuestMapPin	Mappins.QuestEntityMappinDefinition		
mappin	1202.121	-529.206	33.65	quests/side_quest/sq029_sobchak_romance/07_ar_game/06_round_3/target_10_mp	gameJournalQuestMapPin	Mappins.QuestEntityMappinDefinition		
mappin	1223.25	-539.398	36.86	quests/side_quest/sq029_sobchak_romance/07_ar_game/06_round_3/target_11_mp	gameJournalQuestMapPin	Mappins.QuestEntityMappinDefinition		
mappin	1231.866	-539.487	35.41	quests/side_quest/sq029_sobchak_romance/07_ar_game/06_round_3/target_12_mp	gameJournalQuestMapPin	Mappins.QuestEntityMappinDefinition		
mappin	1234.209	-532.659	37.21	quests/side_quest/sq029_sobchak_romance/07_ar_game/06_round_3/target_13_mp	gameJournalQuestMapPin	Mappins.QuestEntityMappinDefinition		
mappin	1232.317	-530.879	36.182	quests/side_quest/sq029_sobchak_romance/07_ar_game/06_round_3/target_14_mp	gameJournalQuestMapPin	Mappins.QuestEntityMappinDefinition		
mappin	1230.075	-530.02	35.71	quests/side_quest/sq029_sobchak_romance/07_ar_game/06_round_3/target_boss_mp	gameJournalQuestMapPin	Mappins.QuestStaticMappinDefinition		
mappin	1223.53	-530.34	33.36	quests/side_quest/sq029_sobchak_romance/07_ar_game/06_round_3/round_3a_start_mp	gameJournalQuestMapPin	Mappins.QuestStaticMappinDefinition		
mappin	1232.226	-532.354	33.36	quests/side_quest/sq029_sobchak_romance/07_ar_game/06_round_3/round_3b_start_mp	gameJournalQuestMapPin	Mappins.QuestStaticMappinDefinition		
mappin	1202.75	-520.59	33.36	quests/side_quest/sq029_sobchak_romance/07_ar_game/06_round_3/combat_area_3_mp	gameJournalQuestMapPin	Mappins.QuestStaticMappinDefinition		
mappin	1223.53	-530.34	33.36	quests/side_quest/sq029_sobchak_romance/07_ar_game/06_round_3/combat_area_3a_mp	gameJournalQuestMapPin	Mappins.QuestStaticMappinDefinition		
mappin	1232.226	-532.354	33.36	quests/side_quest/sq029_sobchak_romance/07_ar_game/06_round_3/combat_area_3b_mp	gameJournalQuestMapPin	Mappins.QuestStaticMappinDefinition		
mappin	1228.362	-538.521	34.978	quests/side_quest/sq029_sobchak_romance/07_ar_game/06_round_3/target_15_mp	gameJournalQuestMapPin	Mappins.QuestEntityMappinDefinition		
mappin	1229.096	-514.267	35.477	quests/side_quest/sq029_sobchak_romance/07_ar_game/07_final_round/target_boss_mp	gameJournalQuestMapPin	Mappins.QuestStaticMappinDefinition		
mappin	1228.119	-517.66	36.11	quests/side_quest/sq029_sobchak_romance/07_ar_game/07_final_round/final_round_start_mp	gameJournalQuestMapPin	Mappins.QuestStaticMappinDefinition		
mappin	1259.917	-1388.195	40.695	quests/side_quest/sq025c06_mean/06_find_mean/06_find_mean/japantown	gameJournalQuestMapPin	Mappins.QuestStaticMappinDefinition		
mappin	1519.88	-1624.163	55	quests/side_quest/sq025c06_mean/06_find_mean/06a_scan_deep/deep	gameJournalQuestMapPin	Mappins.QuestDynamicMappinDefinition		
mappin	1519.88	-1624.163	55	quests/side_quest/sq025c06_mean/06_find_mean/06b_disable_deep/deep	gameJournalQuestMapPin	Mappins.QuestDynamicMappinDefinition		
mappin	1519.88	-1624.163	55	quests/side_quest/sq025c06_mean/06_find_mean/06c_return_deep/deep	gameJournalQuestMapPin	Mappins.QuestDynamicMappinDefinition		
mappin	1519.88	-1624.163	55	quests/side_quest/sq025c06_mean/06_find_mean/06bb_enter_deep/deep	gameJournalQuestMapPin	Mappins.QuestDynamicMappinDefinition		
mappin	1102.045	-3479.991	180.201	quests/side_quest/sq030_judy_romance/dam/location/dam	gameJournalQuestMapPin	Mappins.QuestStaticMappinDefinition		
mappin	1112.007	-3465.337	180.87	quests/side_quest/sq030_judy_romance/dam/loot_gear/suit	gameJournalQuestMapPin	Mappins.QuestStaticMappinDefinition		
mappin	1113.805	-3462.555	181.548	quests/side_quest/sq030_judy_romance/dam/get_up/scroll	gameJournalQuestMapPin	Mappins.QuestStaticMappinDefinition		
mappin	1108.841	-3453.565	170.165	quests/side_quest/sq030_judy_romance/dam/into_water/water	gameJournalQuestMapPin	Mappins.QuestStaticMappinDefinition		
mappin	1112.246	-3479.862	182.425	quests/side_quest/sq030_judy_romance/dam/wait_start/spot	gameJournalQuestMapPin	Mappins.QuestStaticMappinDefinition		
mappin	1157.576	-3405.144	167.376	quests/side_quest/sq030_judy_romance/lake/follow/position	gameJournalQuestMapPin	Mappins.QuestStaticMappinDefinition		
mappin	1159.825	-3422.135	164.046	quests/side_quest/sq030_judy_romance/lake/position/position	gameJournalQuestMapPin	Mappins.QuestStaticMappinDefinition		
mappin	1160.598	-3420.936	165.146	quests/side_quest/sq030_judy_romance/lake/swim_circle/start	gameJournalQuestMapPin	Mappins.QuestStaticMappinDefinition		
mappin	1155.658	-3426.01	165.712	quests/side_quest/sq030_judy_romance/lake/swim_circle/back	gameJournalQuestMapPin	Mappins.QuestStaticMappinDefinition		
mappin	1159.825	-3422.135	164.046	quests/side_quest/sq030_judy_romance/lake/get_back/position	gameJournalQuestMapPin	Mappins.QuestStaticMappinDefinition		
mappin	1153.34	-3364.641	119.95	quests/side_quest/sq030_judy_romance/lake/exploration_diner/area	gameJournalQuestMapPin	Mappins.QuestStaticMappinDefinition		
mappin	1179.767	-3360.226	121.099	quests/side_quest/sq030_judy_romance/lake/exploration_church/area	gameJournalQuestMapPin	Mappins.QuestStaticMappinDefinition		
mappin	1179.767	-3360.226	121.099	quests/side_quest/sq030_judy_romance/lake/explore/area	gameJournalQuestMapPin	Mappins.QuestStaticMappinDefinition		
mappin	1153.34	-3364.641	119.95	quests/side_quest/sq030_judy_romance/lake/explore_diner_house/area	gameJournalQuestMapPin	Mappins.QuestStaticMappinDefinition		
mappin	1191.704	-3307.455	124.602	quests/side_quest/sq030_judy_romance/lake/explore_church_entrance/church	gameJournalQuestMapPin	Mappins.QuestStaticMappinDefinition		
mappin	1110.524	-3466.63	180.45	quests/side_quest/sq030_judy_romance/hut/stuff/equip	gameJournalQuestMapPin	Mappins.QuestStaticMappinDefinition		
mappin	1123.338	-3475.424	181.295	quests/side_quest/sq030_judy_romance/hut/stuff1/stuff	gameJournalQuestMapPin	Mappins.QuestStaticMappinDefinition		
mappin	1106.344	-3476.629	178.932	quests/side_quest/sq030_judy_romance/hut/find_judy/area	gameJournalQuestMapPin	Mappins.QuestStaticMappinDefinition		
mappin	1107.063	-3464.072	180.439	quests/side_quest/sq030_judy_romance/hut/sit_morning/railing	gameJournalQuestMapPin	Mappins.QuestStaticMappinDefinition		
mappin	1095.524	-3465.148	181.249	quests/side_quest/sq030_judy_romance/hut/sit_pier/pier	gameJournalQuestMapPin	Mappins.QuestStaticMappinDefinition		
mappin	1121.777	-3473.841	182.29	quests/side_quest/sq030_judy_romance/hut/sleep/bed	gameJournalQuestMapPin	Mappins.QuestStaticMappinDefinition		
mappin	1111.413	-3503.107	183.547	quests/side_quest/sq030_judy_romance/hut/generator/generator	gameJournalQuestMapPin	Mappins.QuestStaticMappinDefinition		
mappin	1121.062	-3477.57	181.112	quests/side_quest/sq030_judy_romance/hut/enter_hut/hut	gameJournalQuestMapPin	Mappins.QuestStaticMappinDefinition		
mappin	164.945	-1821	-12.737	quests/side_quest/sq025c04_manic/04_find_manic/04_find_manic/ranchocoronado	gameJournalQuestMapPin	Mappins.QuestStaticMappinDefinition		
mappin	441.873	-2038.985	1.24	quests/side_quest/sq025c04_manic/04_find_manic/04a_scan_manic/manic	gameJournalQuestMapPin	Mappins.QuestDynamicMappinDefinition		
mappin	441.873	-2038.985	1.24	quests/side_quest/sq025c04_manic/04_find_manic/04b_disable_manic/manic	gameJournalQuestMapPin	Mappins.QuestDynamicMappinDefinition		
mappin	441.873	-2038.985	1.24	quests/side_quest/sq025c04_manic/04_find_manic/04c_return_manic/manic	gameJournalQuestMapPin	Mappins.QuestDynamicMappinDefinition		
mappin	189.476	-1809.231	-10.396	quests/side_quest/sq025c04_manic/04_find_manic/04d_destroy_flamingos/flamingo01	gameJournalQuestMapPin	Mappins.QuestStaticMappinDefinition		
mappin	155.834	-1855.512	-10.1	quests/side_quest/sq025c04_manic/04_find_manic/04d_destroy_flamingos/flamingo02	gameJournalQuestMapPin	Mappins.QuestStaticMappinDefinition		
mappin	214.723	-1897.521	-9.77	quests/side_quest/sq025c04_manic/04_find_manic/04d_destroy_flamingos/flamingo03	gameJournalQuestMapPin	Mappins.QuestStaticMappinDefinition		
mappin	185.174	-1932.088	-10.139	quests/side_quest/sq025c04_manic/04_find_manic/04d_destroy_flamingos/flamingo04	gameJournalQuestMapPin	Mappins.QuestStaticMappinDefinition		
mappin	241.771	-1920.901	-7.94	quests/side_quest/sq025c04_manic/04_find_manic/04d_destroy_flamingos/flamingo05	gameJournalQuestMapPin	Mappins.QuestStaticMappinDefinition		
mappin	253.018	-1977.106	-6.073	quests/side_quest/sq025c04_manic/04_find_manic/04d_destroy_flamingos/flamingo06	gameJournalQuestMapPin	Mappins.QuestStaticMappinDefinition		
mappin	306.854	-2028.973	-5.028	quests/side_quest/sq025c04_manic/04_find_manic/04d_destroy_flamingos/flamingo07	gameJournalQuestMapPin	Mappins.QuestStaticMappinDefinition		
mappin	347.396	-1884.054	-6.471	quests/side_quest/sq025c04_manic/04_find_manic/04d_destroy_flamingos/flamingo08	gameJournalQuestMapPin	Mappins.QuestStaticMappinDefinition		
mappin	287.187	-1878.226	-8.508	quests/side_quest/sq025c04_manic/04_find_manic/04d_destroy_flamingos/flamingo09	gameJournalQuestMapPin	Mappins.QuestStaticMappinDefinition		
mappin	271.318	-1819.552	-10.059	quests/side_quest/sq025c04_manic/04_find_manic/04d_destroy_flamingos/flamingo010	gameJournalQuestMapPin	Mappins.QuestStaticMappinDefinition		
mappin	185.139	-1930.093	-10.139	quests/side_quest/sq025c04_manic/04_find_manic/04d_destroy_flamingos/flamingo_015_g1	gameJournalQuestMapPin	Mappins.QuestStaticMappinDefinition		
mappin	187.421	-1930.049	-9.947	quests/side_quest/sq025c04_manic/04_find_manic/04d_destroy_flamingos/flamingo_016_g1	gameJournalQuestMapPin	Mappins.QuestStaticMappinDefinition		
mappin	186.261	-1927.479	-9.947	quests/side_quest/sq025c04_manic/04_find_manic/04d_destroy_flamingos/flamingo_017_g1	gameJournalQuestMapPin	Mappins.QuestStaticMappinDefinition		
mappin	188.057	-1927.165	-9.947	quests/side_quest/sq025c04_manic/04_find_manic/04d_destroy_flamingos/flamingo_018_g1	gameJournalQuestMapPin	Mappins.QuestStaticMappinDefinition		
mappin	240.446	-1921.536	-8.103	quests/side_quest/sq025c04_manic/04_find_manic/04d_destroy_flamingos/flamingo_011_g2	gameJournalQuestMapPin	Mappins.QuestStaticMappinDefinition		
mappin	241.209	-1919.994	-8.181	quests/side_quest/sq025c04_manic/04_find_manic/04d_destroy_flamingos/flamingo_012_g2	gameJournalQuestMapPin	Mappins.QuestStaticMappinDefinition		
mappin	93.22	-1868.879	-10.194	quests/side_quest/sq025c04_manic/04_find_manic/04d_destroy_flamingos/flamingo_019_g3	gameJournalQuestMapPin	Mappins.QuestStaticMappinDefinition		
mappin	90.888	-1869.911	-10.194	quests/side_quest/sq025c04_manic/04_find_manic/04d_destroy_flamingos/flamingo_020_g3	gameJournalQuestMapPin	Mappins.QuestStaticMappinDefinition		
mappin	89.01	-1871.937	-10.194	quests/side_quest/sq025c04_manic/04_find_manic/04d_destroy_flamingos/flamingo_021_g3	gameJournalQuestMapPin	Mappins.QuestStaticMappinDefinition		
mappin	53.384	-1834.77	-10.194	quests/side_quest/sq025c04_manic/04_find_manic/04d_destroy_flamingos/flamingo_022_g4	gameJournalQuestMapPin	Mappins.QuestStaticMappinDefinition		
mappin	54.285	-1835.601	-10.194	quests/side_quest/sq025c04_manic/04_find_manic/04d_destroy_flamingos/flamingo_03_g4	gameJournalQuestMapPin	Mappins.QuestStaticMappinDefinition		
mappin	55.62	-1836.034	-10.194	quests/side_quest/sq025c04_manic/04_find_manic/04d_destroy_flamingos/flamingo_025_g4	gameJournalQuestMapPin	Mappins.QuestStaticMappinDefinition		
mappin	54.801	-1833.745	-10.194	quests/side_quest/sq025c04_manic/04_find_manic/04d_destroy_flamingos/flamingo_024_g4	gameJournalQuestMapPin	Mappins.QuestStaticMappinDefinition		
mappin	88.28	-1868.609	-10.194	quests/side_quest/sq025c04_manic/04_find_manic/04d_destroy_flamingos/flamingo_026_g3	gameJournalQuestMapPin	Mappins.QuestStaticMappinDefinition		
mappin	186.12	-1929.88	-9.26	quests/side_quest/sq025c04_manic/04_find_manic/04d_destroy_flamingos/flamingogroupa	gameJournalQuestMapPin	Mappins.QuestStaticMappinDefinition		
mappin	240.75	-1920.79	-8.04	quests/side_quest/sq025c04_manic/04_find_manic/04d_destroy_flamingos/flamingogroupb	gameJournalQuestMapPin	Mappins.QuestStaticMappinDefinition		
mappin	91.04	-1869.25	-9.64	quests/side_quest/sq025c04_manic/04_find_manic/04d_destroy_flamingos/flamingogroupc	gameJournalQuestMapPin	Mappins.QuestStaticMappinDefinition		
mappin	54.84	-1834.969	-10.09	quests/side_quest/sq025c04_manic/04_find_manic/04d_destroy_flamingos/flamingogroupd	gameJournalQuestMapPin	Mappins.QuestStaticMappinDefinition		
mappin	-1866.192	-2049.951	43.383	quests/side_quest/sq025c03_mean/03_find_mean/03_find_mean/coastview	gameJournalQuestMapPin	Mappins.QuestStaticMappinDefinition		
mappin	-1827.009	-1978.011	52.5	quests/side_quest/sq025c03_mean/03_find_mean/03a_scan_mean/mean	gameJournalQuestMapPin	Mappins.QuestDynamicMappinDefinition		
mappin	-1827.009	-1978.011	52.5	quests/side_quest/sq025c03_mean/03_find_mean/03b_disable_mean/mean	gameJournalQuestMapPin	Mappins.QuestDynamicMappinDefinition		
mappin	-1827.009	-1978.011	52.5	quests/side_quest/sq025c03_mean/03_find_mean/03c_return_mean/mean	gameJournalQuestMapPin	Mappins.QuestDynamicMappinDefinition		
mappin	-2030.635	-2168.289	17.91	quests/side_quest/sq025c03_mean/03_find_mean/04_defeat_goons/thug	gameJournalQuestMapPin	Mappins.QuestStaticMappinDefinition		
mappin	-1827.009	-1978.011	52.5	quests/side_quest/sq025c03_mean/03_find_mean/03e_talk/mean	gameJournalQuestMapPin	Mappins.QuestDynamicMappinDefinition		
mappin	55.203	773.774	129.428	quests/side_quest/sq025c02_sad/02_find_sad/02_find_sad/northoaks	gameJournalQuestMapPin	Mappins.QuestStaticMappinDefinition		
mappin	183.57	550.388	118.353	quests/side_quest/sq025c02_sad/02_find_sad/02a_scan_sad/sad	gameJournalQuestMapPin	Mappins.QuestDynamicMappinDefinition		
mappin	183.57	550.388	118.353	quests/side_quest/sq025c02_sad/02_find_sad/02b_disable_sad/sad	gameJournalQuestMapPin	Mappins.QuestDynamicMappinDefinition		
mappin	183.57	550.388	118.353	quests/side_quest/sq025c02_sad/02_find_sad/02c_return_sad/sad	gameJournalQuestMapPin	Mappins.QuestDynamicMappinDefinition		
mappin	183.57	550.388	118.353	quests/side_quest/sq025c02_sad/02_find_sad/02d_enter_car/sad	gameJournalQuestMapPin	Mappins.QuestDynamicMappinDefinition		
mappin	-968.448	-83.021	7.86	quests/side_quest/sq025c02_sad/02_find_sad/02e_drive_home/garage	gameJournalQuestMapPin	Mappins.QuestStaticMappinDefinition		
mappin	-968.448	-83.021	7.86	quests/side_quest/sq025c02_sad/02_find_sad/02c_return_sad1/garage	gameJournalQuestMapPin	Mappins.QuestStaticMappinDefinition		
mappin	183.57	550.388	118.353	quests/side_quest/sq025c02_sad/02_find_sad/02d_2_return_car_sad/sad	gameJournalQuestMapPin	Mappins.QuestDynamicMappinDefinition		
mappin	-643.622	-1245.199	9.286	quests/side_quest/sq024_city_race/02_santo_domingo_race/03_get_in/truck	gameJournalQuestMapPin	Mappins.QuestDynamicMappinDefinition		
mappin	-1870.316	-343.237	-56.456	quests/side_quest/sq024_city_race/02_santo_domingo_race/04_beat_race/racer_1	gameJournalQuestMapPin	Mappins.QuestDynamicMappinDefinition		
mappin	-1870.316	-343.237	-56.456	quests/side_quest/sq024_city_race/02_santo_domingo_race/04_beat_race/racer_2	gameJournalQuestMapPin	Mappins.QuestDynamicMappinDefinition		
mappin	-1870.316	-343.237	-56.456	quests/side_quest/sq024_city_race/02_santo_domingo_race/04_beat_race/racer_3	gameJournalQuestMapPin	Mappins.QuestDynamicMappinDefinition		
mappin	-1870.316	-343.237	-56.456	quests/side_quest/sq024_city_race/02_santo_domingo_race/04_beat_race/racer_4	gameJournalQuestMapPin	Mappins.QuestDynamicMappinDefinition		
mappin	-1870.316	-343.237	-56.456	quests/side_quest/sq024_city_race/02_santo_domingo_race/04_beat_race/racer_5	gameJournalQuestMapPin	Mappins.QuestDynamicMappinDefinition		
mappin	-752.238	-514.405	8.221	quests/side_quest/sq024_city_race/02_santo_domingo_race/00_go_to_race/race	gameJournalQuestMapPin	Mappins.QuestStaticMappinDefinition		
mappin	-2635.514	-545.604	7.734	quests/side_quest/sq024_city_race/02_santo_domingo_race/05_stop_at_finish/finish	gameJournalQuestMapPin	Mappins.QuestStaticMappinDefinition		
mappin	-643.622	-1245.199	9.286	quests/side_quest/sq024_city_race/02_santo_domingo_race/10_get_in_drive_garage/truck	gameJournalQuestMapPin	Mappins.QuestDynamicMappinDefinition		
mappin	-753.787	-513.268	8.716	quests/side_quest/sq024_city_race/02_santo_domingo_race/01d_wait_for_claire/seat	gameJournalQuestMapPin	Mappins.QuestStaticMappinDefinition		
mappin	-943.827	-81.245	9.01	quests/side_quest/sq025_compensation/01_hook/01_01_collect_reward/receptionist	gameJournalQuestMapPin	Mappins.QuestStaticMappinDefinition		
mappin	-943.827	-81.245	9.01	quests/side_quest/sq025_compensation/01_hook/01_02_get_inside/main_entrance	gameJournalQuestMapPin	Mappins.QuestStaticMappinDefinition		
mappin	-945.541	-86.672	9.366	quests/side_quest/sq025_compensation/01_hook/01_02_receptionist/receptionist	gameJournalQuestMapPin	Mappins.QuestStaticMappinDefinition		
mappin	-2155.315	-1048.427	8.275	quests/side_quest/sq025c01_angry/01_find_angry/01_find_angry/wellsprings	gameJournalQuestMapPin	Mappins.QuestStaticMappinDefinition		
mappin	-2458.289	-979.015	13.8	quests/side_quest/sq025c01_angry/01_find_angry/01a_scan_angry/angry	gameJournalQuestMapPin	Mappins.QuestDynamicMappinDefinition		
mappin	-2458.289	-979.015	13.8	quests/side_quest/sq025c01_angry/01_find_angry/01b_disable_angry/angry	gameJournalQuestMapPin	Mappins.QuestDynamicMappinDefinition		
mappin	-2458.289	-979.015	13.8	quests/side_quest/sq025c01_angry/01_find_angry/01c_return_angry/angry	gameJournalQuestMapPin	Mappins.QuestDynamicMappinDefinition		
mappin	-2458.289	-979.015	13.8	quests/side_quest/sq025c01_angry/01_find_angry/01d_destroy_angry/angry	gameJournalQuestMapPin	Mappins.QuestDynamicMappinDefinition		
mappin	3433.246	-359.656	138.055	quests/side_quest/sq027_01_basilisk_convoy/01_nomad_camp/01_go_to_snake_nation_camp/sq027_mp_nomad_camp	gameJournalQuestMapPin	Mappins.QuestStaticMappinDefinition		
mappin	3390.138	-436.454	130.312	quests/side_quest/sq027_01_basilisk_convoy/01_nomad_camp/03a_join_nomads_in_car/mp_panam	gameJournalQuestMapPin	Mappins.QuestStaticMappinDefinition		
mappin	3004.323	-1819.984	102.039	quests/side_quest/sq027_01_basilisk_convoy/02_preparations_new/01_travel_to_junction/mp_junction	gameJournalQuestMapPin	Mappins.QuestStaticMappinDefinition		
mappin	3025.393	-1838.939	113.803	quests/side_quest/sq027_01_basilisk_convoy/02_preparations_new/03a_talk_panam/mp_tower_top	gameJournalQuestMapPin	Mappins.QuestStaticMappinDefinition		
mappin	3017.552	-1846.774	114.529	quests/side_quest/sq027_01_basilisk_convoy/02_preparations_new/03d_activate_locomotive/mp_controls	gameJournalQuestMapPin	Mappins.QuestStaticMappinDefinition		
mappin	3004.323	-1819.984	102.039	quests/side_quest/sq027_01_basilisk_convoy/02_preparations_new/05_join_nomads_downstairs/mp_campfire	gameJournalQuestMapPin	Mappins.QuestStaticMappinDefinition		
mappin	3036.756	-1834.406	101.646	quests/side_quest/sq027_01_basilisk_convoy/02_preparations_new/04_scan_transformer/mp_transformer	gameJournalQuestMapPin	Mappins.QuestStaticMappinDefinition		
mappin	3024.063	-1840.019	113.617	quests/side_quest/sq027_01_basilisk_convoy/02_preparations_new/03b_search_punchcard/mp_area	gameJournalQuestMapPin	Mappins.QuestStaticMappinDefinition		
mappin	3015.778	-1851.002	115.58	quests/side_quest/sq027_01_basilisk_convoy/02_preparations_new/03a_find_entrance/mp_solo	gameJournalQuestMapPin	Mappins.QuestStaticMappinDefinition		
mappin	3033.284	-1843.434	108.99	quests/side_quest/sq027_01_basilisk_convoy/02_preparations_new/03a_find_entrance/mp_generic	gameJournalQuestMapPin	Mappins.QuestStaticMappinDefinition		
mappin	3016.724	-1828.665	101.691	quests/side_quest/sq027_01_basilisk_convoy/02_preparations_new/03a_find_entrance/mp_eng	gameJournalQuestMapPin	Mappins.QuestStaticMappinDefinition		
mappin	3027.527	-1844.11	101.467	quests/side_quest/sq027_01_basilisk_convoy/02_preparations_new/03a_find_entrance/mp_search_area	gameJournalQuestMapPin	Mappins.QuestStaticMappinDefinition		
mappin	2996.617	-1812.708	96.784	quests/side_quest/sq027_01_basilisk_convoy/02_preparations_new/05a_look_at_stars/mp_stars	gameJournalQuestMapPin	Mappins.QuestDynamicMappinDefinition		
mappin	3029.691	-1847.93	113.664	quests/side_quest/sq027_01_basilisk_convoy/02_preparations_new/03c_pickup_punchcard/mp_tray	gameJournalQuestMapPin	Mappins.QuestStaticMappinDefinition		
mappin	3472.411	-2026.858	146.986	quests/side_quest/sq027_01_basilisk_convoy/03_ambush/intercept_the_convoy/mp_locomotive	gameJournalQuestMapPin	Mappins.QuestDynamicMappinDefinition		
mappin	1813.138	-680.973	50.412	quests/side_quest/sq027_01_basilisk_convoy/03_ambush/defeat_escorts/mp_escort_01	gameJournalQuestMapPin	Mappins.QuestDynamicMappinDefinition		
mappin	1813.138	-680.973	50.412	quests/side_quest/sq027_01_basilisk_convoy/03_ambush/defeat_escorts/mp_escort_02	gameJournalQuestMapPin	Mappins.QuestDynamicMappinDefinition		
mappin	1813.138	-680.973	50.412	quests/side_quest/sq027_01_basilisk_convoy/03_ambush/defeat_escorts/mp_escort_03	gameJournalQuestMapPin	Mappins.QuestDynamicMappinDefinition		
mappin	1813.138	-680.973	50.412	quests/side_quest/sq027_01_basilisk_convoy/03_ambush/defeat_escorts/mp_escort_04	gameJournalQuestMapPin	Mappins.QuestDynamicMappinDefinition		
mappin	1813.138	-680.973	50.412	quests/side_quest/sq027_01_basilisk_convoy/03_ambush/defeat_escorts/mp_escort_05	gameJournalQuestMapPin	Mappins.QuestDynamicMappinDefinition		
mappin	1813.138	-680.973	50.412	quests/side_quest/sq027_01_basilisk_convoy/03_ambush/defeat_escorts/mp_escort_06	gameJournalQuestMapPin	Mappins.QuestDynamicMappinDefinition		
mappin	1813.138	-680.973	50.412	quests/side_quest/sq027_01_basilisk_convoy/03_ambush/defeat_escorts/mp_escort_07	gameJournalQuestMapPin	Mappins.QuestDynamicMappinDefinition		
mappin	1813.138	-680.973	50.412	quests/side_quest/sq027_01_basilisk_convoy/03_ambush/defeat_escorts/mp_escort_08	gameJournalQuestMapPin	Mappins.QuestDynamicMappinDefinition		
mappin	1813.138	-680.973	50.412	quests/side_quest/sq027_01_basilisk_convoy/03_ambush/defeat_escorts/mp_escort_04_driver	gameJournalQuestMapPin	Mappins.QuestDynamicMappinDefinition		
mappin	1813.138	-680.973	50.412	quests/side_quest/sq027_01_basilisk_convoy/03_ambush/defeat_escorts/mp_escort_04_passenger	gameJournalQuestMapPin	Mappins.QuestDynamicMappinDefinition		
mappin	2131.37	-669.8	60.523	quests/side_quest/sq027_01_basilisk_convoy/03_ambush/defeat_escorts/mp_area	gameJournalQuestMapPin	Mappins.QuestStaticMappinDefinition		
mappin	1813.138	-680.973	50.412	quests/side_quest/sq027_01_basilisk_convoy/03_ambush/defeat_escorts/mp_drone_01	gameJournalQuestMapPin	Mappins.QuestDynamicMappinDefinition		
mappin	1813.138	-680.973	50.412	quests/side_quest/sq027_01_basilisk_convoy/03_ambush/defeat_escorts/mp_drone_02	gameJournalQuestMapPin	Mappins.QuestDynamicMappinDefinition		
mappin	1813.138	-680.973	50.412	quests/side_quest/sq027_01_basilisk_convoy/03_ambush/defend_convoy/mp_flatbed_001	gameJournalQuestMapPin	Mappins.QuestDynamicMappinDefinition		
mappin	1813.138	-680.973	50.412	quests/side_quest/sq027_01_basilisk_convoy/03_ambush/defend_convoy/mp_flatbed_002	gameJournalQuestMapPin	Mappins.QuestDynamicMappinDefinition		
mappin	3371.477	-343.248	133.505	quests/side_quest/sq027_01_basilisk_convoy/03_ambush/defend_convoy/mp_target	gameJournalQuestMapPin	Mappins.QuestStaticMappinDefinition		
mappin	2943.042	-1812.898	94.582	quests/side_quest/sq027_01_basilisk_convoy/03_ambush/get_in_position/mp_position	gameJournalQuestMapPin	Mappins.QuestStaticMappinDefinition		
mappin	3472.411	-2026.858	146.986	quests/side_quest/sq027_01_basilisk_convoy/03_ambush/shoot_clamp/mp_clamp	gameJournalQuestMapPin	Mappins.QuestDynamicMappinDefinition		
mappin	1713.091	-754.279	50.526	quests/side_quest/sq027_01_basilisk_convoy/01a_ratting_out/03_retrieve_car/mp_car_reward	gameJournalQuestMapPin	Mappins.QuestStaticMappinDefinition		
mappin	-643.622	-1245.199	9.286	quests/side_quest/sq024_badlands_race/02_santo_domingo_race/03_get_in/truck	gameJournalQuestMapPin	Mappins.QuestDynamicMappinDefinition		
mappin	773.961	-3045.53	202.118	quests/side_quest/sq024_badlands_race/02_santo_domingo_race/04_beat_race/racer_1	gameJournalQuestMapPin	Mappins.QuestDynamicMappinDefinition		
mappin	773.961	-3045.53	202.118	quests/side_quest/sq024_badlands_race/02_santo_domingo_race/04_beat_race/racer_2	gameJournalQuestMapPin	Mappins.QuestDynamicMappinDefinition		
mappin	773.961	-3045.53	202.118	quests/side_quest/sq024_badlands_race/02_santo_domingo_race/04_beat_race/racer_3	gameJournalQuestMapPin	Mappins.QuestDynamicMappinDefinition		
mappin	773.961	-3045.53	202.118	quests/side_quest/sq024_badlands_race/02_santo_domingo_race/04_beat_race/racer_4	gameJournalQuestMapPin	Mappins.QuestDynamicMappinDefinition		
mappin	773.961	-3045.53	202.118	quests/side_quest/sq024_badlands_race/02_santo_domingo_race/04_beat_race/racer_5	gameJournalQuestMapPin	Mappins.QuestDynamicMappinDefinition		
mappin	896.777	-3008.74	204.3	quests/side_quest/sq024_badlands_race/02_santo_domingo_race/00a_go_to_race/race	gameJournalQuestMapPin	Mappins.QuestStaticMappinDefinition		
mappin	-1705.615	-4763.817	75.086	quests/side_quest/sq024_badlands_race/02_santo_domingo_race/05_stop_at_finish/finish	gameJournalQuestMapPin	Mappins.QuestStaticMappinDefinition		
mappin	-643.622	-1245.199	9.286	quests/side_quest/sq024_badlands_race/02_santo_domingo_race/10_get_in_drive_garage/truck	gameJournalQuestMapPin	Mappins.QuestDynamicMappinDefinition		
mappin	898.585	-3008.787	205.163	quests/side_quest/sq024_badlands_race/02_santo_domingo_race/01d_wait_for_claire/lean	gameJournalQuestMapPin	Mappins.QuestStaticMappinDefinition		
mappin	-930.687	-93.029	7.51	quests/side_quest/sq025_delamain/02_briefing/02_01_follow_delamain/delamain_drone	gameJournalQuestMapPin	Mappins.QuestDynamicMappinDefinition		
mappin	-943.827	-81.245	9.01	quests/side_quest/sq025_delamain/02_briefing/02_02_leave_garage/main_entrance	gameJournalQuestMapPin	Mappins.QuestStaticMappinDefinition		
mappin	-945.541	-86.672	9.366	quests/side_quest/sq025_delamain/02_briefing/02_03_refused/delamainhq	gameJournalQuestMapPin	Mappins.QuestStaticMappinDefinition		
mappin	-969.37	-158.8	10.55	quests/side_quest/sq025_delamain/02_briefing/02_02b_talk_delamain/delamain_drone	gameJournalQuestMapPin	Mappins.QuestStaticMappinDefinition		
mappin	-970.75	-154.713	8.61	quests/side_quest/sq025_delamain/02_briefing/02_01c_take_scanner/scanner	gameJournalQuestMapPin	Mappins.QuestStaticMappinDefinition		
mappin	-945.541	-86.672	9.366	quests/side_quest/sq025_delamain/02_briefing/02_00_talk_delamain/receptionist	gameJournalQuestMapPin	Mappins.QuestStaticMappinDefinition		
mappin	-945.541	-86.672	9.366	quests/side_quest/sq025_delamain/02_briefing/02_04_refused_talk/delamainhq	gameJournalQuestMapPin	Mappins.QuestStaticMappinDefinition		
mappin	-2155.315	-1048.427	8.275	quests/side_quest/sq025_delamain/03_scan/03_02_scan_delamains/wellsprings	gameJournalQuestMapPin	Mappins.QuestStaticMappinDefinition		
mappin	55.203	773.774	129.428	quests/side_quest/sq025_delamain/03_scan/03_02_scan_delamains/northoaks	gameJournalQuestMapPin	Mappins.QuestStaticMappinDefinition		
mappin	-1866.192	-2049.951	43.383	quests/side_quest/sq025_delamain/03_scan/03_02_scan_delamains/coastview	gameJournalQuestMapPin	Mappins.QuestStaticMappinDefinition		
mappin	164.945	-1821	-12.737	quests/side_quest/sq025_delamain/03_scan/03_02_scan_delamains/ranchocoronado	gameJournalQuestMapPin	Mappins.QuestStaticMappinDefinition		
mappin	-853.092	2728.243	39.227	quests/side_quest/sq025_delamain/03_scan/03_02_scan_delamains/northside	gameJournalQuestMapPin	Mappins.QuestStaticMappinDefinition		
mappin	1259.917	-1388.195	40.695	quests/side_quest/sq025_delamain/03_scan/03_02_scan_delamains/japantown	gameJournalQuestMapPin	Mappins.QuestStaticMappinDefinition		
mappin	-1429.624	-1398.984	47.116	quests/side_quest/sq025_delamain/03_scan/03_02_scan_delamains/coastview1	gameJournalQuestMapPin	Mappins.QuestStaticMappinDefinition		
mappin	-945.541	-86.672	9.366	quests/side_quest/sq025_delamain/04_scan_types/04_01_return/garage	gameJournalQuestMapPin	Mappins.QuestStaticMappinDefinition		
mappin	-947.38	-85.237	8.61	quests/side_quest/sq025_delamain/04_scan_types/04_02_return_scanner/box	gameJournalQuestMapPin	Mappins.QuestStaticMappinDefinition		
mappin	-945.541	-86.672	9.366	quests/side_quest/sq025_delamain/04_scan_types/04_03_talk_del/delamainm	gameJournalQuestMapPin	Mappins.QuestStaticMappinDefinition		
mappin	-162.221	1130.902	65.362	quests/side_quest/sq023_real_passion/objectives/getinside/getinside_mp	gameJournalQuestMapPin	Mappins.QuestStaticMappinDefinition		
mappin	-162.142	1129.776	65.407	quests/side_quest/sq023_real_passion/objectives/leave_studio/getinside_mp	gameJournalQuestMapPin	Mappins.QuestStaticMappinDefinition		
mappin	-153.598	1157.434	65.794	quests/side_quest/sq023_real_passion/objectives/audience/mp_setplace	gameJournalQuestMapPin	Mappins.QuestStaticMappinDefinition		
mappin	-156.569	1157.51	66.396	quests/side_quest/sq023_real_passion/objectives/rise/rise_mp	gameJournalQuestMapPin	Mappins.QuestStaticMappinDefinition		
mappin	-153.692	1164.347	66.081	quests/side_quest/sq023_real_passion/objectives/sit/chair_mp	gameJournalQuestMapPin	Mappins.QuestStaticMappinDefinition		
mappin	-151.617	1161.074	66.363	quests/side_quest/sq023_real_passion/objectives/15_take_hammer/bd_hammer_mp	gameJournalQuestMapPin	Mappins.QuestStaticMappinDefinition		
mappin	448.562	-2037.998	0.056	quests/side_quest/sq023_bd_passion/glorias_house/meet/meet_mp	gameJournalQuestMapPin	Mappins.QuestStaticMappinDefinition		
mappin	448.562	-2037.998	0.056	quests/side_quest/sq023_bd_passion/glorias_house/exit/mp_exit	gameJournalQuestMapPin	Mappins.QuestStaticMappinDefinition		
mappin	-199.562	-2060.963	7.136	quests/side_quest/sq023_bd_passion/restaurant/goto/goto_mp	gameJournalQuestMapPin	Mappins.QuestStaticMappinDefinition		
mappin	-643.622	-1245.199	9.286	quests/side_quest/sq024_the_big_race/02_santo_domingo_race/03_get_in/truck	gameJournalQuestMapPin	Mappins.QuestDynamicMappinDefinition		
mappin	588.547	649.361	-130.958	quests/side_quest/sq024_the_big_race/02_santo_domingo_race/04_beat_race/racer_1	gameJournalQuestMapPin	Mappins.QuestDynamicMappinDefinition		
mappin	588.547	649.361	-130.958	quests/side_quest/sq024_the_big_race/02_santo_domingo_race/04_beat_race/racer_2	gameJournalQuestMapPin	Mappins.QuestDynamicMappinDefinition		
mappin	588.547	649.361	-130.958	quests/side_quest/sq024_the_big_race/02_santo_domingo_race/04_beat_race/racer_3	gameJournalQuestMapPin	Mappins.QuestDynamicMappinDefinition		
mappin	588.547	649.361	-130.958	quests/side_quest/sq024_the_big_race/02_santo_domingo_race/04_beat_race/racer_4	gameJournalQuestMapPin	Mappins.QuestDynamicMappinDefinition		
mappin	588.547	649.361	-130.958	quests/side_quest/sq024_the_big_race/02_santo_domingo_race/04c_stay_close/racer_1	gameJournalQuestMapPin	Mappins.QuestDynamicMappinDefinition		
mappin	588.547	649.361	-130.958	quests/side_quest/sq024_the_big_race/02_santo_domingo_race/04c_stay_close/racer_2	gameJournalQuestMapPin	Mappins.QuestDynamicMappinDefinition		
mappin	588.547	649.361	-130.958	quests/side_quest/sq024_the_big_race/02_santo_domingo_race/04c_stay_close/racer_3	gameJournalQuestMapPin	Mappins.QuestDynamicMappinDefinition		
mappin	588.547	649.361	-130.958	quests/side_quest/sq024_the_big_race/02_santo_domingo_race/04c_stay_close/racer_4	gameJournalQuestMapPin	Mappins.QuestDynamicMappinDefinition		
mappin	63.471	3.974	14.378	quests/side_quest/sq024_the_big_race/02_santo_domingo_race/01_go_to_race/race	gameJournalQuestMapPin	Mappins.QuestStaticMappinDefinition		
mappin	588.547	649.361	-130.958	quests/side_quest/sq024_the_big_race/02_santo_domingo_race/05_follow_sampson_or_continue/racer_1	gameJournalQuestMapPin	Mappins.QuestDynamicMappinDefinition		
mappin	588.547	649.361	-130.958	quests/side_quest/sq024_the_big_race/02_santo_domingo_race/05_follow_sampson_or_continue/racer_2	gameJournalQuestMapPin	Mappins.QuestDynamicMappinDefinition		
mappin	588.547	649.361	-130.958	quests/side_quest/sq024_the_big_race/02_santo_domingo_race/05_follow_sampson_or_continue/racer_3	gameJournalQuestMapPin	Mappins.QuestDynamicMappinDefinition		
mappin	588.547	649.361	-130.958	quests/side_quest/sq024_the_big_race/02_santo_domingo_race/05_follow_sampson_or_continue/racer_4	gameJournalQuestMapPin	Mappins.QuestDynamicMappinDefinition		
mappin	588.547	649.361	-130.958	quests/side_quest/sq024_the_big_race/02_santo_domingo_race/06b_beat_race/racer_1	gameJournalQuestMapPin	Mappins.QuestDynamicMappinDefinition		
mappin	588.547	649.361	-130.958	quests/side_quest/sq024_the_big_race/02_santo_domingo_race/06b_beat_race/racer_2	gameJournalQuestMapPin	Mappins.QuestDynamicMappinDefinition		
mappin	588.547	649.361	-130.958	quests/side_quest/sq024_the_big_race/02_santo_domingo_race/06b_beat_race/racer_3	gameJournalQuestMapPin	Mappins.QuestDynamicMappinDefinition		
mappin	588.547	649.361	-130.958	quests/side_quest/sq024_the_big_race/02_santo_domingo_race/06b_beat_race/racer_4	gameJournalQuestMapPin	Mappins.QuestDynamicMappinDefinition		
mappin	76.157	7.796	10.477	quests/side_quest/sq024_the_big_race/02_santo_domingo_race/07_stop_car/stop	gameJournalQuestMapPin	Mappins.QuestStaticMappinDefinition		
mappin	62.389	4.98	15.341	quests/side_quest/sq024_the_big_race/02_santo_domingo_race/00c_wait_for_claire/lean	gameJournalQuestMapPin	Mappins.QuestStaticMappinDefinition		
mappin	-943.827	-81.245	9.01	quests/side_quest/sq025b_delamain_insurgence/04_showdown/04_02_go_garage/main_entrance	gameJournalQuestMapPin	Mappins.QuestStaticMappinDefinition		
mappin	-960.356	-94.004	7.51	quests/side_quest/sq025b_delamain_insurgence/04_showdown/04_03_get_inside/private_area	gameJournalQuestMapPin	Mappins.QuestStaticMappinDefinition		
mappin	-958.727	-103.158	9.12	quests/side_quest/sq025b_delamain_insurgence/04_showdown/04_04_enter_garage/corridor_door_02	gameJournalQuestMapPin	Mappins.QuestStaticMappinDefinition		
mappin	-944.904	-104.456	9.01	quests/side_quest/sq025b_delamain_insurgence/04_showdown/04_05_enter_workshop/workshop_door_01	gameJournalQuestMapPin	Mappins.QuestStaticMappinDefinition		
mappin	-967.752	-156.179	8.612	quests/side_quest/sq025b_delamain_insurgence/04_showdown/04_08_go_core/core_chamber	gameJournalQuestMapPin	Mappins.QuestStaticMappinDefinition		
mappin	-981.151	-175.56	7.31	quests/side_quest/sq025b_delamain_insurgence/04_showdown/04_09_resolution/core	gameJournalQuestMapPin	Mappins.QuestStaticMappinDefinition		
mappin	-981.151	-175.56	7.31	quests/side_quest/sq025b_delamain_insurgence/04_showdown/04_00_go_core/core	gameJournalQuestMapPin	Mappins.QuestStaticMappinDefinition		
mappin	-978.789	-160.04	9.422	quests/side_quest/sq025b_delamain_insurgence/04_showdown/04_10_follow_noise/core_exit	gameJournalQuestMapPin	Mappins.QuestStaticMappinDefinition		
mappin	-987.76	-153.759	11.426	quests/side_quest/sq025b_delamain_insurgence/04_showdown/04_10_follow_noise/look_entry	gameJournalQuestMapPin	Mappins.QuestStaticMappinDefinition		
mappin	-993.272	-150.197	11.762	quests/side_quest/sq025b_delamain_insurgence/04_showdown/04_10_follow_noise/window	gameJournalQuestMapPin	Mappins.QuestStaticMappinDefinition		
mappin	-999.056	-158.543	11.325	quests/side_quest/sq025b_delamain_insurgence/04_showdown/04_11a_leave_look/look_exit	gameJournalQuestMapPin	Mappins.QuestStaticMappinDefinition		
mappin	-954.547	-91.875	9.058	quests/side_quest/sq025b_delamain_insurgence/04_showdown/04_03b_use_computer/manager	gameJournalQuestMapPin	Mappins.QuestStaticMappinDefinition		
mappin	-972.339	-89.617	3.479	quests/side_quest/sq025b_delamain_insurgence/04_showdown/04_12_leave/exit	gameJournalQuestMapPin	Mappins.QuestStaticMappinDefinition		
mappin	-990.03	-151.678	9.045	quests/side_quest/sq025b_delamain_insurgence/04_showdown/04_10_follow_noise1/core_exit	gameJournalQuestMapPin	Mappins.QuestStaticMappinDefinition		
mappin	-988.363	-110.02	3.51	quests/side_quest/sq025b_delamain_insurgence/04_showdown/04_14_enter_car/delamain_hangar	gameJournalQuestMapPin	Mappins.QuestStaticMappinDefinition		
mappin	-981.151	-175.56	7.31	quests/side_quest/sq025b_delamain_insurgence/04_showdown/04_09b_talk/core	gameJournalQuestMapPin	Mappins.QuestStaticMappinDefinition		
mappin	-920.72	-120.86	9.25	quests/side_quest/sq025b_delamain_insurgence/04_showdown/04_gen_01_stairs/stairs	gameJournalQuestMapPin	Mappins.QuestStaticMappinDefinition		
mappin	-955.66	-110.95	12.06	quests/side_quest/sq025b_delamain_insurgence/04_showdown/04_gen_backdown/shaft_down	gameJournalQuestMapPin	Mappins.QuestStaticMappinDefinition		
mappin	-934.99	-139.92	8.6	quests/side_quest/sq025b_delamain_insurgence/04_showdown/04_gen_03_bigleft/bigleft	gameJournalQuestMapPin	Mappins.QuestStaticMappinDefinition		
mappin	-951.55	-144.08	14.34	quests/side_quest/sq025b_delamain_insurgence/04_showdown/04_gen_04_catwalk/catwalk	gameJournalQuestMapPin	Mappins.QuestStaticMappinDefinition		
mappin	-973.63	-128.85	14.01	quests/side_quest/sq025b_delamain_insurgence/04_showdown/04_gen_05_hangar/hangar_entry	gameJournalQuestMapPin	Mappins.QuestStaticMappinDefinition		
mappin	-985.36	-149.41	12.25	quests/side_quest/sq025b_delamain_insurgence/04_showdown/04_gen_06_shaft/hangar_exit_shaft	gameJournalQuestMapPin	Mappins.QuestStaticMappinDefinition		
mappin	-981.151	-175.56	7.31	quests/side_quest/sq025b_delamain_insurgence/04_showdown/04_09_01_reset_core/core	gameJournalQuestMapPin	Mappins.QuestStaticMappinDefinition		
mappin	-981.151	-175.56	7.31	quests/side_quest/sq025b_delamain_insurgence/04_showdown/04_09_02_destroy_core/core	gameJournalQuestMapPin	Mappins.QuestStaticMappinDefinition		
mappin	-981.151	-175.56	7.31	quests/side_quest/sq025b_delamain_insurgence/04_showdown/04_09_03_merge_core/core	gameJournalQuestMapPin	Mappins.QuestStaticMappinDefinition		
mappin	-1555.109	-162.5	6.91	quests/side_quest/sq025b_delamain_insurgence/04a_resurgence/03b_check_traffic/jam	gameJournalQuestMapPin	Mappins.QuestStaticMappinDefinition		
mappin	-1043.067	-1520.05	25.803	quests/side_quest/sq024_santo_domingo_race/02_santo_domingo_race/00a_go_to_race/race	gameJournalQuestMapPin	Mappins.QuestStaticMappinDefinition		
mappin	-643.622	-1245.199	9.286	quests/side_quest/sq024_santo_domingo_race/02_santo_domingo_race/03_get_in/truck	gameJournalQuestMapPin	Mappins.QuestDynamicMappinDefinition		
mappin	-1043.967	-1520.968	26.152	quests/side_quest/sq024_santo_domingo_race/02_santo_domingo_race/04_beat_race/racer_1	gameJournalQuestMapPin	Mappins.QuestDynamicMappinDefinition		
mappin	-1043.967	-1520.968	26.152	quests/side_quest/sq024_santo_domingo_race/02_santo_domingo_race/04_beat_race/racer_2	gameJournalQuestMapPin	Mappins.QuestDynamicMappinDefinition		
mappin	-1043.967	-1520.968	26.152	quests/side_quest/sq024_santo_domingo_race/02_santo_domingo_race/04_beat_race/racer_3	gameJournalQuestMapPin	Mappins.QuestDynamicMappinDefinition		
mappin	-1043.967	-1520.968	26.152	quests/side_quest/sq024_santo_domingo_race/02_santo_domingo_race/04_beat_race/racer_4	gameJournalQuestMapPin	Mappins.QuestDynamicMappinDefinition		
mappin	-1043.967	-1520.968	26.152	quests/side_quest/sq024_santo_domingo_race/02_santo_domingo_race/04_beat_race/racer_5	gameJournalQuestMapPin	Mappins.QuestDynamicMappinDefinition		
mappin	393.261	-2368.946	178.011	quests/side_quest/sq024_santo_domingo_race/02_santo_domingo_race/08_drive_with_claire/spot	gameJournalQuestMapPin	Mappins.QuestStaticMappinDefinition		
mappin	-643.622	-1245.199	9.286	quests/side_quest/sq024_santo_domingo_race/02_santo_domingo_race/10_get_in_drive_garage/truck	gameJournalQuestMapPin	Mappins.QuestDynamicMappinDefinition		
mappin	-1045.773	-1520.007	26.223	quests/side_quest/sq024_santo_domingo_race/02_santo_domingo_race/01c_wait_for_claire/lean	gameJournalQuestMapPin	Mappins.QuestStaticMappinDefinition		
mappin	-553.76	-818.507	7.4	quests/side_quest/sq023_hit_order/hook/03a_wait_4_bill/mp_wait_bill	gameJournalQuestMapPin	Mappins.QuestStaticMappinDefinition		
mappin	-1349.87	1265.77	29.869	quests/side_quest/sq025_0_pickup/pickup/00_debug_trigger/cabrio	gameJournalQuestMapPin	Mappins.QuestDynamicMappinDefinition		
mappin	-1349.25	1271.906	29.499	quests/side_quest/sq025_0_pickup/pickup/00_debug_trigger/parking_lot	gameJournalQuestMapPin	Mappins.QuestStaticMappinDefinition		
mappin	-1371.94	1253.281	24.157	quests/side_quest/sq025_0_pickup/pickup/00b_debug_spawn/exit	gameJournalQuestMapPin	Mappins.QuestStaticMappinDefinition		
mappin	-346.479	222.132	27.594	quests/side_quest/sq017_02_lounge/pachinko/go_pachinko/pachinko_entrance	gameJournalQuestMapPin	Mappins.QuestStaticMappinDefinition		
mappin	-351.688	220.684	27.929	quests/side_quest/sq017_02_lounge/pachinko/countersign/pachinko_doorman	gameJournalQuestMapPin	Mappins.QuestDynamicMappinDefinition		
mappin	-331.336	223.642	190.083	quests/side_quest/sq017_02_lounge/pachinko/meet_kerry/kerry_static_mp	gameJournalQuestMapPin	Mappins.QuestStaticMappinDefinition		
mappin	-331.336	223.642	190.083	quests/side_quest/sq017_02_lounge/party/find_kerry/kerry_static_mp	gameJournalQuestMapPin	Mappins.QuestStaticMappinDefinition		
mappin	-331.336	223.642	190.083	quests/side_quest/sq017_02_lounge/party/wait_until_kerry_is_available/kerry_static_mp	gameJournalQuestMapPin	Mappins.QuestStaticMappinDefinition		
mappin	-1389.17	1270.198	123.102	quests/side_quest/sq018_jackie/00_holocall/03_get_package/sq018_package	gameJournalQuestMapPin	Mappins.QuestStaticMappinDefinition		
mappin	-1260.347	-984.175	13.267	quests/side_quest/sq018_jackie/01_mama_welles/01_visit_el_coyote/sq018_tr_el_coyote_cojo	gameJournalQuestMapPin	Mappins.QuestStaticMappinDefinition		
mappin	-1252.676	-992.772	13.523	quests/side_quest/sq018_jackie/01_mama_welles/03_take_keycard/sq018_keycard_storage	gameJournalQuestMapPin	Mappins.QuestStaticMappinDefinition		
mappin	-1252.95	-991.46	13.22	quests/side_quest/sq018_jackie/01_mama_welles/02a_sit_down/sq018_mp_sit_down	gameJournalQuestMapPin	Mappins.QuestStaticMappinDefinition		
mappin	-1179.93	-999.61	13	quests/side_quest/sq018_jackie/02_storage/01_got_to_jackies_storage/sq018_tr_jackies_storage	gameJournalQuestMapPin	Mappins.QuestStaticMappinDefinition		
mappin	-1180	-999.049	13.195	quests/side_quest/sq018_jackie/02_storage/04_open_storage/sq018_dvc_terminal_gate_storage_code	gameJournalQuestMapPin	Mappins.QuestStaticMappinDefinition		
mappin	-1177.197	-994.092	12.93	quests/side_quest/sq018_jackie/02_storage/05_go_through_jackies_stuff/sq018_tr_explore	gameJournalQuestMapPin	Mappins.QuestStaticMappinDefinition		
mappin	-1236.584	-1003.514	13.587	quests/side_quest/sq018_jackie/03_el_coyote_funeral/01_go_to_el_coyote/sq018_tr_el_coyote_cojo	gameJournalQuestMapPin	Mappins.QuestStaticMappinDefinition		
mappin	-1245.737	-1005.642	13.347	quests/side_quest/sq018_jackie/03_el_coyote_funeral/03_leave_things_ofrenda/sq018_ofrenda	gameJournalQuestMapPin	Mappins.QuestStaticMappinDefinition		
mappin	-1265.08	-1000.12	13.37	quests/side_quest/sq018_jackie/03_el_coyote_funeral/04_talk_with_valentinos/valentinos	gameJournalQuestMapPin	Mappins.QuestStaticMappinDefinition		
mappin	-1260.347	-984.175	13.267	quests/side_quest/sq018_jackie/03_el_coyote_funeral/07_leave_funeral/sq018_tr_el_coyote_exit	gameJournalQuestMapPin	Mappins.QuestStaticMappinDefinition		
mappin	-1247.663	-1004.47	13.212	quests/side_quest/sq018_jackie/03_el_coyote_funeral/03b_drink/sq018_tequila_glass	gameJournalQuestMapPin	Mappins.QuestStaticMappinDefinition		
mappin	-1244.17	-1003.06	12.87	quests/side_quest/sq018_jackie/03_el_coyote_funeral/03a_sit_down/sq018_mp_ofrenda_sit_down	gameJournalQuestMapPin	Mappins.QuestStaticMappinDefinition		
mappin	-1260.702	-1000.648	12.89	quests/side_quest/sq018_jackie/03_el_coyote_funeral/04c_talk_with_pepe/elcoyote_barman	gameJournalQuestMapPin	Mappins.QuestStaticMappinDefinition		
mappin	348.687	-1416.843	15.318	quests/side_quest/sq017_kerry/intro/buy_coffee/coffee_cart	gameJournalQuestMapPin	Mappins.QuestStaticMappinDefinition		
mappin	346.962	-1415.56	16.065	quests/side_quest/sq017_kerry/intro/wait/wait	gameJournalQuestMapPin	Mappins.QuestStaticMappinDefinition		
mappin	342.72	-1417.568	15.009	quests/side_quest/sq017_kerry/intro/wait/wait1	gameJournalQuestMapPin	Mappins.QuestStaticMappinDefinition		
mappin	346.962	-1415.56	16.065	quests/side_quest/sq017_kerry/intro/go_to_the_meeting_point/meet_kerry	gameJournalQuestMapPin	Mappins.QuestStaticMappinDefinition		
mappin	1354.843	-772.458	45.628	quests/side_quest/sq017_kerry/highwaymen/set_spike_trap/spike_trap	gameJournalQuestMapPin	Mappins.QuestStaticMappinDefinition		
mappin	1326.142	-771.348	45.452	quests/side_quest/sq017_kerry/highwaymen/grab_keys/keys	gameJournalQuestMapPin	Mappins.QuestStaticMappinDefinition		
mappin	346.322	-1616.252	9.3	quests/side_quest/sq017_kerry/highwaymen/lose_pursuers/escape	gameJournalQuestMapPin	Mappins.QuestStaticMappinDefinition		
mappin	881.902	-793.695	36.326	quests/side_quest/sq017_kerry/highwaymen/lose_pursuers/police_car1_mp	gameJournalQuestMapPin	Mappins.QuestDynamicMappinDefinition		
mappin	881.902	-793.695	36.326	quests/side_quest/sq017_kerry/highwaymen/lose_pursuers/police_car1_mp1	gameJournalQuestMapPin	Mappins.QuestDynamicMappinDefinition		
mappin	881.902	-793.695	36.326	quests/side_quest/sq017_kerry/highwaymen/lose_pursuers/police_car1_mp2	gameJournalQuestMapPin	Mappins.QuestDynamicMappinDefinition		
mappin	344.967	-1618.311	9.297	quests/side_quest/sq017_kerry/highwaymen/drive_kerry/caliente_mp	gameJournalQuestMapPin	Mappins.QuestStaticMappinDefinition		
mappin	1354.843	-772.458	45.628	quests/side_quest/sq017_kerry/highwaymen/wait_for_truck/spike_trap	gameJournalQuestMapPin	Mappins.QuestStaticMappinDefinition		
mappin	330.714	-1633.767	10.069	quests/side_quest/sq017_kerry/caliente/sit_down/chair_mp	gameJournalQuestMapPin	Mappins.QuestStaticMappinDefinition		
mappin	-1825.839	-175.92	9.22	quests/side_quest/sq012_lost_girl/meet_peralez/go_to_meeting/mappin_limo_loc	gameJournalQuestMapPin	Mappins.QuestStaticMappinDefinition		
mappin	-1822.717	-176.345	8.597	quests/side_quest/sq012_lost_girl/meet_peralez/get_in/mappin_limo	gameJournalQuestMapPin	Mappins.QuestStaticMappinDefinition		
mappin	-1835.14	-180.41	8.68	quests/side_quest/sq012_lost_girl/meet_peralez/wait_for_peralez/mappin_wait	gameJournalQuestMapPin	Mappins.QuestStaticMappinDefinition		
mappin	-1216.077	-1175.106	34.937	quests/side_quest/sq012_lost_girl/meet_river/go_to_river/mappin_diner	gameJournalQuestMapPin	Mappins.QuestStaticMappinDefinition		
mappin	-1206.101	-1198.112	33.475	quests/side_quest/sq012_lost_girl/meet_river/get_in_car/mappin_river_car	gameJournalQuestMapPin	Mappins.QuestStaticMappinDefinition		
mappin	-863.583	130.269	8.612	quests/side_quest/sq012_lost_girl/sex_shop/enter_shop/mappin_sex_shop	gameJournalQuestMapPin	Mappins.QuestStaticMappinDefinition		
mappin	-863.583	130.269	8.612	quests/side_quest/sq012_lost_girl/sex_shop/travel_to_shop/mappin_sex_shop	gameJournalQuestMapPin	Mappins.QuestStaticMappinDefinition		
mappin	-868.406	117.915	8.24	quests/side_quest/sq012_lost_girl/sex_shop/wait_for_river/mappin_wait_for_river	gameJournalQuestMapPin	Mappins.QuestStaticMappinDefinition		
mappin	704.074	-589.936	10.97	quests/side_quest/sq012_lost_girl/red_queen_race/go_rqr/mappin_rqr	gameJournalQuestMapPin	Mappins.QuestStaticMappinDefinition		
mappin	655.836	-472.342	10.297	quests/side_quest/sq012_lost_girl/red_queen_race/talk_6_street/mappin_6th_street	gameJournalQuestMapPin	Mappins.QuestDynamicMappinDefinition		
mappin	652.124	-467.38	10.964	quests/side_quest/sq012_lost_girl/red_queen_race/access_rqr/mappin_look_for_enterence	gameJournalQuestMapPin	Mappins.QuestStaticMappinDefinition		
mappin	640.159	-469.448	6.724	quests/side_quest/sq012_lost_girl/red_queen_race/enter_rqr/mappin_enter_rqr	gameJournalQuestMapPin	Mappins.QuestStaticMappinDefinition		
mappin	647.995	-468.08	-3.123	quests/side_quest/sq012_lost_girl/red_queen_race/enter_rqr/mappin_lower_level	gameJournalQuestMapPin	Mappins.QuestStaticMappinDefinition		
mappin	666.518	-475.757	-5.735	quests/side_quest/sq012_lost_girl/red_queen_race/look_office/mappin_main_office	gameJournalQuestMapPin	Mappins.QuestStaticMappinDefinition		
mappin	662.791	-475.573	1.877	quests/side_quest/sq012_lost_girl/red_queen_race/incapacitate_boss/mappin_boss	gameJournalQuestMapPin	Mappins.QuestDynamicMappinDefinition		
mappin	662.791	-475.573	1.877	quests/side_quest/sq012_lost_girl/red_queen_race/question_boss/mappin_boss	gameJournalQuestMapPin	Mappins.QuestDynamicMappinDefinition		
mappin	695.59	-466.621	-0.023	quests/side_quest/sq012_lost_girl/red_queen_race/check_computer/mappin_computer	gameJournalQuestMapPin	Mappins.QuestStaticMappinDefinition		
mappin	661.057	-485.162	-1.17	quests/side_quest/sq012_lost_girl/red_queen_race/enter_warehouse/mappin_warehouse	gameJournalQuestMapPin	Mappins.QuestStaticMappinDefinition		
mappin	658.265	-465.694	11.558	quests/side_quest/sq012_lost_girl/red_queen_race/enter_warehouse/mappin_warehouse_point	gameJournalQuestMapPin	Mappins.QuestStaticMappinDefinition		
mappin	657.561	-467.87	11.618	quests/side_quest/sq012_lost_girl/red_queen_race/scan_for_entrance/mappin_scan	gameJournalQuestMapPin	Mappins.QuestStaticMappinDefinition		
mappin	710.24	-608.05	10.41	quests/side_quest/sq012_lost_girl/red_queen_race/wait_for_river/mappin_wait	gameJournalQuestMapPin	Mappins.QuestStaticMappinDefinition		
mappin	641.766	-470.231	8.357	quests/side_quest/sq012_lost_girl/red_queen_race/call_elevator/mappin_use_elevator	gameJournalQuestMapPin	Mappins.QuestStaticMappinDefinition		
mappin	-1759.8	-1007.775	95.8	quests/side_quest/sq012_lost_girl/braindance/examine_braindance/mappin_rqr_convo	gameJournalQuestMapPin	Mappins.QuestStaticMappinDefinition		
mappin	-1780.233	-1012.617	96.322	quests/side_quest/sq012_lost_girl/braindance/examine_braindance/mappin_glitch	gameJournalQuestMapPin	Mappins.QuestStaticMappinDefinition		
mappin	-1781.91	-1010.925	94.73	quests/side_quest/sq012_lost_girl/braindance/examine_braindance/mappin_psycho	gameJournalQuestMapPin	Mappins.QuestDynamicMappinDefinition		
mappin	721.374	-505.316	9.17	quests/side_quest/sq012_lost_girl/confront_yu/go_with_river/mappin_river	gameJournalQuestMapPin	Mappins.QuestStaticMappinDefinition		
mappin	-1215.331	-1173.377	33.764	quests/side_quest/sq012_lost_girl/confront_yu/confront_yu/mappin_yu	gameJournalQuestMapPin	Mappins.QuestDynamicMappinDefinition		
mappin	-1193.584	-1186.606	33.764	quests/side_quest/sq012_lost_girl/confront_yu/meet_river/mappin_diner_controntation	gameJournalQuestMapPin	Mappins.QuestStaticMappinDefinition		
mappin	-65.244	-98.193	8.716	quests/side_quest/sq012_lost_girl/final_meeting/go_to_peralez/mappin_outer_door	gameJournalQuestMapPin	Mappins.QuestStaticMappinDefinition		
mappin	-66.516	-97.312	8.667	quests/side_quest/sq012_lost_girl/final_meeting/03_use_intercom/mappin_intercom	gameJournalQuestMapPin	Mappins.QuestStaticMappinDefinition		
mappin	-72.301	-114.281	8.761	quests/side_quest/sq012_lost_girl/final_meeting/04_elevator_to_penthouse/mappin_elevator_panel	gameJournalQuestMapPin	Mappins.QuestStaticMappinDefinition		
mappin	-94.967	-123.139	111.617	quests/side_quest/sq012_lost_girl/final_meeting/05_sit/mappin_sit	gameJournalQuestMapPin	Mappins.QuestStaticMappinDefinition		
mappin	-72.306	-114.072	112.417	quests/side_quest/sq012_lost_girl/final_meeting/07_leave_apartment/mappin_elevator_panel	gameJournalQuestMapPin	Mappins.QuestStaticMappinDefinition		
mappin	-65.244	-98.193	8.716	quests/side_quest/sq012_lost_girl/final_meeting/07_leave_apartment/street	gameJournalQuestMapPin	Mappins.QuestStaticMappinDefinition		
mappin	-702.018	947.168	13.47	quests/side_quest/sq012_lost_girl/market_scenes/travel_to_market/mappin_market	gameJournalQuestMapPin	Mappins.QuestStaticMappinDefinition		
mappin	-678.328	917.683	11.16	quests/side_quest/sq012_lost_girl/market_scenes/deal_with_tcs/mappin_tcs	gameJournalQuestMapPin	Mappins.QuestDynamicMappinDefinition		
mappin	-682.724	924.646	11.4	quests/side_quest/sq012_lost_girl/market_scenes/find_christine/mappin_marketplace	gameJournalQuestMapPin	Mappins.QuestStaticMappinDefinition		
mappin	-688.892	932.271	12.19	quests/side_quest/sq012_lost_girl/market_scenes/wait_for_river/mappin_wait_for_river	gameJournalQuestMapPin	Mappins.QuestStaticMappinDefinition		
mappin	153.697	1069.361	204.301	quests/side_quest/sq011_kerry/01_hook/01_get_to_villa/gate	gameJournalQuestMapPin	Mappins.QuestStaticMappinDefinition		
mappin	128.571	1088.627	201.869	quests/side_quest/sq011_kerry/01_hook/02_look_around_in_villa/guitars	gameJournalQuestMapPin	Mappins.QuestStaticMappinDefinition		
mappin	106.396	827.906	129.381	quests/side_quest/sq011_kerry/01_hook/01_get_to_park/park	gameJournalQuestMapPin	Mappins.QuestStaticMappinDefinition		
mappin	134.346	1082.525	207.384	quests/side_quest/sq011_kerry/01_hook/01_get_to_park1/park	gameJournalQuestMapPin	Mappins.QuestStaticMappinDefinition		
mappin	-725.063	-991.851	9.296	quests/side_quest/sq011_concert/05_concert/01_red_dirt/01_red_dirt	gameJournalQuestMapPin	Mappins.QuestStaticMappinDefinition		
mappin	-729.75	-990.259	9.255	quests/side_quest/sq011_concert/05_concert/01_red_dirt1/01_red_dirt	gameJournalQuestMapPin	Mappins.QuestStaticMappinDefinition		
mappin	-725.063	-991.851	9.296	quests/side_quest/sq011_concert/05_concert/01_red_dirt2/01_red_dirt	gameJournalQuestMapPin	Mappins.QuestStaticMappinDefinition		
mappin	-720.248	-988.462	7.846	quests/side_quest/sq011_concert/05_concert/01a_red_dirt_wait/01_red_dirt_wait	gameJournalQuestMapPin	Mappins.QuestStaticMappinDefinition		
mappin	-1749.289	2247.528	19.413	quests/side_quest/sq011_johnny/04_nancy/01_get_to_totentanz/totentanzdoor	gameJournalQuestMapPin	Mappins.QuestStaticMappinDefinition		
mappin	-1743.523	2230.069	23.187	quests/side_quest/sq011_johnny/04_nancy/01_get_to_totentanz/totentanzelevator	gameJournalQuestMapPin	Mappins.QuestStaticMappinDefinition		
mappin	-1731.746	2218.427	91.111	quests/side_quest/sq011_johnny/04_nancy/01_get_to_totentanz/totentanzelevator1	gameJournalQuestMapPin	Mappins.QuestStaticMappinDefinition		
mappin	-1743.523	2230.069	23.187	quests/side_quest/sq011_johnny/04_nancy/08_escort_nancy_car/bottomfloor	gameJournalQuestMapPin	Mappins.QuestStaticMappinDefinition		
mappin	-724.595	650.075	35.477	quests/side_quest/sq011_johnny/04_nancy/10_drive_to_news54/news54	gameJournalQuestMapPin	Mappins.QuestStaticMappinDefinition		
mappin	-1734.041	2217.829	87.134	quests/side_quest/sq011_johnny/04_nancy/02_talk_to_gangsters/gangsters	gameJournalQuestMapPin	Mappins.QuestDynamicMappinDefinition		
mappin	-1734.041	2217.829	82.232	quests/side_quest/sq011_johnny/04_nancy/03_talk_to_patricia/patricia	gameJournalQuestMapPin	Mappins.QuestDynamicMappinDefinition		
mappin	-1734.041	2217.829	82.232	quests/side_quest/sq011_johnny/04_nancy/04_follow_patricia/patricia	gameJournalQuestMapPin	Mappins.QuestDynamicMappinDefinition		
mappin	-1734.041	2217.829	82.232	quests/side_quest/sq011_johnny/04_nancy/01_talk_to_patricia_about_nancy/patricia	gameJournalQuestMapPin	Mappins.QuestDynamicMappinDefinition		
mappin	-1742.647	2228.608	87.223	quests/side_quest/sq011_johnny/04_nancy/04_escort_nancy/elevator	gameJournalQuestMapPin	Mappins.QuestStaticMappinDefinition		
mappin	-1742.647	2228.608	87.223	quests/side_quest/sq011_johnny/04_nancy/12_get_to_elevator/news54	gameJournalQuestMapPin	Mappins.QuestStaticMappinDefinition		
mappin	-1699.278	2214.521	87.285	quests/side_quest/sq011_johnny/04_nancy/07_get_to_toilet/toilet	gameJournalQuestMapPin	Mappins.QuestStaticMappinDefinition		
mappin	-1694.497	2217.393	87.285	quests/side_quest/sq011_johnny/04_nancy/08_get_on_ledge/ledge	gameJournalQuestMapPin	Mappins.QuestStaticMappinDefinition		
mappin	-1713.335	2237.324	87.285	quests/side_quest/sq011_johnny/04_nancy/09_get_to_tarrace/terrace	gameJournalQuestMapPin	Mappins.QuestStaticMappinDefinition		
mappin	-1742.647	2228.608	87.223	quests/side_quest/sq011_johnny/04_nancy/11_get_into_elevator/news54	gameJournalQuestMapPin	Mappins.QuestStaticMappinDefinition		
mappin	-1738.633	2276.48	18.56	quests/side_quest/sq011_johnny/04_nancy/08_escort_nancy_car1/car	gameJournalQuestMapPin	Mappins.QuestDynamicMappinDefinition		
mappin	-1738.633	2276.48	18.56	quests/side_quest/sq011_johnny/04_nancy/15_leave_car/nancy	gameJournalQuestMapPin	Mappins.QuestDynamicMappinDefinition		
mappin	512.098	1249.204	230.519	quests/side_quest/sq011_johnny/03_denny/01_visit/01_dennys_house	gameJournalQuestMapPin	Mappins.QuestStaticMappinDefinition		
mappin	502.716	1292.803	234.475	quests/side_quest/sq011_johnny/03_denny/02_find_denny/denny	gameJournalQuestMapPin	Mappins.QuestStaticMappinDefinition		
mappin	516.534	1252.003	231.174	quests/side_quest/sq011_johnny/03_denny/01_visit1/01_dennys_house	gameJournalQuestMapPin	Mappins.QuestStaticMappinDefinition		
mappin	-1661.99	962.733	24.381	quests/side_quest/sq017_01_riot_club/nightclub/meet_kerry/mp_wait	gameJournalQuestMapPin	Mappins.QuestStaticMappinDefinition		
mappin	-1638.941	1026.897	24.814	quests/side_quest/sq017_01_riot_club/nightclub/enter_club/concertgoer	gameJournalQuestMapPin	Mappins.QuestDynamicMappinDefinition		
mappin	-1652.976	1014.8	28.896	quests/side_quest/sq017_01_riot_club/nightclub/enter_club/fire_entrance	gameJournalQuestMapPin	Mappins.QuestStaticMappinDefinition		
mappin	-1627.719	1006.292	23.916	quests/side_quest/sq017_01_riot_club/nightclub/enter_club/stage_entrance	gameJournalQuestMapPin	Mappins.QuestStaticMappinDefinition		
mappin	-1639.072	1022.018	24.864	quests/side_quest/sq017_01_riot_club/nightclub/enter_club/club_interior	gameJournalQuestMapPin	Mappins.QuestStaticMappinDefinition		
mappin	-1627.911	1012.376	28.818	quests/side_quest/sq017_01_riot_club/nightclub/go_backstage/backstage	gameJournalQuestMapPin	Mappins.QuestStaticMappinDefinition		
mappin	-1627.132	1005.876	26.351	quests/side_quest/sq017_01_riot_club/nightclub/go_backstage/elevator_mp	gameJournalQuestMapPin	Mappins.QuestStaticMappinDefinition		
mappin	-1638.941	1026.897	24.814	quests/side_quest/sq017_01_riot_club/nightclub/go_backstage/guard_mp	gameJournalQuestMapPin	Mappins.QuestDynamicMappinDefinition		
mappin	-1638.941	1026.897	24.814	quests/side_quest/sq017_01_riot_club/nightclub/find_way_backstage/security_guard	gameJournalQuestMapPin	Mappins.QuestDynamicMappinDefinition		
mappin	-1640.353	1015.895	28.704	quests/side_quest/sq017_01_riot_club/nightclub/find_way_backstage/roadie	gameJournalQuestMapPin	Mappins.QuestStaticMappinDefinition		
mappin	-1638.941	1026.897	24.814	quests/side_quest/sq017_01_riot_club/nightclub/talk_us_cracks/blue_moon	gameJournalQuestMapPin	Mappins.QuestDynamicMappinDefinition		
mappin	-1640.53	1008.929	24.816	quests/side_quest/sq017_01_riot_club/nightclub/tickets/inside	gameJournalQuestMapPin	Mappins.QuestStaticMappinDefinition		
mappin	-1600.143	1051.951	24.596	quests/side_quest/sq017_01_riot_club/nightclub/find_us_cracks/dressing_room	gameJournalQuestMapPin	Mappins.QuestStaticMappinDefinition		
mappin	-1647.819	994.943	23.547	quests/side_quest/sq017_01_riot_club/nightclub/buy_tickets/club_outside_mp	gameJournalQuestMapPin	Mappins.QuestStaticMappinDefinition		
mappin	-1652.023	1014.498	29.343	quests/side_quest/sq017_01_riot_club/nightclub/find_badge_locker/room_mp	gameJournalQuestMapPin	Mappins.QuestStaticMappinDefinition		
mappin	-1638.941	1026.897	24.814	quests/side_quest/sq017_01_riot_club/nightclub/talk_to_roadie/roadie	gameJournalQuestMapPin	Mappins.QuestDynamicMappinDefinition		
mappin	-1658.127	1010.762	29.744	quests/side_quest/sq017_01_riot_club/nightclub/drop_ladder/ladder_mp	gameJournalQuestMapPin	Mappins.QuestStaticMappinDefinition		
mappin	-1635.976	1012.369	29.629	quests/side_quest/sq017_01_riot_club/nightclub/talk_kerry_rail/rail_mp	gameJournalQuestMapPin	Mappins.QuestStaticMappinDefinition		
mappin	-1661.214	1007.319	23.787	quests/side_quest/sq017_01_riot_club/nightclub/scan_for_tickets/club_outside_mp	gameJournalQuestMapPin	Mappins.QuestStaticMappinDefinition		
mappin	-1530.682	-594.636	8.255	quests/side_quest/sq021_sick_dreams/hook/hook/lab_mp	gameJournalQuestMapPin	Mappins.QuestStaticMappinDefinition		
mappin	-1514.531	-585.837	8.167	quests/side_quest/sq021_sick_dreams/hook/04_find_braindance/lab_area_mp	gameJournalQuestMapPin	Mappins.QuestStaticMappinDefinition		
mappin	-1523.267	-575.387	8.265	quests/side_quest/sq021_sick_dreams/hook/05_go_to_mitsuko/mitsuko_mp	gameJournalQuestMapPin	Mappins.QuestDynamicMappinDefinition		
mappin	-1516.929	-576.371	7.85	quests/side_quest/sq021_sick_dreams/hook/car/room_mp	gameJournalQuestMapPin	Mappins.QuestStaticMappinDefinition		
mappin	-1484.866	-620.627	7.868	quests/side_quest/sq021_sick_dreams/hook/11_go_to_crossing/crossing_mp	gameJournalQuestMapPin	Mappins.QuestStaticMappinDefinition		
mappin	-1529.458	-595.199	8.255	quests/side_quest/sq021_sick_dreams/hook/16_get_into_the_lab/lab_basic_mp	gameJournalQuestMapPin	Mappins.QuestStaticMappinDefinition		
mappin	-1514.531	-585.837	8.167	quests/side_quest/sq021_sick_dreams/hook/17_look_for_a_room/lab_mp	gameJournalQuestMapPin	Mappins.QuestStaticMappinDefinition		
mappin	-1470.518	-673.992	8.282	quests/side_quest/sq021_sick_dreams/hook/23_wait_for_river/mp_sit	gameJournalQuestMapPin	Mappins.QuestStaticMappinDefinition		
mappin	1216.59	-501.031	37.43	quests/side_quest/sq021_sick_dreams/randys_room/investigation/investigation_mp	gameJournalQuestMapPin	Mappins.QuestStaticMappinDefinition		
mappin	1222.643	-508.066	38.013	quests/side_quest/sq021_sick_dreams/randys_room/drawer/drawer_mp	gameJournalQuestMapPin	Mappins.QuestStaticMappinDefinition		
mappin	1223.13	-505.06	37.45	quests/side_quest/sq021_sick_dreams/randys_room/11_sit_by_computer/mp_chair	gameJournalQuestMapPin	Mappins.QuestStaticMappinDefinition		
mappin	1242.863	-513.231	37.344	quests/side_quest/sq021_sick_dreams/bbq/sleep/sleep_mp	gameJournalQuestMapPin	Mappins.QuestStaticMappinDefinition		
mappin	1222.882	-503.96	38.18	quests/side_quest/sq021_sick_dreams/ride_back/plug_computer/computer_mp	gameJournalQuestMapPin	Mappins.QuestStaticMappinDefinition		
mappin	2398.774	-1328.018	63.548	quests/side_quest/sq021_sick_dreams/bd/follow/follow_old_mp	gameJournalQuestMapPin	Mappins.QuestDynamicMappinDefinition		
mappin	-6507.412	-3146.211	57.562	quests/side_quest/sq021_sick_dreams/bd/follow/follow_young_school_mp	gameJournalQuestMapPin	Mappins.QuestDynamicMappinDefinition		
mappin	2398.774	-1328.018	63.548	quests/side_quest/sq021_sick_dreams/bd/follow/follow_young_farm_mp	gameJournalQuestMapPin	Mappins.QuestDynamicMappinDefinition		
mappin	2450.816	-1355.844	75.686	quests/side_quest/sq021_sick_dreams/finale/barn/barn_mp	gameJournalQuestMapPin	Mappins.QuestStaticMappinDefinition		
mappin	2463.607	-1371.586	65.846	quests/side_quest/sq021_sick_dreams/finale/stop_bd/stop_bd_mp	gameJournalQuestMapPin	Mappins.QuestStaticMappinDefinition		
mappin	2398.774	-1328.018	63.548	quests/side_quest/sq021_sick_dreams/finale/victims/victim01_mp	gameJournalQuestMapPin	Mappins.QuestDynamicMappinDefinition		
mappin	2398.774	-1328.018	63.548	quests/side_quest/sq021_sick_dreams/finale/victims/victim02_mp	gameJournalQuestMapPin	Mappins.QuestDynamicMappinDefinition		
mappin	2398.774	-1328.018	63.548	quests/side_quest/sq021_sick_dreams/finale/victims/victim03_mp	gameJournalQuestMapPin	Mappins.QuestDynamicMappinDefinition		
mappin	2405.284	-1364.545	61.839	quests/side_quest/sq021_sick_dreams/finale/security/hosue_mp	gameJournalQuestMapPin	Mappins.QuestStaticMappinDefinition		
mappin	2475.012	-1369.099	64.71	quests/side_quest/sq021_sick_dreams/finale/06_pull_pipe/pipe_mp	gameJournalQuestMapPin	Mappins.QuestStaticMappinDefinition		
mappin	2414.859	-1358.19	69.993	quests/side_quest/sq021_sick_dreams/finale/10_security_computer/comp_mp	gameJournalQuestMapPin	Mappins.QuestStaticMappinDefinition		
mappin	2475.012	-1369.099	64.71	quests/side_quest/sq021_sick_dreams/finale/11_help_river/pipe_mp	gameJournalQuestMapPin	Mappins.QuestStaticMappinDefinition		
mappin	887.945	-3640.19	182.44	quests/side_quest/sq021_sick_dreams/revenge/follow/wrong_farm_combat_mp	gameJournalQuestMapPin	Mappins.QuestStaticMappinDefinition		
mappin	888.33	-3623.164	182.634	quests/side_quest/sq021_sick_dreams/revenge/barn/barn_mp	gameJournalQuestMapPin	Mappins.QuestStaticMappinDefinition		
mappin	-65.144	-97.884	8.677	quests/side_quest/sq006_dream_on/intro/sq006_go_to_apartment/sq006_mappin_go_to_apartment	gameJournalQuestMapPin	Mappins.QuestStaticMappinDefinition		
mappin	-66.656	-97.134	8.703	quests/side_quest/sq006_dream_on/intro/02_use_intercom/mappin_intercom	gameJournalQuestMapPin	Mappins.QuestStaticMappinDefinition		
mappin	-72.312	-114.276	8.759	quests/side_quest/sq006_dream_on/intro/03_take_elevator/mappin_elevator	gameJournalQuestMapPin	Mappins.QuestStaticMappinDefinition		
mappin	-72.306	-114.072	112.417	quests/side_quest/sq006_dream_on/intro/03_take_elevator/mp_floor	gameJournalQuestMapPin	Mappins.QuestStaticMappinDefinition		
mappin	-94.965	-123.133	111.617	quests/side_quest/sq006_dream_on/meeting/sq006_sit_down/mappin_sit_down	gameJournalQuestMapPin	Mappins.QuestStaticMappinDefinition		
mappin	-1694.852	-190.051	13.428	quests/side_quest/sq006_dream_on/conclusion/return_to_apartment/mappin_park	gameJournalQuestMapPin	Mappins.QuestStaticMappinDefinition		
mappin	-77.706	-130.153	116.657	quests/side_quest/sq006_dream_on/investigation/sq006_investigate_apartment/mappin_bedroom	gameJournalQuestMapPin	Mappins.QuestStaticMappinDefinition		
mappin	-91.843	-121.768	116.617	quests/side_quest/sq006_dream_on/investigation/sq006_investigate_apartment/mappin_main_office	gameJournalQuestMapPin	Mappins.QuestStaticMappinDefinition		
mappin	-73.658	-105.63	116.497	quests/side_quest/sq006_dream_on/investigation/sq006_investigate_apartment/mappin_entertainment_room	gameJournalQuestMapPin	Mappins.QuestStaticMappinDefinition		
mappin	-66.686	-105.872	113.057	quests/side_quest/sq006_dream_on/investigation/sq006_investigate_apartment/mappin_security_room	gameJournalQuestMapPin	Mappins.QuestStaticMappinDefinition		
mappin	-61.513	-121.69	112.727	quests/side_quest/sq006_dream_on/investigation/sq006_investigate_apartment/mappin_kitchen	gameJournalQuestMapPin	Mappins.QuestStaticMappinDefinition		
mappin	-83.23	-124.123	115.154	quests/side_quest/sq006_dream_on/investigation/sq006_investigate_apartment/mappin_breakin	gameJournalQuestMapPin	Mappins.QuestStaticMappinDefinition		
mappin	-77.754	-117.338	108.606	quests/side_quest/sq006_dream_on/investigation/sq006_investigate_apartment/mappin_area_apartment	gameJournalQuestMapPin	Mappins.QuestStaticMappinDefinition		
mappin	-83.23	-124.123	115.154	quests/side_quest/sq006_dream_on/investigation/sq006_signs_of_breakin/mappin_breakin	gameJournalQuestMapPin	Mappins.QuestStaticMappinDefinition		
mappin	-66.9	-120.945	116.597	quests/side_quest/sq006_dream_on/investigation/sq006_find_locked_room/sq006_locked_door	gameJournalQuestMapPin	Mappins.QuestStaticMappinDefinition		
mappin	-422.035	51.124	17.597	quests/side_quest/sq006_dream_on/investigation/sq006_find_transmitter/mappin_van	gameJournalQuestMapPin	Mappins.QuestStaticMappinDefinition		
mappin	-72.343	-121.761	115.947	quests/side_quest/sq006_dream_on/investigation/sq006_follow_cables/mappin_cables	gameJournalQuestMapPin	Mappins.QuestStaticMappinDefinition		
mappin	-68.977	-106.197	115.167	quests/side_quest/sq006_dream_on/investigation/sq006_follow_blood_stains/mappin_bloodstains_01	gameJournalQuestMapPin	Mappins.QuestStaticMappinDefinition		
mappin	-65.767	-120.494	115.157	quests/side_quest/sq006_dream_on/investigation/sq006_follow_blood_stains/mappin_bloodstains_02	gameJournalQuestMapPin	Mappins.QuestStaticMappinDefinition		
mappin	-70.976	-121.033	116.437	quests/side_quest/sq006_dream_on/investigation/sq006_scan_electronics/mappin_electronics	gameJournalQuestMapPin	Mappins.QuestStaticMappinDefinition		
mappin	-64.017	-119.536	114.837	quests/side_quest/sq006_dream_on/investigation/sq006_look_for_where_stains_go/mappin_look_around	gameJournalQuestMapPin	Mappins.QuestStaticMappinDefinition		
mappin	-66.686	-105.872	113.057	quests/side_quest/sq006_dream_on/investigation/sq006_look_for_a_way_in/mappin_security_room	gameJournalQuestMapPin	Mappins.QuestStaticMappinDefinition		
mappin	-69.745	-100.462	112.412	quests/side_quest/sq006_dream_on/investigation/sq006_look_for_a_way_in/mappin_open_security_terminal	gameJournalQuestMapPin	Mappins.QuestStaticMappinDefinition		
mappin	-65.21	-103.722	112.345	quests/side_quest/sq006_dream_on/investigation/sq006_unlock_door/mappin_main_security_terminal	gameJournalQuestMapPin	Mappins.QuestStaticMappinDefinition		
mappin	-65.21	-103.722	112.345	quests/side_quest/sq006_dream_on/investigation/sq006_unlock_door/mappin_main_terminal	gameJournalQuestMapPin	Mappins.QuestStaticMappinDefinition		
mappin	-73.567	-114.401	111.157	quests/side_quest/sq006_dream_on/find_surveillance/leave_apartment/mappin_leave_apartment	gameJournalQuestMapPin	Mappins.QuestStaticMappinDefinition		
mappin	-422.035	51.124	17.597	quests/side_quest/sq006_dream_on/find_surveillance/go_to_parking_lot/sq006_mappin_parking_lot	gameJournalQuestMapPin	Mappins.QuestStaticMappinDefinition		
mappin	-454.536	73.962	16.787	quests/side_quest/sq006_dream_on/find_surveillance/follow_truck/sq006_mappin_spy_truck	gameJournalQuestMapPin	Mappins.QuestDynamicMappinDefinition		
mappin	-454.536	73.962	16.787	quests/side_quest/sq006_dream_on/find_surveillance/search_truck/sq006_mappin_search_ambush	gameJournalQuestMapPin	Mappins.QuestDynamicMappinDefinition		
mappin	-752.441	2303.751	51.481	quests/side_quest/sq006_dream_on/find_surveillance/defeat_ambush/mappin_area	gameJournalQuestMapPin	Mappins.QuestStaticMappinDefinition		
mappin	-657.853	924.846	10.802	quests/side_quest/sq006_dream_on/clandestine_elizabeth/ramen_shop/mappin_ramen_shop	gameJournalQuestMapPin	Mappins.QuestStaticMappinDefinition		
mappin	-649.912	934.3	10.2	quests/side_quest/sq006_dream_on/clandestine_elizabeth/sit_with_elizabeth/mappin_sit	gameJournalQuestMapPin	Mappins.QuestStaticMappinDefinition		
mappin	3379.829	-356.44	137.46	quests/side_quest/sq004_riders_on_the_storm/01_camp/roadhouse_briefing/nomad_camp_mp	gameJournalQuestMapPin	Mappins.QuestStaticMappinDefinition		
mappin	3007.724	-2385.058	124.63	quests/side_quest/sq004_riders_on_the_storm/01_camp/drive/raffen_camp	gameJournalQuestMapPin	Mappins.QuestStaticMappinDefinition		
mappin	3079.672	-2292.901	128.46	quests/side_quest/sq004_riders_on_the_storm/01_camp/lookout_spot/camp_lookout_mp	gameJournalQuestMapPin	Mappins.QuestStaticMappinDefinition		
mappin	3080.655	-2293.439	125.677	quests/side_quest/sq004_riders_on_the_storm/01_camp/lookout_spot/park_mp	gameJournalQuestMapPin	Mappins.QuestStaticMappinDefinition		
mappin	3457.257	-355.29	136.661	quests/side_quest/sq004_riders_on_the_storm/01_camp/all_clear/combined_mp	gameJournalQuestMapPin	Mappins.QuestStaticMappinDefinition		
mappin	3012.13	-2350.991	123.07	quests/side_quest/sq004_riders_on_the_storm/01_camp/drone_gate/01_gate_mp	gameJournalQuestMapPin	Mappins.QuestStaticMappinDefinition		
mappin	3023.58	-2352.711	123.07	quests/side_quest/sq004_riders_on_the_storm/01_camp/drone_gate/01a_guardhouse_mp	gameJournalQuestMapPin	Mappins.QuestStaticMappinDefinition		
mappin	2998.899	-2379.315	118.463	quests/side_quest/sq004_riders_on_the_storm/01_camp/drone_tracks/02_passage_mp	gameJournalQuestMapPin	Mappins.QuestStaticMappinDefinition		
mappin	3017.716	-2439.52	119.109	quests/side_quest/sq004_riders_on_the_storm/01_camp/drone_truck/03_main_mp	gameJournalQuestMapPin	Mappins.QuestStaticMappinDefinition		
mappin	2981.172	-2402.531	127.38	quests/side_quest/sq004_riders_on_the_storm/01_camp/drone_main_building/04_quarry_mp	gameJournalQuestMapPin	Mappins.QuestStaticMappinDefinition		
mappin	2981.171	-2375.081	127.54	quests/side_quest/sq004_riders_on_the_storm/01_camp/drone_passage/05_passage_mp	gameJournalQuestMapPin	Mappins.QuestStaticMappinDefinition		
mappin	3456.733	-375.768	134.668	quests/side_quest/sq004_riders_on_the_storm/01_camp/talk_veterans/veterans_mp	gameJournalQuestMapPin	Mappins.QuestStaticMappinDefinition		
mappin	3080.655	-2293.439	125.677	quests/side_quest/sq004_riders_on_the_storm/01_camp/lookout_spot_wait/camp_lookout_mp	gameJournalQuestMapPin	Mappins.QuestStaticMappinDefinition		
mappin	3456.733	-375.768	134.668	quests/side_quest/sq004_riders_on_the_storm/01_camp/lean_car/lean_mp	gameJournalQuestMapPin	Mappins.QuestStaticMappinDefinition		
mappin	3007.724	-2385.058	124.63	quests/side_quest/sq004_riders_on_the_storm/02_infiltration/infiltrate/camp_mp	gameJournalQuestMapPin	Mappins.QuestStaticMappinDefinition		
mappin	2979.701	-2404.083	123.88	quests/side_quest/sq004_riders_on_the_storm/02_infiltration/prison/prison_mp	gameJournalQuestMapPin	Mappins.QuestStaticMappinDefinition		
mappin	3001.088	-2415.855	118.415	quests/side_quest/sq004_riders_on_the_storm/02_infiltration/out/leave_mp	gameJournalQuestMapPin	Mappins.QuestStaticMappinDefinition		
mappin	2982.639	-2378.212	113.38	quests/side_quest/sq004_riders_on_the_storm/02_infiltration/stealth_out/01_mp_fence	gameJournalQuestMapPin	Mappins.QuestStaticMappinDefinition		
mappin	2998.009	-2413.961	124.43	quests/side_quest/sq004_riders_on_the_storm/02_infiltration/security_room/security_room_mp	gameJournalQuestMapPin	Mappins.QuestStaticMappinDefinition		
mappin	2981.027	-2417.591	117.009	quests/side_quest/sq004_riders_on_the_storm/02_infiltration/free_saul/basement_entrance_mp	gameJournalQuestMapPin	Mappins.QuestStaticMappinDefinition		
mappin	2978.672	-2403.826	118.353	quests/side_quest/sq004_riders_on_the_storm/02_infiltration/find_saul/mp_prison_area	gameJournalQuestMapPin	Mappins.QuestStaticMappinDefinition		
mappin	2996.386	-2412.478	126.248	quests/side_quest/sq004_riders_on_the_storm/02_infiltration/security_computer/mp_pc	gameJournalQuestMapPin	Mappins.QuestEntityMappinDefinition		
mappin	2984.276	-2372.533	114.989	quests/side_quest/sq004_riders_on_the_storm/02_infiltration/stealth_out_known/01_hatch_mp	gameJournalQuestMapPin	Mappins.QuestStaticMappinDefinition		
mappin	2960.542	-2342.275	116.819	quests/side_quest/sq004_riders_on_the_storm/02_infiltration/stealth_out_known/02_exit_mp	gameJournalQuestMapPin	Mappins.QuestStaticMappinDefinition		
mappin	3003.639	-2394.315	118.46	quests/side_quest/sq004_riders_on_the_storm/03_escape/defend/raffen_01	gameJournalQuestMapPin	Mappins.QuestDynamicMappinDefinition		
mappin	3003.639	-2394.315	118.46	quests/side_quest/sq004_riders_on_the_storm/03_escape/defend/raffen_02	gameJournalQuestMapPin	Mappins.QuestDynamicMappinDefinition		
mappin	3003.639	-2394.315	118.46	quests/side_quest/sq004_riders_on_the_storm/03_escape/defend/raffen_03	gameJournalQuestMapPin	Mappins.QuestDynamicMappinDefinition		
mappin	3003.639	-2394.315	118.46	quests/side_quest/sq004_riders_on_the_storm/03_escape/defend/raffen_04	gameJournalQuestMapPin	Mappins.QuestDynamicMappinDefinition		
mappin	3003.639	-2394.315	118.46	quests/side_quest/sq004_riders_on_the_storm/03_escape/defend/raffen_05	gameJournalQuestMapPin	Mappins.QuestDynamicMappinDefinition		
mappin	1817.343	-1068.21	59.495	quests/side_quest/sq004_riders_on_the_storm/03_escape/fire/fire_mp	gameJournalQuestMapPin	Mappins.QuestStaticMappinDefinition		
mappin	1834.61	-1085.817	57.895	quests/side_quest/sq004_riders_on_the_storm/03_escape/no_chase/mp_safe	gameJournalQuestMapPin	Mappins.QuestStaticMappinDefinition		
mappin	1815.586	-1070.563	59.447	quests/side_quest/sq004_riders_on_the_storm/03_escape/kill_time/couch_mp	gameJournalQuestMapPin	Mappins.QuestStaticMappinDefinition		
mappin	1817.401	-1082.029	60.273	quests/side_quest/sq004_riders_on_the_storm/03_escape/farm_prep/power_mp	gameJournalQuestMapPin	Mappins.QuestStaticMappinDefinition		
mappin	1815.586	-1070.563	59.447	quests/side_quest/sq004_riders_on_the_storm/03_escape/sit_down/living_room_mp	gameJournalQuestMapPin	Mappins.QuestStaticMappinDefinition		
mappin	1849.094	-1067.775	57.993	quests/side_quest/sq004_riders_on_the_storm/03_escape/reward/rifle_mp	gameJournalQuestMapPin	Mappins.QuestStaticMappinDefinition		
mappin	1805.745	-1073.182	58.996	quests/side_quest/sq004_riders_on_the_storm/03_escape/heating_external/external_switch_mp	gameJournalQuestMapPin	Mappins.QuestStaticMappinDefinition		
mappin	1394.336	-1701.844	49.202	quests/street_stories/badlands/inland_avenue/sts_bls_ina_11/find_the_robot/extract_data/mp_robot	gameJournalQuestMapPin	Mappins.QuestDynamicMappinDefinition		
mappin	1394.336	-1701.844	49.202	quests/street_stories/badlands/inland_avenue/sts_bls_ina_11/find_the_robot/go_to_robot/mp_robot	gameJournalQuestMapPin	Mappins.QuestDynamicMappinDefinition		
mappin	1385.305	-1671.809	51.43	quests/street_stories/badlands/inland_avenue/sts_bls_ina_11/find_the_robot/find_data_on_robot_location/mp_main_computer	gameJournalQuestMapPin	Mappins.QuestStaticMappinDefinition		
mappin	1475.894	-1406.011	51.258	quests/street_stories/badlands/inland_avenue/sts_bls_ina_11/find_the_robot/deliver_chip/mp_drop_point	gameJournalQuestMapPin	Mappins.QuestStaticMappinDefinition		
mappin	1376.391	-1687.116	49.306	quests/street_stories/badlands/inland_avenue/sts_bls_ina_11/find_the_robot/get_to_landfill/mp_main_computer	gameJournalQuestMapPin	Mappins.QuestStaticMappinDefinition		
mappin	1378.658	-1676.775	49.202	quests/street_stories/badlands/inland_avenue/sts_bls_ina_11/find_the_robot/wait_for_robot/wait_mp	gameJournalQuestMapPin	Mappins.QuestStaticMappinDefinition		
mappin	1393.843	-1684.421	49.22	quests/street_stories/badlands/inland_avenue/sts_bls_ina_11/find_the_robot/find_robot/mp_ladnfill	gameJournalQuestMapPin	Mappins.QuestStaticMappinDefinition		
mappin	2129.369	-1814.173	59.308	quests/street_stories/badlands/inland_avenue/sts_bls_ina_06/sts_bls_ina_06/find_tanner/tanner	gameJournalQuestMapPin	Mappins.QuestStaticMappinDefinition		
mappin	2171.32	-1743.454	61.768	quests/street_stories/badlands/inland_avenue/sts_bls_ina_06/sts_bls_ina_06/talk_tanner/mp_tanner	gameJournalQuestMapPin	Mappins.QuestDynamicMappinDefinition		
mappin	2185.993	-1665.362	59.508	quests/street_stories/badlands/inland_avenue/sts_bls_ina_06/sts_bls_ina_06/kill_guard/mp_guard	gameJournalQuestMapPin	Mappins.QuestDynamicMappinDefinition		
mappin	2129.369	-1814.173	64.077	quests/street_stories/badlands/inland_avenue/sts_bls_ina_06/sts_bls_ina_06/01_get_to_outpost/mp_camp	gameJournalQuestMapPin	Mappins.QuestStaticMappinDefinition		
mappin	2129.369	-1814.173	59.308	quests/street_stories/badlands/inland_avenue/sts_bls_ina_06/sts_bls_ina_06/02_get_inside_outpost/mp_camp	gameJournalQuestMapPin	Mappins.QuestStaticMappinDefinition		
mappin	2129.369	-1814.173	59.308	quests/street_stories/badlands/inland_avenue/sts_bls_ina_06/sts_bls_ina_06/03_find_tanner/mp_camp	gameJournalQuestMapPin	Mappins.QuestStaticMappinDefinition		
mappin	2171.32	-1743.454	61.768	quests/street_stories/badlands/inland_avenue/sts_bls_ina_06/sts_bls_ina_06/opt_get_iris_car/iris_car	gameJournalQuestMapPin	Mappins.QuestDynamicMappinDefinition		
mappin	2421.032	-772.38	66.211	quests/street_stories/badlands/inland_avenue/sts_bls_ina_06/sts_bls_ina_06/park_car_in_garage/mp_garage	gameJournalQuestMapPin	Mappins.QuestStaticMappinDefinition		
mappin	1620.51	-759.712	49.871	quests/street_stories/badlands/inland_avenue/sts_bls_ina_06/sts_bls_ina_06/pick_up_optional_reward/mp_droppoint	gameJournalQuestMapPin	Mappins.QuestStaticMappinDefinition		
mappin	2413.821	-779.619	72.902	quests/street_stories/badlands/inland_avenue/sts_bls_ina_06/sts_bls_ina_06/leave_area/mp_workshop	gameJournalQuestMapPin	Mappins.QuestStaticMappinDefinition		
mappin	-2926.524	-4728.89	67.876	quests/street_stories/badlands/inland_avenue/sts_bls_ina_09/sts_bls_ina_09/find_ben/mp_safehouse_area	gameJournalQuestMapPin	Mappins.QuestStaticMappinDefinition		
mappin	-2928.839	-4725.557	67.862	quests/street_stories/badlands/inland_avenue/sts_bls_ina_09/sts_bls_ina_09/talk_with_ben/mp_ben	gameJournalQuestMapPin	Mappins.QuestDynamicMappinDefinition		
mappin	-2929.156	-4726.968	67.875	quests/street_stories/badlands/inland_avenue/sts_bls_ina_09/sts_bls_ina_09/find_key/mp_safehouse_area	gameJournalQuestMapPin	Mappins.QuestStaticMappinDefinition		
mappin	-2928.457	-4728.5	68.68	quests/street_stories/badlands/inland_avenue/sts_bls_ina_09/sts_bls_ina_09/find_key/mp_key	gameJournalQuestMapPin	Mappins.QuestStaticMappinDefinition		
mappin	-2926.524	-4728.89	67.876	quests/street_stories/badlands/inland_avenue/sts_bls_ina_09/sts_bls_ina_09/02_go_to_protein_farms/mp_safehouse_area	gameJournalQuestMapPin	Mappins.QuestStaticMappinDefinition		
mappin	-2928.839	-4725.557	67.862	quests/street_stories/badlands/inland_avenue/sts_bls_ina_09/sts_bls_ina_09/talk_to_nomad/mp_dakota	gameJournalQuestMapPin	Mappins.QuestDynamicMappinDefinition		
mappin	-2149.352	-5338.397	88.216	quests/street_stories/badlands/inland_avenue/sts_bls_ina_09/sts_bls_ina_09/take_ben_to_meeting_point/mp_meeting_point	gameJournalQuestMapPin	Mappins.QuestStaticMappinDefinition		
mappin	-2149.352	-5338.397	88.216	quests/street_stories/badlands/inland_avenue/sts_bls_ina_09/sts_bls_ina_09/wait_for_dakota_man/mp_meeting_point	gameJournalQuestMapPin	Mappins.QuestStaticMappinDefinition		
mappin	1875.308	-547.569	77.765	quests/street_stories/badlands/inland_avenue/sts_bls_ina_03/sts_bls_ina_03/destroy_antenna/mp_antenna	gameJournalQuestMapPin	Mappins.QuestStaticMappinDefinition		
mappin	1874.763	-548.384	75.046	quests/street_stories/badlands/inland_avenue/sts_bls_ina_03/sts_bls_ina_03/find_source_of_transmission/mp_computer	gameJournalQuestMapPin	Mappins.QuestStaticMappinDefinition		
mappin	1874.763	-548.384	75.046	quests/street_stories/badlands/inland_avenue/sts_bls_ina_03/sts_bls_ina_03/investigate_the_area/mp_station	gameJournalQuestMapPin	Mappins.QuestStaticMappinDefinition		
mappin	1620.51	-759.712	49.871	quests/street_stories/badlands/inland_avenue/sts_bls_ina_03/sts_bls_ina_03/collect_reward/drop_point	gameJournalQuestMapPin	Mappins.QuestStaticMappinDefinition		
mappin	1872.613	-548.463	76.437	quests/street_stories/badlands/inland_avenue/sts_bls_ina_03/sts_bls_ina_03/go_to_the_signal_destination/go_to_location	gameJournalQuestMapPin	Mappins.QuestStaticMappinDefinition		
mappin	1878.047	-548.221	54.848	quests/street_stories/badlands/inland_avenue/sts_bls_ina_03/sts_bls_ina_03/leave_the_outpost/area_mappin	gameJournalQuestMapPin	Mappins.QuestStaticMappinDefinition		
mappin	-1443.645	-3622.309	52.376	quests/street_stories/badlands/inland_avenue/sts_bls_ina_08/sts_bls_ina_08/01_get_trevors_body_back/mp_outpost	gameJournalQuestMapPin	Mappins.QuestDynamicMappinDefinition		
mappin	-1378.986	-3643.592	55.301	quests/street_stories/badlands/inland_avenue/sts_bls_ina_08/sts_bls_ina_08/02_get_to_the_camp/mp_outpost	gameJournalQuestMapPin	Mappins.QuestStaticMappinDefinition		
mappin	-1412.97	-3644.599	55.217	quests/street_stories/badlands/inland_avenue/sts_bls_ina_08/sts_bls_ina_08/03_find_body/mp_outpost	gameJournalQuestMapPin	Mappins.QuestStaticMappinDefinition		
mappin	-1420.579	-3640.329	54.676	quests/street_stories/badlands/inland_avenue/sts_bls_ina_08/sts_bls_ina_08/04_scan_bodies_to_find_trevor/freezer	gameJournalQuestMapPin	Mappins.QuestStaticMappinDefinition		
mappin	-1377.296	-3634.066	55.478	quests/street_stories/badlands/inland_avenue/sts_bls_ina_08/sts_bls_ina_08/06_put_body_in_trunk/mp_trunk	gameJournalQuestMapPin	Mappins.QuestDynamicMappinDefinition		
mappin	-1350.907	-3697.806	55	quests/street_stories/badlands/inland_avenue/sts_bls_ina_08/sts_bls_ina_08/05a_wait_for_pickup/mp_extraction_zone	gameJournalQuestMapPin	Mappins.QuestStaticMappinDefinition		
mappin	-1376.908	-3645.464	55.99	quests/street_stories/badlands/inland_avenue/sts_bls_ina_08/sts_bls_ina_08/take_the_body_from_the_location/take_out	gameJournalQuestMapPin	Mappins.QuestStaticMappinDefinition		
mappin	4961.498	-1573.058	145.322	quests/street_stories/badlands/inland_avenue/sts_bls_ina_07/get_hdd_from_ghost_car/get_inside/mp_car	gameJournalQuestMapPin	Mappins.QuestDynamicMappinDefinition		
mappin	4960.165	-1570.811	134.668	quests/street_stories/badlands/inland_avenue/sts_bls_ina_07/get_hdd_from_ghost_car/find_car/mp_search_area	gameJournalQuestMapPin	Mappins.QuestStaticMappinDefinition		
mappin	4962.609	-1573.278	138.026	quests/street_stories/badlands/inland_avenue/sts_bls_ina_07/get_hdd_from_ghost_car/optional_investigation/mp_investigation_area	gameJournalQuestMapPin	Mappins.QuestStaticMappinDefinition		
mappin	2421.772	-772.367	66.7	quests/street_stories/badlands/inland_avenue/sts_bls_ina_07/get_hdd_from_ghost_car/deliver_car/mp_workshop	gameJournalQuestMapPin	Mappins.QuestStaticMappinDefinition		
mappin	4961.498	-1573.058	145.322	quests/street_stories/badlands/inland_avenue/sts_bls_ina_07/get_hdd_from_ghost_car/deliver_car/mp_car_deliver	gameJournalQuestMapPin	Mappins.QuestDynamicMappinDefinition		
mappin	2422.59	-764.795	66.7	quests/street_stories/badlands/inland_avenue/sts_bls_ina_07/get_hdd_from_ghost_car/leave_workshop/mp_outside_worksho	gameJournalQuestMapPin	Mappins.QuestStaticMappinDefinition		
mappin	4961.498	-1573.058	145.322	quests/street_stories/badlands/inland_avenue/sts_bls_ina_07/get_hdd_from_ghost_car/approach_the_car/mp_car1	gameJournalQuestMapPin	Mappins.QuestDynamicMappinDefinition		
mappin	4982.523	-1589.704	145.937	quests/street_stories/badlands/inland_avenue/sts_bls_ina_07/get_hdd_from_ghost_car/get_rid_of_chase/mp_chase_west	gameJournalQuestMapPin	Mappins.QuestDynamicMappinDefinition		
mappin	4982.523	-1589.704	145.937	quests/street_stories/badlands/inland_avenue/sts_bls_ina_07/get_hdd_from_ghost_car/get_rid_of_chase/mp_chase_east	gameJournalQuestMapPin	Mappins.QuestDynamicMappinDefinition		
mappin	4982.523	-1589.704	145.937	quests/street_stories/badlands/inland_avenue/sts_bls_ina_07/get_hdd_from_ghost_car/get_rid_of_chase/mp_chase_east1	gameJournalQuestMapPin	Mappins.QuestDynamicMappinDefinition		
mappin	4982.523	-1589.704	145.937	quests/street_stories/badlands/inland_avenue/sts_bls_ina_07/get_hdd_from_ghost_car/get_rid_of_chase/mp_chase_west1	gameJournalQuestMapPin	Mappins.QuestDynamicMappinDefinition		
mappin	2422.655	-767.866	66.406	quests/street_stories/badlands/inland_avenue/sts_bls_ina_07/get_hdd_from_ghost_car/get_rid_of_chase/mp_workshop	gameJournalQuestMapPin	Mappins.QuestStaticMappinDefinition		
mappin	2421.772	-772.367	66.7	quests/street_stories/badlands/inland_avenue/sts_bls_ina_07/get_hdd_from_ghost_car/park_in_garage/mp_workshop	gameJournalQuestMapPin	Mappins.QuestStaticMappinDefinition		
mappin	1620.51	-759.712	49.871	quests/street_stories/badlands/inland_avenue/sts_bls_ina_07/get_hdd_from_ghost_car/collect_reward/collect_reward_from_fixer	gameJournalQuestMapPin	Mappins.QuestStaticMappinDefinition		
mappin	-148.341	-4424.159	58.962	quests/street_stories/badlands/inland_avenue/sts_bls_ina_02/get_data/find_big_pete/mp_big_pete	gameJournalQuestMapPin	Mappins.QuestStaticMappinDefinition		
mappin	-143.911	-4424.324	54.785	quests/street_stories/badlands/inland_avenue/sts_bls_ina_02/get_data/eliminate_big_pete/mp_big_pete	gameJournalQuestMapPin	Mappins.QuestDynamicMappinDefinition		
mappin	-143.896	-4413.334	59.031	quests/street_stories/badlands/inland_avenue/sts_bls_ina_02/get_data/leave/leave	gameJournalQuestMapPin	Mappins.QuestStaticMappinDefinition		
mappin	-148.341	-4424.159	58.962	quests/street_stories/badlands/inland_avenue/sts_bls_ina_02/get_data/get_in/mp_big_pete	gameJournalQuestMapPin	Mappins.QuestStaticMappinDefinition		
mappin	3646.433	-920.469	120.511	quests/street_stories/badlands/inland_avenue/sts_bls_ina_04/retrieve_the_van/steal_the_van/mobile_radar	gameJournalQuestMapPin	Mappins.QuestDynamicMappinDefinition		
mappin	3627.625	-930.859	120.531	quests/street_stories/badlands/inland_avenue/sts_bls_ina_04/retrieve_the_van/find_the_mobile_radar/mp_outpost_area	gameJournalQuestMapPin	Mappins.QuestStaticMappinDefinition		
mappin	2420.968	-771.018	67.383	quests/street_stories/badlands/inland_avenue/sts_bls_ina_04/retrieve_the_van/deliver_car/mp_workshop	gameJournalQuestMapPin	Mappins.QuestStaticMappinDefinition		
mappin	3646.433	-920.469	120.511	quests/street_stories/badlands/inland_avenue/sts_bls_ina_04/retrieve_the_van/deliver_car/mobile_radar	gameJournalQuestMapPin	Mappins.QuestDynamicMappinDefinition		
mappin	2423.5	-762.5	66.375	quests/street_stories/badlands/inland_avenue/sts_bls_ina_04/retrieve_the_van/leave_workshop/mp_leave_workshop	gameJournalQuestMapPin	Mappins.QuestStaticMappinDefinition		
mappin	3639.225	-924.743	120.505	quests/street_stories/badlands/inland_avenue/sts_bls_ina_04/retrieve_the_van/go_to_motel/mp_outpost	gameJournalQuestMapPin	Mappins.QuestStaticMappinDefinition		
mappin	3646.433	-920.469	120.511	quests/street_stories/badlands/inland_avenue/sts_bls_ina_04/retrieve_the_van/get_back_to_van/mobile_radar	gameJournalQuestMapPin	Mappins.QuestDynamicMappinDefinition		
mappin	2423.5	-766.5	66.422	quests/street_stories/badlands/inland_avenue/sts_bls_ina_04/retrieve_the_van/lose_chase/mp_leave_workshop	gameJournalQuestMapPin	Mappins.QuestStaticMappinDefinition		
mappin	-118.513	-5209.719	86.981	quests/street_stories/badlands/inland_avenue/sts_bls_ina_05/sts_bls_ina_05/get_in_farm/farm	gameJournalQuestMapPin	Mappins.QuestStaticMappinDefinition		
mappin	-118.513	-5209.719	86.981	quests/street_stories/badlands/inland_avenue/sts_bls_ina_05/sts_bls_ina_05/find_bruce/farm	gameJournalQuestMapPin	Mappins.QuestStaticMappinDefinition		
mappin	-83.688	-5205.323	86.981	quests/street_stories/badlands/inland_avenue/sts_bls_ina_05/sts_bls_ina_05/get_to_truck/truck	gameJournalQuestMapPin	Mappins.QuestStaticMappinDefinition		
mappin	-85.74	-5212.008	87.19	quests/street_stories/badlands/inland_avenue/sts_bls_ina_05/sts_bls_ina_05/get_to_truck/door_to_parking	gameJournalQuestMapPin	Mappins.QuestStaticMappinDefinition		
mappin	-84.952	-5206.289	87.52	quests/street_stories/badlands/inland_avenue/sts_bls_ina_05/sts_bls_ina_05/get_to_truck/truck_2	gameJournalQuestMapPin	Mappins.QuestStaticMappinDefinition		
mappin	-153.565	-5201.959	86.981	quests/street_stories/badlands/inland_avenue/sts_bls_ina_05/sts_bls_ina_05/talk_bruce/bruce	gameJournalQuestMapPin	Mappins.QuestDynamicMappinDefinition		
mappin	-153.565	-5201.959	86.981	quests/street_stories/badlands/inland_avenue/sts_bls_ina_05/sts_bls_ina_05/get_to_archibald/archibald	gameJournalQuestMapPin	Mappins.QuestDynamicMappinDefinition		
mappin	-153.565	-5201.959	86.981	quests/street_stories/badlands/inland_avenue/sts_bls_ina_05/sts_bls_ina_05/get_to_archibald/bruce	gameJournalQuestMapPin	Mappins.QuestDynamicMappinDefinition		
mappin	-302.158	-5564.916	79.197	quests/street_stories/badlands/inland_avenue/sts_bls_ina_05/sts_bls_ina_05/help_escape/camp	gameJournalQuestMapPin	Mappins.QuestStaticMappinDefinition		
mappin	-121.966	-5197.806	86.981	quests/street_stories/badlands/inland_avenue/sts_bls_ina_05/sts_bls_ina_05/get_to_area/area	gameJournalQuestMapPin	Mappins.QuestStaticMappinDefinition		
mappin	-153.565	-5201.959	86.981	quests/street_stories/badlands/inland_avenue/sts_bls_ina_05/sts_bls_ina_05/get_to_bruce/bruce	gameJournalQuestMapPin	Mappins.QuestDynamicMappinDefinition		
mappin	-153.565	-5201.959	86.981	quests/street_stories/badlands/inland_avenue/sts_bls_ina_05/sts_bls_ina_05/talk_archibald/mp_archi	gameJournalQuestMapPin	Mappins.QuestDynamicMappinDefinition		
mappin	-1819.021	-4261.58	74.21	quests/street_stories/badlands/inland_avenue/sts_bls_ina_05/sts_bls_ina_05/collect_reward/mp_drop_point	gameJournalQuestMapPin	Mappins.QuestStaticMappinDefinition		
mappin	-302.158	-5564.916	79.197	quests/street_stories/badlands/inland_avenue/sts_bls_ina_05/sts_bls_ina_05/wait_for_archie/mp_wait	gameJournalQuestMapPin	Mappins.QuestStaticMappinDefinition		
mappin	-302.158	-5564.916	79.197	quests/street_stories/badlands/inland_avenue/sts_bls_ina_05/sts_bls_ina_05/take_bruce_to_meeting_point/mp_meeting_point	gameJournalQuestMapPin	Mappins.QuestStaticMappinDefinition		
mappin	-302.158	-5564.916	79.197	quests/street_stories/badlands/inland_avenue/sts_bls_ina_05/sts_bls_ina_05/escort_bruce_new/mp_meeting_point	gameJournalQuestMapPin	Mappins.QuestStaticMappinDefinition		
mappin	-1356.429	1289.5	29.88	quests/street_stories/badlands/badlands_reward/badlands_reward/get_reward/vehicle	gameJournalQuestMapPin	Mappins.QuestStaticMappinDefinition		
mappin	-1344.787	-13.877	-6.771	quests/street_stories/city_center/corpo_plaza/sts_cct_cpz_01/sts_cct_cpz_01/data/disk	gameJournalQuestMapPin	Mappins.QuestStaticMappinDefinition		
mappin	-1342.527	-21.374	-4.02	quests/street_stories/city_center/corpo_plaza/sts_cct_cpz_01/sts_cct_cpz_01/security_building/building	gameJournalQuestMapPin	Mappins.QuestStaticMappinDefinition		
mappin	-1338.348	-4.766	-8	quests/street_stories/city_center/corpo_plaza/sts_cct_cpz_01/sts_cct_cpz_01/server_room/room	gameJournalQuestMapPin	Mappins.QuestStaticMappinDefinition		
mappin	-1342.527	-21.374	-4.02	quests/street_stories/city_center/corpo_plaza/sts_cct_cpz_01/sts_cct_cpz_01/escape/escape	gameJournalQuestMapPin	Mappins.QuestStaticMappinDefinition		
mappin	-2444.31	60.38	4.11	quests/street_stories/city_center/downtown/sts_cct_dtn_05/sts_cct_dtn_05/go_to_the_docks/docks	gameJournalQuestMapPin	Mappins.QuestStaticMappinDefinition		
mappin	-2480.117	50.797	5.51	quests/street_stories/city_center/downtown/sts_cct_dtn_05/sts_cct_dtn_05/take_or_hack_disc/disc	gameJournalQuestMapPin	Mappins.QuestStaticMappinDefinition		
mappin	-2444.31	60.38	4.11	quests/street_stories/city_center/downtown/sts_cct_dtn_05/sts_cct_dtn_05/escape_from_docks/docks_002	gameJournalQuestMapPin	Mappins.QuestStaticMappinDefinition		
mappin	-2479.115	51.097	4.292	quests/street_stories/city_center/downtown/sts_cct_dtn_05/sts_cct_dtn_05/get_to_donsk_control_room/control_room	gameJournalQuestMapPin	Mappins.QuestStaticMappinDefinition		
mappin	-2444.31	60.38	4.11	quests/street_stories/city_center/downtown/sts_cct_dtn_05/sts_cct_dtn_05/main/marina	gameJournalQuestMapPin	Mappins.QuestStaticMappinDefinition		
mappin	-2396.903	225.299	12.647	quests/street_stories/city_center/downtown/sts_cct_dtn_05/sts_cct_dtn_05/extra_reward/droppoint	gameJournalQuestMapPin	Mappins.QuestStaticMappinDefinition		
mappin	-2167.199	457.815	89.555	quests/street_stories/city_center/downtown/sts_cct_dtn_04/sts_cct_dtn_04/get_inside_apartment/netrunners_apartment	gameJournalQuestMapPin	Mappins.QuestStaticMappinDefinition		
mappin	-2159.913	458.46	9.684	quests/street_stories/city_center/downtown/sts_cct_dtn_04/sts_cct_dtn_04/kill_billy/billy	gameJournalQuestMapPin	Mappins.QuestDynamicMappinDefinition		
mappin	-2124.002	481.054	9.481	quests/street_stories/city_center/downtown/sts_cct_dtn_04/sts_cct_dtn_04/kill_billy/target_in_hotel	gameJournalQuestMapPin	Mappins.QuestStaticMappinDefinition		
mappin	-2148.701	469.091	9.475	quests/street_stories/city_center/downtown/sts_cct_dtn_04/sts_cct_dtn_04/escape_the_hotel/exit	gameJournalQuestMapPin	Mappins.QuestStaticMappinDefinition		
mappin	-2148.701	469.091	9.475	quests/street_stories/city_center/downtown/sts_cct_dtn_04/sts_cct_dtn_04/enter_the_hotel/hotel_entrance	gameJournalQuestMapPin	Mappins.QuestStaticMappinDefinition		
mappin	-2130.031	482.704	89.495	quests/street_stories/city_center/downtown/sts_cct_dtn_04/sts_cct_dtn_04/reach_2nd_floor/floor	gameJournalQuestMapPin	Mappins.QuestStaticMappinDefinition		
mappin	-2126.948	482.817	9.475	quests/street_stories/city_center/downtown/sts_cct_dtn_04/sts_cct_dtn_04/reach_2nd_floor/elevator	gameJournalQuestMapPin	Mappins.QuestStaticMappinDefinition		
mappin	-2150.21	477.26	96.25	quests/street_stories/city_center/downtown/sts_cct_dtn_04/sts_cct_dtn_04/deliver_body/truck	gameJournalQuestMapPin	Mappins.QuestStaticMappinDefinition		
mappin	-2159.913	458.46	9.684	quests/street_stories/city_center/downtown/sts_cct_dtn_04/sts_cct_dtn_04/deliver_body/billy	gameJournalQuestMapPin	Mappins.QuestDynamicMappinDefinition		
mappin	-2159.913	458.46	9.684	quests/street_stories/city_center/downtown/sts_cct_dtn_04/sts_cct_dtn_04/clear_out_roof/guard_1	gameJournalQuestMapPin	Mappins.NPCMappinDefinition		
mappin	-2158.91	470.8	95.68	quests/street_stories/city_center/downtown/sts_cct_dtn_04/sts_cct_dtn_04/clear_out_roof/area_mappin	gameJournalQuestMapPin	Mappins.QuestStaticMappinDefinition		
mappin	-2150.248	480.193	89.398	quests/street_stories/city_center/downtown/sts_cct_dtn_04/sts_cct_dtn_04/find_joanne_koch/find_koch	gameJournalQuestMapPin	Mappins.QuestStaticMappinDefinition		
mappin	-1639.519	372.421	14.087	quests/street_stories/city_center/downtown/sts_cct_dtn_03/sts_cct_dtn_03/get_inside_server_room/server_room	gameJournalQuestMapPin	Mappins.QuestStaticMappinDefinition		
mappin	-1624.094	399.711	8.092	quests/street_stories/city_center/downtown/sts_cct_dtn_03/sts_cct_dtn_03/get_inside_server_room/server_room1	gameJournalQuestMapPin	Mappins.QuestStaticMappinDefinition		
mappin	-1620.681	383.783	8.093	quests/street_stories/city_center/downtown/sts_cct_dtn_03/sts_cct_dtn_03/get_inside_server_room/server_room2	gameJournalQuestMapPin	Mappins.QuestStaticMappinDefinition		
mappin	-1614.634	366.361	8.086	quests/street_stories/city_center/downtown/sts_cct_dtn_03/sts_cct_dtn_03/get_inside_server_room/server_room3	gameJournalQuestMapPin	Mappins.QuestStaticMappinDefinition		
mappin	-1620.209	396.145	9.401	quests/street_stories/city_center/downtown/sts_cct_dtn_03/sts_cct_dtn_03/get_inside_server_room/server_room4	gameJournalQuestMapPin	Mappins.QuestStaticMappinDefinition		
mappin	-1637.757	375.41	15.166	quests/street_stories/city_center/downtown/sts_cct_dtn_03/sts_cct_dtn_03/infect_main_server/main_server	gameJournalQuestMapPin	Mappins.QuestStaticMappinDefinition		
mappin	-1630.323	381.407	6.517	quests/street_stories/city_center/downtown/sts_cct_dtn_03/sts_cct_dtn_03/leave_club/club	gameJournalQuestMapPin	Mappins.QuestStaticMappinDefinition		
mappin	-1630.399	405.519	8.092	quests/street_stories/city_center/downtown/sts_cct_dtn_03/sts_cct_dtn_03/get_in_the_club/club	gameJournalQuestMapPin	Mappins.QuestStaticMappinDefinition		
mappin	-1624.706	401.084	8.047	quests/street_stories/city_center/downtown/sts_cct_dtn_03/sts_cct_dtn_03/leave_weapons/locker	gameJournalQuestMapPin	Mappins.QuestStaticMappinDefinition		
mappin	-1918.478	327.754	7.968	quests/street_stories/city_center/downtown/sts_cct_dtn_03/sts_cct_dtn_03/get_to_drop_point/drop_point	gameJournalQuestMapPin	Mappins.QuestStaticMappinDefinition		
mappin	-1624.706	401.084	8.047	quests/street_stories/city_center/downtown/sts_cct_dtn_03/sts_cct_dtn_03/get_your_weapons_back/weapon_locker	gameJournalQuestMapPin	Mappins.QuestStaticMappinDefinition		
mappin	-1943.506	-56.13	7.466	quests/street_stories/city_center/downtown/sts_cct_dtn_02/sts_cct_dtn_02/get_inside/club	gameJournalQuestMapPin	Mappins.QuestStaticMappinDefinition		
mappin	-1924.75	-31.361	3.466	quests/street_stories/city_center/downtown/sts_cct_dtn_02/sts_cct_dtn_02/kill/dave	gameJournalQuestMapPin	Mappins.QuestDynamicMappinDefinition		
mappin	-1950.596	-44.318	-3.794	quests/street_stories/city_center/downtown/sts_cct_dtn_02/sts_cct_dtn_02/find_targets/7thhell	gameJournalQuestMapPin	Mappins.QuestStaticMappinDefinition		
mappin	-1925.527	-32.223	3.466	quests/street_stories/city_center/downtown/sts_cct_dtn_02/sts_cct_dtn_02/find_way_inside/vip	gameJournalQuestMapPin	Mappins.QuestStaticMappinDefinition		
mappin	-1924.75	-31.361	3.466	quests/street_stories/city_center/downtown/sts_cct_dtn_02/sts_cct_dtn_02/find_way_inside/dozy	gameJournalQuestMapPin	Mappins.QuestDynamicMappinDefinition		
mappin	-1943.506	-56.13	7.466	quests/street_stories/city_center/downtown/sts_cct_dtn_02/sts_cct_dtn_02/get_out/club	gameJournalQuestMapPin	Mappins.QuestStaticMappinDefinition		
mappin	-1902.169	-83.98	7.92	quests/street_stories/city_center/downtown/sts_cct_dtn_02/sts_cct_dtn_02/put_in_trunk/car	gameJournalQuestMapPin	Mappins.QuestDynamicMappinDefinition		
mappin	-1924.75	-31.361	3.466	quests/street_stories/city_center/downtown/sts_cct_dtn_02/sts_cct_dtn_02/get_body/dave	gameJournalQuestMapPin	Mappins.QuestDynamicMappinDefinition		
mappin	-1943.506	-56.13	7.466	quests/street_stories/city_center/downtown/sts_cct_dtn_02/sts_cct_dtn_02/get_body/club	gameJournalQuestMapPin	Mappins.QuestStaticMappinDefinition		
mappin	-1924.75	-31.361	3.466	quests/street_stories/city_center/downtown/sts_cct_dtn_02/sts_cct_dtn_02/talk_jack/dave	gameJournalQuestMapPin	Mappins.QuestDynamicMappinDefinition		
mappin	-2124.043	155.905	8.528	quests/street_stories/city_center/downtown/sts_cct_dtn_02/sts_cct_dtn_02/get_reward/droppoint	gameJournalQuestMapPin	Mappins.QuestStaticMappinDefinition		
mappin	-1352.682	1289.175	29.89	quests/street_stories/city_center/city_center_reward/city_center_reward/get_reward/vehicle	gameJournalQuestMapPin	Mappins.QuestStaticMappinDefinition		
mappin	-1520.942	-1095.699	9.121	quests/street_stories/heywood/glen/sts_hey_gle_04/sts_hey_gle_04/get_in/main	gameJournalQuestMapPin	Mappins.QuestStaticMappinDefinition		
mappin	-1530.361	-1117.438	14.391	quests/street_stories/heywood/glen/sts_hey_gle_04/sts_hey_gle_04/steal_evidence/evidence	gameJournalQuestMapPin	Mappins.QuestStaticMappinDefinition		
mappin	-1532.38	-1116.688	13.114	quests/street_stories/heywood/glen/sts_hey_gle_04/sts_hey_gle_04/get_in_inner/office	gameJournalQuestMapPin	Mappins.QuestStaticMappinDefinition		
mappin	-1520.942	-1095.699	9.121	quests/street_stories/heywood/glen/sts_hey_gle_04/sts_hey_gle_04/leave_the_area/area	gameJournalQuestMapPin	Mappins.QuestStaticMappinDefinition		
mappin	-1606.629	-556.012	8.13	quests/street_stories/heywood/glen/sts_hey_gle_05/sts_hey_gle_05/kill/gallo	gameJournalQuestMapPin	Mappins.QuestDynamicMappinDefinition		
mappin	-1616.601	-563.693	12.19	quests/street_stories/heywood/glen/sts_hey_gle_05/sts_hey_gle_05/find/entrance	gameJournalQuestMapPin	Mappins.QuestStaticMappinDefinition		
mappin	-1601.488	-554.914	6.195	quests/street_stories/heywood/glen/sts_hey_gle_05/sts_hey_gle_05/talk/crate	gameJournalQuestMapPin	Mappins.QuestStaticMappinDefinition		
mappin	-1612.92	-567.323	17.93	quests/street_stories/heywood/glen/sts_hey_gle_05/sts_hey_gle_05/leave/basement	gameJournalQuestMapPin	Mappins.QuestStaticMappinDefinition		
mappin	-1619.551	-551.258	17.132	quests/street_stories/heywood/glen/sts_hey_gle_05/sts_hey_gle_05/deliver/droppoint	gameJournalQuestMapPin	Mappins.QuestStaticMappinDefinition		
mappin	-1606.629	-556.012	8.13	quests/street_stories/heywood/glen/sts_hey_gle_05/sts_hey_gle_05/talk_el_gallo/galo	gameJournalQuestMapPin	Mappins.QuestDynamicMappinDefinition		
mappin	-1605.99	-556.58	5.28	quests/street_stories/heywood/glen/sts_hey_gle_05/sts_hey_gle_05/look_for_cores/basement	gameJournalQuestMapPin	Mappins.QuestStaticMappinDefinition		
mappin	-1601.488	-554.914	6.195	quests/street_stories/heywood/glen/sts_hey_gle_05/sts_hey_gle_05/take_parts/crate	gameJournalQuestMapPin	Mappins.QuestStaticMappinDefinition		
mappin	-1451.303	-1025.913	77.911	quests/street_stories/heywood/glen/sts_hey_gle_03/sts_hey_gle_03/find_way/apartment	gameJournalQuestMapPin	Mappins.QuestStaticMappinDefinition		
mappin	-1446.292	-1043.58	9.278	quests/street_stories/heywood/glen/sts_hey_gle_03/sts_hey_gle_03/find_way/elevator	gameJournalQuestMapPin	Mappins.QuestStaticMappinDefinition		
mappin	-1452.332	-1028.514	77.678	quests/street_stories/heywood/glen/sts_hey_gle_03/sts_hey_gle_03/puzzle/room	gameJournalQuestMapPin	Mappins.QuestStaticMappinDefinition		
mappin	-1452.478	-1044.11	82.2	quests/street_stories/heywood/glen/sts_hey_gle_03/sts_hey_gle_03/pick_up/guitar	gameJournalQuestMapPin	Mappins.QuestStaticMappinDefinition		
mappin	-1447.781	-1021.08	9.468	quests/street_stories/heywood/glen/sts_hey_gle_03/sts_hey_gle_03/safe/safe_mp	gameJournalQuestMapPin	Mappins.QuestStaticMappinDefinition		
mappin	-1447.781	-1021.08	9.468	quests/street_stories/heywood/glen/sts_hey_gle_03/sts_hey_gle_03/safe/safe_mp1	gameJournalQuestMapPin	Mappins.QuestStaticMappinDefinition		
mappin	-1162.185	-919.789	17.13	quests/street_stories/heywood/glen/sts_hey_gle_03/sts_hey_gle_03/drop/drop_point	gameJournalQuestMapPin	Mappins.QuestStaticMappinDefinition		
mappin	-1607.967	-1295.068	49.898	quests/street_stories/heywood/glen/sts_hey_gle_03/sts_hey_gle_03/drop/drop_point1	gameJournalQuestMapPin	Mappins.QuestStaticMappinDefinition		
mappin	-1451.015	-1030.92	9.268	quests/street_stories/heywood/glen/sts_hey_gle_03/sts_hey_gle_03/get_in/building	gameJournalQuestMapPin	Mappins.QuestStaticMappinDefinition		
mappin	-1452.361	-1040.332	82.245	quests/street_stories/heywood/glen/sts_hey_gle_03/sts_hey_gle_03/room_get_in/room	gameJournalQuestMapPin	Mappins.QuestStaticMappinDefinition		
mappin	-1451.549	-1038.25	82.91	quests/street_stories/heywood/glen/sts_hey_gle_03/sts_hey_gle_03/check_code/terminal	gameJournalQuestMapPin	Mappins.QuestStaticMappinDefinition		
mappin	-1685.501	-978.28	10.789	quests/street_stories/heywood/glen/sts_hey_gle_01/sts_hey_gle_01/exit_location/exit_location_mp	gameJournalQuestMapPin	Mappins.QuestStaticMappinDefinition		
mappin	-1685.501	-978.28	10.789	quests/street_stories/heywood/glen/sts_hey_gle_01/sts_hey_gle_01/get_access_to_appartement/get_access_to_apartement_mp	gameJournalQuestMapPin	Mappins.QuestStaticMappinDefinition		
mappin	-1685.802	-972.909	20.646	quests/street_stories/heywood/glen/sts_hey_gle_01/sts_hey_gle_01/get_trough_to_tucker/get_trough_to_tucker_mp	gameJournalQuestMapPin	Mappins.QuestStaticMappinDefinition		
mappin	-1681.083	-977.23	8.995	quests/street_stories/heywood/glen/sts_hey_gle_01/sts_hey_gle_01/eliminate_tucker/eliminate_tucker_mp	gameJournalQuestMapPin	Mappins.QuestDynamicMappinDefinition		
mappin	-1697.969	-956.681	8.622	quests/street_stories/heywood/glen/sts_hey_gle_01/sts_hey_gle_01/deliver_body_to_car/deliver_body_to_car_mp	gameJournalQuestMapPin	Mappins.QuestDynamicMappinDefinition		
mappin	-1681.083	-977.23	8.995	quests/street_stories/heywood/glen/sts_hey_gle_01/sts_hey_gle_01/deliver_body_to_car/deliver_body_mp	gameJournalQuestMapPin	Mappins.QuestDynamicMappinDefinition		
mappin	-1681.083	-977.23	8.995	quests/street_stories/heywood/glen/sts_hey_gle_01/sts_hey_gle_01/talk_with_tucker/talk_with_tucker_mp	gameJournalQuestMapPin	Mappins.QuestDynamicMappinDefinition		
mappin	-1697.969	-956.681	8.622	quests/street_stories/heywood/glen/sts_hey_gle_01/sts_hey_gle_01/exit_location_with_body/exit_location_with_body	gameJournalQuestMapPin	Mappins.QuestStaticMappinDefinition		
mappin	-1681.083	-977.23	8.995	quests/street_stories/heywood/glen/sts_hey_gle_01/sts_hey_gle_01/exit_location_with_body/exit_location_body	gameJournalQuestMapPin	Mappins.QuestDynamicMappinDefinition		
mappin	-1680.009	-972.681	18.791	quests/street_stories/heywood/glen/sts_hey_gle_01/sts_hey_gle_01/get_money_from_safe/get_money_from_safe_mp	gameJournalQuestMapPin	Mappins.QuestStaticMappinDefinition		
mappin	-1431.824	-1288.601	47.18	quests/street_stories/heywood/glen/sts_hey_gle_06/retrieving/reach_car/car	gameJournalQuestMapPin	Mappins.QuestDynamicMappinDefinition		
mappin	-1402.195	-1322.102	42.869	quests/street_stories/heywood/glen/sts_hey_gle_06/retrieving/delicer_car/jake	gameJournalQuestMapPin	Mappins.QuestDynamicMappinDefinition		
mappin	-1431.824	-1288.601	47.18	quests/street_stories/heywood/glen/sts_hey_gle_06/retrieving/delicer_car/car	gameJournalQuestMapPin	Mappins.QuestDynamicMappinDefinition		
mappin	-1443.66	-1297.138	47.078	quests/street_stories/heywood/glen/sts_hey_gle_06/retrieving/entergarage/garage	gameJournalQuestMapPin	Mappins.QuestStaticMappinDefinition		
mappin	-1420.243	-1284.674	51.84	quests/street_stories/heywood/glen/sts_hey_gle_06/retrieving/uploaddata/pc	gameJournalQuestMapPin	Mappins.QuestStaticMappinDefinition		
mappin	-1443.66	-1297.138	47.078	quests/street_stories/heywood/glen/sts_hey_gle_06/retrieving/retrieve_car/area	gameJournalQuestMapPin	Mappins.QuestStaticMappinDefinition		
mappin	-1402.195	-1322.102	42.869	quests/street_stories/heywood/glen/sts_hey_gle_06/retrieving/talk/jake	gameJournalQuestMapPin	Mappins.QuestDynamicMappinDefinition		
mappin	-1196.308	-1100.34	12.934	quests/street_stories/heywood/glen/sts_hey_gle_06/retrieving/exit_garage/exit	gameJournalQuestMapPin	Mappins.QuestStaticMappinDefinition		
mappin	-924.327	-217.732	7.876	quests/street_stories/heywood/vista_del_rey/sts_hey_rey_08/sts_hey_rey_08/eliminate_karubo_barei/karubo	gameJournalQuestMapPin	Mappins.QuestDynamicMappinDefinition		
mappin	-938.32	-216.188	7.681	quests/street_stories/heywood/vista_del_rey/sts_hey_rey_08/sts_hey_rey_08/get_inside/pub	gameJournalQuestMapPin	Mappins.QuestStaticMappinDefinition		
mappin	-935.805	-190.672	7.71	quests/street_stories/heywood/vista_del_rey/sts_hey_rey_08/sts_hey_rey_08/optional_disposal/disposal	gameJournalQuestMapPin	Mappins.QuestDynamicMappinDefinition		
mappin	-924.327	-217.732	7.876	quests/street_stories/heywood/vista_del_rey/sts_hey_rey_08/sts_hey_rey_08/take_karubos_body_outside/karubo	gameJournalQuestMapPin	Mappins.QuestDynamicMappinDefinition		
mappin	-941.439	-219.13	7.67	quests/street_stories/heywood/vista_del_rey/sts_hey_rey_08/sts_hey_rey_08/take_karubos_body_outside/outside	gameJournalQuestMapPin	Mappins.QuestStaticMappinDefinition		
mappin	-847.698	45.288	8.165	quests/street_stories/heywood/vista_del_rey/sts_hey_rey_08/sts_hey_rey_08/go_to_drop_point/drop_point	gameJournalQuestMapPin	Mappins.QuestStaticMappinDefinition		
mappin	-537.446	1292.264	35.116	quests/street_stories/heywood/vista_del_rey/sts_hey_rey_09/sts_hey_rey_09/find_tobias/tobias	gameJournalQuestMapPin	Mappins.QuestDynamicMappinDefinition		
mappin	-537.446	1292.264	35.116	quests/street_stories/heywood/vista_del_rey/sts_hey_rey_09/sts_hey_rey_09/cool_down/tobias	gameJournalQuestMapPin	Mappins.QuestDynamicMappinDefinition		
mappin	-528.462	1302.509	37.253	quests/street_stories/heywood/vista_del_rey/sts_hey_rey_09/sts_hey_rey_09/bring_tobias/van	gameJournalQuestMapPin	Mappins.QuestStaticMappinDefinition		
mappin	-537.446	1292.264	35.116	quests/street_stories/heywood/vista_del_rey/sts_hey_rey_09/sts_hey_rey_09/bring_tobias/tobias	gameJournalQuestMapPin	Mappins.QuestDynamicMappinDefinition		
mappin	-533.927	1312.652	46.7	quests/street_stories/heywood/vista_del_rey/sts_hey_rey_09/sts_hey_rey_09/unplug_tobias/pc	gameJournalQuestMapPin	Mappins.QuestStaticMappinDefinition		
mappin	-558.566	1303.125	37.253	quests/street_stories/heywood/vista_del_rey/sts_hey_rey_09/sts_hey_rey_09/leave_building/out	gameJournalQuestMapPin	Mappins.QuestStaticMappinDefinition		
mappin	-537.446	1292.264	35.116	quests/street_stories/heywood/vista_del_rey/sts_hey_rey_09/sts_hey_rey_09/leave_building/tobias	gameJournalQuestMapPin	Mappins.QuestDynamicMappinDefinition		
mappin	-558.566	1303.125	37.253	quests/street_stories/heywood/vista_del_rey/sts_hey_rey_09/sts_hey_rey_09/get_in/building	gameJournalQuestMapPin	Mappins.QuestStaticMappinDefinition		
mappin	-542.595	1314.498	46.232	quests/street_stories/heywood/vista_del_rey/sts_hey_rey_09/sts_hey_rey_09/get_coolants/ice	gameJournalQuestMapPin	Mappins.QuestStaticMappinDefinition		
mappin	-1127.803	-675.466	4.25	quests/street_stories/heywood/vista_del_rey/sts_hey_rey_06/sts_hey_rey_06/find_body/find_body	gameJournalQuestMapPin	Mappins.QuestStaticMappinDefinition		
mappin	-1116.563	-650.58	9.609	quests/street_stories/heywood/vista_del_rey/sts_hey_rey_06/sts_hey_rey_06/go_to_the_funeral_home/go_to_the_funeral_home	gameJournalQuestMapPin	Mappins.QuestStaticMappinDefinition		
mappin	-1137.099	-666.32	8.25	quests/street_stories/heywood/vista_del_rey/sts_hey_rey_06/sts_hey_rey_06/escape/escape	gameJournalQuestMapPin	Mappins.QuestStaticMappinDefinition		
mappin	-1127.637	-668.012	5.094	quests/street_stories/heywood/vista_del_rey/sts_hey_rey_06/sts_hey_rey_06/take_drugs/drugs	gameJournalQuestMapPin	Mappins.QuestDynamicMappinDefinition		
mappin	-1123.129	-468.539	8.157	quests/street_stories/heywood/vista_del_rey/sts_hey_rey_06/sts_hey_rey_06/drop/droppoint	gameJournalQuestMapPin	Mappins.QuestStaticMappinDefinition		
mappin	-1115.864	-652.452	8.25	quests/street_stories/heywood/vista_del_rey/sts_hey_rey_06/sts_hey_rey_06/find_body1/find_body	gameJournalQuestMapPin	Mappins.QuestStaticMappinDefinition		
mappin	-1127.637	-668.012	5.094	quests/street_stories/heywood/vista_del_rey/sts_hey_rey_06/sts_hey_rey_06/scan_the_bodies/mp_body_1	gameJournalQuestMapPin	Mappins.QuestDynamicMappinDefinition		
mappin	-1128.702	-667.13	5.068	quests/street_stories/heywood/vista_del_rey/sts_hey_rey_06/sts_hey_rey_06/scan_the_bodies/mp_body_2	gameJournalQuestMapPin	Mappins.QuestStaticMappinDefinition		
mappin	-1122.335	-673.777	5.222	quests/street_stories/heywood/vista_del_rey/sts_hey_rey_06/sts_hey_rey_06/scan_the_bodies/mp_body_3	gameJournalQuestMapPin	Mappins.QuestStaticMappinDefinition		
mappin	-1118.327	-669.553	5.191	quests/street_stories/heywood/vista_del_rey/sts_hey_rey_06/sts_hey_rey_06/scan_the_bodies/mp_body_4	gameJournalQuestMapPin	Mappins.QuestStaticMappinDefinition		
mappin	-1127.803	-675.466	4.25	quests/street_stories/heywood/vista_del_rey/sts_hey_rey_06/sts_hey_rey_06/find_greyers_in_the_morgue/mp_morgue	gameJournalQuestMapPin	Mappins.QuestStaticMappinDefinition		
mappin	-973.833	83.743	48.35	quests/street_stories/heywood/vista_del_rey/sts_hey_rey_01/sts_hey_rey_01/gustavo_apartment/apartment_door	gameJournalQuestMapPin	Mappins.QuestStaticMappinDefinition		
mappin	-969.561	82.722	8.411	quests/street_stories/heywood/vista_del_rey/sts_hey_rey_01/sts_hey_rey_01/get_inside_flat/apartment_building	gameJournalQuestMapPin	Mappins.QuestStaticMappinDefinition		
mappin	-973.529	73.546	47.35	quests/street_stories/heywood/vista_del_rey/sts_hey_rey_01/sts_hey_rey_01/kill_gustavo/gustavo	gameJournalQuestMapPin	Mappins.QuestDynamicMappinDefinition		
mappin	-973.833	83.743	48.35	quests/street_stories/heywood/vista_del_rey/sts_hey_rey_01/sts_hey_rey_01/find_gustavo/apartment_door	gameJournalQuestMapPin	Mappins.QuestStaticMappinDefinition		
mappin	-968.968	82.449	7.41	quests/street_stories/heywood/vista_del_rey/sts_hey_rey_01/sts_hey_rey_01/leave_building/building	gameJournalQuestMapPin	Mappins.QuestStaticMappinDefinition		
mappin	-945.347	139.401	7.42	quests/street_stories/heywood/vista_del_rey/sts_hey_rey_01/sts_hey_rey_01/drop_body/car	gameJournalQuestMapPin	Mappins.QuestDynamicMappinDefinition		
mappin	-968.441	81.922	8.411	quests/street_stories/heywood/vista_del_rey/sts_hey_rey_01/sts_hey_rey_01/take_body_outside/outside_mp	gameJournalQuestMapPin	Mappins.QuestStaticMappinDefinition		
mappin	-973.529	73.546	47.35	quests/street_stories/heywood/vista_del_rey/sts_hey_rey_01/sts_hey_rey_01/take_body_outside/gustavo	gameJournalQuestMapPin	Mappins.QuestDynamicMappinDefinition		
mappin	-847.698	45.288	8.165	quests/street_stories/heywood/vista_del_rey/sts_hey_rey_01/sts_hey_rey_01/get_reward/droppoint	gameJournalQuestMapPin	Mappins.QuestStaticMappinDefinition		
mappin	-979.075	99.719	9.747	quests/street_stories/heywood/vista_del_rey/sts_hey_rey_01/sts_hey_rey_01/get_to_floor/elevator	gameJournalQuestMapPin	Mappins.QuestStaticMappinDefinition		
mappin	-833.897	-98.126	7.655	quests/street_stories/heywood/vista_del_rey/sts_hey_rey_02/sts_hey_rey_02/get_to_the_strip_club/strip_club	gameJournalQuestMapPin	Mappins.QuestStaticMappinDefinition		
mappin	-808.462	-67.88	12.975	quests/street_stories/heywood/vista_del_rey/sts_hey_rey_02/sts_hey_rey_02/find_office_room/office_room	gameJournalQuestMapPin	Mappins.QuestStaticMappinDefinition		
mappin	-806.312	-74.006	13.673	quests/street_stories/heywood/vista_del_rey/sts_hey_rey_02/sts_hey_rey_02/take_datapad/datapada	gameJournalQuestMapPin	Mappins.QuestStaticMappinDefinition		
mappin	-833.897	-98.126	7.655	quests/street_stories/heywood/vista_del_rey/sts_hey_rey_02/sts_hey_rey_02/escape/exit	gameJournalQuestMapPin	Mappins.QuestStaticMappinDefinition		
mappin	-2248.977	-401.764	7.389	quests/street_stories/heywood/wellsprings/sts_hey_spr_06/sts_hey_spr_06/get_in_shop/pawnshop	gameJournalQuestMapPin	Mappins.QuestStaticMappinDefinition		
mappin	-2263.58	-396.785	7.365	quests/street_stories/heywood/wellsprings/sts_hey_spr_06/sts_hey_spr_06/get_in_back/warehouse	gameJournalQuestMapPin	Mappins.QuestStaticMappinDefinition		
mappin	-2263.58	-396.785	7.365	quests/street_stories/heywood/wellsprings/sts_hey_spr_06/sts_hey_spr_06/find_path/basement	gameJournalQuestMapPin	Mappins.QuestStaticMappinDefinition		
mappin	-2253.014	-398.136	1.865	quests/street_stories/heywood/wellsprings/sts_hey_spr_06/sts_hey_spr_06/find_nolan/basement	gameJournalQuestMapPin	Mappins.QuestStaticMappinDefinition		
mappin	-2256.81	-399.855	1.544	quests/street_stories/heywood/wellsprings/sts_hey_spr_06/sts_hey_spr_06/kill_nolan1/basement	gameJournalQuestMapPin	Mappins.QuestDynamicMappinDefinition		
mappin	-2219.521	-428.244	7.688	quests/street_stories/heywood/wellsprings/sts_hey_spr_06/sts_hey_spr_06/get_to_car/car	gameJournalQuestMapPin	Mappins.QuestDynamicMappinDefinition		
mappin	-2256.81	-399.855	1.544	quests/street_stories/heywood/wellsprings/sts_hey_spr_06/sts_hey_spr_06/pick_up/basement	gameJournalQuestMapPin	Mappins.QuestDynamicMappinDefinition		
mappin	-2248.977	-401.764	7.389	quests/street_stories/heywood/wellsprings/sts_hey_spr_06/sts_hey_spr_06/get_out/pawnshop	gameJournalQuestMapPin	Mappins.QuestStaticMappinDefinition		
mappin	-2463.519	-917.196	8.157	quests/street_stories/heywood/wellsprings/sts_hey_spr_03/sts_hey_spr_03/workshop/auto_body_shop	gameJournalQuestMapPin	Mappins.QuestStaticMappinDefinition		
mappin	-2466.545	-911.822	8.157	quests/street_stories/heywood/wellsprings/sts_hey_spr_03/sts_hey_spr_03/nomad/truck	gameJournalQuestMapPin	Mappins.QuestStaticMappinDefinition		
mappin	-2466.545	-911.822	8.157	quests/street_stories/heywood/wellsprings/sts_hey_spr_03/sts_hey_spr_03/escape/escape	gameJournalQuestMapPin	Mappins.QuestStaticMappinDefinition		
mappin	-2465.163	-912.782	8.157	quests/street_stories/heywood/wellsprings/sts_hey_spr_03/sts_hey_spr_03/escape/truck	gameJournalQuestMapPin	Mappins.QuestDynamicMappinDefinition		
mappin	-1997.277	-1273.238	14.495	quests/street_stories/heywood/wellsprings/sts_hey_spr_03/sts_hey_spr_03/convey/nomads	gameJournalQuestMapPin	Mappins.QuestStaticMappinDefinition		
mappin	-1991.128	-1272.735	14.445	quests/street_stories/heywood/wellsprings/sts_hey_spr_03/sts_hey_spr_03/convey/marker1	gameJournalQuestMapPin	Mappins.QuestStaticMappinDefinition		
mappin	-1961.125	-1233.625	10.467	quests/street_stories/heywood/wellsprings/sts_hey_spr_03/sts_hey_spr_03/convey/marker2	gameJournalQuestMapPin	Mappins.QuestStaticMappinDefinition		
mappin	-2465.163	-912.782	8.157	quests/street_stories/heywood/wellsprings/sts_hey_spr_03/sts_hey_spr_03/leave/truck	gameJournalQuestMapPin	Mappins.QuestDynamicMappinDefinition		
mappin	-1997.277	-1273.238	14.495	quests/street_stories/heywood/wellsprings/sts_hey_spr_03/sts_hey_spr_03/leave/nomads	gameJournalQuestMapPin	Mappins.QuestStaticMappinDefinition		
mappin	-2465.163	-912.782	8.157	quests/street_stories/heywood/wellsprings/sts_hey_spr_03/sts_hey_spr_03/get_into/truck	gameJournalQuestMapPin	Mappins.QuestDynamicMappinDefinition		
mappin	-2465.163	-912.782	8.157	quests/street_stories/heywood/wellsprings/sts_hey_spr_03/sts_hey_spr_03/go_back_to_car/truck	gameJournalQuestMapPin	Mappins.QuestDynamicMappinDefinition		
mappin	-1987.903	-1279.735	14.486	quests/street_stories/heywood/wellsprings/sts_hey_spr_03/sts_hey_spr_03/talk/nomad	gameJournalQuestMapPin	Mappins.QuestDynamicMappinDefinition		
mappin	-1996.586	-1272.934	14.486	quests/street_stories/heywood/wellsprings/sts_hey_spr_03/sts_hey_spr_03/exit_the_garage/garage	gameJournalQuestMapPin	Mappins.QuestStaticMappinDefinition		
mappin	-1984.331	-1274.682	13.989	quests/street_stories/heywood/wellsprings/sts_hey_spr_03/sts_hey_spr_03/leave_area/leave_area	gameJournalQuestMapPin	Mappins.QuestStaticMappinDefinition		
mappin	-1986.379	-1270.36	14.45	quests/street_stories/heywood/wellsprings/sts_hey_spr_03/sts_hey_spr_03/convey1/marker1	gameJournalQuestMapPin	Mappins.QuestStaticMappinDefinition		
mappin	-2075.768	-974.586	7.37	quests/street_stories/heywood/wellsprings/sts_hey_spr_01/sts_hey_spr_01/get_inside/bus_depot	gameJournalQuestMapPin	Mappins.QuestStaticMappinDefinition		
mappin	-2071.433	-965.589	13.35	quests/street_stories/heywood/wellsprings/sts_hey_spr_01/sts_hey_spr_01/take_down/target	gameJournalQuestMapPin	Mappins.QuestDynamicMappinDefinition		
mappin	-2075.768	-974.586	7.37	quests/street_stories/heywood/wellsprings/sts_hey_spr_01/sts_hey_spr_01/find_jose_luise/target	gameJournalQuestMapPin	Mappins.QuestStaticMappinDefinition		
mappin	-2075.768	-974.586	7.37	quests/street_stories/heywood/wellsprings/sts_hey_spr_01/sts_hey_spr_01/find_out/bus_depot	gameJournalQuestMapPin	Mappins.QuestStaticMappinDefinition		
mappin	-2120.176	-1036.223	8.179	quests/street_stories/heywood/wellsprings/sts_hey_spr_01/sts_hey_spr_01/take_to_fixer/fixer_car	gameJournalQuestMapPin	Mappins.QuestDynamicMappinDefinition		
mappin	-2075.768	-974.586	7.37	quests/street_stories/heywood/wellsprings/sts_hey_spr_01/sts_hey_spr_01/get_out/bus_depot	gameJournalQuestMapPin	Mappins.QuestStaticMappinDefinition		
mappin	-2071.433	-965.589	13.35	quests/street_stories/heywood/wellsprings/sts_hey_spr_01/sts_hey_spr_01/take_body/target	gameJournalQuestMapPin	Mappins.QuestDynamicMappinDefinition		
mappin	-2075.768	-974.586	7.37	quests/street_stories/heywood/wellsprings/sts_hey_spr_01/sts_hey_spr_01/take_body/bus_depot	gameJournalQuestMapPin	Mappins.QuestStaticMappinDefinition		
mappin	-2210.896	-919.211	7.958	quests/street_stories/heywood/wellsprings/sts_hey_spr_01/sts_hey_spr_01/get_reward/droppoint	gameJournalQuestMapPin	Mappins.QuestStaticMappinDefinition		
mappin	-1379.626	1262.08	123.165	quests/street_stories/heywood/heywood_reward/heywood_reward/get_reward/stash	gameJournalQuestMapPin	Mappins.QuestStaticMappinDefinition		
mappin	-2464.458	-2594.039	21.28	quests/street_stories/pacifica/coastview/sts_pac_cvi_02/sts_pac_cvi_02/get_to_metro_station/metro	gameJournalQuestMapPin	Mappins.QuestStaticMappinDefinition		
mappin	-2472.974	-2593.842	-1.881	quests/street_stories/pacifica/coastview/sts_pac_cvi_02/sts_pac_cvi_02/find_truck/van	gameJournalQuestMapPin	Mappins.QuestStaticMappinDefinition		
mappin	-2472.974	-2593.842	-1.881	quests/street_stories/pacifica/coastview/sts_pac_cvi_02/sts_pac_cvi_02/escape_by_van/escape	gameJournalQuestMapPin	Mappins.QuestStaticMappinDefinition		
mappin	-1955.375	-1962	18.082	quests/street_stories/pacifica/coastview/sts_pac_cvi_02/sts_pac_cvi_02/convey_truck/van	gameJournalQuestMapPin	Mappins.QuestStaticMappinDefinition		
mappin	-2486.127	-2603.814	-0.511	quests/street_stories/pacifica/coastview/sts_pac_cvi_02/sts_pac_cvi_02/get_to_the_van/van	gameJournalQuestMapPin	Mappins.QuestDynamicMappinDefinition		
mappin	-1954.023	-1963.021	18.082	quests/street_stories/pacifica/coastview/sts_pac_cvi_02/sts_pac_cvi_02/deliver_chased/escape	gameJournalQuestMapPin	Mappins.QuestStaticMappinDefinition		
mappin	-479.032	-1941.415	7.138	quests/street_stories/pacifica/west_wind_estates/sts_pac_wwd_05/sts_pac_wwd_05/get_inside_factory/factory	gameJournalQuestMapPin	Mappins.QuestStaticMappinDefinition		
mappin	-499.656	-1932.344	7.987	quests/street_stories/pacifica/west_wind_estates/sts_pac_wwd_05/sts_pac_wwd_05/locate_logan/factory	gameJournalQuestMapPin	Mappins.QuestStaticMappinDefinition		
mappin	-488.84	-1929.226	3.688	quests/street_stories/pacifica/west_wind_estates/sts_pac_wwd_05/sts_pac_wwd_05/kill_logan/logan	gameJournalQuestMapPin	Mappins.QuestDynamicMappinDefinition		
mappin	-479.032	-1941.415	7.138	quests/street_stories/pacifica/west_wind_estates/sts_pac_wwd_05/sts_pac_wwd_05/leave_building/building_area	gameJournalQuestMapPin	Mappins.QuestStaticMappinDefinition		
mappin	-488.84	-1929.226	3.688	quests/street_stories/pacifica/west_wind_estates/sts_pac_wwd_05/sts_pac_wwd_05/bring_body_to_car/body	gameJournalQuestMapPin	Mappins.QuestDynamicMappinDefinition		
mappin	-510.598	-1874.273	7.769	quests/street_stories/pacifica/west_wind_estates/sts_pac_wwd_05/sts_pac_wwd_05/bring_body_to_car/car	gameJournalQuestMapPin	Mappins.QuestDynamicMappinDefinition		
mappin	-510.598	-1874.273	7.769	quests/street_stories/pacifica/west_wind_estates/sts_pac_wwd_05/sts_pac_wwd_05/get_body_to_trunk/car	gameJournalQuestMapPin	Mappins.QuestDynamicMappinDefinition		
mappin	-488.84	-1929.226	3.688	quests/street_stories/pacifica/west_wind_estates/sts_pac_wwd_05/sts_pac_wwd_05/take_body_outside/body	gameJournalQuestMapPin	Mappins.QuestDynamicMappinDefinition		
mappin	-510.598	-1874.273	7.769	quests/street_stories/pacifica/west_wind_estates/sts_pac_wwd_05/sts_pac_wwd_05/take_body_outside/car	gameJournalQuestMapPin	Mappins.QuestDynamicMappinDefinition		
mappin	-733.861	-1408.314	8.31	quests/street_stories/santo_domingo/arroyo/sts_std_arr_10/sts_std_arr_10/get_in/factory	gameJournalQuestMapPin	Mappins.QuestStaticMappinDefinition		
mappin	-745.42	-1440.006	15.374	quests/street_stories/santo_domingo/arroyo/sts_std_arr_10/sts_std_arr_10/recover_data/computer	gameJournalQuestMapPin	Mappins.QuestStaticMappinDefinition		
mappin	-704.449	-1379.74	9.346	quests/street_stories/santo_domingo/arroyo/sts_std_arr_10/sts_std_arr_10/leave/leave_factory	gameJournalQuestMapPin	Mappins.QuestStaticMappinDefinition		
mappin	-751.603	-1431.282	15.34	quests/street_stories/santo_domingo/arroyo/sts_std_arr_10/sts_std_arr_10/second_floor/second_floor	gameJournalQuestMapPin	Mappins.QuestStaticMappinDefinition		
mappin	-706.484	-1386.722	7.82	quests/street_stories/santo_domingo/arroyo/sts_std_arr_10/sts_std_arr_10/get_inside_factory_ground/factory_ground	gameJournalQuestMapPin	Mappins.QuestStaticMappinDefinition		
mappin	-745.73	-1441.5	13.85	quests/street_stories/santo_domingo/arroyo/sts_std_arr_10/sts_std_arr_10/server_room/server_room	gameJournalQuestMapPin	Mappins.QuestStaticMappinDefinition		
mappin	-1102.037	-1534.843	26.55	quests/street_stories/santo_domingo/arroyo/sts_std_arr_12/sts_std_arr_12/meet_pedro_in_motel/go_to_pedro_room_mp	gameJournalQuestMapPin	Mappins.QuestStaticMappinDefinition		
mappin	-1079.875	-1514.052	23.331	quests/street_stories/santo_domingo/arroyo/sts_std_arr_12/sts_std_arr_12/talk_pedro_in_motel/talk_with_pedro_mp	gameJournalQuestMapPin	Mappins.QuestDynamicMappinDefinition		
mappin	-981.022	-1164.687	11.338	quests/street_stories/santo_domingo/arroyo/sts_std_arr_12/sts_std_arr_12/go_to_diner/mp_diner	gameJournalQuestMapPin	Mappins.QuestStaticMappinDefinition		
mappin	-973.965	-1176.78	11.106	quests/street_stories/santo_domingo/arroyo/sts_std_arr_12/sts_std_arr_12/enter_truck/mp_truck	gameJournalQuestMapPin	Mappins.QuestDynamicMappinDefinition		
mappin	-1028.266	-1712.362	11	quests/street_stories/santo_domingo/arroyo/sts_std_arr_12/sts_std_arr_12/drive_truck_to_warehouse/mp_garage	gameJournalQuestMapPin	Mappins.QuestStaticMappinDefinition		
mappin	-1027.737	-1711.861	11.015	quests/street_stories/santo_domingo/arroyo/sts_std_arr_12/sts_std_arr_12/leave_warehouse/leave_garage_mp	gameJournalQuestMapPin	Mappins.QuestStaticMappinDefinition		
mappin	-940.01	-1279.937	13.01	quests/street_stories/santo_domingo/arroyo/sts_std_arr_12/sts_std_arr_12/eliminate_zetatech_security/mp_car_02	gameJournalQuestMapPin	Mappins.QuestDynamicMappinDefinition		
mappin	-869.73	-1679.299	10.15	quests/street_stories/santo_domingo/arroyo/sts_std_arr_12/sts_std_arr_12/eliminate_zetatech_security/mp_car_03	gameJournalQuestMapPin	Mappins.QuestDynamicMappinDefinition		
mappin	-990.409	-1719.448	11.56	quests/street_stories/santo_domingo/arroyo/sts_std_arr_12/sts_std_arr_12/eliminate_zetatech_security/mp_car_04	gameJournalQuestMapPin	Mappins.QuestDynamicMappinDefinition		
mappin	-826.088	-1487.562	8.31	quests/street_stories/santo_domingo/arroyo/sts_std_arr_12/sts_std_arr_12/eliminate_zetatech_security/mp_car_05	gameJournalQuestMapPin	Mappins.QuestStaticMappinDefinition		
mappin	-803.865	-1206.896	13.88	quests/street_stories/santo_domingo/arroyo/sts_std_arr_12/sts_std_arr_12/eliminate_zetatech_security/mp_car_01	gameJournalQuestMapPin	Mappins.QuestDynamicMappinDefinition		
mappin	-977.976	-1161.456	11.749	quests/street_stories/santo_domingo/arroyo/sts_std_arr_12/sts_std_arr_12/sit/sit	gameJournalQuestMapPin	Mappins.QuestStaticMappinDefinition		
mappin	-1101.276	-1534.167	27.09	quests/street_stories/santo_domingo/arroyo/sts_std_arr_12/sts_std_arr_12/take_shard/shard	gameJournalQuestMapPin	Mappins.QuestStaticMappinDefinition		
mappin	-959.88	-1172.251	11.17	quests/street_stories/santo_domingo/arroyo/sts_std_arr_12/sts_std_arr_12/defeat_at_diner/sec1	gameJournalQuestMapPin	Mappins.QuestStaticMappinDefinition		
mappin	-1029.022	-1661.092	11	quests/street_stories/santo_domingo/arroyo/sts_std_arr_12/sts_std_arr_12/drive_truck_to_parking/mp_parking	gameJournalQuestMapPin	Mappins.QuestStaticMappinDefinition		
mappin	-973.965	-1176.78	11.106	quests/street_stories/santo_domingo/arroyo/sts_std_arr_12/sts_std_arr_12/enter_truck_passenger/mp_truck	gameJournalQuestMapPin	Mappins.QuestDynamicMappinDefinition		
mappin	-348.483	-1734.778	13.862	quests/street_stories/santo_domingo/arroyo/sts_std_arr_05/sts_std_arr_05/install_a_tracking_chip/truck	gameJournalQuestMapPin	Mappins.QuestDynamicMappinDefinition		
mappin	-273.241	-1725.634	9.802	quests/street_stories/santo_domingo/arroyo/sts_std_arr_05/sts_std_arr_05/get_to_the_factory_parking/parking	gameJournalQuestMapPin	Mappins.QuestStaticMappinDefinition		
mappin	-280.77	-1721.03	8.58	quests/street_stories/santo_domingo/arroyo/sts_std_arr_05/sts_std_arr_05/escape/exit	gameJournalQuestMapPin	Mappins.QuestStaticMappinDefinition		
mappin	-348.483	-1734.778	13.862	quests/street_stories/santo_domingo/arroyo/sts_std_arr_05/sts_std_arr_05/instal_chip_on_truck/truck	gameJournalQuestMapPin	Mappins.QuestDynamicMappinDefinition		
mappin	-348.483	-1734.778	13.862	quests/street_stories/santo_domingo/arroyo/sts_std_arr_05/sts_std_arr_05/meet_with_ted/ted_fox	gameJournalQuestMapPin	Mappins.QuestDynamicMappinDefinition		
mappin	-230.359	-1699.469	6.818	quests/street_stories/santo_domingo/arroyo/sts_std_arr_05/sts_std_arr_05/go_back_to_parking/parking	gameJournalQuestMapPin	Mappins.QuestStaticMappinDefinition		
mappin	-366.367	-1747.408	7.582	quests/street_stories/santo_domingo/arroyo/sts_std_arr_05/sts_std_arr_05/collect_reward/reward	gameJournalQuestMapPin	Mappins.QuestStaticMappinDefinition		
mappin	-348.483	-1734.778	13.862	quests/street_stories/santo_domingo/arroyo/sts_std_arr_05/sts_std_arr_05/sit_with_ted/ted_fox	gameJournalQuestMapPin	Mappins.QuestDynamicMappinDefinition		
mappin	-582.243	-1732.933	14.165	quests/street_stories/santo_domingo/arroyo/sts_std_arr_03/sts_std_arr_03/get_data/drive	gameJournalQuestMapPin	Mappins.QuestStaticMappinDefinition		
mappin	-583.6	-1734.091	14.16	quests/street_stories/santo_domingo/arroyo/sts_std_arr_03/sts_std_arr_03/find_disk/drive	gameJournalQuestMapPin	Mappins.QuestStaticMappinDefinition		
mappin	-591.653	-1701.987	9.05	quests/street_stories/santo_domingo/arroyo/sts_std_arr_03/sts_std_arr_03/leave_area/factory	gameJournalQuestMapPin	Mappins.QuestStaticMappinDefinition		
mappin	-573.665	-1707.801	8.42	quests/street_stories/santo_domingo/arroyo/sts_std_arr_03/sts_std_arr_03/get_inside/factory	gameJournalQuestMapPin	Mappins.QuestStaticMappinDefinition		
mappin	-591.653	-1701.987	9.05	quests/street_stories/santo_domingo/arroyo/sts_std_arr_03/sts_std_arr_03/get_ground/factory_ground	gameJournalQuestMapPin	Mappins.QuestStaticMappinDefinition		
mappin	-218.427	-841.217	259.16	quests/street_stories/santo_domingo/arroyo/sts_std_arr_11/sts_std_arr_11/get_inside/lab	gameJournalQuestMapPin	Mappins.QuestStaticMappinDefinition		
mappin	-213.609	-833.774	264.594	quests/street_stories/santo_domingo/arroyo/sts_std_arr_11/sts_std_arr_11/delete/computer_001	gameJournalQuestMapPin	Mappins.QuestStaticMappinDefinition		
mappin	-209.24	-849.231	7.66	quests/street_stories/santo_domingo/arroyo/sts_std_arr_11/sts_std_arr_11/get_out/lab	gameJournalQuestMapPin	Mappins.QuestStaticMappinDefinition		
mappin	-168.06	-871.04	263.18	quests/street_stories/santo_domingo/arroyo/sts_std_arr_11/sts_std_arr_11/get_out/megabuilding	gameJournalQuestMapPin	Mappins.QuestStaticMappinDefinition		
mappin	-168.82	-871.19	11.47	quests/street_stories/santo_domingo/arroyo/sts_std_arr_11/sts_std_arr_11/get_inside_megabuilding/elevator	gameJournalQuestMapPin	Mappins.QuestStaticMappinDefinition		
mappin	-201.97	-865.047	11.459	quests/street_stories/santo_domingo/arroyo/sts_std_arr_11/sts_std_arr_11/get_to_the_drop_point/drop_point	gameJournalQuestMapPin	Mappins.QuestStaticMappinDefinition		
mappin	-571.462	-835.537	8.203	quests/street_stories/santo_domingo/arroyo/sts_std_arr_01/sts_std_arr_01/motel/motel	gameJournalQuestMapPin	Mappins.QuestStaticMappinDefinition		
mappin	-571.462	-835.537	8.203	quests/street_stories/santo_domingo/arroyo/sts_std_arr_01/sts_std_arr_01/room/room	gameJournalQuestMapPin	Mappins.QuestStaticMappinDefinition		
mappin	-577.084	-815.27	8.205	quests/street_stories/santo_domingo/arroyo/sts_std_arr_01/sts_std_arr_01/investigation/investigation	gameJournalQuestMapPin	Mappins.QuestStaticMappinDefinition		
mappin	-571.462	-835.537	8.203	quests/street_stories/santo_domingo/arroyo/sts_std_arr_01/sts_std_arr_01/lab/lab	gameJournalQuestMapPin	Mappins.QuestStaticMappinDefinition		
mappin	-584.405	-823.512	12.193	quests/street_stories/santo_domingo/arroyo/sts_std_arr_01/sts_std_arr_01/retrieve/benzoic_acid	gameJournalQuestMapPin	Mappins.QuestStaticMappinDefinition		
mappin	-571.462	-835.537	8.203	quests/street_stories/santo_domingo/arroyo/sts_std_arr_01/sts_std_arr_01/retrieve/motel	gameJournalQuestMapPin	Mappins.QuestStaticMappinDefinition		
mappin	-571.462	-835.537	8.203	quests/street_stories/santo_domingo/arroyo/sts_std_arr_01/sts_std_arr_01/escape/motel	gameJournalQuestMapPin	Mappins.QuestStaticMappinDefinition		
mappin	-606.726	-1084.826	7.4	quests/street_stories/santo_domingo/arroyo/sts_std_arr_01/sts_std_arr_01/drop/droppoint	gameJournalQuestMapPin	Mappins.QuestStaticMappinDefinition		
mappin	-582.132	-815.649	12.19	quests/street_stories/santo_domingo/arroyo/sts_std_arr_01/sts_std_arr_01/after_investigation/room	gameJournalQuestMapPin	Mappins.QuestStaticMappinDefinition		
mappin	-580.565	-822.592	12.989	quests/street_stories/santo_domingo/arroyo/sts_std_arr_01/sts_std_arr_01/find_in_lab/lab	gameJournalQuestMapPin	Mappins.QuestStaticMappinDefinition		
mappin	-582.132	-815.649	12.19	quests/street_stories/santo_domingo/arroyo/sts_std_arr_01/sts_std_arr_01/after_mail/room	gameJournalQuestMapPin	Mappins.QuestStaticMappinDefinition		
mappin	-577.084	-815.27	8.205	quests/street_stories/santo_domingo/arroyo/sts_std_arr_01/sts_std_arr_01/check_out_room/investigation	gameJournalQuestMapPin	Mappins.QuestStaticMappinDefinition		
mappin	-640.817	-1158.462	6.332	quests/street_stories/santo_domingo/arroyo/sts_std_arr_06/sts_std_arr_06/meetup/karl	gameJournalQuestMapPin	Mappins.QuestDynamicMappinDefinition		
mappin	-643.107	-1138.233	7.809	quests/street_stories/santo_domingo/arroyo/sts_std_arr_06/sts_std_arr_06/enter/factory	gameJournalQuestMapPin	Mappins.QuestStaticMappinDefinition		
mappin	-649.798	-1152.782	12.674	quests/street_stories/santo_domingo/arroyo/sts_std_arr_06/sts_std_arr_06/collect/data	gameJournalQuestMapPin	Mappins.QuestStaticMappinDefinition		
mappin	-643.107	-1138.233	7.809	quests/street_stories/santo_domingo/arroyo/sts_std_arr_06/sts_std_arr_06/get_out/factory	gameJournalQuestMapPin	Mappins.QuestStaticMappinDefinition		
mappin	-640.817	-1158.462	6.332	quests/street_stories/santo_domingo/arroyo/sts_std_arr_06/sts_std_arr_06/talk/jeremy	gameJournalQuestMapPin	Mappins.QuestDynamicMappinDefinition		
mappin	-640.817	-1158.462	6.332	quests/street_stories/santo_domingo/arroyo/sts_std_arr_06/sts_std_arr_06/go_to_meeting/metting_point	gameJournalQuestMapPin	Mappins.QuestDynamicMappinDefinition		
mappin	-633.952	-1162.769	7.849	quests/street_stories/santo_domingo/arroyo/sts_std_arr_06/sts_std_arr_06/find_shard/mp_find_shard	gameJournalQuestMapPin	Mappins.QuestStaticMappinDefinition		
mappin	-517.258	-1201.79	7.17	quests/street_stories/santo_domingo/arroyo/sts_std_arr_06/sts_std_arr_06/defeat_kang_tao/area	gameJournalQuestMapPin	Mappins.QuestStaticMappinDefinition		
mappin	-640.817	-1158.462	6.332	quests/street_stories/santo_domingo/arroyo/sts_std_arr_06/sts_std_arr_06/talk_kang_tao/agent_01	gameJournalQuestMapPin	Mappins.QuestDynamicMappinDefinition		
mappin	-640.817	-1158.462	6.332	quests/street_stories/santo_domingo/arroyo/sts_std_arr_06/sts_std_arr_06/follow_karl/jeremy	gameJournalQuestMapPin	Mappins.QuestDynamicMappinDefinition		
mappin	-640.817	-1158.462	6.332	quests/street_stories/santo_domingo/arroyo/sts_std_arr_06/sts_std_arr_06/pick_up_money_new/mp_money	gameJournalQuestMapPin	Mappins.QuestDynamicMappinDefinition		
mappin	-647.708	-1149.289	11.929	quests/street_stories/santo_domingo/arroyo/sts_std_arr_06/sts_std_arr_06/find_key/mp_find_shard	gameJournalQuestMapPin	Mappins.QuestStaticMappinDefinition		
mappin	259.088	-1794.41	-9.223	quests/street_stories/santo_domingo/rancho_coronado/sts_std_rcr_05/sts_std_rcr_05/go_to_house/house	gameJournalQuestMapPin	Mappins.QuestStaticMappinDefinition		
mappin	259.088	-1794.41	-9.223	quests/street_stories/santo_domingo/rancho_coronado/sts_std_rcr_05/sts_std_rcr_05/investigate_house/house	gameJournalQuestMapPin	Mappins.QuestStaticMappinDefinition		
mappin	259.087	-1794.409	-13.263	quests/street_stories/santo_domingo/rancho_coronado/sts_std_rcr_05/sts_std_rcr_05/find_way_to_open_safe/house_area	gameJournalQuestMapPin	Mappins.QuestStaticMappinDefinition		
mappin	263.207	-1801.986	-8.273	quests/street_stories/santo_domingo/rancho_coronado/sts_std_rcr_05/sts_std_rcr_05/open_safe/safe	gameJournalQuestMapPin	Mappins.QuestStaticMappinDefinition		
mappin	259.088	-1794.41	-9.223	quests/street_stories/santo_domingo/rancho_coronado/sts_std_rcr_05/sts_std_rcr_05/leave_house/house	gameJournalQuestMapPin	Mappins.QuestStaticMappinDefinition		
mappin	263.207	-1801.986	-8.273	quests/street_stories/santo_domingo/rancho_coronado/sts_std_rcr_05/sts_std_rcr_05/loot_datachip/datachip	gameJournalQuestMapPin	Mappins.QuestStaticMappinDefinition		
mappin	259.822	-1571.323	8.955	quests/street_stories/santo_domingo/rancho_coronado/sts_std_rcr_05/sts_std_rcr_05/deliver/droppoint	gameJournalQuestMapPin	Mappins.QuestStaticMappinDefinition		
mappin	682.106	-1441.136	32.504	quests/street_stories/santo_domingo/rancho_coronado/sts_std_rcr_02/sts_std_rcr_02/reach/reach_mp	gameJournalQuestMapPin	Mappins.QuestStaticMappinDefinition		
mappin	651.557	-1412.857	25.442	quests/street_stories/santo_domingo/rancho_coronado/sts_std_rcr_02/sts_std_rcr_02/key/key_mp	gameJournalQuestMapPin	Mappins.QuestDynamicMappinDefinition		
mappin	666.2	-1441.05	34.24	quests/street_stories/santo_domingo/rancho_coronado/sts_std_rcr_02/sts_std_rcr_02/open/open_mp	gameJournalQuestMapPin	Mappins.QuestStaticMappinDefinition		
mappin	668.383	-1401.018	29.367	quests/street_stories/santo_domingo/rancho_coronado/sts_std_rcr_02/sts_std_rcr_02/inside/inside_mp	gameJournalQuestMapPin	Mappins.QuestStaticMappinDefinition		
mappin	674.148	-1432.732	28.574	quests/street_stories/santo_domingo/rancho_coronado/sts_std_rcr_02/sts_std_rcr_02/secured/secured_mp	gameJournalQuestMapPin	Mappins.QuestStaticMappinDefinition		
mappin	651.557	-1412.857	25.58	quests/street_stories/santo_domingo/rancho_coronado/sts_std_rcr_02/sts_std_rcr_02/reach1/reach_mp	gameJournalQuestMapPin	Mappins.QuestDynamicMappinDefinition		
mappin	651.557	-1412.857	25.58	quests/street_stories/santo_domingo/rancho_coronado/sts_std_rcr_02/sts_std_rcr_02/talk/talk_mp	gameJournalQuestMapPin	Mappins.QuestDynamicMappinDefinition		
mappin	651.557	-1412.857	25.58	quests/street_stories/santo_domingo/rancho_coronado/sts_std_rcr_02/sts_std_rcr_02/leave/leave_mp	gameJournalQuestMapPin	Mappins.QuestDynamicMappinDefinition		
mappin	653.571	-1403.941	28.576	quests/street_stories/santo_domingo/rancho_coronado/sts_std_rcr_02/sts_std_rcr_02/leave/outside	gameJournalQuestMapPin	Mappins.QuestStaticMappinDefinition		
mappin	651.557	-1412.857	25.58	quests/street_stories/santo_domingo/rancho_coronado/sts_std_rcr_02/sts_std_rcr_02/talk_to_jasmine/jasmine	gameJournalQuestMapPin	Mappins.QuestDynamicMappinDefinition		
mappin	662.33	-1418.849	26.307	quests/street_stories/santo_domingo/rancho_coronado/sts_std_rcr_02/sts_std_rcr_02/rescue_jasmine/hospital	gameJournalQuestMapPin	Mappins.QuestStaticMappinDefinition		
mappin	586.129	-1370.7	28.45	quests/street_stories/santo_domingo/rancho_coronado/sts_std_rcr_02/sts_std_rcr_02/get_to_the_car/fixer_car	gameJournalQuestMapPin	Mappins.QuestStaticMappinDefinition		
mappin	254.496	-1079.19	21.666	quests/street_stories/santo_domingo/rancho_coronado/sts_std_rcr_04/sts_std_rcr_04/access_miss_rose_garage/garage_mappin	gameJournalQuestMapPin	Mappins.QuestStaticMappinDefinition		
mappin	254.496	-1079.19	21.666	quests/street_stories/santo_domingo/rancho_coronado/sts_std_rcr_04/sts_std_rcr_04/enter_garage_area/garage_area	gameJournalQuestMapPin	Mappins.QuestStaticMappinDefinition		
mappin	264.413	-1068.505	22.457	quests/street_stories/santo_domingo/rancho_coronado/sts_std_rcr_04/sts_std_rcr_04/destroy_server/server	gameJournalQuestMapPin	Mappins.QuestStaticMappinDefinition		
mappin	254.496	-1079.19	21.666	quests/street_stories/santo_domingo/rancho_coronado/sts_std_rcr_04/sts_std_rcr_04/destroy_server/area	gameJournalQuestMapPin	Mappins.QuestStaticMappinDefinition		
mappin	254.496	-1079.19	20.572	quests/street_stories/santo_domingo/rancho_coronado/sts_std_rcr_04/sts_std_rcr_04/leave_area/garage_area	gameJournalQuestMapPin	Mappins.QuestStaticMappinDefinition		
mappin	254.496	-1079.19	21.666	quests/street_stories/santo_domingo/rancho_coronado/sts_std_rcr_04/sts_std_rcr_04/look_for_garage_66/garage_66	gameJournalQuestMapPin	Mappins.QuestStaticMappinDefinition		
mappin	136.771	-1587.056	7.072	quests/street_stories/santo_domingo/rancho_coronado/sts_std_rcr_01/sts_std_rcr_01/kill_mad_dog1/mad_dog_mappin	gameJournalQuestMapPin	Mappins.QuestDynamicMappinDefinition		
mappin	129.284	-1599.555	7.142	quests/street_stories/santo_domingo/rancho_coronado/sts_std_rcr_01/sts_std_rcr_01/kill_mad_dog1/mp_office	gameJournalQuestMapPin	Mappins.QuestStaticMappinDefinition		
mappin	129.284	-1599.555	7.142	quests/street_stories/santo_domingo/rancho_coronado/sts_std_rcr_01/sts_std_rcr_01/enter_the_facility/entrance_mappin	gameJournalQuestMapPin	Mappins.QuestStaticMappinDefinition		
mappin	129.284	-1599.555	7.142	quests/street_stories/santo_domingo/rancho_coronado/sts_std_rcr_01/sts_std_rcr_01/find_vega/mp_office	gameJournalQuestMapPin	Mappins.QuestStaticMappinDefinition		
mappin	129.284	-1599.555	7.142	quests/street_stories/santo_domingo/rancho_coronado/sts_std_rcr_01/sts_std_rcr_01/escape/facility	gameJournalQuestMapPin	Mappins.QuestStaticMappinDefinition		
mappin	119.383	-1553.52	7.414	quests/street_stories/santo_domingo/rancho_coronado/sts_std_rcr_01/sts_std_rcr_01/car/fixer_car	gameJournalQuestMapPin	Mappins.QuestDynamicMappinDefinition		
mappin	136.771	-1587.056	7.072	quests/street_stories/santo_domingo/rancho_coronado/sts_std_rcr_01/sts_std_rcr_01/car/mad_dog_mappin	gameJournalQuestMapPin	Mappins.QuestDynamicMappinDefinition		
mappin	136.771	-1587.056	7.072	quests/street_stories/santo_domingo/rancho_coronado/sts_std_rcr_01/sts_std_rcr_01/leave_area_with_body/vic_vega	gameJournalQuestMapPin	Mappins.QuestDynamicMappinDefinition		
mappin	119.383	-1553.52	7.414	quests/street_stories/santo_domingo/rancho_coronado/sts_std_rcr_01/sts_std_rcr_01/leave_area_with_body/meeting_point	gameJournalQuestMapPin	Mappins.QuestStaticMappinDefinition		
mappin	122.324	-1587.467	12.202	quests/street_stories/santo_domingo/rancho_coronado/sts_std_rcr_01/sts_std_rcr_01/get_to_the_office/office	gameJournalQuestMapPin	Mappins.QuestStaticMappinDefinition		
mappin	-366.367	-1747.408	7.582	quests/street_stories/santo_domingo/rancho_coronado/sts_std_rcr_01/sts_std_rcr_01/collect_reward/collect_reward	gameJournalQuestMapPin	Mappins.QuestStaticMappinDefinition		
mappin	439.165	-1233.894	28.777	quests/street_stories/santo_domingo/rancho_coronado/sts_std_rcr_03/sts_std_rcr_03/get_hayashi_to_ca/mp_escape_car	gameJournalQuestMapPin	Mappins.QuestDynamicMappinDefinition		
mappin	260.067	-1576.662	7.51	quests/street_stories/santo_domingo/rancho_coronado/sts_std_rcr_03/sts_std_rcr_03/meet_nomad_contact/mp_nomad	gameJournalQuestMapPin	Mappins.QuestStaticMappinDefinition		
mappin	438.301	-1236.062	9.807	quests/street_stories/santo_domingo/rancho_coronado/sts_std_rcr_03/sts_std_rcr_03/talk_to_nomad/mp_nomad	gameJournalQuestMapPin	Mappins.QuestDynamicMappinDefinition		
mappin	471.421	-1240.882	30.506	quests/street_stories/santo_domingo/rancho_coronado/sts_std_rcr_03/sts_std_rcr_03/go_to_safehouse/mp_safehouse	gameJournalQuestMapPin	Mappins.QuestStaticMappinDefinition		
mappin	439.165	-1233.894	28.777	quests/street_stories/santo_domingo/rancho_coronado/sts_std_rcr_03/sts_std_rcr_03/check_on_hayashi/mp_hayashi	gameJournalQuestMapPin	Mappins.QuestDynamicMappinDefinition		
mappin	439.165	-1233.894	28.777	quests/street_stories/santo_domingo/rancho_coronado/sts_std_rcr_03/sts_std_rcr_03/talk_hayashi/mp_hayashi	gameJournalQuestMapPin	Mappins.QuestDynamicMappinDefinition		
mappin	471.421	-1240.882	30.506	quests/street_stories/santo_domingo/rancho_coronado/sts_std_rcr_03/sts_std_rcr_03/check_what_happened_to_flavio/mp_safehouse	gameJournalQuestMapPin	Mappins.QuestStaticMappinDefinition		
mappin	461.932	-1240.952	34.72	quests/street_stories/santo_domingo/rancho_coronado/sts_std_rcr_03/sts_std_rcr_03/scan_bodies_to_find_flavio/mp_body_01	gameJournalQuestMapPin	Mappins.QuestStaticMappinDefinition		
mappin	461.48	-1238.091	35.22	quests/street_stories/santo_domingo/rancho_coronado/sts_std_rcr_03/sts_std_rcr_03/scan_bodies_to_find_flavio/mp_body_02	gameJournalQuestMapPin	Mappins.QuestStaticMappinDefinition		
mappin	439.165	-1233.894	28.777	quests/street_stories/santo_domingo/rancho_coronado/sts_std_rcr_03/sts_std_rcr_03/scan_bodies_to_find_flavio/mp_body_flavio	gameJournalQuestMapPin	Mappins.QuestDynamicMappinDefinition		
mappin	439.165	-1233.894	28.777	quests/street_stories/santo_domingo/rancho_coronado/sts_std_rcr_03/sts_std_rcr_03/join_flavio_in_car/mp_escape_car	gameJournalQuestMapPin	Mappins.QuestDynamicMappinDefinition		
mappin	471.421	-1240.882	30.506	quests/street_stories/santo_domingo/rancho_coronado/sts_std_rcr_03/sts_std_rcr_03/enter_building/mp_safehouse	gameJournalQuestMapPin	Mappins.QuestStaticMappinDefinition		
mappin	479.589	-1234.926	26.457	quests/street_stories/santo_domingo/rancho_coronado/sts_std_rcr_03/sts_std_rcr_03/find_flavio/mp_safehouse	gameJournalQuestMapPin	Mappins.QuestStaticMappinDefinition		
mappin	479.589	-1234.926	26.457	quests/street_stories/santo_domingo/rancho_coronado/sts_std_rcr_03/sts_std_rcr_03/find_flavio/mp_safehouse1	gameJournalQuestMapPin	Mappins.QuestStaticMappinDefinition		
mappin	479.589	-1234.926	26.457	quests/street_stories/santo_domingo/rancho_coronado/sts_std_rcr_03/sts_std_rcr_03/find_flavio/mp_safehouse2	gameJournalQuestMapPin	Mappins.QuestStaticMappinDefinition		
mappin	439.165	-1233.894	28.777	quests/street_stories/santo_domingo/rancho_coronado/sts_std_rcr_03/sts_std_rcr_03/return_to_car/mp_escape_car	gameJournalQuestMapPin	Mappins.QuestDynamicMappinDefinition		
mappin	-1379.626	1262.08	123.165	quests/street_stories/santo_domingo/santo_domingo_reward/santo_domingo_reward/get_reward/stash	gameJournalQuestMapPin	Mappins.QuestStaticMappinDefinition		
mappin	-1035.41	1290.86	5.17	quests/street_stories/watson/kabuki/sts_wat_kab_102/sts_wat_kab_102/get_to_docks/docks	gameJournalQuestMapPin	Mappins.QuestStaticMappinDefinition		
mappin	-1058.25	1238.62	5.17	quests/street_stories/watson/kabuki/sts_wat_kab_102/sts_wat_kab_102/find_cargo_with_car/container	gameJournalQuestMapPin	Mappins.QuestStaticMappinDefinition		
mappin	-1048.99	1238	5.15	quests/street_stories/watson/kabuki/sts_wat_kab_102/sts_wat_kab_102/plant_tracker/car	gameJournalQuestMapPin	Mappins.QuestStaticMappinDefinition		
mappin	-1031.15	1291.32	5.1	quests/street_stories/watson/kabuki/sts_wat_kab_102/sts_wat_kab_102/leave_docks/leave_docks	gameJournalQuestMapPin	Mappins.QuestStaticMappinDefinition		
mappin	-1168.663	1309.517	19.977	quests/street_stories/watson/kabuki/sts_wat_kab_102/sts_wat_kab_102/get_special_reward/droppoint	gameJournalQuestMapPin	Mappins.QuestStaticMappinDefinition		
mappin	-945.867	1786.687	22.883	quests/street_stories/watson/kabuki/sts_wat_kab_06/sts_wat_kab_06/go_to_shop/go_to_shop_mp	gameJournalQuestMapPin	Mappins.QuestStaticMappinDefinition		
mappin	-952.178	1785.353	19.821	quests/street_stories/watson/kabuki/sts_wat_kab_06/sts_wat_kab_06/kill_or_subdue/kill_or_subdue	gameJournalQuestMapPin	Mappins.QuestDynamicMappinDefinition		
mappin	-993.031	1775.22	23.164	quests/street_stories/watson/kabuki/sts_wat_kab_06/sts_wat_kab_06/drop_trenton_body/drop_trenton_body_mp	gameJournalQuestMapPin	Mappins.QuestDynamicMappinDefinition		
mappin	-945.867	1786.687	22.883	quests/street_stories/watson/kabuki/sts_wat_kab_06/sts_wat_kab_06/leave_area_with_body/leave_area_with_body_mp	gameJournalQuestMapPin	Mappins.QuestStaticMappinDefinition		
mappin	-952.178	1785.353	19.821	quests/street_stories/watson/kabuki/sts_wat_kab_06/sts_wat_kab_06/leave_area_with_body/body	gameJournalQuestMapPin	Mappins.QuestDynamicMappinDefinition		
mappin	-947.953	1787.455	22.906	quests/street_stories/watson/kabuki/sts_wat_kab_06/sts_wat_kab_06/leave_area/leave_area_mp	gameJournalQuestMapPin	Mappins.QuestStaticMappinDefinition		
mappin	-945.867	1786.687	22.883	quests/street_stories/watson/kabuki/sts_wat_kab_06/sts_wat_kab_06/find_target/find_target_mp	gameJournalQuestMapPin	Mappins.QuestStaticMappinDefinition		
mappin	-1045.616	1355.795	1.935	quests/street_stories/watson/kabuki/sts_wat_kab_07/sts_wat_kab_07/kill_jotaro/jotaro	gameJournalQuestMapPin	Mappins.QuestDynamicMappinDefinition		
mappin	-1034.83	1349.859	5.281	quests/street_stories/watson/kabuki/sts_wat_kab_07/sts_wat_kab_07/get_to_casino/get_to_casino_mp	gameJournalQuestMapPin	Mappins.QuestStaticMappinDefinition		
mappin	-1027.39	1345.615	13.147	quests/street_stories/watson/kabuki/sts_wat_kab_07/sts_wat_kab_07/locate_jotaro/locate_jotaro_mp	gameJournalQuestMapPin	Mappins.QuestStaticMappinDefinition		
mappin	-1087.609	1349.979	5.779	quests/street_stories/watson/kabuki/sts_wat_kab_07/sts_wat_kab_07/deliver_jotaro/deliver_jotaro_mp	gameJournalQuestMapPin	Mappins.QuestDynamicMappinDefinition		
mappin	-1045.616	1355.795	1.935	quests/street_stories/watson/kabuki/sts_wat_kab_07/sts_wat_kab_07/deliver_jotaro/jotaro	gameJournalQuestMapPin	Mappins.QuestDynamicMappinDefinition		
mappin	-1048.698	1356.08	5.28	quests/street_stories/watson/kabuki/sts_wat_kab_07/sts_wat_kab_07/leave_with_body/leave_with_body_mp	gameJournalQuestMapPin	Mappins.QuestStaticMappinDefinition		
mappin	-1045.616	1355.795	1.935	quests/street_stories/watson/kabuki/sts_wat_kab_07/sts_wat_kab_07/leave_with_body/jotaro	gameJournalQuestMapPin	Mappins.QuestDynamicMappinDefinition		
mappin	-1048.698	1356.08	5.28	quests/street_stories/watson/kabuki/sts_wat_kab_07/sts_wat_kab_07/leave/leave_mp	gameJournalQuestMapPin	Mappins.QuestStaticMappinDefinition		
mappin	-1158.143	1415.34	20.162	quests/street_stories/watson/kabuki/sts_wat_kab_07/sts_wat_kab_07/get_special_reward/get_special_reward_mp	gameJournalQuestMapPin	Mappins.QuestStaticMappinDefinition		
mappin	-1096.26	1457.7	16.12	quests/street_stories/watson/kabuki/sts_wat_kab_101/sts_wat_kab_101/get_to_area/slums	gameJournalQuestMapPin	Mappins.QuestStaticMappinDefinition		
mappin	-1106.84	1442.59	16.36	quests/street_stories/watson/kabuki/sts_wat_kab_101/sts_wat_kab_101/kill_target/killer	gameJournalQuestMapPin	Mappins.QuestDynamicMappinDefinition		
mappin	-1100.09	1460.74	16.46	quests/street_stories/watson/kabuki/sts_wat_kab_101/sts_wat_kab_101/leave_area/exit_area	gameJournalQuestMapPin	Mappins.QuestStaticMappinDefinition		
mappin	-1100.09	1460.74	16.46	quests/street_stories/watson/kabuki/sts_wat_kab_101/sts_wat_kab_101/find_target/find_target	gameJournalQuestMapPin	Mappins.QuestStaticMappinDefinition		
mappin	-1100.09	1460.74	16.46	quests/street_stories/watson/kabuki/sts_wat_kab_101/sts_wat_kab_101/transport_jae_hyun_body/car	gameJournalQuestMapPin	Mappins.QuestStaticMappinDefinition		
mappin	-1106.84	1442.59	16.36	quests/street_stories/watson/kabuki/sts_wat_kab_101/sts_wat_kab_101/transport_jae_hyun_body/jae_hyun	gameJournalQuestMapPin	Mappins.QuestDynamicMappinDefinition		
mappin	-1100.761	1464.136	4.444	quests/street_stories/watson/kabuki/sts_wat_kab_101/sts_wat_kab_101/drop_body/fixers_car_mp	gameJournalQuestMapPin	Mappins.QuestDynamicMappinDefinition		
mappin	-1106.84	1442.59	16.36	quests/street_stories/watson/kabuki/sts_wat_kab_101/sts_wat_kab_101/drop_body/jae_hyun	gameJournalQuestMapPin	Mappins.QuestDynamicMappinDefinition		
mappin	-1132.167	2159.175	13.377	quests/street_stories/watson/kabuki/sts_wat_kab_05/sts_wat_kab_05/check_signal/signal	gameJournalQuestMapPin	Mappins.QuestStaticMappinDefinition		
mappin	-1111.543	2144.097	9.393	quests/street_stories/watson/kabuki/sts_wat_kab_05/sts_wat_kab_05/go_to_ride/ride	gameJournalQuestMapPin	Mappins.QuestStaticMappinDefinition		
mappin	-1110.437	2145.98	9.37	quests/street_stories/watson/kabuki/sts_wat_kab_05/sts_wat_kab_05/get_shard/shard	gameJournalQuestMapPin	Mappins.QuestStaticMappinDefinition		
mappin	-1232.773	1908.85	20.614	quests/street_stories/watson/kabuki/sts_wat_kab_05/sts_wat_kab_05/deliver_shard/droppoint	gameJournalQuestMapPin	Mappins.QuestStaticMappinDefinition		
mappin	-1104.11	2142.917	10.15	quests/street_stories/watson/kabuki/sts_wat_kab_05/sts_wat_kab_05/loot_shard/shard	gameJournalQuestMapPin	Mappins.QuestStaticMappinDefinition		
mappin	-1110.437	2145.98	9.37	quests/street_stories/watson/kabuki/sts_wat_kab_05/sts_wat_kab_05/loot_shard/area	gameJournalQuestMapPin	Mappins.QuestStaticMappinDefinition		
mappin	-1184.595	1730.394	23.231	quests/street_stories/watson/kabuki/sts_wat_kab_107/sts_wat_kab_107/deliver/car	gameJournalQuestMapPin	Mappins.QuestDynamicMappinDefinition		
mappin	-1172.688	1772.838	23.39	quests/street_stories/watson/kabuki/sts_wat_kab_107/sts_wat_kab_107/get_in/bar	gameJournalQuestMapPin	Mappins.QuestStaticMappinDefinition		
mappin	-1172.688	1772.838	23.39	quests/street_stories/watson/kabuki/sts_wat_kab_107/sts_wat_kab_107/get_out/outside	gameJournalQuestMapPin	Mappins.QuestStaticMappinDefinition		
mappin	-1176.686	1755.132	26.297	quests/street_stories/watson/kabuki/sts_wat_kab_107/sts_wat_kab_107/take_down/mark	gameJournalQuestMapPin	Mappins.QuestDynamicMappinDefinition		
mappin	-1172.688	1772.838	23.39	quests/street_stories/watson/kabuki/sts_wat_kab_107/sts_wat_kab_107/find_target/find_target_mp	gameJournalQuestMapPin	Mappins.QuestStaticMappinDefinition		
mappin	-1176.686	1755.132	26.297	quests/street_stories/watson/kabuki/sts_wat_kab_107/sts_wat_kab_107/pick_up_unconscious_target/pick_up_mp	gameJournalQuestMapPin	Mappins.QuestDynamicMappinDefinition		
mappin	-1172.688	1772.838	23.39	quests/street_stories/watson/kabuki/sts_wat_kab_107/sts_wat_kab_107/pick_up_unconscious_target/outside	gameJournalQuestMapPin	Mappins.QuestStaticMappinDefinition		
mappin	-1199.155	1776.482	27.375	quests/street_stories/watson/kabuki/sts_wat_kab_01/sts_wat_kab_01/consult_with_mike/mike	gameJournalQuestMapPin	Mappins.QuestDynamicMappinDefinition		
mappin	-1194.731	1784.029	27.379	quests/street_stories/watson/kabuki/sts_wat_kab_01/sts_wat_kab_01/go_to_mike/mike	gameJournalQuestMapPin	Mappins.QuestStaticMappinDefinition		
mappin	-1199.155	1776.482	27.375	quests/street_stories/watson/kabuki/sts_wat_kab_01/sts_wat_kab_01/follow_mike/tiny_mike	gameJournalQuestMapPin	Mappins.QuestDynamicMappinDefinition		
mappin	-1196.389	1780.131	27.377	quests/street_stories/watson/kabuki/sts_wat_kab_01/sts_wat_kab_01/talk_with_mike/tiny_mike	gameJournalQuestMapPin	Mappins.QuestDynamicMappinDefinition		
mappin	-1196.389	1780.131	27.377	quests/street_stories/watson/kabuki/sts_wat_kab_01/sts_wat_kab_01/search_for_mike/tiny_mike	gameJournalQuestMapPin	Mappins.QuestStaticMappinDefinition		
mappin	-1192.86	1779.693	28.169	quests/street_stories/watson/kabuki/sts_wat_kab_01/sts_wat_kab_01/search_for_injector/injector	gameJournalQuestMapPin	Mappins.QuestStaticMappinDefinition		
mappin	-1199.155	1776.482	27.375	quests/street_stories/watson/kabuki/sts_wat_kab_01/sts_wat_kab_01/give_mike_injector/tiny_mike	gameJournalQuestMapPin	Mappins.QuestDynamicMappinDefinition		
mappin	-1199.155	1776.482	27.375	quests/street_stories/watson/kabuki/sts_wat_kab_01/sts_wat_kab_01/tell_mike_to_lead/tiny_mike	gameJournalQuestMapPin	Mappins.QuestDynamicMappinDefinition		
mappin	-1179.181	1766.226	23.371	quests/street_stories/watson/kabuki/sts_wat_kab_01/sts_wat_kab_01/find_way_inside/mike	gameJournalQuestMapPin	Mappins.QuestStaticMappinDefinition		
mappin	-1179.567	1736.051	27.37	quests/street_stories/watson/kabuki/sts_wat_kab_01/sts_wat_kab_01/use_fire_stairs/stairs	gameJournalQuestMapPin	Mappins.QuestStaticMappinDefinition		
mappin	-1160.125	1738.013	27.456	quests/street_stories/watson/kabuki/sts_wat_kab_01/sts_wat_kab_01/use_fire_stairs/vending_machines	gameJournalQuestMapPin	Mappins.QuestStaticMappinDefinition		
mappin	-1153.709	1753.604	23.321	quests/street_stories/watson/kabuki/sts_wat_kab_01/sts_wat_kab_01/escort_mike/dragnet_zone	gameJournalQuestMapPin	Mappins.QuestStaticMappinDefinition		
mappin	-1179.867	1785.247	24.828	quests/street_stories/watson/kabuki/sts_wat_kab_01/sts_wat_kab_01/escort_mike/dragnet_zone1	gameJournalQuestMapPin	Mappins.QuestStaticMappinDefinition		
mappin	-1181.391	1792.254	23.37	quests/street_stories/watson/kabuki/sts_wat_kab_01/sts_wat_kab_01/escort_mike/restaurant_2nd_door	gameJournalQuestMapPin	Mappins.QuestStaticMappinDefinition		
mappin	-1178.64	1784.03	23.39	quests/street_stories/watson/kabuki/sts_wat_kab_01/sts_wat_kab_01/use_back_door/back_door	gameJournalQuestMapPin	Mappins.QuestStaticMappinDefinition		
mappin	-1198.824	1772.837	28.345	quests/street_stories/watson/kabuki/sts_wat_kab_01/sts_wat_kab_01/pick_up_weapon/weapon_mappin	gameJournalQuestMapPin	Mappins.QuestStaticMappinDefinition		
mappin	-1153.709	1753.604	23.321	quests/street_stories/watson/kabuki/sts_wat_kab_01/sts_wat_kab_01/get_in_car/dragnet_zone	gameJournalQuestMapPin	Mappins.QuestStaticMappinDefinition		
mappin	-1160.083	2420.669	5.273	quests/street_stories/watson/kabuki/sts_wat_kab_02/sts_wat_kab_02/escor/chester_mp	gameJournalQuestMapPin	Mappins.QuestDynamicMappinDefinition		
mappin	-1156.155	2411.082	7.112	quests/street_stories/watson/kabuki/sts_wat_kab_02/sts_wat_kab_02/escor/building	gameJournalQuestMapPin	Mappins.QuestStaticMappinDefinition		
mappin	-1156.155	2411.082	7.112	quests/street_stories/watson/kabuki/sts_wat_kab_02/sts_wat_kab_02/get_inside/get_inside_mp	gameJournalQuestMapPin	Mappins.QuestStaticMappinDefinition		
mappin	-1160.083	2420.669	5.273	quests/street_stories/watson/kabuki/sts_wat_kab_02/sts_wat_kab_02/tlk/talk_mp	gameJournalQuestMapPin	Mappins.QuestDynamicMappinDefinition		
mappin	-1177.422	2424.594	7.107	quests/street_stories/watson/kabuki/sts_wat_kab_02/sts_wat_kab_02/find/find	gameJournalQuestMapPin	Mappins.QuestStaticMappinDefinition		
mappin	-1160.083	2420.669	5.273	quests/street_stories/watson/kabuki/sts_wat_kab_02/sts_wat_kab_02/persuade/chester_mp	gameJournalQuestMapPin	Mappins.QuestDynamicMappinDefinition		
mappin	-1179.076	2426.546	8.307	quests/street_stories/watson/kabuki/sts_wat_kab_02/sts_wat_kab_02/blood/blood	gameJournalQuestMapPin	Mappins.QuestStaticMappinDefinition		
mappin	-1160.083	2420.669	5.273	quests/street_stories/watson/kabuki/sts_wat_kab_02/sts_wat_kab_02/scan/patient	gameJournalQuestMapPin	Mappins.QuestDynamicMappinDefinition		
mappin	-1160.083	2420.669	5.273	quests/street_stories/watson/kabuki/sts_wat_kab_02/sts_wat_kab_02/blood_inject/patient	gameJournalQuestMapPin	Mappins.QuestDynamicMappinDefinition		
mappin	-1160.083	2420.669	5.273	quests/street_stories/watson/kabuki/sts_wat_kab_02/sts_wat_kab_02/filler_inject/patient	gameJournalQuestMapPin	Mappins.QuestStaticMappinDefinition		
mappin	-1160.083	2420.669	5.273	quests/street_stories/watson/kabuki/sts_wat_kab_02/sts_wat_kab_02/escort_to_car/chester_mp	gameJournalQuestMapPin	Mappins.QuestDynamicMappinDefinition		
mappin	-1160.083	2420.669	5.273	quests/street_stories/watson/kabuki/sts_wat_kab_02/sts_wat_kab_02/escort_to_car/car_mp	gameJournalQuestMapPin	Mappins.QuestDynamicMappinDefinition		
mappin	-1243.554	1977.465	15.45	quests/street_stories/watson/kabuki/sts_wat_kab_08/sts_wat_kab_08/confront_dave/dave	gameJournalQuestMapPin	Mappins.QuestDynamicMappinDefinition		
mappin	-1247.91	1982.52	16.156	quests/street_stories/watson/kabuki/sts_wat_kab_08/sts_wat_kab_08/confront_dave/door	gameJournalQuestMapPin	Mappins.QuestStaticMappinDefinition		
mappin	-1247.859	1981.359	8.176	quests/street_stories/watson/kabuki/sts_wat_kab_08/sts_wat_kab_08/confront_dave/motel_door	gameJournalQuestMapPin	Mappins.QuestStaticMappinDefinition		
mappin	-1231.458	1965.025	7.949	quests/street_stories/watson/kabuki/sts_wat_kab_08/sts_wat_kab_08/talk_with_shopkeepers/marketplace	gameJournalQuestMapPin	Mappins.QuestStaticMappinDefinition		
mappin	-1243.554	1977.465	15.45	quests/street_stories/watson/kabuki/sts_wat_kab_08/sts_wat_kab_08/kill_dave/dave	gameJournalQuestMapPin	Mappins.QuestDynamicMappinDefinition		
mappin	-1231.458	1965.025	7.949	quests/street_stories/watson/kabuki/sts_wat_kab_08/sts_wat_kab_08/check_cameras/accesspoint	gameJournalQuestMapPin	Mappins.QuestStaticMappinDefinition		
mappin	-1243.554	1977.465	15.45	quests/street_stories/watson/kabuki/sts_wat_kab_08/sts_wat_kab_08/talk_with_dave1/dave	gameJournalQuestMapPin	Mappins.QuestDynamicMappinDefinition		
mappin	-1243.554	1977.465	15.45	quests/street_stories/watson/kabuki/sts_wat_kab_08/sts_wat_kab_08/take_body_outside/anna_mp	gameJournalQuestMapPin	Mappins.QuestDynamicMappinDefinition		
mappin	-1198.957	1994.169	12.15	quests/street_stories/watson/kabuki/sts_wat_kab_08/sts_wat_kab_08/deliver_body_to_fixer_car/fixer_car	gameJournalQuestMapPin	Mappins.QuestDynamicMappinDefinition		
mappin	-1230.264	1966.656	7.483	quests/street_stories/watson/kabuki/sts_wat_kab_08/sts_wat_kab_08/leave_area/area_mp	gameJournalQuestMapPin	Mappins.QuestStaticMappinDefinition		
mappin	-1231.458	1965.025	7.949	quests/street_stories/watson/kabuki/sts_wat_kab_08/sts_wat_kab_08/find_anna/sts_area	gameJournalQuestMapPin	Mappins.QuestStaticMappinDefinition		
mappin	-1250.477	1132.19	16.98	quests/street_stories/watson/kabuki/sts_wat_kab_03/sts_wat_kab_03/retrieve/mappin	gameJournalQuestMapPin	Mappins.QuestStaticMappinDefinition		
mappin	-1188.29	1122.6	29.55	quests/street_stories/watson/kabuki/sts_wat_kab_03/sts_wat_kab_03/enter_solo_house/enter_solo_house_mp	gameJournalQuestMapPin	Mappins.QuestStaticMappinDefinition		
mappin	-1181.836	1123.058	29.47	quests/street_stories/watson/kabuki/sts_wat_kab_03/sts_wat_kab_03/locate_meds/meds	gameJournalQuestMapPin	Mappins.QuestStaticMappinDefinition		
mappin	-1193.197	1123.236	34.648	quests/street_stories/watson/kabuki/sts_wat_kab_03/sts_wat_kab_03/take_meds/take_meds_mp	gameJournalQuestMapPin	Mappins.QuestStaticMappinDefinition		
mappin	-1187.98	1137.127	29.289	quests/street_stories/watson/kabuki/sts_wat_kab_03/sts_wat_kab_03/retrieve_stolen_meds/retrieve_mp	gameJournalQuestMapPin	Mappins.QuestStaticMappinDefinition		
mappin	-1207.652	1391.245	24.13	quests/street_stories/watson/kabuki/sts_wat_kab_04/sts_wat_kab_04/access_elevator/mappin	gameJournalQuestMapPin	Mappins.QuestStaticMappinDefinition		
mappin	-1200.966	1406.882	109.802	quests/street_stories/watson/kabuki/sts_wat_kab_04/sts_wat_kab_04/acess_penthouse/mappin	gameJournalQuestMapPin	Mappins.QuestStaticMappinDefinition		
mappin	-1198.66	1417.94	109.41	quests/street_stories/watson/kabuki/sts_wat_kab_04/sts_wat_kab_04/extract_data1/area_mappin	gameJournalQuestMapPin	Mappins.QuestStaticMappinDefinition		
mappin	-1183.83	1400.84	21.26	quests/street_stories/watson/kabuki/sts_wat_kab_04/sts_wat_kab_04/leave_the_penthouse/mappin	gameJournalQuestMapPin	Mappins.QuestStaticMappinDefinition		
mappin	-1338.693	1264.529	17.057	quests/street_stories/watson/kabuki/sts_wat_kab_04/sts_wat_kab_04/deliver/limmo	gameJournalQuestMapPin	Mappins.QuestDynamicMappinDefinition		
mappin	-1337.215	1262.633	19.166	quests/street_stories/watson/kabuki/sts_wat_kab_04/sts_wat_kab_04/deliver/limo_mappin	gameJournalQuestMapPin	Mappins.QuestStaticMappinDefinition		
mappin	-1197.034	1418.129	106.263	quests/street_stories/watson/kabuki/sts_wat_kab_04/sts_wat_kab_04/defeat/nadezhda	gameJournalQuestMapPin	Mappins.QuestDynamicMappinDefinition		
mappin	-1205.84	1389.62	21.3	quests/street_stories/watson/kabuki/sts_wat_kab_04/sts_wat_kab_04/get_inside_elevator/generic_elevator	gameJournalQuestMapPin	Mappins.QuestStaticMappinDefinition		
mappin	-1209.62	1389.62	21.3	quests/street_stories/watson/kabuki/sts_wat_kab_04/sts_wat_kab_04/get_inside_elevator/penthouse_elevator	gameJournalQuestMapPin	Mappins.QuestStaticMappinDefinition		
mappin	-1184.2	1401.531	21.308	quests/street_stories/watson/kabuki/sts_wat_kab_04/sts_wat_kab_04/get_inside_hotel/hotel	gameJournalQuestMapPin	Mappins.QuestStaticMappinDefinition		
mappin	-1219.542	1481.855	23.023	quests/street_stories/watson/kabuki/sts_wat_kab_04/sts_wat_kab_04/get_reward/droppoint	gameJournalQuestMapPin	Mappins.QuestStaticMappinDefinition		
mappin	-1927.195	1145.99	12.174	quests/street_stories/watson/little_china/sts_wat_lch_05/sts_wat_lch_05/main/bararea	gameJournalQuestMapPin	Mappins.QuestStaticMappinDefinition		
mappin	-1911.856	1159.237	12.289	quests/street_stories/watson/little_china/sts_wat_lch_05/sts_wat_lch_05/exit/mappin_door	gameJournalQuestMapPin	Mappins.QuestStaticMappinDefinition		
mappin	-1896.343	1072.009	12.107	quests/street_stories/watson/little_china/sts_wat_lch_05/sts_wat_lch_05/exit/mappin	gameJournalQuestMapPin	Mappins.QuestStaticMappinDefinition		
mappin	-1927.195	1145.99	12.174	quests/street_stories/watson/little_china/sts_wat_lch_05/sts_wat_lch_05/inside/inside_mp	gameJournalQuestMapPin	Mappins.QuestStaticMappinDefinition		
mappin	-1927.195	1145.99	12.174	quests/street_stories/watson/little_china/sts_wat_lch_05/sts_wat_lch_05/card/safe	gameJournalQuestMapPin	Mappins.QuestStaticMappinDefinition		
mappin	-1920.802	1161.57	13.272	quests/street_stories/watson/little_china/sts_wat_lch_05/sts_wat_lch_05/take/eye	gameJournalQuestMapPin	Mappins.QuestStaticMappinDefinition		
mappin	-1918.675	1163.364	12.175	quests/street_stories/watson/little_china/sts_wat_lch_05/sts_wat_lch_05/retrive/storage	gameJournalQuestMapPin	Mappins.QuestStaticMappinDefinition		
mappin	-1920.802	1161.57	13.272	quests/street_stories/watson/little_china/sts_wat_lch_05/sts_wat_lch_05/retrive/eye	gameJournalQuestMapPin	Mappins.QuestStaticMappinDefinition		
mappin	-1761.077	1531.008	9.702	quests/street_stories/watson/little_china/sts_wat_lch_06/sts_wat_lch_06/get_out/mappin	gameJournalQuestMapPin	Mappins.QuestStaticMappinDefinition		
mappin	-1734.516	1527.857	9.702	quests/street_stories/watson/little_china/sts_wat_lch_06/sts_wat_lch_06/enter_basement/mappin	gameJournalQuestMapPin	Mappins.QuestStaticMappinDefinition		
mappin	-1747.159	1498.821	9.512	quests/street_stories/watson/little_china/sts_wat_lch_06/sts_wat_lch_06/get_to_the_main_room/main_room_mappin	gameJournalQuestMapPin	Mappins.QuestStaticMappinDefinition		
mappin	-1737.973	1495.633	7.722	quests/street_stories/watson/little_china/sts_wat_lch_06/sts_wat_lch_06/destroy_production_line/mappin_2	gameJournalQuestMapPin	Mappins.QuestStaticMappinDefinition		
mappin	-1747.159	1498.821	9.512	quests/street_stories/watson/little_china/sts_wat_lch_06/sts_wat_lch_06/destroy_production_line/main_room_mappin	gameJournalQuestMapPin	Mappins.QuestStaticMappinDefinition		
mappin	-1743.944	1527.795	13.723	quests/street_stories/watson/little_china/sts_wat_lch_06/sts_wat_lch_06/enter_building/entrance	gameJournalQuestMapPin	Mappins.QuestStaticMappinDefinition		
mappin	-1421.956	1965.169	30.975	quests/street_stories/watson/little_china/sts_wat_lch_01/sts_wat_lch_01/get_out/get_out_mp	gameJournalQuestMapPin	Mappins.QuestStaticMappinDefinition		
mappin	-1401.608	1966.107	-23.526	quests/street_stories/watson/little_china/sts_wat_lch_01/sts_wat_lch_01/get_to_server_room/get_to_server_room	gameJournalQuestMapPin	Mappins.QuestStaticMappinDefinition		
mappin	-1392.199	1962.469	-23.765	quests/street_stories/watson/little_china/sts_wat_lch_01/sts_wat_lch_01/upload_software/upload_software_mp	gameJournalQuestMapPin	Mappins.QuestStaticMappinDefinition		
mappin	-1390.795	1963.745	-25.025	quests/street_stories/watson/little_china/sts_wat_lch_01/sts_wat_lch_01/upload_software/get_to_server_room	gameJournalQuestMapPin	Mappins.QuestStaticMappinDefinition		
mappin	-1894.279	1245.777	18.229	quests/street_stories/watson/little_china/sts_wat_lch_03/sts_wat_lch_03/go_inside_building/go_inside_building_mp	gameJournalQuestMapPin	Mappins.QuestStaticMappinDefinition		
mappin	-1893.598	1258.039	18.231	quests/street_stories/watson/little_china/sts_wat_lch_03/sts_wat_lch_03/go_to_ricky_wu/go_to_ricky_wu_mp	gameJournalQuestMapPin	Mappins.QuestStaticMappinDefinition		
mappin	-1893.249	1247.393	18.278	quests/street_stories/watson/little_china/sts_wat_lch_03/sts_wat_lch_03/lead_ricky_outside/lead_ricky_outside_mp	gameJournalQuestMapPin	Mappins.QuestStaticMappinDefinition		
mappin	-1894.529	1244.466	10.642	quests/street_stories/watson/little_china/sts_wat_lch_03/sts_wat_lch_03/rescue_ricky/rescue_ricky_mp	gameJournalQuestMapPin	Mappins.QuestDynamicMappinDefinition		
mappin	-1891.357	1250.943	14.277	quests/street_stories/watson/little_china/sts_wat_lch_03/sts_wat_lch_03/go_to_basement/go_to_basement_mp	gameJournalQuestMapPin	Mappins.QuestStaticMappinDefinition		
mappin	-1855.203	1289.648	18.613	quests/street_stories/watson/little_china/sts_wat_lch_03/sts_wat_lch_03/escort_roh_to_car/escort_roh_mp	gameJournalQuestMapPin	Mappins.QuestDynamicMappinDefinition		
mappin	-1739.298	1557.249	13.699	quests/street_stories/watson/little_china/sts_wat_lch_03/sts_wat_lch_03/get_special_reward/get_special_reward_mp	gameJournalQuestMapPin	Mappins.QuestStaticMappinDefinition		
mappin	-1894.529	1244.466	10.642	quests/street_stories/watson/little_china/sts_wat_lch_03/sts_wat_lch_03/talk_with_roh/rescue_ricky_mp	gameJournalQuestMapPin	Mappins.QuestDynamicMappinDefinition		
mappin	-1825.87	2659.274	14.992	quests/street_stories/watson/northside_industrial_district/sts_wat_nid_04/sts_wat_nid_04/get_to_hideout/hideout	gameJournalQuestMapPin	Mappins.QuestStaticMappinDefinition		
mappin	-1840.81	2640.934	14.817	quests/street_stories/watson/northside_industrial_district/sts_wat_nid_04/sts_wat_nid_04/find_recording/recording	gameJournalQuestMapPin	Mappins.QuestStaticMappinDefinition		
mappin	-1844.048	2716.704	7.167	quests/street_stories/watson/northside_industrial_district/sts_wat_nid_04/sts_wat_nid_04/get_to_droppoint/droppoint	gameJournalQuestMapPin	Mappins.QuestStaticMappinDefinition		
mappin	-1842.933	2635.025	16.085	quests/street_stories/watson/northside_industrial_district/sts_wat_nid_04/sts_wat_nid_04/get_recording/recording	gameJournalQuestMapPin	Mappins.QuestStaticMappinDefinition		
mappin	-1838.878	2640.424	6.95	quests/street_stories/watson/northside_industrial_district/sts_wat_nid_04/sts_wat_nid_04/leave_area/area	gameJournalQuestMapPin	Mappins.QuestStaticMappinDefinition		
mappin	-1015.511	2636.954	22.123	quests/street_stories/watson/northside_industrial_district/sts_wat_nid_03/sts_wat_nid_03/escort_haruo_to_nomad/nomad_location	gameJournalQuestMapPin	Mappins.QuestStaticMappinDefinition		
mappin	-1522.206	2206.324	22.207	quests/street_stories/watson/northside_industrial_district/sts_wat_nid_03/sts_wat_nid_03/find_haruo/haruo	gameJournalQuestMapPin	Mappins.QuestStaticMappinDefinition		
mappin	-1507.577	2210.485	14.982	quests/street_stories/watson/northside_industrial_district/sts_wat_nid_03/sts_wat_nid_03/talk_with_haruo/talk_with_haruo_mp	gameJournalQuestMapPin	Mappins.QuestDynamicMappinDefinition		
mappin	-1478.29	2155.771	18.48	quests/street_stories/watson/northside_industrial_district/sts_wat_nid_03/sts_wat_nid_03/go_to_car/go_to_car_mp	gameJournalQuestMapPin	Mappins.QuestDynamicMappinDefinition		
mappin	-1507.577	2210.485	14.982	quests/street_stories/watson/northside_industrial_district/sts_wat_nid_03/sts_wat_nid_03/talk_with_hwangbo_nomad/talk_with_hwangbo_nomad_mp	gameJournalQuestMapPin	Mappins.QuestDynamicMappinDefinition		
mappin	-1014.5	2636	22.123	quests/street_stories/watson/northside_industrial_district/sts_wat_nid_03/sts_wat_nid_03/stop_car/stop_car_mp	gameJournalQuestMapPin	Mappins.QuestStaticMappinDefinition		
mappin	-1495.27	2207.81	18.18	quests/street_stories/watson/northside_industrial_district/sts_wat_nid_03/sts_wat_nid_03/find_room_1237/find_room_1237_mp	gameJournalQuestMapPin	Mappins.QuestStaticMappinDefinition		
mappin	-1343.688	2757.077	7.206	quests/street_stories/watson/northside_industrial_district/sts_wat_nid_06/sts_wat_nid_06/get_inside/get_inside_mp	gameJournalQuestMapPin	Mappins.QuestStaticMappinDefinition		
mappin	-1345.643	2751.578	8.132	quests/street_stories/watson/northside_industrial_district/sts_wat_nid_06/sts_wat_nid_06/take/take_mp	gameJournalQuestMapPin	Mappins.QuestStaticMappinDefinition		
mappin	-1350.511	2770.753	7.255	quests/street_stories/watson/northside_industrial_district/sts_wat_nid_06/sts_wat_nid_06/escape_abandoned_warehouse/escape	gameJournalQuestMapPin	Mappins.QuestStaticMappinDefinition		
mappin	-1288.788	2854.702	7.158	quests/street_stories/watson/northside_industrial_district/sts_wat_nid_06/sts_wat_nid_06/deliver_files/deliver_mappin	gameJournalQuestMapPin	Mappins.QuestStaticMappinDefinition		
mappin	-1344.361	2752.379	7.206	quests/street_stories/watson/northside_industrial_district/sts_wat_nid_06/sts_wat_nid_06/locate_data_drive/area_shard	gameJournalQuestMapPin	Mappins.QuestStaticMappinDefinition		
mappin	-1510.555	2926.28	12.322	quests/street_stories/watson/northside_industrial_district/sts_wat_nid_05/sts_wat_nid_05/steal_recording/steal_recording_mp	gameJournalQuestMapPin	Mappins.QuestStaticMappinDefinition		
mappin	-1505.091	2922.463	11.24	quests/street_stories/watson/northside_industrial_district/sts_wat_nid_05/sts_wat_nid_05/steal_recording/find_recording_mp	gameJournalQuestMapPin	Mappins.QuestStaticMappinDefinition		
mappin	-1489.741	2920.409	7.23	quests/street_stories/watson/northside_industrial_district/sts_wat_nid_05/sts_wat_nid_05/escape_clinic/escape_clinic_mp	gameJournalQuestMapPin	Mappins.QuestStaticMappinDefinition		
mappin	-1489.741	2920.409	7.23	quests/street_stories/watson/northside_industrial_district/sts_wat_nid_05/sts_wat_nid_05/get_to_clinic/get_to_clinic_mp	gameJournalQuestMapPin	Mappins.QuestStaticMappinDefinition		
mappin	-1505.091	2922.463	11.24	quests/street_stories/watson/northside_industrial_district/sts_wat_nid_05/sts_wat_nid_05/find_recording/find_recording_mp	gameJournalQuestMapPin	Mappins.QuestStaticMappinDefinition		
mappin	-1665.484	2020.713	18.179	quests/street_stories/watson/northside_industrial_district/sts_wat_nid_02/sts_wat_nid_02/info/van	gameJournalQuestMapPin	Mappins.QuestStaticMappinDefinition		
mappin	-1665.484	2020.713	18.179	quests/street_stories/watson/northside_industrial_district/sts_wat_nid_02/sts_wat_nid_02/inside/warehouse	gameJournalQuestMapPin	Mappins.QuestStaticMappinDefinition		
mappin	-1678.681	2011.457	16.289	quests/street_stories/watson/northside_industrial_district/sts_wat_nid_02/sts_wat_nid_02/get_into/truck	gameJournalQuestMapPin	Mappins.QuestDynamicMappinDefinition		
mappin	-1312.553	2305.52	6.766	quests/street_stories/watson/northside_industrial_district/sts_wat_nid_02/sts_wat_nid_02/convey/nomads	gameJournalQuestMapPin	Mappins.QuestStaticMappinDefinition		
mappin	-1321.736	2320.951	6.766	quests/street_stories/watson/northside_industrial_district/sts_wat_nid_02/sts_wat_nid_02/convey/nomads1	gameJournalQuestMapPin	Mappins.QuestStaticMappinDefinition		
mappin	-1382.437	2370.449	6.782	quests/street_stories/watson/northside_industrial_district/sts_wat_nid_02/sts_wat_nid_02/convey/nomads2	gameJournalQuestMapPin	Mappins.QuestStaticMappinDefinition		
mappin	-1681.365	1994.466	23.161	quests/street_stories/watson/northside_industrial_district/sts_wat_nid_02/sts_wat_nid_02/get_authorization/computer	gameJournalQuestMapPin	Mappins.QuestStaticMappinDefinition		
mappin	-1666.306	2020.793	18.179	quests/street_stories/watson/northside_industrial_district/sts_wat_nid_02/sts_wat_nid_02/find_the_van/warehouse	gameJournalQuestMapPin	Mappins.QuestStaticMappinDefinition		
mappin	-1312.553	2305.52	6.766	quests/street_stories/watson/northside_industrial_district/sts_wat_nid_02/sts_wat_nid_02/get_out/area	gameJournalQuestMapPin	Mappins.QuestStaticMappinDefinition		
mappin	-1810.228	2169.667	18.15	quests/street_stories/watson/northside_industrial_district/sts_wat_nid_02/sts_wat_nid_02/get_reward/droppoint	gameJournalQuestMapPin	Mappins.QuestStaticMappinDefinition		
mappin	-1319.35	2317.402	6.742	quests/street_stories/watson/northside_industrial_district/sts_wat_nid_02/sts_wat_nid_02/get_out1/area	gameJournalQuestMapPin	Mappins.QuestStaticMappinDefinition		
mappin	-1841.842	2276.806	17.315	quests/street_stories/watson/northside_industrial_district/sts_wat_nid_12/sts_wat_nid_12/get_to_max/mp_max_jones	gameJournalQuestMapPin	Mappins.QuestDynamicMappinDefinition		
mappin	-1841.842	2276.806	17.315	quests/street_stories/watson/northside_industrial_district/sts_wat_nid_12/sts_wat_nid_12/confront_max/mp_max_jones	gameJournalQuestMapPin	Mappins.QuestDynamicMappinDefinition		
mappin	-1841.842	2276.806	17.315	quests/street_stories/watson/northside_industrial_district/sts_wat_nid_12/sts_wat_nid_12/escort_max/mp_max_jones	gameJournalQuestMapPin	Mappins.QuestDynamicMappinDefinition		
mappin	-1839.12	2303.609	20.63	quests/street_stories/watson/northside_industrial_district/sts_wat_nid_12/sts_wat_nid_12/escort_max/mp_fixer_car	gameJournalQuestMapPin	Mappins.QuestStaticMappinDefinition		
mappin	-1841.842	2276.806	17.315	quests/street_stories/watson/northside_industrial_district/sts_wat_nid_12/sts_wat_nid_12/carry_max/mp_max_jones	gameJournalQuestMapPin	Mappins.QuestDynamicMappinDefinition		
mappin	-1839.12	2303.609	20.63	quests/street_stories/watson/northside_industrial_district/sts_wat_nid_12/sts_wat_nid_12/carry_max/mp_fixer_car	gameJournalQuestMapPin	Mappins.QuestStaticMappinDefinition		
mappin	-1847.374	2260.54	18.26	quests/street_stories/watson/northside_industrial_district/sts_wat_nid_12/sts_wat_nid_12/get_inside_building/mp_first_room	gameJournalQuestMapPin	Mappins.QuestStaticMappinDefinition		
mappin	-1841.842	2276.806	17.315	quests/street_stories/watson/northside_industrial_district/sts_wat_nid_12/sts_wat_nid_12/max_trunk/mp_max_jones	gameJournalQuestMapPin	Mappins.QuestDynamicMappinDefinition		
mappin	-1832.242	2260.625	22.241	quests/street_stories/watson/northside_industrial_district/sts_wat_nid_12/sts_wat_nid_12/find_max/mp_first_room	gameJournalQuestMapPin	Mappins.QuestStaticMappinDefinition		
mappin	-1810.228	2169.667	18.15	quests/street_stories/watson/northside_industrial_district/sts_wat_nid_12/sts_wat_nid_12/collect_reward/mappin	gameJournalQuestMapPin	Mappins.QuestStaticMappinDefinition		
mappin	-1829.5	2245.5	18.19	quests/street_stories/watson/northside_industrial_district/sts_wat_nid_12/sts_wat_nid_12/leave/area	gameJournalQuestMapPin	Mappins.QuestStaticMappinDefinition		
mappin	-897.535	2364.221	53.134	quests/street_stories/watson/northside_industrial_district/sts_wat_nid_07/sts_wat_nid_07/find_terminal/mp_server_room	gameJournalQuestMapPin	Mappins.QuestStaticMappinDefinition		
mappin	-907.297	2363.545	58.283	quests/street_stories/watson/northside_industrial_district/sts_wat_nid_07/sts_wat_nid_07/decide_what_with_recording/mp_terminal	gameJournalQuestMapPin	Mappins.QuestStaticMappinDefinition		
mappin	-616.096	2624.048	59.09	quests/street_stories/watson/northside_industrial_district/sts_wat_nid_07/sts_wat_nid_07/deliver_recording/mp_aaron	gameJournalQuestMapPin	Mappins.QuestStaticMappinDefinition		
mappin	-612.09	2623.584	53.562	quests/street_stories/watson/northside_industrial_district/sts_wat_nid_07/sts_wat_nid_07/deliver_recording/mp_aaron1	gameJournalQuestMapPin	Mappins.QuestDynamicMappinDefinition		
mappin	-612.09	2623.584	53.562	quests/street_stories/watson/northside_industrial_district/sts_wat_nid_07/sts_wat_nid_07/kill_aaron/mp_aaron	gameJournalQuestMapPin	Mappins.QuestDynamicMappinDefinition		
mappin	-896.51	2363.553	53.015	quests/street_stories/watson/northside_industrial_district/sts_wat_nid_07/sts_wat_nid_07/get_to_warehouse/mp_warehouse	gameJournalQuestMapPin	Mappins.QuestStaticMappinDefinition		
mappin	-1225.73	2278.273	7.046	quests/street_stories/watson/northside_industrial_district/sts_wat_nid_01/sts_wat_nid_01/main/hal	gameJournalQuestMapPin	Mappins.QuestStaticMappinDefinition		
mappin	-1215.24	2271.68	6.97	quests/street_stories/watson/northside_industrial_district/sts_wat_nid_01/sts_wat_nid_01/enter/workshop	gameJournalQuestMapPin	Mappins.QuestStaticMappinDefinition		
mappin	-1231.521	2281.042	5.631	quests/street_stories/watson/northside_industrial_district/sts_wat_nid_01/sts_wat_nid_01/kill/psycho	gameJournalQuestMapPin	Mappins.QuestDynamicMappinDefinition		
mappin	-1220.5	2278.02	6.97	quests/street_stories/watson/northside_industrial_district/sts_wat_nid_01/sts_wat_nid_01/find/hal	gameJournalQuestMapPin	Mappins.QuestStaticMappinDefinition		
mappin	-1188.688	2270.994	11.28	quests/street_stories/watson/northside_industrial_district/sts_wat_nid_01/sts_wat_nid_01/hack/mappin_bex	gameJournalQuestMapPin	Mappins.QuestStaticMappinDefinition		
mappin	-1379.626	1262.08	123.165	quests/street_stories/watson/watson_reward/watson_reward/get_reward/stash	gameJournalQuestMapPin	Mappins.QuestStaticMappinDefinition		
mappin	-71.758	-298.314	-1.494	quests/street_stories/wesbrook/charter_hill/sts_wbr_hil_07/sts_wbr_hil_07/get_to_drainage_serwers/sewer	gameJournalQuestMapPin	Mappins.QuestStaticMappinDefinition		
mappin	-56.397	-276.92	3.492	quests/street_stories/wesbrook/charter_hill/sts_wbr_hil_07/sts_wbr_hil_07/call_fixer/casino	gameJournalQuestMapPin	Mappins.QuestStaticMappinDefinition		
mappin	-12.979	-297.141	8.218	quests/street_stories/wesbrook/charter_hill/sts_wbr_hil_07/sts_wbr_hil_07/drop_wallet/mappin	gameJournalQuestMapPin	Mappins.QuestStaticMappinDefinition		
mappin	-51.654	-276.993	2.009	quests/street_stories/wesbrook/charter_hill/sts_wbr_hil_07/sts_wbr_hil_07/get_to_vortex_den/den	gameJournalQuestMapPin	Mappins.QuestStaticMappinDefinition		
mappin	-71.758	-291.651	2.402	quests/street_stories/wesbrook/charter_hill/sts_wbr_hil_07/sts_wbr_hil_07/scan/vortex	gameJournalQuestMapPin	Mappins.QuestDynamicMappinDefinition		
mappin	-67.121	-295.453	-1.449	quests/street_stories/wesbrook/charter_hill/sts_wbr_hil_07/sts_wbr_hil_07/get_in/casino	gameJournalQuestMapPin	Mappins.QuestStaticMappinDefinition		
mappin	-46.048	59.862	14.663	quests/street_stories/wesbrook/charter_hill/sts_wbr_hil_01/sts_wbr_hil_01/drop_point/droppoint	gameJournalQuestMapPin	Mappins.QuestStaticMappinDefinition		
mappin	-8.744	25.356	14.852	quests/street_stories/wesbrook/charter_hill/sts_wbr_hil_01/sts_wbr_hil_01/go_to_councilman_apartment/building	gameJournalQuestMapPin	Mappins.QuestStaticMappinDefinition		
mappin	11.465	20.978	136.818	quests/street_stories/wesbrook/charter_hill/sts_wbr_hil_01/sts_wbr_hil_01/go_to_the_top_floor/top_floor	gameJournalQuestMapPin	Mappins.QuestStaticMappinDefinition		
mappin	14.212	19.141	15.362	quests/street_stories/wesbrook/charter_hill/sts_wbr_hil_01/sts_wbr_hil_01/go_to_the_top_floor/elevator	gameJournalQuestMapPin	Mappins.QuestStaticMappinDefinition		
mappin	-10.58	26.871	14.843	quests/street_stories/wesbrook/charter_hill/sts_wbr_hil_01/sts_wbr_hil_01/escape/escape	gameJournalQuestMapPin	Mappins.QuestStaticMappinDefinition		
mappin	22.394	4.726	139.702	quests/street_stories/wesbrook/charter_hill/sts_wbr_hil_01/sts_wbr_hil_01/take_dps/dps	gameJournalQuestMapPin	Mappins.QuestStaticMappinDefinition		
mappin	19.217	4.513	138.894	quests/street_stories/wesbrook/charter_hill/sts_wbr_hil_01/sts_wbr_hil_01/find/room	gameJournalQuestMapPin	Mappins.QuestStaticMappinDefinition		
mappin	436.608	-435.268	2.639	quests/street_stories/wesbrook/charter_hill/sts_wbr_hil_06/sts_wbr_hil_06/get_inside/parking	gameJournalQuestMapPin	Mappins.QuestStaticMappinDefinition		
mappin	414.242	-440.867	2.975	quests/street_stories/wesbrook/charter_hill/sts_wbr_hil_06/sts_wbr_hil_06/take_car/carr	gameJournalQuestMapPin	Mappins.QuestDynamicMappinDefinition		
mappin	436.608	-435.268	2.639	quests/street_stories/wesbrook/charter_hill/sts_wbr_hil_06/sts_wbr_hil_06/take_car/garage	gameJournalQuestMapPin	Mappins.QuestStaticMappinDefinition		
mappin	432.412	-398.465	7.502	quests/street_stories/wesbrook/charter_hill/sts_wbr_hil_06/sts_wbr_hil_06/escape/escape	gameJournalQuestMapPin	Mappins.QuestStaticMappinDefinition		
mappin	414.242	-440.867	2.975	quests/street_stories/wesbrook/charter_hill/sts_wbr_hil_06/sts_wbr_hil_06/get_back_car/car	gameJournalQuestMapPin	Mappins.QuestDynamicMappinDefinition		
mappin	413.564	-427.12	3.048	quests/street_stories/wesbrook/charter_hill/sts_wbr_hil_06/sts_wbr_hil_06/retrieve_bootleg/bootleg	gameJournalQuestMapPin	Mappins.QuestStaticMappinDefinition		
mappin	-188.654	-105.365	16.825	quests/street_stories/wesbrook/charter_hill/sts_wbr_hil_06/sts_wbr_hil_06/deliver_bootleg/client	gameJournalQuestMapPin	Mappins.QuestDynamicMappinDefinition		
mappin	-148.787	-109.648	9.49	quests/street_stories/wesbrook/charter_hill/sts_wbr_hil_06/sts_wbr_hil_06/deliver_car/parking_spot	gameJournalQuestMapPin	Mappins.QuestStaticMappinDefinition		
mappin	-154.61	-113.83	6.96	quests/street_stories/wesbrook/charter_hill/sts_wbr_hil_06/sts_wbr_hil_06/deliver_car/parking_spot_02	gameJournalQuestMapPin	Mappins.QuestStaticMappinDefinition		
mappin	-223.759	-9.699	8.199	quests/street_stories/wesbrook/charter_hill/sts_wbr_hil_06/sts_wbr_hil_06/get_reward/droppoint	gameJournalQuestMapPin	Mappins.QuestStaticMappinDefinition		
mappin	416.38	-427.8	3.05	quests/street_stories/wesbrook/charter_hill/sts_wbr_hil_06/sts_wbr_hil_06/find_bootleg/garage	gameJournalQuestMapPin	Mappins.QuestStaticMappinDefinition		
mappin	-169.154	-106.943	14.48	quests/street_stories/wesbrook/charter_hill/sts_wbr_hil_06/sts_wbr_hil_06/get_out_from_dan/area	gameJournalQuestMapPin	Mappins.QuestStaticMappinDefinition		
mappin	-783.553	977.604	16.21	quests/street_stories/wesbrook/japan_town/sts_wbr_jpn_12/sts_wbr_jpn_12/get_into_ozzies_apartment/mappin_inside_the_apartment	gameJournalQuestMapPin	Mappins.QuestStaticMappinDefinition		
mappin	-785.926	985.957	16.211	quests/street_stories/wesbrook/japan_town/sts_wbr_jpn_12/sts_wbr_jpn_12/search_the_apartment_for_evidence/area_mappin_inside_the_apartment	gameJournalQuestMapPin	Mappins.QuestStaticMappinDefinition		
mappin	-364.694	492.48	18.208	quests/street_stories/wesbrook/japan_town/sts_wbr_jpn_12/sts_wbr_jpn_12/go_to_bd_bar/bd_bar_mappin	gameJournalQuestMapPin	Mappins.QuestStaticMappinDefinition		
mappin	-364.211	490.913	18.1	quests/street_stories/wesbrook/japan_town/sts_wbr_jpn_12/sts_wbr_jpn_12/secure_evidence_in_bd_bar/area_bd_bar_mappin	gameJournalQuestMapPin	Mappins.QuestStaticMappinDefinition		
mappin	-333.036	664.875	50.312	quests/street_stories/wesbrook/japan_town/sts_wbr_jpn_12/sts_wbr_jpn_12/leave_device_in_droppoint/mappin	gameJournalQuestMapPin	Mappins.QuestStaticMappinDefinition		
mappin	-391.079	489.359	18.01	quests/street_stories/wesbrook/japan_town/sts_wbr_jpn_12/sts_wbr_jpn_12/retrive_corpo_cracker/corpo_cracker	gameJournalQuestMapPin	Mappins.QuestStaticMappinDefinition		
mappin	-784.76	989.1	12.24	quests/street_stories/wesbrook/japan_town/sts_wbr_jpn_12/sts_wbr_jpn_12/get_to_the_apartment_block/apartment_block	gameJournalQuestMapPin	Mappins.QuestStaticMappinDefinition		
mappin	-375.481	507.73	30.203	quests/street_stories/wesbrook/japan_town/sts_wbr_jpn_12/sts_wbr_jpn_12/escape/bar	gameJournalQuestMapPin	Mappins.QuestStaticMappinDefinition		
mappin	-783.783	979.392	17.79	quests/street_stories/wesbrook/japan_town/sts_wbr_jpn_12/sts_wbr_jpn_12/use_code/terminal	gameJournalQuestMapPin	Mappins.QuestStaticMappinDefinition		
mappin	-364.694	492.48	18.208	quests/street_stories/wesbrook/japan_town/sts_wbr_jpn_12/sts_wbr_jpn_12/get_to_the_comples/area_complex	gameJournalQuestMapPin	Mappins.QuestStaticMappinDefinition		
mappin	-785.926	985.957	16.211	quests/street_stories/wesbrook/japan_town/sts_wbr_jpn_12/sts_wbr_jpn_12/find_the_way/apartment	gameJournalQuestMapPin	Mappins.QuestStaticMappinDefinition		
mappin	-784.428	981.384	16.211	quests/street_stories/wesbrook/japan_town/sts_wbr_jpn_12/sts_wbr_jpn_12/search_the_secret_room/secret_room	gameJournalQuestMapPin	Mappins.QuestStaticMappinDefinition		
mappin	-379.858	1444.389	33.56	quests/street_stories/wesbrook/japan_town/sts_wbr_jpn_09/sts_wbr_jpn_09/talk_with_netrunner/mp_netrunner	gameJournalQuestMapPin	Mappins.QuestDynamicMappinDefinition		
mappin	-379.858	1444.389	33.56	quests/street_stories/wesbrook/japan_town/sts_wbr_jpn_09/sts_wbr_jpn_09/say_that_youre_ready/mp_netrunner	gameJournalQuestMapPin	Mappins.QuestDynamicMappinDefinition		
mappin	-373.855	1377.418	41.199	quests/street_stories/wesbrook/japan_town/sts_wbr_jpn_09/sts_wbr_jpn_09/defeat_enemies/enemy1c1	gameJournalQuestMapPin	Mappins.QuestDynamicMappinDefinition		
mappin	-373.855	1377.418	41.199	quests/street_stories/wesbrook/japan_town/sts_wbr_jpn_09/sts_wbr_jpn_09/defeat_enemies/enemy1c2	gameJournalQuestMapPin	Mappins.QuestDynamicMappinDefinition		
mappin	-373.855	1377.418	41.199	quests/street_stories/wesbrook/japan_town/sts_wbr_jpn_09/sts_wbr_jpn_09/defeat_enemies/enemy2c1	gameJournalQuestMapPin	Mappins.QuestDynamicMappinDefinition		
mappin	-373.855	1377.418	41.199	quests/street_stories/wesbrook/japan_town/sts_wbr_jpn_09/sts_wbr_jpn_09/defeat_enemies/enemy2c2	gameJournalQuestMapPin	Mappins.QuestDynamicMappinDefinition		
mappin	-337.267	1226.676	61.755	quests/street_stories/wesbrook/japan_town/sts_wbr_jpn_09/sts_wbr_jpn_09/protect_car/enemy01	gameJournalQuestMapPin	Mappins.QuestDynamicMappinDefinition		
mappin	-337.267	1226.676	61.755	quests/street_stories/wesbrook/japan_town/sts_wbr_jpn_09/sts_wbr_jpn_09/protect_car/enemy02	gameJournalQuestMapPin	Mappins.QuestDynamicMappinDefinition		
mappin	-542.374	1501.217	42.562	quests/street_stories/wesbrook/japan_town/sts_wbr_jpn_09/sts_wbr_jpn_09/protect_car/enemy03	gameJournalQuestMapPin	Mappins.QuestDynamicMappinDefinition		
mappin	-542.374	1501.217	42.562	quests/street_stories/wesbrook/japan_town/sts_wbr_jpn_09/sts_wbr_jpn_09/protect_car/enemy04	gameJournalQuestMapPin	Mappins.QuestDynamicMappinDefinition		
mappin	-273.076	1531.268	42.401	quests/street_stories/wesbrook/japan_town/sts_wbr_jpn_09/sts_wbr_jpn_09/protect_car/enemy05	gameJournalQuestMapPin	Mappins.QuestDynamicMappinDefinition		
mappin	-273.076	1531.268	42.401	quests/street_stories/wesbrook/japan_town/sts_wbr_jpn_09/sts_wbr_jpn_09/protect_car/enemy06	gameJournalQuestMapPin	Mappins.QuestDynamicMappinDefinition		
mappin	-379.858	1444.389	33.56	quests/street_stories/wesbrook/japan_town/sts_wbr_jpn_09/sts_wbr_jpn_09/get_into_car/mp_netrunner	gameJournalQuestMapPin	Mappins.QuestStaticMappinDefinition		
mappin	-376.555	1445.528	34.655	quests/street_stories/wesbrook/japan_town/sts_wbr_jpn_09/sts_wbr_jpn_09/go_to_parking_lot/mp_parking	gameJournalQuestMapPin	Mappins.QuestStaticMappinDefinition		
mappin	-376.555	1445.528	34.655	quests/street_stories/wesbrook/japan_town/sts_wbr_jpn_09/sts_wbr_jpn_09/back_to_meet_point/mp_parking	gameJournalQuestMapPin	Mappins.QuestStaticMappinDefinition		
mappin	28.776	1554.87	131.705	quests/street_stories/wesbrook/japan_town/sts_wbr_jpn_03/sts_wbr_jpn_03/plant_bug_in_honden/install_virus_mp	gameJournalQuestMapPin	Mappins.QuestStaticMappinDefinition		
mappin	38.293	1612.017	124.717	quests/street_stories/wesbrook/japan_town/sts_wbr_jpn_03/sts_wbr_jpn_03/escape_shrone/escape_shrine_mp	gameJournalQuestMapPin	Mappins.QuestStaticMappinDefinition		
mappin	29.551	1562.155	130.317	quests/street_stories/wesbrook/japan_town/sts_wbr_jpn_03/sts_wbr_jpn_03/find_way_in/find_way_in_mp	gameJournalQuestMapPin	Mappins.QuestStaticMappinDefinition		
mappin	-623.68	1191.463	34.263	quests/street_stories/wesbrook/japan_town/sts_wbr_jpn_03/sts_wbr_jpn_03/get_special_reward/get_special_reward_mp	gameJournalQuestMapPin	Mappins.QuestStaticMappinDefinition		
mappin	-253.52	1642.634	33.117	quests/street_stories/wesbrook/japan_town/sts_wbr_jpn_02/sts_wbr_jpn_02/get_to_the_basement/bill_location_mp	gameJournalQuestMapPin	Mappins.QuestStaticMappinDefinition		
mappin	-255.187	1640.109	32.152	quests/street_stories/wesbrook/japan_town/sts_wbr_jpn_02/sts_wbr_jpn_02/rescue_bill1/bill_mp	gameJournalQuestMapPin	Mappins.QuestDynamicMappinDefinition		
mappin	-272.014	1618.704	41.408	quests/street_stories/wesbrook/japan_town/sts_wbr_jpn_02/sts_wbr_jpn_02/escape_workshop_with_bill/escape_place_mp	gameJournalQuestMapPin	Mappins.QuestStaticMappinDefinition		
mappin	-255.187	1640.109	32.152	quests/street_stories/wesbrook/japan_town/sts_wbr_jpn_02/sts_wbr_jpn_02/tell_lauren_to_get_to_car/tell_lauren_to_get_to_car_mp	gameJournalQuestMapPin	Mappins.QuestDynamicMappinDefinition		
mappin	-268.232	1629.969	33.2	quests/street_stories/wesbrook/japan_town/sts_wbr_jpn_02/sts_wbr_jpn_02/find_way_inside/find_way_inside_mp	gameJournalQuestMapPin	Mappins.QuestStaticMappinDefinition		
mappin	-272.014	1618.704	41.408	quests/street_stories/wesbrook/japan_town/sts_wbr_jpn_02/sts_wbr_jpn_02/get_inside/arae_mappin	gameJournalQuestMapPin	Mappins.QuestStaticMappinDefinition		
mappin	-501.466	583.909	26.712	quests/street_stories/wesbrook/japan_town/sts_wbr_jpn_05/sts_wbr_jpn_05/way/lab	gameJournalQuestMapPin	Mappins.QuestStaticMappinDefinition		
mappin	-494.786	592.128	31.3	quests/street_stories/wesbrook/japan_town/sts_wbr_jpn_05/sts_wbr_jpn_05/door/door	gameJournalQuestMapPin	Mappins.QuestStaticMappinDefinition		
mappin	-490.911	586.309	31.382	quests/street_stories/wesbrook/japan_town/sts_wbr_jpn_05/sts_wbr_jpn_05/escape/escape	gameJournalQuestMapPin	Mappins.QuestStaticMappinDefinition		
mappin	-484.039	585.508	26.812	quests/street_stories/wesbrook/japan_town/sts_wbr_jpn_05/sts_wbr_jpn_05/shard/basement	gameJournalQuestMapPin	Mappins.QuestStaticMappinDefinition		
mappin	-501.466	583.909	26.712	quests/street_stories/wesbrook/japan_town/sts_wbr_jpn_05/sts_wbr_jpn_05/investigate/basement	gameJournalQuestMapPin	Mappins.QuestStaticMappinDefinition		
mappin	-480.854	585.324	27.894	quests/street_stories/wesbrook/japan_town/sts_wbr_jpn_05/sts_wbr_jpn_05/take_shard/shard	gameJournalQuestMapPin	Mappins.QuestStaticMappinDefinition		
mappin	-501.466	583.909	26.712	quests/street_stories/wesbrook/japan_town/sts_wbr_jpn_05/sts_wbr_jpn_05/lights/basement	gameJournalQuestMapPin	Mappins.QuestStaticMappinDefinition		
mappin	-490.911	586.309	31.382	quests/street_stories/wesbrook/japan_town/sts_wbr_jpn_05/sts_wbr_jpn_05/leave_the_area/area	gameJournalQuestMapPin	Mappins.QuestStaticMappinDefinition		
mappin	-565.681	689.381	34.545	quests/street_stories/wesbrook/japan_town/sts_wbr_jpn_01/sts_wbr_jpn_01/meet/sergei	gameJournalQuestMapPin	Mappins.QuestStaticMappinDefinition		
mappin	-564.047	698.287	35.225	quests/street_stories/wesbrook/japan_town/sts_wbr_jpn_01/sts_wbr_jpn_01/get_inside/gift_car	gameJournalQuestMapPin	Mappins.QuestStaticMappinDefinition		
mappin	-467.56	1394.931	36.961	quests/street_stories/wesbrook/japan_town/sts_wbr_jpn_01/sts_wbr_jpn_01/drive/diner_parking	gameJournalQuestMapPin	Mappins.QuestStaticMappinDefinition		
mappin	-571.14	694.052	34.545	quests/street_stories/wesbrook/japan_town/sts_wbr_jpn_01/sts_wbr_jpn_01/drive/car	gameJournalQuestMapPin	Mappins.QuestDynamicMappinDefinition		
mappin	-571.14	694.052	34.545	quests/street_stories/wesbrook/japan_town/sts_wbr_jpn_01/sts_wbr_jpn_01/check/gift_car	gameJournalQuestMapPin	Mappins.QuestDynamicMappinDefinition		
mappin	-470.503	1382.479	37.288	quests/street_stories/wesbrook/japan_town/sts_wbr_jpn_01/sts_wbr_jpn_01/talk/talk_mp	gameJournalQuestMapPin	Mappins.QuestDynamicMappinDefinition		
mappin	-561.928	691.196	35.464	quests/street_stories/wesbrook/japan_town/sts_wbr_jpn_01/sts_wbr_jpn_01/get_inside_garage/garage	gameJournalQuestMapPin	Mappins.QuestStaticMappinDefinition		
mappin	-567.805	691.791	34.545	quests/street_stories/wesbrook/japan_town/sts_wbr_jpn_01/sts_wbr_jpn_01/talk_sergei/sergei	gameJournalQuestMapPin	Mappins.QuestDynamicMappinDefinition		
mappin	-569.479	692.909	34.545	quests/street_stories/wesbrook/japan_town/sts_wbr_jpn_01/sts_wbr_jpn_01/talk_bound/alex	gameJournalQuestMapPin	Mappins.QuestDynamicMappinDefinition		
mappin	-460.772	1393.495	35.338	quests/street_stories/wesbrook/japan_town/sts_wbr_jpn_01/sts_wbr_jpn_01/leave_diner/diner_area	gameJournalQuestMapPin	Mappins.QuestStaticMappinDefinition		
mappin	-470.174	1377.242	37.488	quests/street_stories/wesbrook/japan_town/sts_wbr_jpn_01/sts_wbr_jpn_01/leave_car_gift/car_gift	gameJournalQuestMapPin	Mappins.QuestStaticMappinDefinition		
mappin	-459.852	1385.935	33.308	quests/street_stories/wesbrook/japan_town/sts_wbr_jpn_01/sts_wbr_jpn_01/defeat_tc/diner_area	gameJournalQuestMapPin	Mappins.QuestStaticMappinDefinition		
mappin	-571.14	694.052	34.545	quests/street_stories/wesbrook/japan_town/sts_wbr_jpn_01/sts_wbr_jpn_01/open_trunk/sergeis_car	gameJournalQuestMapPin	Mappins.QuestDynamicMappinDefinition		
mappin	-470.174	1377.242	37.488	quests/street_stories/wesbrook/japan_town/sts_wbr_jpn_01/sts_wbr_jpn_01/park/parking_spot	gameJournalQuestMapPin	Mappins.QuestStaticMappinDefinition		
mappin	-569.479	692.909	34.545	quests/street_stories/wesbrook/japan_town/sts_wbr_jpn_01/sts_wbr_jpn_01/free_alex/alex	gameJournalQuestMapPin	Mappins.QuestDynamicMappinDefinition		
mappin	-569.479	692.909	34.545	quests/street_stories/wesbrook/japan_town/sts_wbr_jpn_01/sts_wbr_jpn_01/talk_with_alex/alex	gameJournalQuestMapPin	Mappins.QuestDynamicMappinDefinition		
mappin	-1379.626	1262.08	123.165	quests/street_stories/wesbrook/westbrook_reward/westbrook_reward/get_reward/stash	gameJournalQuestMapPin	Mappins.QuestStaticMappinDefinition		
mappin	-2499.333	-285.522	8.269	quests/vehicle_metaquest/villefort_cortes/villefort_cortes/buy/vehicle	gameJournalQuestMapPin	Mappins.QuestStaticMappinDefinition		
mappin	1648.35	-756.23	50.321	quests/vehicle_metaquest/tier4/tier4/buy/vehicle	gameJournalQuestMapPin	Mappins.QuestStaticMappinDefinition		
mappin	-1732.739	-123.45	8.031	quests/vehicle_metaquest/tier4/tier4/buy1/vehicle	gameJournalQuestMapPin	Mappins.QuestStaticMappinDefinition		
mappin	-1857.92	-934.7	7.95	quests/vehicle_metaquest/tier4/tier4/buy2/vehicle	gameJournalQuestMapPin	Mappins.QuestStaticMappinDefinition		
mappin	-1386.929	1273.537	124.404	quests/vehicle_metaquest/tier4/tier4/use_website/watson_computer	gameJournalQuestMapPin	Mappins.QuestStaticMappinDefinition		
mappin	-1504.969	2233.499	23.411	quests/vehicle_metaquest/tier4/tier4/use_website/cct_computer2	gameJournalQuestMapPin	Mappins.QuestStaticMappinDefinition		
mappin	-787.346	970.82	29.605	quests/vehicle_metaquest/tier4/tier4/use_website/cct_computer3	gameJournalQuestMapPin	Mappins.QuestStaticMappinDefinition		
mappin	89.55	810.15	129.325	quests/vehicle_metaquest/tier8/tier8/buy/vehicle	gameJournalQuestMapPin	Mappins.QuestStaticMappinDefinition		
mappin	-2444.299	-19.526	4.446	quests/vehicle_metaquest/tier8/tier8/buy1/vehicle	gameJournalQuestMapPin	Mappins.QuestStaticMappinDefinition		
mappin	-1386.929	1273.537	124.404	quests/vehicle_metaquest/tier8/tier8/use_website/watson_computer	gameJournalQuestMapPin	Mappins.QuestStaticMappinDefinition		
mappin	-1504.969	2233.499	23.411	quests/vehicle_metaquest/tier8/tier8/use_website/cct_computer2	gameJournalQuestMapPin	Mappins.QuestStaticMappinDefinition		
mappin	-787.346	970.82	29.605	quests/vehicle_metaquest/tier8/tier8/use_website/cct_computer3	gameJournalQuestMapPin	Mappins.QuestStaticMappinDefinition		
mappin	-353.761	1477.357	36.073	quests/vehicle_metaquest/yaiba_kusanagi/yaiba_kusanagi/buy/vehicle	gameJournalQuestMapPin	Mappins.QuestStaticMappinDefinition		
mappin	-1857.92	-934.7	7.95	quests/vehicle_metaquest/villefort_alvarado/villefort_alvarado/buy/vehicle	gameJournalQuestMapPin	Mappins.QuestStaticMappinDefinition		
mappin	-461.305	-998.85	7.796	quests/vehicle_metaquest/thorton_mackinaw/thorton_mackinaw/buy/vehicle	gameJournalQuestMapPin	Mappins.QuestStaticMappinDefinition		
mappin	-461.305	-998.85	7.796	quests/vehicle_metaquest/tier3/tier3/buy/vehicle	gameJournalQuestMapPin	Mappins.QuestStaticMappinDefinition		
mappin	-2414.375	-974.965	8.34	quests/vehicle_metaquest/tier3/tier3/buy1/vehicle	gameJournalQuestMapPin	Mappins.QuestStaticMappinDefinition		
mappin	-415.798	-1227.744	7.137	quests/vehicle_metaquest/tier3/tier3/buy2/vehicle	gameJournalQuestMapPin	Mappins.QuestStaticMappinDefinition		
mappin	-828.102	-106.163	7.865	quests/vehicle_metaquest/tier3/tier3/buy3/vehicle	gameJournalQuestMapPin	Mappins.QuestStaticMappinDefinition		
mappin	-1386.929	1273.537	124.404	quests/vehicle_metaquest/tier3/tier3/use_website/watson_computer	gameJournalQuestMapPin	Mappins.QuestStaticMappinDefinition		
mappin	-1504.969	2233.499	23.411	quests/vehicle_metaquest/tier3/tier3/use_website/cct_computer2	gameJournalQuestMapPin	Mappins.QuestStaticMappinDefinition		
mappin	-787.346	970.82	29.605	quests/vehicle_metaquest/tier3/tier3/use_website/cct_computer3	gameJournalQuestMapPin	Mappins.QuestStaticMappinDefinition		
mappin	-1609.2	352.32	8.546	quests/vehicle_metaquest/tier7/tier7/buy/vehicle	gameJournalQuestMapPin	Mappins.QuestStaticMappinDefinition		
mappin	-1184.82	356.428	4.893	quests/vehicle_metaquest/tier7/tier7/buy1/vehicle	gameJournalQuestMapPin	Mappins.QuestStaticMappinDefinition		
mappin	-3454.742	-4044.914	74.854	quests/vehicle_metaquest/tier7/tier7/buy2/vehicle	gameJournalQuestMapPin	Mappins.QuestStaticMappinDefinition		
mappin	-1386.929	1273.537	124.404	quests/vehicle_metaquest/tier7/tier7/use_website/watson_computer	gameJournalQuestMapPin	Mappins.QuestStaticMappinDefinition		
mappin	-1504.969	2233.499	23.411	quests/vehicle_metaquest/tier7/tier7/use_website/cct_computer2	gameJournalQuestMapPin	Mappins.QuestStaticMappinDefinition		
mappin	-787.346	970.82	29.605	quests/vehicle_metaquest/tier7/tier7/use_website/cct_computer3	gameJournalQuestMapPin	Mappins.QuestStaticMappinDefinition		
mappin	-1368.352	1314.479	41.873	quests/vehicle_metaquest/villefort_columbus/villefort_columbus/buy/vehicle	gameJournalQuestMapPin	Mappins.QuestStaticMappinDefinition		
mappin	1648.35	-756.23	50.321	quests/vehicle_metaquest/thorton_colby_nomad/thorton_colby_nomad/buy/vehicle	gameJournalQuestMapPin	Mappins.QuestStaticMappinDefinition		
mappin	3463.971	-1991.182	103.72	quests/vehicle_metaquest/thorton_galena_nomad/thorton_galena_nomad/buy/vehicle	gameJournalQuestMapPin	Mappins.QuestStaticMappinDefinition		
mappin	-152.162	-2024.78	6.292	quests/vehicle_metaquest/thorton_colby_pickup/thorton_colby_pickup/buy/vehicle	gameJournalQuestMapPin	Mappins.QuestStaticMappinDefinition		
mappin	3463.971	-1991.182	103.72	quests/vehicle_metaquest/tier5/tier5/buy/vehicle	gameJournalQuestMapPin	Mappins.QuestStaticMappinDefinition		
mappin	156.108	-1778.001	-9.715	quests/vehicle_metaquest/tier5/tier5/buy1/vehicle	gameJournalQuestMapPin	Mappins.QuestStaticMappinDefinition		
mappin	-2148.704	186.748	8.369	quests/vehicle_metaquest/tier5/tier5/buy2/vehicle	gameJournalQuestMapPin	Mappins.QuestStaticMappinDefinition		
mappin	-353.761	1477.357	36.073	quests/vehicle_metaquest/tier5/tier5/buy3/vehicle	gameJournalQuestMapPin	Mappins.QuestStaticMappinDefinition		
mappin	-1386.929	1273.537	124.404	quests/vehicle_metaquest/tier5/tier5/use_website/watson_computer	gameJournalQuestMapPin	Mappins.QuestStaticMappinDefinition		
mappin	-1504.969	2233.499	23.411	quests/vehicle_metaquest/tier5/tier5/use_website/cct_computer2	gameJournalQuestMapPin	Mappins.QuestStaticMappinDefinition		
mappin	-787.346	970.82	29.605	quests/vehicle_metaquest/tier5/tier5/use_website/cct_computer3	gameJournalQuestMapPin	Mappins.QuestStaticMappinDefinition		
mappin	-1357.54	1277.794	35.811	quests/vehicle_metaquest/thorton_galena/thorton_galena/buy/vehicle	gameJournalQuestMapPin	Mappins.QuestStaticMappinDefinition		
mappin	-2444.299	-19.526	4.446	quests/vehicle_metaquest/rayfield_caliburn/rayfield_caliburn/buy/vehicle	gameJournalQuestMapPin	Mappins.QuestStaticMappinDefinition		
mappin	-1887.584	2511.206	18.444	quests/vehicle_metaquest/thorton_colby/thorton_colby/buy/vehicle	gameJournalQuestMapPin	Mappins.QuestStaticMappinDefinition		
mappin	89.55	810.15	129.325	quests/vehicle_metaquest/rayfield_aerondight/rayfield_aerondight/buy/vehicle	gameJournalQuestMapPin	Mappins.QuestStaticMappinDefinition		
mappin	-1357.54	1277.794	35.811	quests/vehicle_metaquest/tier1/tier1/thorton_galena/vehicle	gameJournalQuestMapPin	Mappins.QuestStaticMappinDefinition		
mappin	-1185.237	2634.744	7.486	quests/vehicle_metaquest/tier1/tier1/mahir_supron/vehicle	gameJournalQuestMapPin	Mappins.QuestStaticMappinDefinition		
mappin	-1368.352	1314.479	41.873	quests/vehicle_metaquest/tier1/tier1/villefort_columbus/vehicle	gameJournalQuestMapPin	Mappins.QuestStaticMappinDefinition		
mappin	-1887.584	2511.206	18.444	quests/vehicle_metaquest/tier1/tier1/thorton_colby/vehicle	gameJournalQuestMapPin	Mappins.QuestStaticMappinDefinition		
mappin	-1386.929	1273.537	124.404	quests/vehicle_metaquest/tier1/tier1/use_website/watson_computer	gameJournalQuestMapPin	Mappins.QuestStaticMappinDefinition		
mappin	-1504.969	2233.499	23.411	quests/vehicle_metaquest/tier1/tier1/use_website/cct_computer2	gameJournalQuestMapPin	Mappins.QuestStaticMappinDefinition		
mappin	-787.346	970.82	29.605	quests/vehicle_metaquest/tier1/tier1/use_website/cct_computer3	gameJournalQuestMapPin	Mappins.QuestStaticMappinDefinition		
mappin	486.819	-404.577	6.809	quests/vehicle_metaquest/tier2/tier2/buy/vehicle	gameJournalQuestMapPin	Mappins.QuestStaticMappinDefinition		
mappin	-152.162	-2024.78	6.292	quests/vehicle_metaquest/tier2/tier2/buy1/vehicle	gameJournalQuestMapPin	Mappins.QuestStaticMappinDefinition		
mappin	-2499.333	-285.522	8.269	quests/vehicle_metaquest/tier2/tier2/buy2/vehicle	gameJournalQuestMapPin	Mappins.QuestStaticMappinDefinition		
mappin	-1386.929	1273.537	124.404	quests/vehicle_metaquest/tier2/tier2/use_website/watson_computer	gameJournalQuestMapPin	Mappins.QuestStaticMappinDefinition		
mappin	-1504.969	2233.499	23.411	quests/vehicle_metaquest/tier2/tier2/use_website/cct_computer2	gameJournalQuestMapPin	Mappins.QuestStaticMappinDefinition		
mappin	-787.346	970.82	29.605	quests/vehicle_metaquest/tier2/tier2/use_website/cct_computer3	gameJournalQuestMapPin	Mappins.QuestStaticMappinDefinition		
mappin	3642.87	-850.89	119.61	quests/vehicle_metaquest/tier6/tier6/buy/vehicle	gameJournalQuestMapPin	Mappins.QuestStaticMappinDefinition		
mappin	-21.242	1658.113	122.348	quests/vehicle_metaquest/tier6/tier6/buy1/vehicle	gameJournalQuestMapPin	Mappins.QuestStaticMappinDefinition		
mappin	172.498	-332.257	7.193	quests/vehicle_metaquest/tier6/tier6/buy2/vehicle	gameJournalQuestMapPin	Mappins.QuestStaticMappinDefinition		
mappin	-1386.929	1273.537	124.404	quests/vehicle_metaquest/tier6/tier6/use_website/watson_computer	gameJournalQuestMapPin	Mappins.QuestStaticMappinDefinition		
mappin	-1504.969	2233.499	23.411	quests/vehicle_metaquest/tier6/tier6/use_website/cct_computer2	gameJournalQuestMapPin	Mappins.QuestStaticMappinDefinition		
mappin	-787.346	970.82	29.605	quests/vehicle_metaquest/tier6/tier6/use_website/cct_computer3	gameJournalQuestMapPin	Mappins.QuestStaticMappinDefinition		
mappin	156.108	-1778.001	-9.715	quests/vehicle_metaquest/quadra_type66/quadra_type66/buy/vehicle	gameJournalQuestMapPin	Mappins.QuestStaticMappinDefinition		
mappin	486.819	-404.577	6.809	quests/vehicle_metaquest/makigai_maimai/makigai_maimai/buy/vehicle	gameJournalQuestMapPin	Mappins.QuestStaticMappinDefinition		
mappin	-3454.742	-4044.914	74.854	quests/vehicle_metaquest/quadra_type66_nomad/quadra_type66_nomad/buy/vehicle	gameJournalQuestMapPin	Mappins.QuestStaticMappinDefinition		
mappin	-1362.037	1272.108	41.862	quests/vehicle_metaquest/quadra_type66_nomad_ncu/quadra_type66_nomad_ncu/buy/vehicle	gameJournalQuestMapPin	Mappins.QuestStaticMappinDefinition		
mappin	-1386.929	1273.537	124.404	quests/vehicle_metaquest/quadra_type66_nomad_ncu/quadra_type66_nomad_ncu/use_website/watson_computer	gameJournalQuestMapPin	Mappins.QuestStaticMappinDefinition		
mappin	-1504.969	2233.499	23.411	quests/vehicle_metaquest/quadra_type66_nomad_ncu/quadra_type66_nomad_ncu/use_website/cct_computer2	gameJournalQuestMapPin	Mappins.QuestStaticMappinDefinition		
mappin	-787.346	970.82	29.605	quests/vehicle_metaquest/quadra_type66_nomad_ncu/quadra_type66_nomad_ncu/use_website/cct_computer3	gameJournalQuestMapPin	Mappins.QuestStaticMappinDefinition		
mappin	3642.87	-850.89	119.61	quests/vehicle_metaquest/mizutani_shion_nomad/mizutani_shion_nomad/buy/vehicle	gameJournalQuestMapPin	Mappins.QuestStaticMappinDefinition		
mappin	-1184.82	356.428	4.893	quests/vehicle_metaquest/herrera_outlaw/herrera_outlaw/buy/vehicle	gameJournalQuestMapPin	Mappins.QuestStaticMappinDefinition		
mappin	-2148.704	186.748	8.369	quests/vehicle_metaquest/mizutani_shion/mizutani_shion/buy/vehicle	gameJournalQuestMapPin	Mappins.QuestStaticMappinDefinition		
mappin	172.498	-332.257	7.193	quests/vehicle_metaquest/quadra_turbo/quadra_turbo/buy/vehicle	gameJournalQuestMapPin	Mappins.QuestStaticMappinDefinition		
mappin	-1609.2	352.32	8.546	quests/vehicle_metaquest/quadra_type66_avenger/quadra_type66_avenger/buy/vehicle	gameJournalQuestMapPin	Mappins.QuestStaticMappinDefinition		
mappin	-2414.375	-974.965	8.34	quests/vehicle_metaquest/chevalier_thrax/chevalier_thrax/buy/vehicle	gameJournalQuestMapPin	Mappins.QuestStaticMappinDefinition		
mappin	-415.798	-1227.744	7.137	quests/vehicle_metaquest/archer_quartz/archer_quartz/buy/vehicle	gameJournalQuestMapPin	Mappins.QuestStaticMappinDefinition		
mappin	-21.242	1658.113	122.348	quests/vehicle_metaquest/arch/arch/buy/vehicle	gameJournalQuestMapPin	Mappins.QuestStaticMappinDefinition		
mappin	-1732.739	-123.45	8.031	quests/vehicle_metaquest/chevalier_emperor/chevalier_emperor/buy/vehicle	gameJournalQuestMapPin	Mappins.QuestStaticMappinDefinition		
mappin	-1185.237	2634.744	7.486	quests/vehicle_metaquest/mahir_supron/mahir_supron/buy/vehicle	gameJournalQuestMapPin	Mappins.QuestStaticMappinDefinition		
mappin	-828.102	-106.163	7.865	quests/vehicle_metaquest/brennan_apollo/brennan_apollo/buy/vehicle	gameJournalQuestMapPin	Mappins.QuestStaticMappinDefinition		
mappin	2377.071	-787.601	66.83	quests/vehicle_metaquest/archer_bandit/archer_bandit/buy/vehicle	gameJournalQuestMapPin	Mappins.QuestStaticMappinDefinition		
mappin	2377.071	-787.601	66.83	quests/vehicle_metaquest/archer_bandit/archer_bandit/take_free/vehicle	gameJournalQuestMapPin	Mappins.QuestStaticMappinDefinition		
mappin	-1386.929	1273.537	124.404	quests/vehicle_metaquest/archer_bandit/archer_bandit/use_website/watson_computer	gameJournalQuestMapPin	Mappins.QuestStaticMappinDefinition		
mappin	-1504.969	2233.499	23.411	quests/vehicle_metaquest/archer_bandit/archer_bandit/use_website/cct_computer2	gameJournalQuestMapPin	Mappins.QuestStaticMappinDefinition		
mappin	-787.346	970.82	29.605	quests/vehicle_metaquest/archer_bandit/archer_bandit/use_website/cct_computer3	gameJournalQuestMapPin	Mappins.QuestStaticMappinDefinition		
mappin	-151.874	-1973.108	6.596	ep1/quests/main_quest/q306_reed_epilogue/00_epilogue/03_meet_reed/mp_wp	gameJournalQuestMapPin	Mappins.QuestStaticMappinDefinition		
mappin	-149.16	-1956.35	7.03	ep1/quests/main_quest/q306_reed_epilogue/00_epilogue/03a_wait_for_reed/mp_wait_reed	gameJournalQuestMapPin	Mappins.QuestStaticMappinDefinition		
mappin	-1580.417	-2338.442	57.884	ep1/quests/main_quest/q303_hands/04_mr_hands/04_talk_mr_hands/mp_door	gameJournalQuestMapPin	Mappins.QuestEntityMappinDefinition		
mappin	-1570.004	-2348.573	44.05	ep1/quests/main_quest/q303_hands/04_mr_hands/03_follow_reed/reed	gameJournalQuestMapPin	Mappins.QuestStaticMappinDefinition		
mappin	-1569.057	-2348.037	45.411	ep1/quests/main_quest/q303_hands/04_mr_hands/03a_press_the_floor/terminal	gameJournalQuestMapPin	Mappins.QuestStaticMappinDefinition		
mappin	-1614.762	-2320.054	43.039	ep1/quests/main_quest/q303_hands/04_mr_hands/04a_leave_pyramid/leave	gameJournalQuestMapPin	Mappins.QuestStaticMappinDefinition		
mappin	-1569.235	-2347.604	59.26	ep1/quests/main_quest/q303_hands/04_mr_hands/04a_leave_pyramid/lift_mp	gameJournalQuestMapPin	Mappins.QuestEntityMappinDefinition		
mappin	-1609.281	-2327.478	43.051	ep1/quests/main_quest/q303_hands/04_mr_hands/01d_go_to_pyramid/pyramid_club	gameJournalQuestMapPin	Mappins.QuestStaticMappinDefinition		
mappin	-1569.392	-2347.542	45.446	ep1/quests/main_quest/q303_hands/04_mr_hands/03b_enter_code/mp_terminal	gameJournalQuestMapPin	Mappins.QuestEntityMappinDefinition		
mappin	-2432.385	-2654.751	27.959	ep1/quests/main_quest/q303_hands/05_safehouse/01_go_nighthawks/nighthawks	gameJournalQuestMapPin	Mappins.QuestStaticMappinDefinition		
mappin	-2416.226	-2660.99	11.799	ep1/quests/main_quest/q303_hands/05_safehouse/05_gather_loot/mp_area	gameJournalQuestMapPin	Mappins.QuestStaticMappinDefinition		
mappin	-2433.021	-2670.03	28.411	ep1/quests/main_quest/q303_hands/05_safehouse/02_sit_down/mp_sit	gameJournalQuestMapPin	Mappins.QuestStaticMappinDefinition		
mappin	-2416.733	-2663.289	12.697	ep1/quests/main_quest/q303_hands/05_safehouse/05b_majesty/mp_majesty	gameJournalQuestMapPin	Mappins.QuestStaticMappinDefinition		
mappin	-2416.909	-2662.841	13.04	ep1/quests/main_quest/q303_hands/05_safehouse/05c_suit/mp_suit	gameJournalQuestMapPin	Mappins.QuestStaticMappinDefinition		
mappin	-2421.824	-2671.471	28.442	ep1/quests/main_quest/q303_hands/05_safehouse/00_wait_nighthawks/mp_wait	gameJournalQuestMapPin	Mappins.QuestStaticMappinDefinition		
mappin	-2434.265	-2646.908	29.21	ep1/quests/main_quest/q303_hands/05_safehouse/03_ride_down/mp_terminal	gameJournalQuestMapPin	Mappins.QuestStaticMappinDefinition		
mappin	-1823.142	-2711.509	72.298	ep1/quests/main_quest/q305_reed_epilogue/10_reed_finale/01_meet_reed/wait_mp	gameJournalQuestMapPin	Mappins.QuestStaticMappinDefinition		
mappin	-1823.142	-2711.509	72.298	ep1/quests/main_quest/q305_reed_epilogue/10_reed_finale/00c_wait_for_reed/wait_mp	gameJournalQuestMapPin	Mappins.QuestStaticMappinDefinition		
mappin	-1734.101	-2677.675	77.918	ep1/quests/main_quest/q306_postcontent/00_common/00_find_cache/mp_spot	gameJournalQuestMapPin	Mappins.QuestStaticMappinDefinition		
mappin	-1733.164	-2678.583	78.012	ep1/quests/main_quest/q306_postcontent/00_common/00_find_cache/mp_cache	gameJournalQuestMapPin	Mappins.QuestStaticMappinDefinition		
mappin	-1387.018	1273.514	124.302	ep1/quests/main_quest/q306_postcontent/00_common/01_listen_to_recording/mp_computer	gameJournalQuestMapPin	Mappins.QuestStaticMappinDefinition		
mappin	-1378.819	1268.519	123.065	ep1/quests/main_quest/q306_postcontent/00_common/02_place_mementos/mp_spot	gameJournalQuestMapPin	Mappins.QuestStaticMappinDefinition		
mappin	-1733.164	-2678.583	78.012	ep1/quests/main_quest/q306_postcontent/00_common/00_loot_cache/mp_cache	gameJournalQuestMapPin	Mappins.QuestStaticMappinDefinition		
mappin	-1840.863	-2291.048	439.764	ep1/quests/main_quest/q303_songbird/06_paradise_restaurant/04_follow_netrunners/mp_casino	gameJournalQuestMapPin	Mappins.QuestStaticMappinDefinition		
mappin	-1833.516	-2300.169	441.815	ep1/quests/main_quest/q303_songbird/06_paradise_restaurant/07_play_the_game/mp_table	gameJournalQuestMapPin	Mappins.QuestStaticMappinDefinition		
mappin	-1815.209	-2315.434	40.06	ep1/quests/main_quest/q303_songbird/06_paradise_restaurant/09_exit_paradise/mp_exit	gameJournalQuestMapPin	Mappins.QuestStaticMappinDefinition		
mappin	-1934.353	-2316.847	441.753	ep1/quests/main_quest/q303_songbird/06_paradise_restaurant/09_exit_paradise/mp_lift_top	gameJournalQuestMapPin	Mappins.QuestStaticMappinDefinition		
mappin	-1882.3	-2259.614	439.771	ep1/quests/main_quest/q303_songbird/06_paradise_restaurant/01b_find_netrunners/mp_net	gameJournalQuestMapPin	Mappins.QuestStaticMappinDefinition		
mappin	-1843.012	-2294.111	440.356	ep1/quests/main_quest/q303_songbird/06_paradise_restaurant/06a_join_bar/mp_bar	gameJournalQuestMapPin	Mappins.QuestStaticMappinDefinition		
mappin	-1922.437	-2314.25	439.766	ep1/quests/main_quest/q303_songbird/06_paradise_restaurant/06c_get_chips/mp_clerk	gameJournalQuestMapPin	Mappins.QuestDynamicMappinDefinition		
mappin	-1870.531	-2256.15	445.905	ep1/quests/main_quest/q303_songbird/06_paradise_restaurant/03a_get_shard/mp_shard	gameJournalQuestMapPin	Mappins.QuestStaticMappinDefinition		
mappin	-1928.475	-2313.615	44.352	ep1/quests/main_quest/q303_songbird/06_paradise_restaurant/10_talk_guards/mp_guards	gameJournalQuestMapPin	Mappins.QuestDynamicMappinDefinition		
mappin	-1815.209	-2315.434	40.06	ep1/quests/main_quest/q303_songbird/06_paradise_restaurant/11_walk_out/mp_exit	gameJournalQuestMapPin	Mappins.QuestStaticMappinDefinition		
mappin	-1928.475	-2313.615	44.352	ep1/quests/main_quest/q303_songbird/06_paradise_restaurant/11_walk_out/mp_guards	gameJournalQuestMapPin	Mappins.QuestDynamicMappinDefinition		
mappin	-1815.209	-2315.434	40.06	ep1/quests/main_quest/q303_songbird/06_paradise_restaurant/12_lobby_combat/mp_exit	gameJournalQuestMapPin	Mappins.QuestStaticMappinDefinition		
mappin	-1856.54	-2315.781	41.182	ep1/quests/main_quest/q303_songbird/06_paradise_restaurant/12_lobby_combat/mp_gates	gameJournalQuestMapPin	Mappins.QuestStaticMappinDefinition		
mappin	-1814.853	-2316.249	39.572	ep1/quests/main_quest/q303_songbird/06_paradise_restaurant/12a_leave_area/mp_area	gameJournalQuestMapPin	Mappins.QuestStaticMappinDefinition		
mappin	-1928.475	-2313.615	44.352	ep1/quests/main_quest/q303_songbird/06_paradise_restaurant/11b_talk_tech_guy/mp_soldier	gameJournalQuestMapPin	Mappins.QuestDynamicMappinDefinition		
mappin	-1922.437	-2314.25	439.766	ep1/quests/main_quest/q303_songbird/06_paradise_restaurant/09b_cash_out/mp_clerk	gameJournalQuestMapPin	Mappins.QuestDynamicMappinDefinition		
mappin	-1762.795	-2299.459	31.264	ep1/quests/main_quest/q303_songbird/06b_paradise_technical/03_enter_tunnels/mp_tunnels	gameJournalQuestMapPin	Mappins.QuestStaticMappinDefinition		
mappin	-1790.252	-2304.709	30.029	ep1/quests/main_quest/q303_songbird/06b_paradise_technical/03_enter_tunnels/mp_tunnels2	gameJournalQuestMapPin	Mappins.QuestStaticMappinDefinition		
mappin	-2436.145	-2647.96	11.8	ep1/quests/main_quest/q303_songbird/06b_paradise_technical/03_enter_tunnels/mp_safehouse_exit	gameJournalQuestMapPin	Mappins.QuestStaticMappinDefinition		
mappin	-1857.5	-2352.531	46.035	ep1/quests/main_quest/q303_songbird/06b_paradise_technical/05_follow_tunnels/mp_end	gameJournalQuestMapPin	Mappins.QuestStaticMappinDefinition		
mappin	-1833.568	-2346.168	26.268	ep1/quests/main_quest/q303_songbird/06b_paradise_technical/05_follow_tunnels/mp_water_return	gameJournalQuestMapPin	Mappins.QuestStaticMappinDefinition		
mappin	-1863.746	-2339.39	41.769	ep1/quests/main_quest/q303_songbird/06b_paradise_technical/06_unlock_door/mp_door	gameJournalQuestMapPin	Mappins.QuestEntityMappinDefinition		
mappin	-1850.146	-2343.066	40.494	ep1/quests/main_quest/q303_songbird/06b_paradise_technical/07_enter_lift/mp_lift	gameJournalQuestMapPin	Mappins.QuestStaticMappinDefinition		
mappin	-1879.985	-2356.576	340.264	ep1/quests/main_quest/q303_songbird/06b_paradise_technical/12_enter_lift/mp_lift	gameJournalQuestMapPin	Mappins.QuestStaticMappinDefinition		
mappin	-1887.315	-2281.661	444.764	ep1/quests/main_quest/q303_songbird/06b_paradise_technical/13_enter_paradise/mp_path2	gameJournalQuestMapPin	Mappins.QuestStaticMappinDefinition		
mappin	-1854.415	-2347.257	40.764	ep1/quests/main_quest/q303_songbird/06b_paradise_technical/06a_clear_warehouse/mp_warehouse	gameJournalQuestMapPin	Mappins.QuestStaticMappinDefinition		
mappin	-1861.455	-2338.96	29.255	ep1/quests/main_quest/q303_songbird/06b_paradise_technical/05a_open_path/mp_panel	gameJournalQuestMapPin	Mappins.QuestStaticMappinDefinition		
mappin	-1857.654	-2352.592	30.218	ep1/quests/main_quest/q303_songbird/06b_paradise_technical/05a_open_path/mp_panel1	gameJournalQuestMapPin	Mappins.QuestStaticMappinDefinition		
mappin	-1887.597	-2316.295	344.264	ep1/quests/main_quest/q303_songbird/06b_paradise_technical/10c_takedown_guard/mp_challenge_02_02	gameJournalQuestMapPin	Mappins.QuestDynamicMappinDefinition		
mappin	-1887.597	-2316.295	344.264	ep1/quests/main_quest/q303_songbird/06b_paradise_technical/10c_takedown_guard/mp_challenge_02_01	gameJournalQuestMapPin	Mappins.QuestDynamicMappinDefinition		
mappin	-1863.552	-2340.324	46.843	ep1/quests/main_quest/q303_songbird/06b_paradise_technical/06b_find_reed_on_camera/computer	gameJournalQuestMapPin	Mappins.QuestEntityMappinDefinition		
mappin	-1852.816	-2274.729	39.765	ep1/quests/main_quest/q303_songbird/06b_paradise_technical/06d_scan_open_gate/gate	gameJournalQuestMapPin	Mappins.QuestStaticMappinDefinition		
mappin	-1856.366	-2325.816	340.264	ep1/quests/main_quest/q303_songbird/06b_paradise_technical/09b_clear_balcony/mp_sniper	gameJournalQuestMapPin	Mappins.QuestDynamicMappinDefinition		
mappin	-1887.597	-2316.295	344.264	ep1/quests/main_quest/q303_songbird/06b_paradise_technical/10h_deal_sniper/mp_sniper	gameJournalQuestMapPin	Mappins.QuestDynamicMappinDefinition		
mappin	-1864.949	-2316.079	345.425	ep1/quests/main_quest/q303_songbird/06b_paradise_technical/09a_walk_nest/mp_nest	gameJournalQuestMapPin	Mappins.QuestStaticMappinDefinition		
mappin	-1864.957	-2315.962	345.271	ep1/quests/main_quest/q303_songbird/06b_paradise_technical/09d_connect_sniper_nest/mp_nest	gameJournalQuestMapPin	Mappins.QuestEntityMappinDefinition		
mappin	-1856.945	-2341.048	21.764	ep1/quests/main_quest/q303_songbird/06b_paradise_technical/05g_find_way/mp_way	gameJournalQuestMapPin	Mappins.QuestStaticMappinDefinition		
mappin	-1897.24	-2358.04	447.319	ep1/quests/main_quest/q303_songbird/06b_paradise_technical/13a_pickup_suit/mp_suit	gameJournalQuestMapPin	Mappins.QuestStaticMappinDefinition		
mappin	-1886.218	-2285.114	350.995	ep1/quests/main_quest/q303_songbird/06b_paradise_technical/10j_destroy_gate_battery/mp_source	gameJournalQuestMapPin	Mappins.QuestEntityMappinDefinition		
mappin	-1865.847	-2339.993	346.97	ep1/quests/main_quest/q303_songbird/06b_paradise_technical/09g_find_rendezvous_point/mp_bridge	gameJournalQuestMapPin	Mappins.QuestStaticMappinDefinition		
mappin	-7028.43	-4506.767	80.793	ep1/quests/main_quest/q307_tomorrow/01_hospital_cabride/02_go_chair/window	gameJournalQuestMapPin	Mappins.QuestStaticMappinDefinition		
mappin	-1548.176	1191.441	17.977	ep1/quests/main_quest/q307_tomorrow/01_hospital_cabride/05_meet_viktor/viktor_place	gameJournalQuestMapPin	Mappins.QuestStaticMappinDefinition		
mappin	-1549.218	1224.917	13.347	ep1/quests/main_quest/q307_tomorrow/01_hospital_cabride/05_meet_viktor/viktor_entry	gameJournalQuestMapPin	Mappins.QuestStaticMappinDefinition		
mappin	-7022.278	-4507.615	81.385	ep1/quests/main_quest/q307_tomorrow/01_hospital_cabride/04_call_receptionist/terminal	gameJournalQuestMapPin	Mappins.QuestStaticMappinDefinition		
mappin	-1547.745	1190.891	16.26	ep1/quests/main_quest/q307_tomorrow/02_mistys_alley/02_leave_viktor/viktor_exit	gameJournalQuestMapPin	Mappins.QuestStaticMappinDefinition		
mappin	-1574.905	1145.212	9.546	ep1/quests/main_quest/q307_tomorrow/02_mistys_alley/03_return_delamain/corridor	gameJournalQuestMapPin	Mappins.QuestStaticMappinDefinition		
mappin	-1546.669	1234.674	12.301	ep1/quests/main_quest/q307_tomorrow/02_mistys_alley/01b_sit_viktor/ripperdoc_chair	gameJournalQuestMapPin	Mappins.QuestStaticMappinDefinition		
mappin	-1546.12	1177.83	16.94	ep1/quests/main_quest/q307_tomorrow/02_mistys_alley/03a_deal_thugs/thug	gameJournalQuestMapPin	Mappins.QuestDynamicMappinDefinition		
mappin	-1546.58	1177.63	16.94	ep1/quests/main_quest/q307_tomorrow/02_mistys_alley/00_talk_zetatech/zetatech_clerk	gameJournalQuestMapPin	Mappins.QuestDynamicMappinDefinition		
mappin	-1333.883	-1746.618	44.027	ep1/quests/main_quest/q301_crash/00_hook/get_to_combat_zone/combat_zone	gameJournalQuestMapPin	Mappins.QuestStaticMappinDefinition		
mappin	-1358.64	-1743.397	44.038	ep1/quests/main_quest/q301_crash/00_hook/lean_on_truck/truck	gameJournalQuestMapPin	Mappins.QuestStaticMappinDefinition		
mappin	-1332.5	-1741.5	44.22	ep1/quests/main_quest/q301_crash/00_hook/go_waiting_area/waiting_area	gameJournalQuestMapPin	Mappins.QuestStaticMappinDefinition		
mappin	-1349.757	-1746.028	45.42	ep1/quests/main_quest/q301_crash/00_hook/wait_for_mystery_calller/wait	gameJournalQuestMapPin	Mappins.QuestStaticMappinDefinition		
mappin	-1372.796	-1830.787	40.993	ep1/quests/main_quest/q301_crash/01_border/travel_border/stadium	gameJournalQuestMapPin	Mappins.QuestStaticMappinDefinition		
mappin	-1384.738	-1764.723	44.031	ep1/quests/main_quest/q301_crash/01_border/side_entrance/area	gameJournalQuestMapPin	Mappins.QuestStaticMappinDefinition		
mappin	-1399.306	-1777.61	44.101	ep1/quests/main_quest/q301_crash/01_border/side_entrance/gate	gameJournalQuestMapPin	Mappins.QuestStaticMappinDefinition		
mappin	-1396.926	-1774.32	45.702	ep1/quests/main_quest/q301_crash/01_border/side_entrance/gate_hacking	gameJournalQuestMapPin	Mappins.QuestStaticMappinDefinition		
mappin	-1370.839	-1782.047	45.952	ep1/quests/main_quest/q301_crash/01_border/side_entrance/vanding_hacking	gameJournalQuestMapPin	Mappins.QuestStaticMappinDefinition		
mappin	-1408.929	-1774.394	39.997	ep1/quests/main_quest/q301_crash/01_border/access_garage/garage	gameJournalQuestMapPin	Mappins.QuestStaticMappinDefinition		
mappin	-1408.598	-1774.478	43.691	ep1/quests/main_quest/q301_crash/01_border/access_garage/garage_area	gameJournalQuestMapPin	Mappins.QuestStaticMappinDefinition		
mappin	-1408.971	-1763.715	40.041	ep1/quests/main_quest/q301_crash/01_border/find_power/area	gameJournalQuestMapPin	Mappins.QuestStaticMappinDefinition		
mappin	-1385.281	-1775.108	37.851	ep1/quests/main_quest/q301_crash/01_border/find_power/fusebox	gameJournalQuestMapPin	Mappins.QuestStaticMappinDefinition		
mappin	-1404.758	-1766.763	39.865	ep1/quests/main_quest/q301_crash/01_border/connect_access/access_point	gameJournalQuestMapPin	Mappins.QuestStaticMappinDefinition		
mappin	-1404.758	-1766.763	39.865	ep1/quests/main_quest/q301_crash/01_border/connect_access/ap_hack	gameJournalQuestMapPin	Mappins.QuestStaticMappinDefinition		
mappin	-1409.123	-1774.053	39.63	ep1/quests/main_quest/q301_crash/01_border/enter_elevator/elevator	gameJournalQuestMapPin	Mappins.QuestEntityMappinDefinition		
mappin	-1419.659	-1976.182	38.147	ep1/quests/main_quest/q301_crash/01_border/get_to_stadium/elevator	gameJournalQuestMapPin	Mappins.QuestStaticMappinDefinition		
mappin	-1434.669	-1889.722	73.837	ep1/quests/main_quest/q301_crash/01_border/get_to_stadium/stadium	gameJournalQuestMapPin	Mappins.QuestStaticMappinDefinition		
mappin	-1392.546	-1919.909	36.511	ep1/quests/main_quest/q301_crash/01_border/get_to_stadium/door	gameJournalQuestMapPin	Mappins.QuestStaticMappinDefinition		
mappin	-1423.422	-1975.7	36.491	ep1/quests/main_quest/q301_crash/01_border/enter_stadium_elevator/elevator	gameJournalQuestMapPin	Mappins.QuestStaticMappinDefinition		
mappin	-1366.187	-1744.187	45.682	ep1/quests/main_quest/q301_crash/01_border/side_entrance_fence/fence_gate	gameJournalQuestMapPin	Mappins.QuestStaticMappinDefinition		
mappin	-1383.894	-1743.212	43.942	ep1/quests/main_quest/q301_crash/01_border/side_entrance_entry/fence_gate	gameJournalQuestMapPin	Mappins.QuestStaticMappinDefinition		
mappin	-1394.383	-1770.263	53.01	ep1/quests/main_quest/q301_crash/01_border/side_entrance_entry/billboard_01	gameJournalQuestMapPin	Mappins.QuestStaticMappinDefinition		
mappin	-1389.614	-1774.409	53.01	ep1/quests/main_quest/q301_crash/01_border/side_entrance_entry/billboard_02	gameJournalQuestMapPin	Mappins.QuestStaticMappinDefinition		
mappin	-1384.844	-1778.555	53.01	ep1/quests/main_quest/q301_crash/01_border/side_entrance_entry/billboard_03	gameJournalQuestMapPin	Mappins.QuestStaticMappinDefinition		
mappin	-1381.281	-1750.414	43.213	ep1/quests/main_quest/q301_crash/01_border/side_entrance_entry/restricted_area	gameJournalQuestMapPin	Mappins.QuestStaticMappinDefinition		
mappin	-1377.146	-1743.327	45.456	ep1/quests/main_quest/q301_crash/01_border/side_entrance_entry/into_garbage	gameJournalQuestMapPin	Mappins.QuestStaticMappinDefinition		
mappin	-1378.852	-1740.992	45.157	ep1/quests/main_quest/q301_crash/01_border/side_entrance_entry/out_of_garbage	gameJournalQuestMapPin	Mappins.QuestStaticMappinDefinition		
mappin	-1387.917	-1754.395	43.622	ep1/quests/main_quest/q301_crash/01_border/side_entrance_behind_car/behind_car	gameJournalQuestMapPin	Mappins.QuestStaticMappinDefinition		
mappin	-1390.067	-1754.079	44.542	ep1/quests/main_quest/q301_crash/01_border/side_entrance_wait_for_songbird_instructions/behind_car	gameJournalQuestMapPin	Mappins.QuestStaticMappinDefinition		
mappin	-1397.464	-1772.517	47.076	ep1/quests/main_quest/q301_crash/01_border/side_entrance_wait_for_songbird_instructions/screen_gate	gameJournalQuestMapPin	Mappins.QuestStaticMappinDefinition		
mappin	-1402.441	-1778.25	44.859	ep1/quests/main_quest/q301_crash/01_border/talk_songbird_return_johnny/garage	gameJournalQuestMapPin	Mappins.QuestStaticMappinDefinition		
mappin	-1321.451	-1834.491	11.45	ep1/quests/main_quest/q301_crash/01_border/reach_crane_platform/platform	gameJournalQuestMapPin	Mappins.QuestStaticMappinDefinition		
mappin	-1317.866	-1852.195	18.145	ep1/quests/main_quest/q301_crash/01_border/crane_platform/platform	gameJournalQuestMapPin	Mappins.QuestEntityMappinDefinition		
mappin	-1322.377	-1856.644	11.221	ep1/quests/main_quest/q301_crash/01_border/crane_platform/platform_center	gameJournalQuestMapPin	Mappins.QuestStaticMappinDefinition		
mappin	-1354.784	-1936.944	36.337	ep1/quests/main_quest/q301_crash/01_border/reach_catwalk/catwalk	gameJournalQuestMapPin	Mappins.QuestStaticMappinDefinition		
mappin	-1394.091	-1857.625	24.559	ep1/quests/main_quest/q301_crash/01_border/reach_catwalk/catwalk_alt_net	gameJournalQuestMapPin	Mappins.QuestStaticMappinDefinition		
mappin	-1429.746	-1846.09	33.272	ep1/quests/main_quest/q301_crash/01_border/reach_catwalk/catwalk_alt_tech	gameJournalQuestMapPin	Mappins.QuestStaticMappinDefinition		
mappin	-1324.138	-1861.357	7.141	ep1/quests/main_quest/q301_crash/01_border/reach_catwalk/catwalk_entry	gameJournalQuestMapPin	Mappins.QuestStaticMappinDefinition		
mappin	-1409.123	-1774.053	39.63	ep1/quests/main_quest/q301_crash/01_border/ride_car_platform/elevator	gameJournalQuestMapPin	Mappins.QuestEntityMappinDefinition		
mappin	-1408.971	-1763.715	40.041	ep1/quests/main_quest/q301_crash/01_border/find_access_point/area	gameJournalQuestMapPin	Mappins.QuestStaticMappinDefinition		
mappin	-1404.758	-1766.763	39.865	ep1/quests/main_quest/q301_crash/01_border/find_access_point/access_point_dead	gameJournalQuestMapPin	Mappins.QuestStaticMappinDefinition		
mappin	-1385.281	-1775.108	37.851	ep1/quests/main_quest/q301_crash/01_border/turn_on_generator/fusebox	gameJournalQuestMapPin	Mappins.QuestStaticMappinDefinition		
mappin	-1413.99	-1955.368	36.4	ep1/quests/main_quest/q301_crash/01_border/eliminate_all_enemies/area	gameJournalQuestMapPin	Mappins.QuestStaticMappinDefinition		
mappin	-1411.501	-1998.548	76.291	ep1/quests/main_quest/q301_crash/02_stadium/blackmarket/blackmarket	gameJournalQuestMapPin	Mappins.QuestStaticMappinDefinition		
mappin	-1420.665	-1981.736	71.967	ep1/quests/main_quest/q301_crash/02_stadium/blackmarket/shutter	gameJournalQuestMapPin	Mappins.QuestStaticMappinDefinition		
mappin	-1284.68	-2168.706	75.89	ep1/quests/main_quest/q301_crash/02_stadium/construction_site/construction_site	gameJournalQuestMapPin	Mappins.QuestStaticMappinDefinition		
mappin	-1372.653	-2072.663	75.84	ep1/quests/main_quest/q301_crash/02_stadium/construction_site/to_circle_03	gameJournalQuestMapPin	Mappins.QuestStaticMappinDefinition		
mappin	-1344.561	-2116.985	75.84	ep1/quests/main_quest/q301_crash/02_stadium/construction_site/circle_out	gameJournalQuestMapPin	Mappins.QuestStaticMappinDefinition		
mappin	-1345.529	-2152.922	74.31	ep1/quests/main_quest/q301_crash/02_stadium/construction_site/nl_loot	gameJournalQuestMapPin	Mappins.QuestStaticMappinDefinition		
mappin	-1305.784	-2169.273	71.885	ep1/quests/main_quest/q301_crash/02_stadium/construction_site/hack_door	gameJournalQuestMapPin	Mappins.QuestStaticMappinDefinition		
mappin	-1278.01	-2157.586	79.2	ep1/quests/main_quest/q301_crash/02_stadium/construction_site/construction_site_side	gameJournalQuestMapPin	Mappins.QuestStaticMappinDefinition		
mappin	-1267.92	-2165.256	80.05	ep1/quests/main_quest/q301_crash/02_stadium/roof/guidance_01	gameJournalQuestMapPin	Mappins.QuestStaticMappinDefinition		
mappin	-1373.651	-2209.148	155.74	ep1/quests/main_quest/q301_crash/02_stadium/roof/roof	gameJournalQuestMapPin	Mappins.QuestStaticMappinDefinition		
mappin	-1282.056	-2175.924	82.33	ep1/quests/main_quest/q301_crash/02_stadium/roof/guidance_02	gameJournalQuestMapPin	Mappins.QuestStaticMappinDefinition		
mappin	-1284.02	-2174.638	128.66	ep1/quests/main_quest/q301_crash/02_stadium/roof/guidance_03	gameJournalQuestMapPin	Mappins.QuestStaticMappinDefinition		
mappin	-1300.568	-2197.415	141.51	ep1/quests/main_quest/q301_crash/02_stadium/roof/guidance_04	gameJournalQuestMapPin	Mappins.QuestStaticMappinDefinition		
mappin	-1356.308	-2233.114	146.059	ep1/quests/main_quest/q301_crash/02_stadium/roof/guidance_05	gameJournalQuestMapPin	Mappins.QuestStaticMappinDefinition		
mappin	-1282.205	-2177.082	80.069	ep1/quests/main_quest/q301_crash/02_stadium/roof/hack_elevator	gameJournalQuestMapPin	Mappins.QuestStaticMappinDefinition		
mappin	-1282.205	-2177.082	80.069	ep1/quests/main_quest/q301_crash/02_stadium/roof/guidance_lift	gameJournalQuestMapPin	Mappins.QuestEntityMappinDefinition		
mappin	-1266.907	-2173.29	80.401	ep1/quests/main_quest/q301_crash/02_stadium/lift_repair/panel	gameJournalQuestMapPin	Mappins.QuestStaticMappinDefinition		
mappin	-1267.45	-2175.168	80.176	ep1/quests/main_quest/q301_crash/02_stadium/lift_repair/fusebox	gameJournalQuestMapPin	Mappins.QuestStaticMappinDefinition		
mappin	-1367.829	-2202.196	154.106	ep1/quests/main_quest/q301_crash/03_crash/wait_morning/spot	gameJournalQuestMapPin	Mappins.QuestStaticMappinDefinition		
mappin	-2013.1	-2688.163	37.43	ep1/quests/main_quest/q301_crash/03_crash/reach_crashsite/crashsite	gameJournalQuestMapPin	Mappins.QuestStaticMappinDefinition		
mappin	-1715.918	-2523.099	37.14	ep1/quests/main_quest/q301_crash/03_crash/reach_crashsite/kurtz_car	gameJournalQuestMapPin	Mappins.QuestDynamicMappinDefinition		
mappin	-1715.918	-2523.099	37.14	ep1/quests/main_quest/q301_crash/03_crash/reach_crashsite/kurtz_truck	gameJournalQuestMapPin	Mappins.QuestDynamicMappinDefinition		
mappin	-1408.637	-2262.592	131.519	ep1/quests/main_quest/q301_crash/03_crash/reach_crashsite/chute	gameJournalQuestMapPin	Mappins.QuestStaticMappinDefinition		
mappin	-1408.637	-2262.592	131.519	ep1/quests/main_quest/q301_crash/03_crash/trash_chute/chute	gameJournalQuestMapPin	Mappins.QuestStaticMappinDefinition		
mappin	-1177.834	2039.688	20.146	ep1/quests/main_quest/q305_postcontent/1_haunted_weapon/02_talk_to_netrunner/yoko_mappin	gameJournalQuestMapPin	Mappins.QuestStaticMappinDefinition		
mappin	-1179.403	2042.247	20.072	ep1/quests/main_quest/q305_postcontent/1_haunted_weapon/02_talk_to_netrunner1/yoko_mappin	gameJournalQuestMapPin	Mappins.QuestStaticMappinDefinition		
mappin	-1177.834	2039.688	20.146	ep1/quests/main_quest/q305_postcontent/1_haunted_weapon/02b_wait_for_decrypting/yoko_mappin	gameJournalQuestMapPin	Mappins.QuestStaticMappinDefinition		
mappin	-1177.834	2039.688	20.146	ep1/quests/main_quest/q305_postcontent/1_haunted_weapon/02c_get_component_from_yoko/yoko_mappin	gameJournalQuestMapPin	Mappins.QuestStaticMappinDefinition		
mappin	-1407.325	-2257.127	128.94	ep1/quests/main_quest/q301_finding_myers/00_way_to_crashsite/reach_crashsite/plateau	gameJournalQuestMapPin	Mappins.QuestStaticMappinDefinition		
mappin	-2013.1	-2688.163	37.43	ep1/quests/main_quest/q301_finding_myers/00_way_to_crashsite/reach_crashsite/crashsite	gameJournalQuestMapPin	Mappins.QuestStaticMappinDefinition		
mappin	-1715.918	-2523.099	37.14	ep1/quests/main_quest/q301_finding_myers/00_way_to_crashsite/reach_crashsite/kurtz_car	gameJournalQuestMapPin	Mappins.QuestDynamicMappinDefinition		
mappin	-1715.918	-2523.099	37.14	ep1/quests/main_quest/q301_finding_myers/00_way_to_crashsite/reach_crashsite/kurtz_truck	gameJournalQuestMapPin	Mappins.QuestDynamicMappinDefinition		
mappin	-1603.11	-2467.95	39.67	ep1/quests/main_quest/q301_finding_myers/00_way_to_crashsite/take_bike/bike	gameJournalQuestMapPin	Mappins.QuestDynamicMappinDefinition		
mappin	-1621.269	-2462.09	40.525	ep1/quests/main_quest/q301_finding_myers/00_way_to_crashsite/take_bike/bike_hacking	gameJournalQuestMapPin	Mappins.QuestStaticMappinDefinition		
mappin	-1408.637	-2262.592	131.519	ep1/quests/main_quest/q301_finding_myers/00_way_to_crashsite/trash_chute/chute	gameJournalQuestMapPin	Mappins.QuestStaticMappinDefinition		
mappin	-1603.11	-2467.95	39.67	ep1/quests/main_quest/q301_finding_myers/00_way_to_crashsite/unmount_bike/bike	gameJournalQuestMapPin	Mappins.QuestDynamicMappinDefinition		
mappin	-2104.233	-2662.476	90.84	ep1/quests/main_quest/q301_finding_myers/01_crashsite/climb_crane/crane	gameJournalQuestMapPin	Mappins.QuestStaticMappinDefinition		
mappin	-2048.29	-2694	38.42	ep1/quests/main_quest/q301_finding_myers/01_crashsite/hack_av/av	gameJournalQuestMapPin	Mappins.QuestStaticMappinDefinition		
mappin	-2100.499	-2662.593	87.79	ep1/quests/main_quest/q301_finding_myers/01_crashsite/reach_crane/crane	gameJournalQuestMapPin	Mappins.QuestStaticMappinDefinition		
mappin	-2081.31	-2694.543	45.68	ep1/quests/main_quest/q301_finding_myers/01_crashsite/reach_crane/scaffolding	gameJournalQuestMapPin	Mappins.QuestStaticMappinDefinition		
mappin	-2098.946	-2658.933	69.94	ep1/quests/main_quest/q301_finding_myers/01_crashsite/reach_crane/ladder	gameJournalQuestMapPin	Mappins.QuestStaticMappinDefinition		
mappin	-2093.75	-2679.364	51.36	ep1/quests/main_quest/q301_finding_myers/01_crashsite/reach_crane/scaffolding_02	gameJournalQuestMapPin	Mappins.QuestStaticMappinDefinition		
mappin	-2293.869	-2773.354	51.839	ep1/quests/main_quest/q301_finding_myers/01_crashsite/reach_shuttle/shuttle	gameJournalQuestMapPin	Mappins.QuestStaticMappinDefinition		
mappin	-2210.91	-2723.355	66.86	ep1/quests/main_quest/q301_finding_myers/01_crashsite/reach_shuttle/crane	gameJournalQuestMapPin	Mappins.QuestStaticMappinDefinition		
mappin	-2115.109	-2667.872	91.077	ep1/quests/main_quest/q301_finding_myers/01_crashsite/reach_shuttle/hole	gameJournalQuestMapPin	Mappins.QuestStaticMappinDefinition		
mappin	-2105.709	-2664.193	90.67	ep1/quests/main_quest/q301_finding_myers/01_crashsite/talk_songbird/crane_hack	gameJournalQuestMapPin	Mappins.QuestStaticMappinDefinition		
mappin	-2269.671	-2759.587	51.94	ep1/quests/main_quest/q301_finding_myers/02_shuttle/arrival_door/q301_dvc_door_shuttle_office	gameJournalQuestMapPin	Mappins.QuestStaticMappinDefinition		
mappin	-2269.671	-2759.587	51.94	ep1/quests/main_quest/q301_finding_myers/02_shuttle/arrival_door/hack_door	gameJournalQuestMapPin	Mappins.QuestStaticMappinDefinition		
mappin	-2286.519	-2773.461	52.42	ep1/quests/main_quest/q301_finding_myers/02_shuttle/arrival_enter_shuttle/shuttle_area	gameJournalQuestMapPin	Mappins.QuestStaticMappinDefinition		
mappin	-2286.519	-2773.461	52.42	ep1/quests/main_quest/q301_finding_myers/02_shuttle/arrival_survivors/shuttle_area	gameJournalQuestMapPin	Mappins.QuestStaticMappinDefinition		
mappin	-2301.359	-2753.572	55.92	ep1/quests/main_quest/q301_finding_myers/02_shuttle/combat_defeat_enemies/area	gameJournalQuestMapPin	Mappins.QuestStaticMappinDefinition		
mappin	-1908.471	-2470.047	35.784	ep1/quests/main_quest/q304_netrunners/03c_cz_border/01_go_to_border/q304_mp_combat_zone_entrance	gameJournalQuestMapPin	Mappins.QuestStaticMappinDefinition		
mappin	-1908.765	-2443.643	50.611	ep1/quests/main_quest/q304_netrunners/03c_cz_border/02_go_to_vantage_point/q304_mp_cz_entrance_vantage_point	gameJournalQuestMapPin	Mappins.QuestStaticMappinDefinition		
mappin	-1772.458	-2425.235	29.78	ep1/quests/main_quest/q304_netrunners/04_entering_stadium/03_scan_cars/q304_04_mp_parking_lot	gameJournalQuestMapPin	Mappins.QuestStaticMappinDefinition		
mappin	-1772.458	-2425.235	29.78	ep1/quests/main_quest/q304_netrunners/04_entering_stadium/02b_go_to_parking_lot/q304_04_mp_parking_lot	gameJournalQuestMapPin	Mappins.QuestStaticMappinDefinition		
mappin	-1604	-2152.5	39.172	ep1/quests/main_quest/q304_netrunners/04_entering_stadium/02b_go_to_parking_lot/q304_04_mp_parking_lot_fake_02	gameJournalQuestMapPin	Mappins.QuestStaticMappinDefinition		
mappin	-1844.645	-2571.721	39.756	ep1/quests/main_quest/q304_netrunners/04_entering_stadium/02b_go_to_parking_lot/q304_04_mp_parking_lot_fake_01	gameJournalQuestMapPin	Mappins.QuestStaticMappinDefinition		
mappin	-2091.371	-2643.83	25.127	ep1/quests/main_quest/q304_netrunners/04_entering_stadium/06c_drive_to_the_ambush/q304_ambush_point	gameJournalQuestMapPin	Mappins.QuestStaticMappinDefinition		
mappin	-1694.84	-2353.84	39.51	ep1/quests/main_quest/q304_netrunners/04_entering_stadium/06c_drive_to_the_ambush/q304_mp_to_roundabout	gameJournalQuestMapPin	Mappins.QuestStaticMappinDefinition		
mappin	-2081.25	-2652.522	24.894	ep1/quests/main_quest/q304_netrunners/04_entering_stadium/08b_put_on_outfit/q304_mp_netrunner_outfit	gameJournalQuestMapPin	Mappins.QuestStaticMappinDefinition		
mappin	-1581.363	126.639	12.92	ep1/quests/main_quest/q305_prison_convoy/01_task/meet_nix/nix	gameJournalQuestMapPin	Mappins.QuestStaticMappinDefinition		
mappin	-1177.834	2039.688	20.146	ep1/quests/main_quest/q305_prison_convoy/01_task/meet_lc_netrunner/lc_netrunner	gameJournalQuestMapPin	Mappins.QuestStaticMappinDefinition		
mappin	-503.329	583.187	28.364	ep1/quests/main_quest/q305_prison_convoy/01_task/meet_chang/chang	gameJournalQuestMapPin	Mappins.QuestStaticMappinDefinition		
mappin	-1723.72	-365.04	-13.12	ep1/quests/main_quest/q305_prison_convoy/01_task/meet_sandra/sandra	gameJournalQuestMapPin	Mappins.QuestStaticMappinDefinition		
mappin	-491.36	575.2	27.3	ep1/quests/main_quest/q305_prison_convoy/01_task/talk_chang/chang	gameJournalQuestMapPin	Mappins.QuestDynamicMappinDefinition		
mappin	-487.09	577.59	27.86	ep1/quests/main_quest/q305_prison_convoy/01_task/take_shard_chang/shard	gameJournalQuestMapPin	Mappins.QuestStaticMappinDefinition		
mappin	-1581.363	126.639	12.92	ep1/quests/main_quest/q305_prison_convoy/01_task/talk_nix/nix	gameJournalQuestMapPin	Mappins.QuestStaticMappinDefinition		
mappin	-1723.553	-365.271	-13.887	ep1/quests/main_quest/q305_prison_convoy/01_task/talk_sandra/sandra	gameJournalQuestMapPin	Mappins.QuestStaticMappinDefinition		
mappin	-1177.834	2039.688	20.146	ep1/quests/main_quest/q305_prison_convoy/01_task/talk_yoko/yoko	gameJournalQuestMapPin	Mappins.QuestStaticMappinDefinition		
mappin	-1713.091	-337.52	-13.2	ep1/quests/main_quest/q305_prison_convoy/01_task/wait_place_sandra/sandra	gameJournalQuestMapPin	Mappins.QuestStaticMappinDefinition		
mappin	-1545.33	143.45	13.49	ep1/quests/main_quest/q305_prison_convoy/01_task/wait_place_nix/nix	gameJournalQuestMapPin	Mappins.QuestStaticMappinDefinition		
mappin	-504.338	584.301	28.182	ep1/quests/main_quest/q305_prison_convoy/01_task/wait_place_chang/chang	gameJournalQuestMapPin	Mappins.QuestStaticMappinDefinition		
mappin	-1178.52	2032.02	21.18	ep1/quests/main_quest/q305_prison_convoy/01_task/wait_place_yoko/yoko	gameJournalQuestMapPin	Mappins.QuestStaticMappinDefinition		
mappin	-1545.33	143.45	13.49	ep1/quests/main_quest/q305_prison_convoy/01_task/wait_for_nix/nix	gameJournalQuestMapPin	Mappins.QuestStaticMappinDefinition		
mappin	-1713.091	-337.52	-13.2	ep1/quests/main_quest/q305_prison_convoy/01_task/wait_for_sandra/sandra	gameJournalQuestMapPin	Mappins.QuestStaticMappinDefinition		
mappin	-504.338	584.301	28.182	ep1/quests/main_quest/q305_prison_convoy/01_task/wait_for_chang/chang	gameJournalQuestMapPin	Mappins.QuestStaticMappinDefinition		
mappin	-1178.52	2032.02	21.18	ep1/quests/main_quest/q305_prison_convoy/01_task/wait_for_the_netrunner/netrunner	gameJournalQuestMapPin	Mappins.QuestStaticMappinDefinition		
mappin	-1833.686	-1971.843	43.73	ep1/quests/main_quest/q305_prison_convoy/01_task/pick_carol_gift/drop_point	gameJournalQuestMapPin	Mappins.QuestStaticMappinDefinition		
mappin	-2772.401	-2495.085	19.193	ep1/quests/main_quest/q305_prison_convoy/02_ambush_meeting/01_meet_reed/1_hotel_door_bot	gameJournalQuestMapPin	Mappins.QuestStaticMappinDefinition		
mappin	-2772.963	-2494.43	31.073	ep1/quests/main_quest/q305_prison_convoy/02_ambush_meeting/01_meet_reed/2_hotel_door_top	gameJournalQuestMapPin	Mappins.QuestStaticMappinDefinition		
mappin	-2772.401	-2495.085	19.193	ep1/quests/main_quest/q305_prison_convoy/02_ambush_meeting/03_talk_to_reed/1_hotel_door_bot	gameJournalQuestMapPin	Mappins.QuestStaticMappinDefinition		
mappin	-2772.963	-2494.43	31.073	ep1/quests/main_quest/q305_prison_convoy/02_ambush_meeting/03_talk_to_reed/2_hotel_door_top	gameJournalQuestMapPin	Mappins.QuestStaticMappinDefinition		
mappin	-2772.963	-2494.43	31.073	ep1/quests/main_quest/q305_prison_convoy/02_ambush_meeting/05_follow_reed/2_hotel_door_top	gameJournalQuestMapPin	Mappins.QuestStaticMappinDefinition		
mappin	-2772.401	-2495.085	19.193	ep1/quests/main_quest/q305_prison_convoy/02_ambush_meeting/05_follow_reed/1_hotel_door_bot	gameJournalQuestMapPin	Mappins.QuestStaticMappinDefinition		
mappin	-2757.872	-2497.505	30.902	ep1/quests/main_quest/q305_prison_convoy/02_ambush_meeting/07_wait_for_convoy/waiting_spot	gameJournalQuestMapPin	Mappins.QuestStaticMappinDefinition		
mappin	-2715.091	-2476.592	31.05	ep1/quests/main_quest/q305_prison_convoy/02_ambush_meeting/07_wait_for_convoy/waiting_spot2	gameJournalQuestMapPin	Mappins.QuestStaticMappinDefinition		
mappin	-2718.374	-2494.572	20.024	ep1/quests/main_quest/q305_prison_convoy/02_ambush_meeting/07_wait_for_convoy/waiting_spot3	gameJournalQuestMapPin	Mappins.QuestStaticMappinDefinition		
mappin	-2790.36	-2468.32	31.53	ep1/quests/main_quest/q305_prison_convoy/02_ambush_meeting/04_take_the_detonator/detonator_mappin	gameJournalQuestMapPin	Mappins.QuestStaticMappinDefinition		
mappin	-2758.25	-2466.5	17.3	ep1/quests/main_quest/q305_prison_convoy/02_ambush_meeting/02_talk_6th_street/6th_street	gameJournalQuestMapPin	Mappins.QuestDynamicMappinDefinition		
mappin	-2772.963	-2494.43	31.073	ep1/quests/main_quest/q305_prison_convoy/02_ambush_meeting/02_talk_6th_street/2_hotel_door_top	gameJournalQuestMapPin	Mappins.QuestStaticMappinDefinition		
mappin	-2772.401	-2495.085	19.193	ep1/quests/main_quest/q305_prison_convoy/02_ambush_meeting/02_talk_6th_street/1_hotel_door_bot	gameJournalQuestMapPin	Mappins.QuestStaticMappinDefinition		
mappin	-2772.401	-2495.085	19.193	ep1/quests/main_quest/q305_prison_convoy/02_ambush_meeting/03_05_first_talk_johnny/1_hotel_door_bot	gameJournalQuestMapPin	Mappins.QuestStaticMappinDefinition		
mappin	-2772.963	-2494.43	31.073	ep1/quests/main_quest/q305_prison_convoy/02_ambush_meeting/03_05_first_talk_johnny/2_hotel_door_top	gameJournalQuestMapPin	Mappins.QuestStaticMappinDefinition		
mappin	-2758.25	-2466.5	17.3	ep1/quests/main_quest/q305_prison_convoy/02_ambush_meeting/02a_take_shard/6th_street	gameJournalQuestMapPin	Mappins.QuestDynamicMappinDefinition		
mappin	-2772.401	-2495.085	19.193	ep1/quests/main_quest/q305_prison_convoy/02_ambush_meeting/02a_take_shard/1_hotel_door_bot	gameJournalQuestMapPin	Mappins.QuestStaticMappinDefinition		
mappin	-2772.963	-2494.43	31.073	ep1/quests/main_quest/q305_prison_convoy/02_ambush_meeting/02a_take_shard/2_hotel_door_top	gameJournalQuestMapPin	Mappins.QuestStaticMappinDefinition		
mappin	-2762.022	-2490.302	18.723	ep1/quests/main_quest/q305_prison_convoy/02_ambush_meeting/01a_wait_for_reed/1_waitingspot_mp	gameJournalQuestMapPin	Mappins.QuestStaticMappinDefinition		
mappin	-2757.85	-2461.647	17.51	ep1/quests/main_quest/q305_prison_convoy/03_ambush/01_kill_maxtac/maxtac_01	gameJournalQuestMapPin	Mappins.QuestStaticMappinDefinition		
mappin	-2741.189	-2466.328	19.771	ep1/quests/main_quest/q305_prison_convoy/03_ambush/03_check_trunk/trunk	gameJournalQuestMapPin	Mappins.QuestStaticMappinDefinition		
mappin	-2671.92	-2605.18	23.12	ep1/quests/main_quest/q305_prison_convoy/03_ambush/05_chase_sb/apc	gameJournalQuestMapPin	Mappins.QuestStaticMappinDefinition		
mappin	-2757.85	-2461.647	17.51	ep1/quests/main_quest/q305_prison_convoy/03_ambush/03a_defeat_maxtac/maxtac_01	gameJournalQuestMapPin	Mappins.QuestStaticMappinDefinition		
mappin	-2741.189	-2466.328	19.771	ep1/quests/main_quest/q305_prison_convoy/03_ambush/04_check_truck/trunk	gameJournalQuestMapPin	Mappins.QuestStaticMappinDefinition		
mappin	-2742	-2469.5	17.68	ep1/quests/main_quest/q305_prison_convoy/03_ambush/02a_hack_on_corpse/maxtac1	gameJournalQuestMapPin	Mappins.QuestDynamicMappinDefinition		
mappin	-2742	-2469.5	17.68	ep1/quests/main_quest/q305_prison_convoy/03_ambush/02a_hack_on_corpse/maxtac2	gameJournalQuestMapPin	Mappins.QuestDynamicMappinDefinition		
mappin	-2742	-2469.5	17.68	ep1/quests/main_quest/q305_prison_convoy/03_ambush/02a_hack_on_corpse/maxtac3	gameJournalQuestMapPin	Mappins.QuestDynamicMappinDefinition		
mappin	-2742	-2469.5	17.68	ep1/quests/main_quest/q305_prison_convoy/03_ambush/02a_hack_on_corpse/maxtac4	gameJournalQuestMapPin	Mappins.QuestDynamicMappinDefinition		
mappin	-2466.301	-2506.305	16.994	ep1/quests/main_quest/q305_prison_convoy/03b_chase_intro/00_get_back_on_track/sb	gameJournalQuestMapPin	Mappins.QuestStaticMappinDefinition		
mappin	-2671.92	-2605.18	23.12	ep1/quests/main_quest/q305_prison_convoy/03b_chase_intro/00a_chase_scenes/1_crossroad	gameJournalQuestMapPin	Mappins.QuestStaticMappinDefinition		
mappin	-2542.629	-2549.251	17.97	ep1/quests/main_quest/q305_prison_convoy/03b_chase_intro/00a_chase_scenes/2_crossroad	gameJournalQuestMapPin	Mappins.QuestStaticMappinDefinition		
mappin	-2472.31	-2518.25	17.3	ep1/quests/main_quest/q305_prison_convoy/03b_chase_intro/00a_chase_scenes/3_crossroad	gameJournalQuestMapPin	Mappins.QuestStaticMappinDefinition		
mappin	-2427.02	-2664.849	29.08	ep1/quests/main_quest/q306_somi_epilogue/00_epilogue/03_meet_alex/mp_nighthawks	gameJournalQuestMapPin	Mappins.QuestStaticMappinDefinition		
mappin	-2426.74	-2665.339	28.79	ep1/quests/main_quest/q306_somi_epilogue/00_epilogue/04_sit_down/mp_nighthawks	gameJournalQuestMapPin	Mappins.QuestStaticMappinDefinition		
mappin	-2419.011	-2668.933	29.042	ep1/quests/main_quest/q306_somi_epilogue/00_epilogue/03a_wait_opening/mp_wait	gameJournalQuestMapPin	Mappins.QuestStaticMappinDefinition		
mappin	-1541.15	1201.521	57.919	ep1/quests/main_quest/q307_before_tomorrow/00_hook/03_meet_rooftop/rooftop	gameJournalQuestMapPin	Mappins.QuestStaticMappinDefinition		
mappin	-1505.712	1318.744	64.137	ep1/quests/main_quest/q307_before_tomorrow/00_hook/04_enter_av/av	gameJournalQuestMapPin	Mappins.QuestDynamicMappinDefinition		
mappin	-1541.15	1201.521	57.919	ep1/quests/main_quest/q307_before_tomorrow/00_hook/02d_return_rooftop/rooftop	gameJournalQuestMapPin	Mappins.QuestStaticMappinDefinition		
mappin	-1541.15	1201.521	57.919	ep1/quests/main_quest/q307_before_tomorrow/00_hook/02e_sit_down_agan/rooftop	gameJournalQuestMapPin	Mappins.QuestStaticMappinDefinition		
mappin	-1541.15	1201.521	57.919	ep1/quests/main_quest/q307_before_tomorrow/00_hook/02g_sit_down_rooftop/rooftop	gameJournalQuestMapPin	Mappins.QuestStaticMappinDefinition		
mappin	-2084.619	-2427.788	-6.22	ep1/quests/main_quest/q302_reed/03_subway/follow_myers/1st_cart	gameJournalQuestMapPin	Mappins.QuestStaticMappinDefinition		
mappin	-2111.28	-2442.439	-6.69	ep1/quests/main_quest/q302_reed/03_subway/follow_myers/2nd_cart	gameJournalQuestMapPin	Mappins.QuestStaticMappinDefinition		
mappin	-2158.085	-2488.036	-8.516	ep1/quests/main_quest/q302_reed/03_subway/follow_myers/obstacle_cart	gameJournalQuestMapPin	Mappins.QuestStaticMappinDefinition		
mappin	-2158.19	-2488.26	-8.89	ep1/quests/main_quest/q302_reed/03_subway/03_elevator1/basketball_court	gameJournalQuestMapPin	Mappins.QuestStaticMappinDefinition		
mappin	-2146.889	-2514.709	-7.59	ep1/quests/main_quest/q302_reed/03_subway/03_elevator1/service_tunnel	gameJournalQuestMapPin	Mappins.QuestStaticMappinDefinition		
mappin	-2167.69	-2494.09	-7.12	ep1/quests/main_quest/q302_reed/03_subway/03_elevator1/light_way	gameJournalQuestMapPin	Mappins.QuestStaticMappinDefinition		
mappin	-2217.5	-2543.44	-1.774	ep1/quests/main_quest/q302_reed/03_subway/03_elevator2/basketball_court	gameJournalQuestMapPin	Mappins.QuestStaticMappinDefinition		
mappin	-2203.895	-2532.517	-1.774	ep1/quests/main_quest/q302_reed/03_subway/follow_myers3/basketball_court	gameJournalQuestMapPin	Mappins.QuestStaticMappinDefinition		
mappin	-2165.319	-2488.71	-8.25	ep1/quests/main_quest/q302_reed/03_subway/00b_light_find_valve/valve	gameJournalQuestMapPin	Mappins.QuestStaticMappinDefinition		
mappin	-2181.03	-2527.499	-7.4	ep1/quests/main_quest/q302_reed/03_subway/00b_wipe_recording/mappin	gameJournalQuestMapPin	Mappins.QuestStaticMappinDefinition		
mappin	-2155.415	-2558.215	-8.62	ep1/quests/main_quest/q302_reed/03_subway/00a_dark_service_tunnel/service_tunnel	gameJournalQuestMapPin	Mappins.QuestStaticMappinDefinition		
mappin	-2178.302	-2552.855	-8.22	ep1/quests/main_quest/q302_reed/03_subway/00a_dark_service_tunnel/service_tunnel_exit	gameJournalQuestMapPin	Mappins.QuestStaticMappinDefinition		
mappin	-2065.87	-2412.62	-6.52	ep1/quests/main_quest/q302_reed/03_subway/000_help_myers/container_door	gameJournalQuestMapPin	Mappins.QuestStaticMappinDefinition		
mappin	-2081.799	-2426.08	-4.76	ep1/quests/main_quest/q302_reed/03_subway/00a_exit_container_roof/top_exit	gameJournalQuestMapPin	Mappins.QuestStaticMappinDefinition		
mappin	-2053.12	-2413.62	-7.2	ep1/quests/main_quest/q302_reed/03_subway/00_find_entrance_to_tunnels/entrance_to_tunnels	gameJournalQuestMapPin	Mappins.QuestStaticMappinDefinition		
mappin	-2049.686	-2414.659	-7.115	ep1/quests/main_quest/q302_reed/03_subway/pick_the_core/core_mp	gameJournalQuestMapPin	Mappins.QuestStaticMappinDefinition		
mappin	-2153.563	-2557.75	-8.513	ep1/quests/main_quest/q302_reed/03_subway/00b_dark_service_tunnel_forklift/mp_area	gameJournalQuestMapPin	Mappins.QuestStaticMappinDefinition		
mappin	-2235.049	-2564.098	80.302	ep1/quests/main_quest/q302_reed/04_squot/follow_myers2/reed	gameJournalQuestMapPin	Mappins.QuestDynamicMappinDefinition		
mappin	-2225.746	-2567.466	79.961	ep1/quests/main_quest/q302_reed/04_squot/follow_myers1/area	gameJournalQuestMapPin	Mappins.QuestStaticMappinDefinition		
mappin	-2242.85	-2565.068	81.726	ep1/quests/main_quest/q302_reed/04_squot/03_elevator1/basketball_court	gameJournalQuestMapPin	Mappins.QuestStaticMappinDefinition		
mappin	-2238.023	-2554.44	80.442	ep1/quests/main_quest/q302_reed/04_squot/03_elevator2/basketball_court	gameJournalQuestMapPin	Mappins.QuestStaticMappinDefinition		
mappin	-2242.836	-2553.01	80.419	ep1/quests/main_quest/q302_reed/04_squot/02a_search_squot/basketball_court	gameJournalQuestMapPin	Mappins.QuestStaticMappinDefinition		
mappin	-2243.378	-2565.616	81.707	ep1/quests/main_quest/q302_reed/04_squot/02a_search_squot/engine	gameJournalQuestMapPin	Mappins.QuestStaticMappinDefinition		
mappin	-2230.09	-2545.09	80.3	ep1/quests/main_quest/q302_reed/04_squot/follow_myers9/area	gameJournalQuestMapPin	Mappins.QuestStaticMappinDefinition		
mappin	-2222.607	-2568.938	81.314	ep1/quests/main_quest/q302_reed/04_squot/follow_myers10/matress	gameJournalQuestMapPin	Mappins.QuestStaticMappinDefinition		
mappin	-2235.049	-2564.098	80.302	ep1/quests/main_quest/q302_reed/04_squot/follow_myers11/reed	gameJournalQuestMapPin	Mappins.QuestDynamicMappinDefinition		
mappin	-2235.049	-2564.098	80.302	ep1/quests/main_quest/q302_reed/04_squot/follow_myers12/reed	gameJournalQuestMapPin	Mappins.QuestDynamicMappinDefinition		
mappin	-2242.492	-2551.233	81.861	ep1/quests/main_quest/q302_reed/04_squot/02a_search_squot1/basketball_court	gameJournalQuestMapPin	Mappins.QuestStaticMappinDefinition		
mappin	-2222.481	-2556.344	81.624	ep1/quests/main_quest/q302_reed/04_squot/02a_search_squot2/basketball_court	gameJournalQuestMapPin	Mappins.QuestStaticMappinDefinition		
mappin	-2235.049	-2564.098	80.302	ep1/quests/main_quest/q302_reed/04_squot/follow_myers13/reed	gameJournalQuestMapPin	Mappins.QuestDynamicMappinDefinition		
mappin	-2227.277	-2538.168	81.213	ep1/quests/main_quest/q302_reed/04_squot/follow_myers13/basketball_court	gameJournalQuestMapPin	Mappins.QuestStaticMappinDefinition		
mappin	-2235.049	-2564.098	80.302	ep1/quests/main_quest/q302_reed/04_squot/follow_myers13/taylor	gameJournalQuestMapPin	Mappins.QuestDynamicMappinDefinition		
mappin	-2222.607	-2568.938	81.314	ep1/quests/main_quest/q302_reed/04_squot/follow_myers14/basketball_court	gameJournalQuestMapPin	Mappins.QuestStaticMappinDefinition		
mappin	-2242.836	-2553.01	80.419	ep1/quests/main_quest/q302_reed/04_squot/02a_search_squot3/basketball_court	gameJournalQuestMapPin	Mappins.QuestStaticMappinDefinition		
mappin	-2242.85	-2565.068	81.726	ep1/quests/main_quest/q302_reed/04_squot/03_elevator3/basketball_court	gameJournalQuestMapPin	Mappins.QuestStaticMappinDefinition		
mappin	-2232.14	-2555.306	81.123	ep1/quests/main_quest/q302_reed/04_squot/02f_get_the_battery/drone	gameJournalQuestMapPin	Mappins.QuestStaticMappinDefinition		
mappin	-2243.341	-2562.964	79.732	ep1/quests/main_quest/q302_reed/04_squot/02g_scan_battery/battery	gameJournalQuestMapPin	Mappins.QuestStaticMappinDefinition		
mappin	-2244.879	-2563.35	81.175	ep1/quests/main_quest/q302_reed/04_squot/02h_insert_the_battery/battery_holder	gameJournalQuestMapPin	Mappins.QuestStaticMappinDefinition		
mappin	-2230.09	-2545.09	80.3	ep1/quests/main_quest/q302_reed/04_squot/08a_follow_the_pipes/pipes	gameJournalQuestMapPin	Mappins.QuestStaticMappinDefinition		
mappin	-2242.5	-2549.18	81.69	ep1/quests/main_quest/q302_reed/04_squot/08_scan_the_pipes/pipes	gameJournalQuestMapPin	Mappins.QuestStaticMappinDefinition		
mappin	-1664.662	-2442.27	40.075	ep1/quests/main_quest/q302_reed/05_bar/03_elevator/basketball_court	gameJournalQuestMapPin	Mappins.QuestStaticMappinDefinition		
mappin	-2217.758	-2543.259	80.504	ep1/quests/main_quest/q302_reed/05_bar/03_elevator/basketball_court1	gameJournalQuestMapPin	Mappins.QuestStaticMappinDefinition		
mappin	-2218.434	-2543.766	26.568	ep1/quests/main_quest/q302_reed/05_bar/03_elevator/basketball_court2	gameJournalQuestMapPin	Mappins.QuestStaticMappinDefinition		
mappin	-2239.55	-2563.906	26.568	ep1/quests/main_quest/q302_reed/05_bar/03_elevator/basketball_court3	gameJournalQuestMapPin	Mappins.QuestStaticMappinDefinition		
mappin	-2217.76	-2543.208	-2.402	ep1/quests/main_quest/q302_reed/05_bar/03_elevator/squot_elevator	gameJournalQuestMapPin	Mappins.QuestStaticMappinDefinition		
mappin	-2082.808	-2614.727	26.059	ep1/quests/main_quest/q302_reed/05_bar/03_elevator/squat_exit_building_area	gameJournalQuestMapPin	Mappins.QuestStaticMappinDefinition		
mappin	-2239.97	-2553.52	80.301	ep1/quests/main_quest/q302_reed/05_bar/03_elevator/hallway	gameJournalQuestMapPin	Mappins.QuestStaticMappinDefinition		
mappin	-1669.945	-2434.287	39.057	ep1/quests/main_quest/q302_reed/05_bar/03_elevator1/basketball_court	gameJournalQuestMapPin	Mappins.QuestStaticMappinDefinition		
mappin	-1662.968	-2448.874	41.492	ep1/quests/main_quest/q302_reed/05_bar/03_elevator2/basketball_court	gameJournalQuestMapPin	Mappins.QuestStaticMappinDefinition		
mappin	-1662.968	-2448.874	41.492	ep1/quests/main_quest/q302_reed/05_bar/06_pick_up/basketball_court	gameJournalQuestMapPin	Mappins.QuestStaticMappinDefinition		
mappin	-1674.64	-2427.99	39.91	ep1/quests/main_quest/q302_reed/05_bar/01c_get_inside_bar/bar_inside	gameJournalQuestMapPin	Mappins.QuestStaticMappinDefinition		
mappin	-1663.601	-2449.181	41.144	ep1/quests/main_quest/q302_reed/05_bar/02a_move_shelf/shelf	gameJournalQuestMapPin	Mappins.QuestStaticMappinDefinition		
mappin	-1718.607	-2393.96	62.63	ep1/quests/main_quest/q302_reed/05_bar/01d_follow_cables/fusebox_area	gameJournalQuestMapPin	Mappins.QuestStaticMappinDefinition		
mappin	-1718.748	-2393.921	62.59	ep1/quests/main_quest/q302_reed/05_bar/01d_use_fusebox/fusebox	gameJournalQuestMapPin	Mappins.QuestStaticMappinDefinition		
mappin	-1669.945	-2434.287	39.057	ep1/quests/main_quest/q302_reed/05_bar/01e_scan_power/interior	gameJournalQuestMapPin	Mappins.QuestStaticMappinDefinition		
mappin	-1670.12	-2444.055	39.898	ep1/quests/main_quest/q302_reed/05_bar/01e_hack_generator/generator	gameJournalQuestMapPin	Mappins.QuestStaticMappinDefinition		
mappin	-1664.662	-2442.27	40.075	ep1/quests/main_quest/q302_reed/05_bar/01b_enter_caliente/bar_inside	gameJournalQuestMapPin	Mappins.QuestStaticMappinDefinition		
mappin	-1797.56	-2722.99	73.42	ep1/quests/main_quest/q302_reed/06_basketball/03_elevator/basketball_court	gameJournalQuestMapPin	Mappins.QuestStaticMappinDefinition		
mappin	-1807.261	-2725.096	73.484	ep1/quests/main_quest/q302_reed/06_basketball/03_elevator1/basketball_court	gameJournalQuestMapPin	Mappins.QuestStaticMappinDefinition		
mappin	-1807.261	-2725.096	73.484	ep1/quests/main_quest/q302_reed/06_basketball/02b_sit_and_wait/basketball_court	gameJournalQuestMapPin	Mappins.QuestStaticMappinDefinition		
mappin	-1903.848	-2633.166	48.562	ep1/quests/main_quest/q302_reed/06a_ride/02a_ambush/basketball_court	gameJournalQuestMapPin	Mappins.QuestStaticMappinDefinition		
mappin	-2240.744	-2567.234	25.23	ep1/quests/main_quest/q302_reed/06a_ride/02d_get_to_squat/squat	gameJournalQuestMapPin	Mappins.QuestStaticMappinDefinition		
mappin	-2218.09	-2543.622	25.2	ep1/quests/main_quest/q302_reed/07_oath/03_elevator1/building	gameJournalQuestMapPin	Mappins.QuestStaticMappinDefinition		
mappin	-2238.952	-2555.321	81.468	ep1/quests/main_quest/q302_reed/07_oath/03_elevator2/basketball_court1	gameJournalQuestMapPin	Mappins.QuestStaticMappinDefinition		
mappin	-2222.108	-2547.619	26.166	ep1/quests/main_quest/q302_reed/07_oath/02a_search_squot/basketball_court	gameJournalQuestMapPin	Mappins.QuestStaticMappinDefinition		
mappin	-2236.73	-2557.908	80.47	ep1/quests/main_quest/q302_reed/07_oath/04_talk_to_myers_and_reed/zone_01	gameJournalQuestMapPin	Mappins.QuestStaticMappinDefinition		
mappin	-2233.55	-2574.52	81.187	ep1/quests/main_quest/q302_reed/07_oath/05_lean_on_the_table/table	gameJournalQuestMapPin	Mappins.QuestStaticMappinDefinition		
mappin	-2236.768	-2547.26	24.873	ep1/quests/main_quest/q302_reed/07_oath/01c_talk_to_homeless/homeless	gameJournalQuestMapPin	Mappins.QuestStaticMappinDefinition		
mappin	-2235.049	-2564.098	80.302	ep1/quests/main_quest/q302_reed/07_oath/01d_talk_to_jacob/jacob	gameJournalQuestMapPin	Mappins.QuestDynamicMappinDefinition		
mappin	-2225.669	-2545.007	79.545	ep1/quests/main_quest/q302_reed/07_oath/06_wait_for_reed_to_leave/wait_area	gameJournalQuestMapPin	Mappins.QuestStaticMappinDefinition		
mappin	-2225.669	-2545.007	79.545	ep1/quests/main_quest/q302_reed/07_oath/06b_exit_the_elevator/elevator	gameJournalQuestMapPin	Mappins.QuestStaticMappinDefinition		
mappin	-2238.023	-2554.44	80.442	ep1/quests/main_quest/q302_reed/07_oath/01e_lead_reed/apartment	gameJournalQuestMapPin	Mappins.QuestStaticMappinDefinition		
mappin	-2219.305	-2542.576	26.043	ep1/quests/main_quest/q302_reed/07_oath/01a_take_elevator/basketball_court	gameJournalQuestMapPin	Mappins.QuestStaticMappinDefinition		
mappin	-2221.16	-2545.09	80.3	ep1/quests/main_quest/q302_reed/07_oath/01a_take_elevator/upper_level	gameJournalQuestMapPin	Mappins.QuestStaticMappinDefinition		
mappin	-2222.108	-2547.619	26.166	ep1/quests/main_quest/q302_reed/07_oath/07_return_peaceful/building	gameJournalQuestMapPin	Mappins.QuestStaticMappinDefinition		
mappin	-2222.108	-2547.619	26.166	ep1/quests/main_quest/q302_reed/07_oath/08_return_hostile/building	gameJournalQuestMapPin	Mappins.QuestStaticMappinDefinition		
mappin	-2218.09	-2543.622	25.2	ep1/quests/main_quest/q302_reed/07_oath/01_enter_elevator/building	gameJournalQuestMapPin	Mappins.QuestStaticMappinDefinition		
mappin	-2218.09	-2543.622	25.2	ep1/quests/main_quest/q302_reed/07_oath/06a_leave_building/building	gameJournalQuestMapPin	Mappins.QuestStaticMappinDefinition		
mappin	-2432.385	-2654.751	27.959	ep1/quests/main_quest/q303_baron/02_nighthawks/03_go_to_nighthawks/nighthawks	gameJournalQuestMapPin	Mappins.QuestStaticMappinDefinition		
mappin	-2431.21	-2666.519	28.786	ep1/quests/main_quest/q303_baron/02_nighthawks/05_sit_down/sit_down	gameJournalQuestMapPin	Mappins.QuestStaticMappinDefinition		
mappin	-2421.824	-2671.471	28.442	ep1/quests/main_quest/q303_baron/02_nighthawks/03a_wait_opening/mp_wait	gameJournalQuestMapPin	Mappins.QuestStaticMappinDefinition		
mappin	-2421.824	-2671.471	28.442	ep1/quests/main_quest/q303_baron/02_nighthawks/03b_wait_reed/mp_wait	gameJournalQuestMapPin	Mappins.QuestStaticMappinDefinition		
mappin	-1679.76	-2724.302	104.07	ep1/quests/main_quest/q303_baron/03_voodoo_boys/01_meet_reed/spa	gameJournalQuestMapPin	Mappins.QuestStaticMappinDefinition		
mappin	-1664.435	-2752.964	103.008	ep1/quests/main_quest/q303_baron/03_voodoo_boys/04_talk_guards/guard_01	gameJournalQuestMapPin	Mappins.QuestDynamicMappinDefinition		
mappin	-1616.292	-2782.303	100.65	ep1/quests/main_quest/q303_baron/03_voodoo_boys/05a_kill_guards/mp_area	gameJournalQuestMapPin	Mappins.QuestStaticMappinDefinition		
mappin	-1672.549	-2744.274	102.698	ep1/quests/main_quest/q303_baron/03_voodoo_boys/07_leave/mp_exit	gameJournalQuestMapPin	Mappins.QuestStaticMappinDefinition		
mappin	-1664.062	-2772.156	108.65	ep1/quests/main_quest/q303_baron/03_voodoo_boys/04c_find_baron/mp_vent	gameJournalQuestMapPin	Mappins.QuestStaticMappinDefinition		
mappin	-1662.832	-2783.988	108.649	ep1/quests/main_quest/q303_baron/03_voodoo_boys/04c_find_baron/mp_vent1	gameJournalQuestMapPin	Mappins.QuestStaticMappinDefinition		
mappin	-1616.292	-2782.303	100.65	ep1/quests/main_quest/q303_baron/03_voodoo_boys/04c_find_baron/baron_area	gameJournalQuestMapPin	Mappins.QuestStaticMappinDefinition		
mappin	-1667.995	-2748.524	103.65	ep1/quests/main_quest/q303_baron/03_voodoo_boys/04b_follow_reed/mp_area	gameJournalQuestMapPin	Mappins.QuestStaticMappinDefinition		
mappin	-1677.679	-2756.44	103.678	ep1/quests/main_quest/q303_baron/03_voodoo_boys/04b_follow_reed/mp_door	gameJournalQuestMapPin	Mappins.QuestEntityMappinDefinition		
mappin	-1680.994	-2748.15	108.752	ep1/quests/main_quest/q303_baron/03_voodoo_boys/04b_follow_reed/mp_scaffolding	gameJournalQuestMapPin	Mappins.QuestStaticMappinDefinition		
mappin	-1680.399	-2762.305	107.65	ep1/quests/main_quest/q303_baron/03_voodoo_boys/04b_follow_reed/mp_scaffolding_2	gameJournalQuestMapPin	Mappins.QuestStaticMappinDefinition		
mappin	-1643.633	-2778.216	105.391	ep1/quests/main_quest/q303_baron/03_voodoo_boys/04e_destroy_server/mp_serv1	gameJournalQuestMapPin	Mappins.QuestStaticMappinDefinition		
mappin	-1641.963	-2776.045	108.059	ep1/quests/main_quest/q303_baron/03_voodoo_boys/04e_destroy_server/mp_serv2	gameJournalQuestMapPin	Mappins.QuestStaticMappinDefinition		
mappin	-1642.972	-2778.735	110.738	ep1/quests/main_quest/q303_baron/03_voodoo_boys/04e_destroy_server/mp_serv3	gameJournalQuestMapPin	Mappins.QuestStaticMappinDefinition		
mappin	-1641.119	-2777.892	102.823	ep1/quests/main_quest/q303_baron/03_voodoo_boys/04e_destroy_server/mp_serv4	gameJournalQuestMapPin	Mappins.QuestStaticMappinDefinition		
mappin	-1643.299	-2776.209	110.741	ep1/quests/main_quest/q303_baron/03_voodoo_boys/04e_destroy_server/mp_serv5	gameJournalQuestMapPin	Mappins.QuestStaticMappinDefinition		
mappin	-1641.638	-2778.564	105.477	ep1/quests/main_quest/q303_baron/03_voodoo_boys/04e_destroy_server/mp_serv6	gameJournalQuestMapPin	Mappins.QuestStaticMappinDefinition		
mappin	-1641.119	-2777.892	108.064	ep1/quests/main_quest/q303_baron/03_voodoo_boys/04e_destroy_server/mp_serv7	gameJournalQuestMapPin	Mappins.QuestStaticMappinDefinition		
mappin	-1677.679	-2756.44	103.678	ep1/quests/main_quest/q303_baron/03_voodoo_boys/04b_open_vent_door/mp_door	gameJournalQuestMapPin	Mappins.QuestStaticMappinDefinition		
mappin	-1622.316	-2801.588	98.146	ep1/quests/main_quest/q303_baron/03_voodoo_boys/05b_connect_net/mp_chair	gameJournalQuestMapPin	Mappins.QuestStaticMappinDefinition		
mappin	-1838.141	-2389.83	347.913	ep1/quests/main_quest/q303_baron/03_voodoo_boys/08_look_at_tower/mp_tower	gameJournalQuestMapPin	Mappins.QuestStaticMappinDefinition		
mappin	-1697.268	-2648.971	79.614	ep1/quests/main_quest/q304_stadium/03_songbird_meeting/01_go_to_meeting_spot/q304_mp_songbird_meeting_spot	gameJournalQuestMapPin	Mappins.QuestStaticMappinDefinition		
mappin	-1733.617	-2677.981	78.437	ep1/quests/main_quest/q304_stadium/03_songbird_meeting/02_lean_down/q304_mp_songbird_lean_down	gameJournalQuestMapPin	Mappins.QuestStaticMappinDefinition		
mappin	-1733.617	-2677.981	78.437	ep1/quests/main_quest/q304_stadium/03_songbird_meeting/02a_sit_down/q304_mp_songbird_sit_down	gameJournalQuestMapPin	Mappins.QuestStaticMappinDefinition		
mappin	-1697.38	-2660.341	79.41	ep1/quests/main_quest/q304_stadium/03_songbird_meeting/03b_enter_the_bushes/q304_mp_bushes	gameJournalQuestMapPin	Mappins.QuestStaticMappinDefinition		
mappin	-1703.722	-2668.121	80.324	ep1/quests/main_quest/q304_stadium/03_songbird_meeting/01_go_to_meeting_spot_2nd/q304_mp_bushes_interrupt_2nd	gameJournalQuestMapPin	Mappins.QuestStaticMappinDefinition		
mappin	-2435.762	-2658.237	13.153	ep1/quests/main_quest/q304_stadium/02_briefing/01_go_to_safehouse/q304_mp_safehouse	gameJournalQuestMapPin	Mappins.QuestStaticMappinDefinition		
mappin	-2436.014	-2648.1	29.406	ep1/quests/main_quest/q304_stadium/02_briefing/01_go_to_safehouse/q304_mp_safehouse_entrance	gameJournalQuestMapPin	Mappins.QuestStaticMappinDefinition		
mappin	-2427.243	-2671.403	14.574	ep1/quests/main_quest/q304_stadium/02_briefing/02_join_the_meeting/q304_mp_briefing_table	gameJournalQuestMapPin	Mappins.QuestStaticMappinDefinition		
mappin	-2422.386	-2669.894	27.998	ep1/quests/main_quest/q304_stadium/02_briefing/03_leave_the_safehouse/q304_safehouse_area	gameJournalQuestMapPin	Mappins.QuestStaticMappinDefinition		
mappin	-2436.408	-2646.937	12.668	ep1/quests/main_quest/q304_stadium/02_briefing/03_leave_the_safehouse/q304_alex_safehouse_entrance	gameJournalQuestMapPin	Mappins.QuestStaticMappinDefinition		
mappin	-2418.934	-2634.668	22.94	ep1/quests/main_quest/q304_stadium/02_briefing/03_leave_the_safehouse/q304_mp_alex_bar_exit_back	gameJournalQuestMapPin	Mappins.QuestStaticMappinDefinition		
mappin	-2417.247	-2633.593	22.94	ep1/quests/main_quest/q304_stadium/02_briefing/03_leave_the_safehouse/q304_mp_alex_bar_exit_back1	gameJournalQuestMapPin	Mappins.QuestStaticMappinDefinition		
mappin	-2427.243	-2671.403	14.574	ep1/quests/main_quest/q304_stadium/02_briefing/02b_turn_on_the_recording/q304_mp_briefing_table	gameJournalQuestMapPin	Mappins.QuestStaticMappinDefinition		
mappin	-2427.243	-2671.403	14.574	ep1/quests/main_quest/q304_stadium/02_briefing/02c_lean_over_table/q304_mp_briefing_table	gameJournalQuestMapPin	Mappins.QuestStaticMappinDefinition		
mappin	-2429.313	-2672.115	13.798	ep1/quests/main_quest/q304_stadium/02_briefing/01c_check_optional/q304_mp_hideout_war_room_area	gameJournalQuestMapPin	Mappins.QuestStaticMappinDefinition		
mappin	-2425.961	-2673.276	16.115	ep1/quests/main_quest/q304_stadium/02_briefing/02bb_listen_to_the_recording/q304_mp_songbird_recording	gameJournalQuestMapPin	Mappins.QuestStaticMappinDefinition		
mappin	-1893.451	-2485.196	29.807	ep1/quests/main_quest/q304_stadium/03b_shard_pickup/00_go_see_farida/farida_entrance	gameJournalQuestMapPin	Mappins.QuestStaticMappinDefinition		
mappin	-1900.621	-2478.616	25.576	ep1/quests/main_quest/q304_stadium/03b_shard_pickup/01_use_intercom/intercom	gameJournalQuestMapPin	Mappins.QuestStaticMappinDefinition		
mappin	-1900.621	-2478.616	25.576	ep1/quests/main_quest/q304_stadium/03b_shard_pickup/02_talk_with_farida/intercom	gameJournalQuestMapPin	Mappins.QuestStaticMappinDefinition		
mappin	-1910.982	-2466.215	25.021	ep1/quests/main_quest/q304_stadium/03b_shard_pickup/03_sit_on_the_chair/farida_chair	gameJournalQuestMapPin	Mappins.QuestStaticMappinDefinition		
mappin	-1893.451	-2485.196	29.807	ep1/quests/main_quest/q304_stadium/03b_shard_pickup/07_exit_the_clinic/exit_clinic	gameJournalQuestMapPin	Mappins.QuestStaticMappinDefinition		
mappin	-1773.514	-1916.378	68.847	ep1/quests/main_quest/q304_stadium/02b_car_rental/01_access_trasmitter_01/q304_mp_transmiter_01_ap	gameJournalQuestMapPin	Mappins.QuestStaticMappinDefinition		
mappin	-1754	-1913.4	71	ep1/quests/main_quest/q304_stadium/02b_car_rental/01_access_trasmitter_01/q304_mp_tower_01_area_mappin	gameJournalQuestMapPin	Mappins.QuestStaticMappinDefinition		
mappin	-907.571	-1774.751	20.12	ep1/quests/main_quest/q304_stadium/02b_car_rental/02_access_tramistter_02/q304_mp_transmiter_04_ap	gameJournalQuestMapPin	Mappins.QuestStaticMappinDefinition		
mappin	-894.866	-1785.654	11.794	ep1/quests/main_quest/q304_stadium/02b_car_rental/02_access_tramistter_02/q304_mp_tower_04_area_mappin	gameJournalQuestMapPin	Mappins.QuestStaticMappinDefinition		
mappin	-907.308	-1775.159	19.187	ep1/quests/main_quest/q304_stadium/02b_car_rental/03_fix_trasmitter/q304_mp_tower_04_fix_area_mappin	gameJournalQuestMapPin	Mappins.QuestStaticMappinDefinition		
mappin	-908.517	-1775.035	19.137	ep1/quests/main_quest/q304_stadium/02b_car_rental/03b_pay_for_clue/q304_com_trasmitter_kids	gameJournalQuestMapPin	Mappins.QuestDynamicMappinDefinition		
mappin	-907.308	-1775.159	19.187	ep1/quests/main_quest/q304_stadium/02b_car_rental/03c_follow_hints/q304_mp_tower_04_fix_area_mappin	gameJournalQuestMapPin	Mappins.QuestStaticMappinDefinition		
mappin	-907.571	-1774.751	20.12	ep1/quests/main_quest/q304_stadium/02b_car_rental/04_download_data/q304_mp_transmiter_04_ap	gameJournalQuestMapPin	Mappins.QuestStaticMappinDefinition		
mappin	-895.8	-1791.35	21	ep1/quests/main_quest/q304_stadium/02b_car_rental/03d_use_the_switch/q304_2c_mp_electric_box	gameJournalQuestMapPin	Mappins.QuestStaticMappinDefinition		
mappin	-895.8	-1791.35	21	ep1/quests/main_quest/q304_stadium/02b_car_rental/03e_wait_power/q304_2c_mp_electric_box	gameJournalQuestMapPin	Mappins.QuestStaticMappinDefinition		
mappin	-1762.178	-1911.26	66.961	ep1/quests/main_quest/q304_stadium/02b_car_rental/03f_clear_the_area/q304_mp_clear_area	gameJournalQuestMapPin	Mappins.QuestStaticMappinDefinition		
mappin	-908.517	-1775.035	19.137	ep1/quests/main_quest/q304_stadium/02b_car_rental/03d_talk_to_kid/q304_com_trasmitter_kids	gameJournalQuestMapPin	Mappins.QuestDynamicMappinDefinition		
mappin	-2431.752	-2665.682	29.99	ep1/quests/main_quest/q304_stadium/03c_alex_hear_to_heart/01_meet_alex_at_bar/alex	gameJournalQuestMapPin	Mappins.QuestStaticMappinDefinition		
mappin	-2431.239	-2666.551	28.808	ep1/quests/main_quest/q304_stadium/03c_alex_hear_to_heart/02b_sit_down/q304_04e_mp_couch_sit_down	gameJournalQuestMapPin	Mappins.QuestStaticMappinDefinition		
mappin	-2422.737	-2669.454	29.09	ep1/quests/main_quest/q304_stadium/03c_alex_hear_to_heart/03_leave_bar/q304_04e_mp_leave_bar	gameJournalQuestMapPin	Mappins.QuestStaticMappinDefinition		
mappin	-2301.359	-2753.572	55.92	ep1/quests/main_quest/q301_q302_rescue_myers/02_shuttle/combat_defeat_enemies/area	gameJournalQuestMapPin	Mappins.QuestStaticMappinDefinition		
mappin	-2254.765	-2776.975	51.01	ep1/quests/main_quest/q301_q302_rescue_myers/02_shuttle/escape_follow/gate	gameJournalQuestMapPin	Mappins.QuestStaticMappinDefinition		
mappin	-2271.739	-2767.449	51.94	ep1/quests/main_quest/q301_q302_rescue_myers/02_shuttle/escape_follow/door	gameJournalQuestMapPin	Mappins.QuestStaticMappinDefinition		
mappin	-2241.777	-2779.528	64.55	ep1/quests/main_quest/q301_q302_rescue_myers/02_shuttle/escape_follow/path_02	gameJournalQuestMapPin	Mappins.QuestStaticMappinDefinition		
mappin	-2230.883	-2804.054	64.55	ep1/quests/main_quest/q301_q302_rescue_myers/02_shuttle/escape_follow/skybridge	gameJournalQuestMapPin	Mappins.QuestStaticMappinDefinition		
mappin	-2241.941	-2779.686	63.085	ep1/quests/main_quest/q301_q302_rescue_myers/02_shuttle/escape_gate_open/gate	gameJournalQuestMapPin	Mappins.QuestStaticMappinDefinition		
mappin	-2146.747	-2747.729	37.047	ep1/quests/main_quest/q301_q302_rescue_myers/02_shuttle/myers_defeat_drone/drone	gameJournalQuestMapPin	Mappins.QuestDynamicMappinDefinition		
mappin	-2132.326	-2876.23	115.095	ep1/quests/main_quest/q301_q302_rescue_myers/placeholder/steal_car/steal_car	gameJournalQuestMapPin	Mappins.QuestStaticMappinDefinition		
mappin	-2152.795	-2879.736	115.076	ep1/quests/main_quest/q301_q302_rescue_myers/placeholder/steal_car/access_point	gameJournalQuestMapPin	Mappins.QuestStaticMappinDefinition		
mappin	-2031.196	-2518.46	29.545	ep1/quests/main_quest/q301_q302_rescue_myers/placeholder/hide_and_pass_checkpoint/checkpoint_passed	gameJournalQuestMapPin	Mappins.QuestStaticMappinDefinition		
mappin	-1986.866	-2473.581	19.625	ep1/quests/main_quest/q301_q302_rescue_myers/placeholder/hide_and_pass_checkpoint/parking	gameJournalQuestMapPin	Mappins.QuestStaticMappinDefinition		
mappin	-1986.015	-2474.011	19.315	ep1/quests/main_quest/q301_q302_rescue_myers/placeholder/hide_and_pass_checkpoint/around_the_checkpoint	gameJournalQuestMapPin	Mappins.QuestStaticMappinDefinition		
mappin	-1986.015	-2474.011	19.315	ep1/quests/main_quest/q301_q302_rescue_myers/placeholder/hide_and_pass_checkpoint/around_the_gate	gameJournalQuestMapPin	Mappins.QuestStaticMappinDefinition		
mappin	-2202.205	-2844.481	124.305	ep1/quests/main_quest/q301_q302_rescue_myers/placeholder/reach_the_streets/drone_door	gameJournalQuestMapPin	Mappins.QuestStaticMappinDefinition		
mappin	-2136.585	-2840.751	123.065	ep1/quests/main_quest/q301_q302_rescue_myers/placeholder/reach_the_streets/exit	gameJournalQuestMapPin	Mappins.QuestStaticMappinDefinition		
mappin	-2129.885	-2883.07	115.215	ep1/quests/main_quest/q301_q302_rescue_myers/placeholder/reach_the_streets/streets	gameJournalQuestMapPin	Mappins.QuestStaticMappinDefinition		
mappin	-2151.365	-2882.35	115.335	ep1/quests/main_quest/q301_q302_rescue_myers/placeholder/reach_the_streets/streets_backdoor	gameJournalQuestMapPin	Mappins.QuestStaticMappinDefinition		
mappin	-2212.381	-2853.383	63.124	ep1/quests/main_quest/q301_q302_rescue_myers/placeholder/reach_the_streets/elevator	gameJournalQuestMapPin	Mappins.QuestStaticMappinDefinition		
mappin	-2215.427	-2841.771	64.195	ep1/quests/main_quest/q301_q302_rescue_myers/placeholder/unlock_the_door/door	gameJournalQuestMapPin	Mappins.QuestStaticMappinDefinition		
mappin	-2208.927	-2854.5	64.565	ep1/quests/main_quest/q301_q302_rescue_myers/placeholder/get_to_elevator/elevator	gameJournalQuestMapPin	Mappins.QuestStaticMappinDefinition		
mappin	-2166.547	-2847.301	127.085	ep1/quests/main_quest/q301_q302_rescue_myers/placeholder/get_past_the_drone/past_drone	gameJournalQuestMapPin	Mappins.QuestStaticMappinDefinition		
mappin	-2153.626	-2844.571	123.085	ep1/quests/main_quest/q301_q302_rescue_myers/placeholder/disable_the_drone/drone_distraction	gameJournalQuestMapPin	Mappins.QuestStaticMappinDefinition		
mappin	-2154.427	-2842.551	124.775	ep1/quests/main_quest/q301_q302_rescue_myers/placeholder/disable_the_drone/access_point	gameJournalQuestMapPin	Mappins.QuestStaticMappinDefinition		
mappin	-1998.286	-2637.591	35.675	ep1/quests/main_quest/q301_q302_rescue_myers/placeholder/hide_from_convoy/hide	gameJournalQuestMapPin	Mappins.QuestStaticMappinDefinition		
mappin	-1985.526	-2512.201	20.765	ep1/quests/main_quest/q301_q302_rescue_myers/placeholder/enter_through_parking/elevator_to_building	gameJournalQuestMapPin	Mappins.QuestStaticMappinDefinition		
mappin	-2211.014	-2834.458	64.445	ep1/quests/main_quest/q301_q302_rescue_myers/placeholder/around_the_door/open_door	gameJournalQuestMapPin	Mappins.QuestStaticMappinDefinition		
mappin	-2227.016	-2839.541	63.095	ep1/quests/main_quest/q301_q302_rescue_myers/placeholder/around_the_door/path	gameJournalQuestMapPin	Mappins.QuestStaticMappinDefinition		
mappin	-2160.466	-2890.011	115.205	ep1/quests/main_quest/q301_q302_rescue_myers/placeholder/steal_car_alt/alt_car	gameJournalQuestMapPin	Mappins.QuestStaticMappinDefinition		
mappin	-2152.795	-2879.736	115.076	ep1/quests/main_quest/q301_q302_rescue_myers/placeholder/steal_car_alt/access_point	gameJournalQuestMapPin	Mappins.QuestStaticMappinDefinition		
mappin	-2211.014	-2834.458	64.445	ep1/quests/main_quest/q301_q302_rescue_myers/placeholder/fix_the_elevator/fix_the_elevator_mp	gameJournalQuestMapPin	Mappins.QuestStaticMappinDefinition		
mappin	-2209.904	-2834.43	64.605	ep1/quests/main_quest/q301_q302_rescue_myers/placeholder/get_into_utility_room/utility_room	gameJournalQuestMapPin	Mappins.QuestStaticMappinDefinition		
mappin	-2205.674	-2843.808	64.185	ep1/quests/main_quest/q301_q302_rescue_myers/placeholder/get_into_utility_room/door	gameJournalQuestMapPin	Mappins.QuestStaticMappinDefinition		
mappin	-2223.262	-2840.428	59.335	ep1/quests/main_quest/q301_q302_rescue_myers/placeholder/get_into_utility_room/path	gameJournalQuestMapPin	Mappins.QuestStaticMappinDefinition		
mappin	-2202.886	-2832.271	61.485	ep1/quests/main_quest/q301_q302_rescue_myers/placeholder/get_into_utility_room/unused_hallway	gameJournalQuestMapPin	Mappins.QuestStaticMappinDefinition		
mappin	-1986.015	-2474.011	19.315	ep1/quests/main_quest/q301_q302_rescue_myers/placeholder/lose_the_tail/around_the_gate	gameJournalQuestMapPin	Mappins.QuestStaticMappinDefinition		
mappin	-2010.956	-2497.451	30.565	ep1/quests/main_quest/q301_q302_rescue_myers/placeholder/wait_for_myers_to_join/parkinglot	gameJournalQuestMapPin	Mappins.QuestStaticMappinDefinition		
mappin	-2044.977	-2405.163	40.421	ep1/quests/main_quest/q301_q302_rescue_myers/02_spidertank/hide_wait/cover	gameJournalQuestMapPin	Mappins.QuestStaticMappinDefinition		
mappin	-2040.007	-2460.429	34.75	ep1/quests/main_quest/q301_q302_rescue_myers/02_spidertank/hide_wait/gate	gameJournalQuestMapPin	Mappins.QuestStaticMappinDefinition		
mappin	-2080.91	-2418.131	34	ep1/quests/main_quest/q301_q302_rescue_myers/02_spidertank/hide_wait/gate_02	gameJournalQuestMapPin	Mappins.QuestStaticMappinDefinition		
mappin	-2025.225	-2424.717	47.261	ep1/quests/main_quest/q301_q302_rescue_myers/02_spidertank/attach_the_explosives_04/attach_explosives_to_spider	gameJournalQuestMapPin	Mappins.QuestStaticMappinDefinition		
mappin	-2024.064	-2423.308	47.605	ep1/quests/main_quest/q301_q302_rescue_myers/02_spidertank/attach_the_explosives_04/01_sec_2_elevator_panel	gameJournalQuestMapPin	Mappins.QuestStaticMappinDefinition		
mappin	-2002.298	-2463.948	34.931	ep1/quests/main_quest/q301_q302_rescue_myers/02_spidertank/move_obstacle/obstacle	gameJournalQuestMapPin	Mappins.QuestStaticMappinDefinition		
mappin	-1983.704	-2475.238	30.201	ep1/quests/main_quest/q301_q302_rescue_myers/02_spidertank/explore_building/stop_1	gameJournalQuestMapPin	Mappins.QuestStaticMappinDefinition		
mappin	-2002.293	-2464.094	34.02	ep1/quests/main_quest/q301_q302_rescue_myers/02_spidertank/explore_building/stop_2	gameJournalQuestMapPin	Mappins.QuestStaticMappinDefinition		
mappin	-2038.033	-2470.76	36.081	ep1/quests/main_quest/q301_q302_rescue_myers/02_spidertank/explore_building/stop_3	gameJournalQuestMapPin	Mappins.QuestStaticMappinDefinition		
mappin	-2016.87	-2451.9	34	ep1/quests/main_quest/q301_q302_rescue_myers/02_spidertank/fend_off_enemies/defeat_militia	gameJournalQuestMapPin	Mappins.QuestStaticMappinDefinition		
mappin	-2011.205	-2476.9	34.761	ep1/quests/main_quest/q301_q302_rescue_myers/02_spidertank/find_a_passage/search	gameJournalQuestMapPin	Mappins.QuestStaticMappinDefinition		
mappin	-2048.233	-2412.548	-7.246	ep1/quests/main_quest/q301_q302_rescue_myers/02_spidertank/destroy_all_drones/destroy_drones_mappin	gameJournalQuestMapPin	Mappins.QuestDynamicMappinDefinition		
mappin	-2048.233	-2412.548	-7.246	ep1/quests/main_quest/q301_q302_rescue_myers/02_spidertank/destroy_all_drones/destroy_drones_mappin_002	gameJournalQuestMapPin	Mappins.QuestDynamicMappinDefinition		
mappin	-1973.84	-2493.161	29.79	ep1/quests/main_quest/q301_q302_rescue_myers/02_spidertank/check_pc/lobby_pc	gameJournalQuestMapPin	Mappins.QuestStaticMappinDefinition		
mappin	-2043.301	-2407.541	57.5	ep1/quests/main_quest/q301_q302_rescue_myers/02_spidertank/shoot_cables/cables	gameJournalQuestMapPin	Mappins.QuestStaticMappinDefinition		
mappin	-2038.039	-2470.652	35.5	ep1/quests/main_quest/q301_q302_rescue_myers/02_spidertank/hall_elevator/stop_3	gameJournalQuestMapPin	Mappins.QuestStaticMappinDefinition		
mappin	-2002.293	-2464.094	34.02	ep1/quests/main_quest/q301_q302_rescue_myers/02_spidertank/wait_for_myers/doors	gameJournalQuestMapPin	Mappins.QuestStaticMappinDefinition		
mappin	-1981.28	-2504.69	35.06	ep1/quests/main_quest/q301_q302_rescue_myers/02_spidertank/leave_the_elevator/exit	gameJournalQuestMapPin	Mappins.QuestStaticMappinDefinition		
mappin	-1452.9	-2015.4	30	ep1/quests/main_quest/q304_deal/04_entering_stadium/14_take_elevator_up/q304_mp_pz_elevator_lift_panel	gameJournalQuestMapPin	Mappins.QuestStaticMappinDefinition		
mappin	-1532.531	-2209.65	33.322	ep1/quests/main_quest/q304_deal/04_entering_stadium/11_drive_to_the_stadium_driver/q304_mp_stadium_garage_entance_gate	gameJournalQuestMapPin	Mappins.QuestStaticMappinDefinition		
mappin	-1485.983	-2072.563	29.017	ep1/quests/main_quest/q304_deal/04_entering_stadium/11_drive_to_the_stadium_driver/q304_mp_stadium_garage_checkpoint	gameJournalQuestMapPin	Mappins.QuestStaticMappinDefinition		
mappin	-1458.192	-2165.593	29.217	ep1/quests/main_quest/q304_deal/04_entering_stadium/11_drive_to_the_stadium_driver/q304_mp_stadium_garage_gate_part2	gameJournalQuestMapPin	Mappins.QuestStaticMappinDefinition		
mappin	-1467.67	-2150.709	29.217	ep1/quests/main_quest/q304_deal/04_entering_stadium/11_drive_to_the_stadium_driver/q304_mp_stadium_garage_gate_part1	gameJournalQuestMapPin	Mappins.QuestStaticMappinDefinition		
mappin	-1506.54	-2288.69	40.57	ep1/quests/main_quest/q304_deal/04_entering_stadium/11_drive_to_the_stadium_driver/q304_mp_stadium_garage_outter_checkpoint	gameJournalQuestMapPin	Mappins.QuestStaticMappinDefinition		
mappin	-1465.857	-2020.224	29.172	ep1/quests/main_quest/q304_deal/04_entering_stadium/11_drive_to_the_stadium_driver1/q304_mp_stadium_garage_parking_spot	gameJournalQuestMapPin	Mappins.QuestStaticMappinDefinition		
mappin	-1373.698	-1941.184	63.803	ep1/quests/main_quest/q304_deal/04_entering_stadium/13_follow_alex/male	gameJournalQuestMapPin	Mappins.QuestDynamicMappinDefinition		
mappin	-1373.698	-1941.184	63.803	ep1/quests/main_quest/q304_deal/04_entering_stadium/13_follow_alex/female	gameJournalQuestMapPin	Mappins.QuestDynamicMappinDefinition		
mappin	-1360.831	-1931.91	65.056	ep1/quests/main_quest/q304_deal/06_deal/12_deposit_weapons/q304_mp_weapns_locker	gameJournalQuestMapPin	Mappins.QuestStaticMappinDefinition		
mappin	-1289.191	-1880.351	63.52	ep1/quests/main_quest/q304_deal/06_deal/16_sit_down/q304_mp_deal_sit_down	gameJournalQuestMapPin	Mappins.QuestStaticMappinDefinition		
mappin	-1455.137	-2013.507	29.79	ep1/quests/main_quest/q304_deal/06_deal/03b_take_your_place_in_the_elevator/q304_mp_pz_elevator_spot	gameJournalQuestMapPin	Mappins.QuestStaticMappinDefinition		
mappin	-1365.8	-1943.02	65.26	ep1/quests/main_quest/q304_deal/07a_songbird_escape/02_escape_vip_area/q304_mp_escape_vip_area_exit	gameJournalQuestMapPin	Mappins.QuestStaticMappinDefinition		
mappin	-1398.339	-1981.17	72.04	ep1/quests/main_quest/q304_deal/07a_songbird_escape/03_cross_the_market/q304_mp_escape_market_mid_way	gameJournalQuestMapPin	Mappins.QuestStaticMappinDefinition		
mappin	-1385.14	-2091.94	73.3	ep1/quests/main_quest/q304_deal/07a_songbird_escape/03_cross_the_market/q304_mp_escape_market_exit	gameJournalQuestMapPin	Mappins.QuestStaticMappinDefinition		
mappin	-1401.425	-2131.906	70.13	ep1/quests/main_quest/q304_deal/07a_songbird_escape/04_escape_the_stadium/q304_mp_escape_corridors_entrance	gameJournalQuestMapPin	Mappins.QuestStaticMappinDefinition		
mappin	-1380.369	-2174.739	70.528	ep1/quests/main_quest/q304_deal/07a_songbird_escape/04_escape_the_stadium/q304_mp_escape_utility_corridor_entrance	gameJournalQuestMapPin	Mappins.QuestStaticMappinDefinition		
mappin	-1361.894	-2214.029	70.14	ep1/quests/main_quest/q304_deal/07a_songbird_escape/04_escape_the_stadium/q304_mp_escape_utility_cor_stairs	gameJournalQuestMapPin	Mappins.QuestStaticMappinDefinition		
mappin	-1332	-2228.83	53.95	ep1/quests/main_quest/q304_deal/07a_songbird_escape/04_escape_the_stadium/q304_mp_escape_utility_ladder	gameJournalQuestMapPin	Mappins.QuestStaticMappinDefinition		
mappin	-1292.43	-2296.15	51.17	ep1/quests/main_quest/q304_deal/07a_songbird_escape/04_escape_the_stadium/q304_mp_sewer_tunnel_mid_way	gameJournalQuestMapPin	Mappins.QuestStaticMappinDefinition		
mappin	-1269.28	-2307.46	46.58	ep1/quests/main_quest/q304_deal/07a_songbird_escape/04_escape_the_stadium/q304_mp_sewer_pipes_entrance	gameJournalQuestMapPin	Mappins.QuestStaticMappinDefinition		
mappin	-1271.49	-2365.88	41.65	ep1/quests/main_quest/q304_deal/07a_songbird_escape/04_escape_the_stadium/q304_mp_sewer_pipes_exit	gameJournalQuestMapPin	Mappins.QuestStaticMappinDefinition		
mappin	-1380.369	-2174.739	70.528	ep1/quests/main_quest/q304_deal/07a_songbird_escape/04b_move_crates/02b_q304_mp_escape_crates	gameJournalQuestMapPin	Mappins.QuestStaticMappinDefinition		
mappin	-1365.8	-1943.02	65.26	ep1/quests/main_quest/q304_deal/07b_reed_escape/03_escape_vip_area/q304_mp_escape_vip_area_exit	gameJournalQuestMapPin	Mappins.QuestStaticMappinDefinition		
mappin	-1385.14	-2091.94	73.3	ep1/quests/main_quest/q304_deal/07b_reed_escape/04_cross_the_market/q304_mp_escape_market_exit	gameJournalQuestMapPin	Mappins.QuestStaticMappinDefinition		
mappin	-1398.339	-1981.17	72.04	ep1/quests/main_quest/q304_deal/07b_reed_escape/04_cross_the_market/q304_mp_escape_market_mid_way	gameJournalQuestMapPin	Mappins.QuestStaticMappinDefinition		
mappin	-1401.425	-2131.906	70.13	ep1/quests/main_quest/q304_deal/07b_reed_escape/05_reach_reed/q304_mp_escape_corridors_entrance	gameJournalQuestMapPin	Mappins.QuestStaticMappinDefinition		
mappin	-1400.22	-2153.531	70.53	ep1/quests/main_quest/q304_deal/07b_reed_escape/05_reach_reed/02_q304_mp_escape_elevator	gameJournalQuestMapPin	Mappins.QuestStaticMappinDefinition		
mappin	-1454.002	-2132.323	30.166	ep1/quests/main_quest/q304_deal/07b_reed_escape/05_reach_reed/04_q304_mp_escape_van	gameJournalQuestMapPin	Mappins.QuestStaticMappinDefinition		
mappin	-1360.825	-1931.892	65	ep1/quests/main_quest/q304_deal/07b_reed_escape/00_get_your_gear/q304_mp_weapns_locker_escape	gameJournalQuestMapPin	Mappins.QuestStaticMappinDefinition		
mappin	-1359.318	-1933.183	64.629	ep1/quests/main_quest/q304_deal/07b_reed_escape/00_get_your_gear/q304_mp_weapns_locker_escape_reed	gameJournalQuestMapPin	Mappins.QuestStaticMappinDefinition		
mappin	-1384.375	-2109.438	70.031	ep1/quests/main_quest/q304_deal/07b_reed_escape/04bb_defeat_kurt_and_soldiers/area_fight_mappin	gameJournalQuestMapPin	Mappins.QuestStaticMappinDefinition		
mappin	-1400.22	-2153.531	70.53	ep1/quests/main_quest/q304_deal/07b_reed_escape/05b_escape_the_black_barket/01_q304_mp_escape_elevator	gameJournalQuestMapPin	Mappins.QuestStaticMappinDefinition		
mappin	-1401.425	-2131.906	70.13	ep1/quests/main_quest/q304_deal/07b_reed_escape/05b_escape_the_black_barket/02_q304_mp_escape_corridors_entrance	gameJournalQuestMapPin	Mappins.QuestStaticMappinDefinition		
mappin	-1400.22	-2153.531	70.53	ep1/quests/main_quest/q304_deal/07b_reed_escape/05c_take_the_elevator/01_mp_escape_elevator	gameJournalQuestMapPin	Mappins.QuestStaticMappinDefinition		
mappin	-1230.206	-2376.122	41.581	ep1/quests/main_quest/q304_deal/08a_songbird_finale/02_lead_to_exit/q304_mp_homless_camp_exit	gameJournalQuestMapPin	Mappins.QuestStaticMappinDefinition		
mappin	-1273.445	-2362.016	46.089	ep1/quests/main_quest/q304_deal/08a_songbird_finale/00a_open_grate/q304_mp_open_the_grate	gameJournalQuestMapPin	Mappins.QuestStaticMappinDefinition		
mappin	-1271.504	-2367.65	41.094	ep1/quests/main_quest/q304_deal/08a_songbird_finale/00b_jump_down/q304_mp_homless_camp_jump_down	gameJournalQuestMapPin	Mappins.QuestStaticMappinDefinition		
mappin	-1454.002	-2132.323	30.166	ep1/quests/main_quest/q304_deal/08b_reed_finale/00_get_into_van/q304_mp_escape_van	gameJournalQuestMapPin	Mappins.QuestStaticMappinDefinition		
mappin	-2069.149	-2163.671	-197.52	ep1/quests/main_quest/q305_bunker/07c_cynosure_core/unplug_songbird/unplug_mapping	gameJournalQuestMapPin	Mappins.QuestStaticMappinDefinition		
mappin	-2068.8	-2208.841	-193.3	ep1/quests/main_quest/q305_bunker/07c_cynosure_core/go_to_core/core_mappin_01	gameJournalQuestMapPin	Mappins.QuestStaticMappinDefinition		
mappin	-2069.98	-2211.5	-197	ep1/quests/main_quest/q305_bunker/07c_cynosure_core/go_to_core/core_mappin_02	gameJournalQuestMapPin	Mappins.QuestStaticMappinDefinition		
mappin	-2068.037	-2161.537	-198.259	ep1/quests/main_quest/q305_bunker/07c_cynosure_core/go_to_core/core_mappin_03	gameJournalQuestMapPin	Mappins.QuestStaticMappinDefinition		
mappin	-2069.49	-2177.812	-196.687	ep1/quests/main_quest/q305_bunker/07c_cynosure_core/go_to_core/core_mappin_door	gameJournalQuestMapPin	Mappins.QuestStaticMappinDefinition		
mappin	-2136.997	-2175.6	-192.401	ep1/quests/main_quest/q305_bunker/07_inner_bunker/06b_disengage_coolant_alt/thermal_mappin	gameJournalQuestMapPin	Mappins.QuestStaticMappinDefinition		
mappin	-2136.997	-2175.6	-192.401	ep1/quests/main_quest/q305_bunker/07_inner_bunker/05_interrupt_coolant/thermal_mappin	gameJournalQuestMapPin	Mappins.QuestStaticMappinDefinition		
mappin	-2159.322	-2215.989	-193.731	ep1/quests/main_quest/q305_bunker/07_inner_bunker/06_interrupt_datafort/datafort_mappin	gameJournalQuestMapPin	Mappins.QuestStaticMappinDefinition		
mappin	-2097.093	-2224.54	-193.106	ep1/quests/main_quest/q305_bunker/07_inner_bunker/04a_find_neural/neural_mappin	gameJournalQuestMapPin	Mappins.QuestStaticMappinDefinition		
mappin	-2136.997	-2175.6	-192.401	ep1/quests/main_quest/q305_bunker/07_inner_bunker/05a_find_thermal/thermal_mappin	gameJournalQuestMapPin	Mappins.QuestStaticMappinDefinition		
mappin	-2159.322	-2215.989	-193.731	ep1/quests/main_quest/q305_bunker/07_inner_bunker/06a_find_datafort/datafort_mappin	gameJournalQuestMapPin	Mappins.QuestStaticMappinDefinition		
mappin	-2136.997	-2175.6	-192.401	ep1/quests/main_quest/q305_bunker/07_inner_bunker/05b_hack_thermal/thermal_mappin	gameJournalQuestMapPin	Mappins.QuestStaticMappinDefinition		
mappin	-2097.093	-2224.54	-193.106	ep1/quests/main_quest/q305_bunker/07_inner_bunker/04c_get_back_to_neural/neural_mappin	gameJournalQuestMapPin	Mappins.QuestStaticMappinDefinition		
mappin	-2136.997	-2175.6	-192.401	ep1/quests/main_quest/q305_bunker/07_inner_bunker/05c_get_back_to_thermal/thermal_mappin	gameJournalQuestMapPin	Mappins.QuestStaticMappinDefinition		
mappin	-2159.322	-2215.989	-193.731	ep1/quests/main_quest/q305_bunker/07_inner_bunker/06c_get_back_to_datafort/datafort_mappin	gameJournalQuestMapPin	Mappins.QuestStaticMappinDefinition		
mappin	-2136.997	-2175.6	-192.401	ep1/quests/main_quest/q305_bunker/07_inner_bunker/05d_disconnect_thermal/thermal_mappin	gameJournalQuestMapPin	Mappins.QuestStaticMappinDefinition		
mappin	-2070.696	-2202.159	-193.428	ep1/quests/main_quest/q305_bunker/07_inner_bunker/07a_get_back_to_command/command_room_mappin	gameJournalQuestMapPin	Mappins.QuestStaticMappinDefinition		
mappin	-2097.093	-2224.54	-193.106	ep1/quests/main_quest/q305_bunker/07_inner_bunker/04b_check_terminal_neural/neural_mappin	gameJournalQuestMapPin	Mappins.QuestStaticMappinDefinition		
mappin	-2097.057	-2223.719	-190.537	ep1/quests/main_quest/q305_bunker/07_inner_bunker/04c_use_kiroshi_neural/neural_brain_mappin	gameJournalQuestMapPin	Mappins.QuestStaticMappinDefinition		
mappin	-2099.25	-2224.09	-194.42	ep1/quests/main_quest/q305_bunker/07_inner_bunker/04d_disconnect_cables_neural/neural_cable_01_mappin	gameJournalQuestMapPin	Mappins.QuestStaticMappinDefinition		
mappin	-2094.34	-2224.4	-194.42	ep1/quests/main_quest/q305_bunker/07_inner_bunker/04d_disconnect_cables_neural/neural_cable_02_mappin	gameJournalQuestMapPin	Mappins.QuestStaticMappinDefinition		
mappin	-2088.89	-2230.73	-194.42	ep1/quests/main_quest/q305_bunker/07_inner_bunker/04d_disconnect_cables_neural/neural_cable_03_mappin	gameJournalQuestMapPin	Mappins.QuestStaticMappinDefinition		
mappin	-2159.322	-2215.989	-193.731	ep1/quests/main_quest/q305_bunker/07_inner_bunker/06_check_terminal_datafort/datafort_mappin	gameJournalQuestMapPin	Mappins.QuestStaticMappinDefinition		
mappin	-2155.9	-2210.031	-194.132	ep1/quests/main_quest/q305_bunker/07_inner_bunker/06d_destroy_firewalls/datafort_firewall_01_mappin	gameJournalQuestMapPin	Mappins.QuestStaticMappinDefinition		
mappin	-2133.178	-2238.896	-194.052	ep1/quests/main_quest/q305_bunker/07_inner_bunker/06d_destroy_firewalls/datafort_firewall_02_mappin	gameJournalQuestMapPin	Mappins.QuestStaticMappinDefinition		
mappin	-2126.015	-2232.971	-194.052	ep1/quests/main_quest/q305_bunker/07_inner_bunker/06d_destroy_firewalls/datafort_firewall_03_mappin	gameJournalQuestMapPin	Mappins.QuestStaticMappinDefinition		
mappin	-2157.286	-2228.385	-194.003	ep1/quests/main_quest/q305_bunker/07_inner_bunker/06d_destroy_firewalls/datafort_firewall_04_mappin	gameJournalQuestMapPin	Mappins.QuestStaticMappinDefinition		
mappin	-2165.936	-2218.079	-194.132	ep1/quests/main_quest/q305_bunker/07_inner_bunker/06d_destroy_firewalls/datafort_firewall_05_mappin	gameJournalQuestMapPin	Mappins.QuestStaticMappinDefinition		
mappin	-2147.375	-2220.175	-194.132	ep1/quests/main_quest/q305_bunker/07_inner_bunker/06d_destroy_firewalls/datafort_firewall_06_mappin	gameJournalQuestMapPin	Mappins.QuestStaticMappinDefinition		
mappin	-2378.9	-2537.156	-69.58	ep1/quests/main_quest/q305_bunker/06_outer_bunker/find_songbird/01_top_of_elevator	gameJournalQuestMapPin	Mappins.QuestStaticMappinDefinition		
mappin	-2142.556	-2350.05	-192.72	ep1/quests/main_quest/q305_bunker/06_outer_bunker/find_songbird/02_past_broken_gate	gameJournalQuestMapPin	Mappins.QuestStaticMappinDefinition		
mappin	-2110.227	-2323.146	-192.73	ep1/quests/main_quest/q305_bunker/06_outer_bunker/find_songbird/03_past_robot	gameJournalQuestMapPin	Mappins.QuestStaticMappinDefinition		
mappin	-2076.174	-2241.917	-194.21	ep1/quests/main_quest/q305_bunker/06_outer_bunker/find_songbird/04_into_cold	gameJournalQuestMapPin	Mappins.QuestStaticMappinDefinition		
mappin	-2069.844	-2202.447	-193.851	ep1/quests/main_quest/q305_bunker/06_outer_bunker/find_songbird/05_command_room	gameJournalQuestMapPin	Mappins.QuestStaticMappinDefinition		
mappin	-2194.06	-2405.09	-191.14	ep1/quests/main_quest/q305_bunker/06_outer_bunker/find_songbird/side_entrance_mappin	gameJournalQuestMapPin	Mappins.QuestStaticMappinDefinition		
mappin	-2203.69	-2384.76	-187.13	ep1/quests/main_quest/q305_bunker/06_outer_bunker/find_songbird/walkway_mappin	gameJournalQuestMapPin	Mappins.QuestStaticMappinDefinition		
mappin	-2200.1	-2398.062	-192.63	ep1/quests/main_quest/q305_bunker/06_outer_bunker/find_songbird/01_a_robot_gate	gameJournalQuestMapPin	Mappins.QuestStaticMappinDefinition		
mappin	-2146.09	-2352.57	-191.12	ep1/quests/main_quest/q305_bunker/06_outer_bunker/find_songbird/01_d_broken_gate	gameJournalQuestMapPin	Mappins.QuestStaticMappinDefinition		
mappin	-2142.556	-2350.05	-192.72	ep1/quests/main_quest/q305_bunker/06_outer_bunker/into_inner_bunker/mappin_gate	gameJournalQuestMapPin	Mappins.QuestStaticMappinDefinition		
mappin	-2172.03	-2372.083	-207.49	ep1/quests/main_quest/q305_bunker/06_outer_bunker/disable_lockdown/bunker_mappin	gameJournalQuestMapPin	Mappins.QuestStaticMappinDefinition		
mappin	-2180.341	-2348.135	-191.2	ep1/quests/main_quest/q305_bunker/06_outer_bunker/disable_lockdown/server_mappin	gameJournalQuestMapPin	Mappins.QuestEntityMappinDefinition		
mappin	-2089.461	-2259.271	-192.851	ep1/quests/main_quest/q305_bunker/06_outer_bunker/close_the_airlock/airlock_terminal_closing_mappin	gameJournalQuestMapPin	Mappins.QuestStaticMappinDefinition		
mappin	-2392.115	-2566.407	-57.75	ep1/quests/main_quest/q305_bunker/06_outer_bunker/enter_bunker/pre_elevator_mappin	gameJournalQuestMapPin	Mappins.QuestStaticMappinDefinition		
mappin	-2394.101	-2577.59	-56.48	ep1/quests/main_quest/q305_bunker/06_outer_bunker/enter_bunker/out_of_the_water_mappin_01	gameJournalQuestMapPin	Mappins.QuestStaticMappinDefinition		
mappin	-2395.241	-2568.35	-56.48	ep1/quests/main_quest/q305_bunker/06_outer_bunker/enter_bunker/out_of_the_water_mappin_02	gameJournalQuestMapPin	Mappins.QuestStaticMappinDefinition		
mappin	-2142.556	-2350.05	-192.72	ep1/quests/main_quest/q305_bunker/06_outer_bunker/06_follow_sungbird_further/02_past_broken_gate	gameJournalQuestMapPin	Mappins.QuestStaticMappinDefinition		
mappin	-2141.181	-2399.461	-192.181	ep1/quests/main_quest/q305_bunker/06_outer_bunker/09a_destroy_backup_server_01/sierra_mappin	gameJournalQuestMapPin	Mappins.QuestStaticMappinDefinition		
mappin	-2151.426	-2330.352	-190.615	ep1/quests/main_quest/q305_bunker/06_outer_bunker/09b_destroy_backup_server_02/victor_mappin	gameJournalQuestMapPin	Mappins.QuestStaticMappinDefinition		
mappin	-2141.181	-2399.461	-192.181	ep1/quests/main_quest/q305_bunker/06_outer_bunker/09a_find_sierra/sierra_mappin	gameJournalQuestMapPin	Mappins.QuestStaticMappinDefinition		
mappin	-2158.167	-2344.004	-192.71	ep1/quests/main_quest/q305_bunker/06_outer_bunker/09b_find_victor/victor_mappin	gameJournalQuestMapPin	Mappins.QuestStaticMappinDefinition		
mappin	-2141.181	-2399.461	-192.181	ep1/quests/main_quest/q305_bunker/06_outer_bunker/09a_authorize_sierra/sierra_mappin	gameJournalQuestMapPin	Mappins.QuestStaticMappinDefinition		
mappin	-2151.426	-2330.352	-190.615	ep1/quests/main_quest/q305_bunker/06_outer_bunker/09b_authorize_victor/victor_mappin	gameJournalQuestMapPin	Mappins.QuestStaticMappinDefinition		
mappin	-2141.181	-2399.461	-192.181	ep1/quests/main_quest/q305_bunker/06_outer_bunker/09c_return_sierra/sierra_mappin	gameJournalQuestMapPin	Mappins.QuestStaticMappinDefinition		
mappin	-2151.426	-2330.352	-190.615	ep1/quests/main_quest/q305_bunker/06_outer_bunker/09d_return_victor/victor_mappin	gameJournalQuestMapPin	Mappins.QuestStaticMappinDefinition		
mappin	-2141.181	-2399.461	-192.181	ep1/quests/main_quest/q305_bunker/06_outer_bunker/09a_go_to_sierra/sierra_mappin	gameJournalQuestMapPin	Mappins.QuestStaticMappinDefinition		
mappin	-2151.426	-2330.352	-190.615	ep1/quests/main_quest/q305_bunker/06_outer_bunker/09b_go_to_victor/victor_mappin	gameJournalQuestMapPin	Mappins.QuestStaticMappinDefinition		
mappin	-2147.506	-2350.687	-191.099	ep1/quests/main_quest/q305_bunker/06_outer_bunker/10_go_back_to_gate/mappin_gate_terminal	gameJournalQuestMapPin	Mappins.QuestStaticMappinDefinition		
mappin	-2147.506	-2350.687	-191.099	ep1/quests/main_quest/q305_bunker/06_outer_bunker/10_open_gate/mappin_gate_terminal	gameJournalQuestMapPin	Mappins.QuestStaticMappinDefinition		
mappin	-2089.461	-2259.271	-192.851	ep1/quests/main_quest/q305_bunker/06_outer_bunker/13_enter_the_airlock/airlock_inside_mappin	gameJournalQuestMapPin	Mappins.QuestStaticMappinDefinition		
mappin	-2084.906	-2259.595	-192.851	ep1/quests/main_quest/q305_bunker/06_outer_bunker/012b_open_airlock/airlock_mappin	gameJournalQuestMapPin	Mappins.QuestStaticMappinDefinition		
mappin	-2164.82	-2377.172	-192.561	ep1/quests/main_quest/q305_bunker/06_outer_bunker/09_fix_repair_bay_terminal/repair_bay_fuse_box_mappin	gameJournalQuestMapPin	Mappins.QuestStaticMappinDefinition		
mappin	-2411.532	-2598.44	-57.1	ep1/quests/main_quest/q305_bunker/04_chase/05a_out_of_water/out_of_water	gameJournalQuestMapPin	Mappins.QuestStaticMappinDefinition		
mappin	-2422.841	-2603.667	-59.937	ep1/quests/main_quest/q305_bunker/04_chase/chase_songbird_03/mappin_07	gameJournalQuestMapPin	Mappins.QuestStaticMappinDefinition		
mappin	-2424.671	-2593.34	-6.61	ep1/quests/main_quest/q305_bunker/04_chase/chase_songbird_03/mappin_before_jump	gameJournalQuestMapPin	Mappins.QuestStaticMappinDefinition		
mappin	-2394.13	-2562.13	-64.99	ep1/quests/main_quest/q305_bunker/04_chase/05a_find_terminal/terminal	gameJournalQuestMapPin	Mappins.QuestStaticMappinDefinition		
mappin	-2396.539	-2562.756	-63.491	ep1/quests/main_quest/q305_bunker/04_chase/connect_to_terminal/computer_mappin	gameJournalQuestMapPin	Mappins.QuestEntityMappinDefinition		
mappin	-2466.301	-2506.305	16.994	ep1/quests/main_quest/q305_bunker/04_chase/00_get_back_on_track/sb	gameJournalQuestMapPin	Mappins.QuestStaticMappinDefinition		
mappin	-2671.92	-2605.18	23.12	ep1/quests/main_quest/q305_bunker/04_chase/00a_chase_scenes/1_crossroad	gameJournalQuestMapPin	Mappins.QuestStaticMappinDefinition		
mappin	-2542.629	-2549.251	17.97	ep1/quests/main_quest/q305_bunker/04_chase/00a_chase_scenes/2_crossroad	gameJournalQuestMapPin	Mappins.QuestStaticMappinDefinition		
mappin	-2472.31	-2518.25	17.3	ep1/quests/main_quest/q305_bunker/04_chase/00a_chase_scenes/3_crossroad	gameJournalQuestMapPin	Mappins.QuestStaticMappinDefinition		
mappin	-2451.851	-2544.47	17.18	ep1/quests/main_quest/q305_bunker/04_chase/01_investigate_crash/00_hole_in_the_wall	gameJournalQuestMapPin	Mappins.QuestStaticMappinDefinition		
mappin	-2445.771	-2554.84	-7	ep1/quests/main_quest/q305_bunker/04_chase/01b_find_apc/00_apc	gameJournalQuestMapPin	Mappins.QuestStaticMappinDefinition		
mappin	-2446.01	-2562.173	-1.88	ep1/quests/main_quest/q305_bunker/04_chase/check_apc/apc_mappin	gameJournalQuestMapPin	Mappins.QuestStaticMappinDefinition		
mappin	-2445.319	-2563.134	-5.19	ep1/quests/main_quest/q305_bunker/04_chase/chase_songbird_02/search_mappin	gameJournalQuestMapPin	Mappins.QuestStaticMappinDefinition		
mappin	-2454.049	-2542.754	18.96	ep1/quests/main_quest/q305_bunker/04_chase/chase_songbird/mappin_01	gameJournalQuestMapPin	Mappins.QuestStaticMappinDefinition		
mappin	-2446.01	-2562.173	-1.88	ep1/quests/main_quest/q305_bunker/04_chase/chase_songbird/mappin_02	gameJournalQuestMapPin	Mappins.QuestStaticMappinDefinition		
mappin	-2443.023	-2552.343	-7	ep1/quests/main_quest/q305_bunker/04_chase/chase_songbird/mappin_03	gameJournalQuestMapPin	Mappins.QuestStaticMappinDefinition		
mappin	-2448.965	-2546.132	-6.27	ep1/quests/main_quest/q305_bunker/04_chase/chase_songbird/mappin_04	gameJournalQuestMapPin	Mappins.QuestStaticMappinDefinition		
mappin	-2428.806	-2547.457	-5.74	ep1/quests/main_quest/q305_bunker/04_chase/chase_songbird/mappin_05	gameJournalQuestMapPin	Mappins.QuestStaticMappinDefinition		
mappin	-2433.517	-2587.4	-5.84	ep1/quests/main_quest/q305_bunker/04_chase/chase_songbird/mappin_06	gameJournalQuestMapPin	Mappins.QuestStaticMappinDefinition		
mappin	-2420.21	-2601.89	-55.99	ep1/quests/main_quest/q305_bunker/04_chase/chase_songbird/mappin_07	gameJournalQuestMapPin	Mappins.QuestStaticMappinDefinition		
mappin	-2424.671	-2593.34	-6.61	ep1/quests/main_quest/q305_bunker/04_chase/chase_songbird/mappin_before_jump	gameJournalQuestMapPin	Mappins.QuestStaticMappinDefinition		
mappin	-2443.023	-2552.343	-7	ep1/quests/main_quest/q305_bunker/04_chase/follow_songbird/mappin_03	gameJournalQuestMapPin	Mappins.QuestStaticMappinDefinition		
mappin	-2448.965	-2546.132	-6.27	ep1/quests/main_quest/q305_bunker/04_chase/follow_songbird/mappin_04	gameJournalQuestMapPin	Mappins.QuestStaticMappinDefinition		
mappin	-2428.806	-2547.457	-5.74	ep1/quests/main_quest/q305_bunker/04_chase/follow_songbird/mappin_05	gameJournalQuestMapPin	Mappins.QuestStaticMappinDefinition		
mappin	-2433.517	-2587.4	-5.84	ep1/quests/main_quest/q305_bunker/04_chase/follow_songbird/mappin_06	gameJournalQuestMapPin	Mappins.QuestStaticMappinDefinition		
mappin	-2420.21	-2601.89	-55.99	ep1/quests/main_quest/q305_bunker/04_chase/follow_songbird/mappin_07	gameJournalQuestMapPin	Mappins.QuestStaticMappinDefinition		
mappin	-2429.188	-2575.25	-5.84	ep1/quests/main_quest/q305_bunker/04_chase/follow_songbird/mappin_01	gameJournalQuestMapPin	Mappins.QuestStaticMappinDefinition		
mappin	-2429.185	-2574.159	-7	ep1/quests/main_quest/q305_bunker/04_chase/follow_songbird/mappin_alt	gameJournalQuestMapPin	Mappins.QuestStaticMappinDefinition		
mappin	-2426.167	-2590.265	-7	ep1/quests/main_quest/q305_bunker/04_chase/04a_before_jump/jump_marker	gameJournalQuestMapPin	Mappins.QuestStaticMappinDefinition		
mappin	-2424.198	-2593.182	-5.028	ep1/quests/main_quest/q305_bunker/04_chase/04b_talk_johnny/johnny	gameJournalQuestMapPin	Mappins.QuestStaticMappinDefinition		
mappin	-2316.99	306.31	11.42	ep1/quests/main_quest/q306_devils_bargain/00_hook/02_go_to_meeting/mp_waypoint	gameJournalQuestMapPin	Mappins.QuestStaticMappinDefinition		
mappin	-2318.51	304.64	11.79	ep1/quests/main_quest/q306_devils_bargain/00_hook/04_enter_songbird_car/mp_car	gameJournalQuestMapPin	Mappins.QuestDynamicMappinDefinition		
mappin	-2318.51	304.64	11.79	ep1/quests/main_quest/q306_devils_bargain/00_hook/06_exit_songbird_car/mp_car	gameJournalQuestMapPin	Mappins.QuestDynamicMappinDefinition		
mappin	-3527.48	389.89	32.3	ep1/quests/main_quest/q306_devils_bargain/00_hook/05b_drive_to_spaceport/mp_parking	gameJournalQuestMapPin	Mappins.QuestStaticMappinDefinition		
mappin	-2395.19	367.04	32.3	ep1/quests/main_quest/q306_devils_bargain/00_hook/05b_drive_to_spaceport/mp_parking_midway	gameJournalQuestMapPin	Mappins.QuestStaticMappinDefinition		
mappin	-3601.87	382.526	39.103	ep1/quests/main_quest/q306_devils_bargain/01_public_entry/01_proceed_to_gate/mp_waypoint	gameJournalQuestMapPin	Mappins.QuestStaticMappinDefinition		
mappin	-3641.033	383.711	33.866	ep1/quests/main_quest/q306_devils_bargain/01_public_entry/02_find_entrance_to_restricted/mp_search_area	gameJournalQuestMapPin	Mappins.QuestStaticMappinDefinition		
mappin	-3638.17	383.826	33.673	ep1/quests/main_quest/q306_devils_bargain/01_public_entry/02_find_entrance_to_restricted/mp_guard_a	gameJournalQuestMapPin	Mappins.QuestDynamicMappinDefinition		
mappin	-3638.17	383.826	33.673	ep1/quests/main_quest/q306_devils_bargain/01_public_entry/02_find_entrance_to_restricted/mp_guard_b	gameJournalQuestMapPin	Mappins.QuestDynamicMappinDefinition		
mappin	-3638.17	383.826	33.673	ep1/quests/main_quest/q306_devils_bargain/01_public_entry/02_find_entrance_to_restricted/mp_guard_c	gameJournalQuestMapPin	Mappins.QuestDynamicMappinDefinition		
mappin	-3638.17	383.826	33.673	ep1/quests/main_quest/q306_devils_bargain/01_public_entry/02_find_entrance_to_restricted/mp_guard_d	gameJournalQuestMapPin	Mappins.QuestDynamicMappinDefinition		
mappin	-3638.17	383.826	33.673	ep1/quests/main_quest/q306_devils_bargain/01_public_entry/02_find_entrance_to_restricted/mp_guard_e	gameJournalQuestMapPin	Mappins.QuestDynamicMappinDefinition		
mappin	-3638.17	383.826	33.673	ep1/quests/main_quest/q306_devils_bargain/01_public_entry/01a_processed/guard	gameJournalQuestMapPin	Mappins.QuestDynamicMappinDefinition		
mappin	-3601.931	379.44	39.95	ep1/quests/main_quest/q306_devils_bargain/01_public_entry/01b_camera/camera	gameJournalQuestMapPin	Mappins.QuestStaticMappinDefinition		
mappin	-3648.666	278.526	45.44	ep1/quests/main_quest/q306_devils_bargain/01_public_entry/03_opt_maglev/exit	gameJournalQuestMapPin	Mappins.QuestStaticMappinDefinition		
mappin	-3663.516	351.016	37.96	ep1/quests/main_quest/q306_devils_bargain/01_public_entry/03_opt_shaft/shaft	gameJournalQuestMapPin	Mappins.QuestStaticMappinDefinition		
mappin	-3661.716	361.106	35.463	ep1/quests/main_quest/q306_devils_bargain/01_public_entry/03_opt_shaft/shaft_grass	gameJournalQuestMapPin	Mappins.QuestStaticMappinDefinition		
mappin	-3649.256	352.906	38.33	ep1/quests/main_quest/q306_devils_bargain/01_public_entry/03_opt_shaft_proceed/exit	gameJournalQuestMapPin	Mappins.QuestStaticMappinDefinition		
mappin	-3644.12	364.99	34.77	ep1/quests/main_quest/q306_devils_bargain/01_public_entry/03_opt_tarp/tarps	gameJournalQuestMapPin	Mappins.QuestStaticMappinDefinition		
mappin	-3653.366	361.936	34.77	ep1/quests/main_quest/q306_devils_bargain/01_public_entry/03_opt_tarp/tarps1	gameJournalQuestMapPin	Mappins.QuestStaticMappinDefinition		
mappin	-3596.156	411.296	49.52	ep1/quests/main_quest/q306_devils_bargain/01_public_entry/03_opt_toilet/toilet	gameJournalQuestMapPin	Mappins.QuestStaticMappinDefinition		
mappin	-3615.256	379.316	36.02	ep1/quests/main_quest/q306_devils_bargain/01_public_entry/04_opt_luggage_checkout/dataterm_01	gameJournalQuestMapPin	Mappins.QuestStaticMappinDefinition		
mappin	-3608.206	381.846	35.57	ep1/quests/main_quest/q306_devils_bargain/01_public_entry/04_opt_luggage_loot/package	gameJournalQuestMapPin	Mappins.QuestStaticMappinDefinition		
mappin	-3604.03	413.646	32.813	ep1/quests/main_quest/q306_devils_bargain/01_public_entry/04_opt_luggage_spot/toilet	gameJournalQuestMapPin	Mappins.QuestStaticMappinDefinition		
mappin	-3666.57	353.726	37.743	ep1/quests/main_quest/q306_devils_bargain/01_public_entry/04_opt_luggage_spot/mech_01	gameJournalQuestMapPin	Mappins.QuestStaticMappinDefinition		
mappin	-3630.49	274.246	31.573	ep1/quests/main_quest/q306_devils_bargain/02_restricted_entry/01_proceed_to_roof/mp_elevator_area	gameJournalQuestMapPin	Mappins.QuestStaticMappinDefinition		
mappin	-3608.41	284.576	39.723	ep1/quests/main_quest/q306_devils_bargain/02_restricted_entry/02_proceed_to_elevator/mp_enter_elevator	gameJournalQuestMapPin	Mappins.QuestStaticMappinDefinition		
mappin	-3610.68	286.006	87.62	ep1/quests/main_quest/q306_devils_bargain/02_restricted_entry/02_proceed_to_elevator/mp_enter_elevator_top	gameJournalQuestMapPin	Mappins.QuestStaticMappinDefinition		
mappin	-3566.23	316.036	80.183	ep1/quests/main_quest/q306_devils_bargain/02_restricted_entry/03_drop_elevator/mp_songbird_elevator	gameJournalQuestMapPin	Mappins.QuestStaticMappinDefinition		
mappin	-3564.34	314.646	78.422	ep1/quests/main_quest/q306_devils_bargain/02_restricted_entry/07_reequip/mp_bag	gameJournalQuestMapPin	Mappins.QuestStaticMappinDefinition		
mappin	-3566.23	316.036	80.183	ep1/quests/main_quest/q306_devils_bargain/02_restricted_entry/03a_find_songbird/mp_lean	gameJournalQuestMapPin	Mappins.QuestStaticMappinDefinition		
mappin	-3566.298	314.48	79.023	ep1/quests/main_quest/q306_devils_bargain/02_restricted_entry/03b_find_rope/mp_area	gameJournalQuestMapPin	Mappins.QuestStaticMappinDefinition		
mappin	-3564.394	311.711	80.31	ep1/quests/main_quest/q306_devils_bargain/02_restricted_entry/03c_use_hose/mp_hose	gameJournalQuestMapPin	Mappins.QuestStaticMappinDefinition		
mappin	-3602.55	294.04	82.77	ep1/quests/main_quest/q306_devils_bargain/02_restricted_entry/03d_get_rid_guards/guard_01	gameJournalQuestMapPin	Mappins.QuestDynamicMappinDefinition		
mappin	-3602.55	294.04	82.77	ep1/quests/main_quest/q306_devils_bargain/02_restricted_entry/03d_get_rid_guards/guard_02	gameJournalQuestMapPin	Mappins.QuestDynamicMappinDefinition		
mappin	-3618.3	407.836	85.673	ep1/quests/main_quest/q306_devils_bargain/03_rooftop/09_go_to_public/mp_elevator_top	gameJournalQuestMapPin	Mappins.QuestStaticMappinDefinition		
mappin	-3618.42	404.546	37.673	ep1/quests/main_quest/q306_devils_bargain/03_rooftop/09_go_to_public/mp_elevator_bot	gameJournalQuestMapPin	Mappins.QuestStaticMappinDefinition		
mappin	-3616.76	353.396	86.163	ep1/quests/main_quest/q306_devils_bargain/03_rooftop/01_hide/mp_hiding_spot	gameJournalQuestMapPin	Mappins.QuestStaticMappinDefinition		
mappin	-3603.786	344.843	85.005	ep1/quests/main_quest/q306_devils_bargain/03_rooftop/02a_hide_from_the_operators/mp_operator	gameJournalQuestMapPin	Mappins.QuestDynamicMappinDefinition		
mappin	-3610.784	350.77	86.165	ep1/quests/main_quest/q306_devils_bargain/03_rooftop/02b_stop_the_fan/mp_fan001	gameJournalQuestMapPin	Mappins.QuestStaticMappinDefinition		
mappin	-3606.006	377.772	86.281	ep1/quests/main_quest/q306_devils_bargain/03_rooftop/02b_stop_the_fan/mp_fan002	gameJournalQuestMapPin	Mappins.QuestStaticMappinDefinition		
mappin	-3652.815	360.212	33.726	ep1/quests/main_quest/q306_devils_bargain/04_public_return/02_proceed_to_moon_terminal/mp_wp_001	gameJournalQuestMapPin	Mappins.QuestStaticMappinDefinition		
mappin	-3656.075	285.022	33.626	ep1/quests/main_quest/q306_devils_bargain/04_public_return/02_proceed_to_moon_terminal/mp_wp_002	gameJournalQuestMapPin	Mappins.QuestStaticMappinDefinition		
mappin	-3624.839	245.189	35.583	ep1/quests/main_quest/q306_devils_bargain/04_public_return/03_ascend_to_departures/mp_elevator_bot	gameJournalQuestMapPin	Mappins.QuestStaticMappinDefinition		
mappin	-3611.393	241.802	49.076	ep1/quests/main_quest/q306_devils_bargain/04_public_return/03_ascend_to_departures/mp_elevator_top	gameJournalQuestMapPin	Mappins.QuestStaticMappinDefinition		
mappin	-3580.453	247.323	49.016	ep1/quests/main_quest/q306_devils_bargain/04_public_return/06_find_meds/mp_area	gameJournalQuestMapPin	Mappins.QuestStaticMappinDefinition		
mappin	-3586.026	238.102	49.076	ep1/quests/main_quest/q306_devils_bargain/04_public_return/08_proceed_to_maglev/mp_wp	gameJournalQuestMapPin	Mappins.QuestStaticMappinDefinition		
mappin	-3492.176	175.212	49.076	ep1/quests/main_quest/q306_devils_bargain/04_public_return/08_proceed_to_maglev/mp_wp_002	gameJournalQuestMapPin	Mappins.QuestStaticMappinDefinition		
mappin	-3580.453	247.323	49.016	ep1/quests/main_quest/q306_devils_bargain/04_public_return/06a_find_water/mp_area	gameJournalQuestMapPin	Mappins.QuestStaticMappinDefinition		
mappin	-3580.453	247.323	49.016	ep1/quests/main_quest/q306_devils_bargain/04_public_return/04a_check_shop/mp_area	gameJournalQuestMapPin	Mappins.QuestStaticMappinDefinition		
mappin	-3624.839	245.189	35.583	ep1/quests/main_quest/q306_devils_bargain/04_public_return/03_get_to_elevator/mp_wp	gameJournalQuestMapPin	Mappins.QuestStaticMappinDefinition		
mappin	-3624.839	245.189	35.583	ep1/quests/main_quest/q306_devils_bargain/04_public_return/03a_wait_for_elevator/mp_elev	gameJournalQuestMapPin	Mappins.QuestStaticMappinDefinition		
mappin	-3618.3	407.836	85.673	ep1/quests/main_quest/q306_devils_bargain/04_public_return/02_get_to_the_elevator/mp_elev	gameJournalQuestMapPin	Mappins.QuestStaticMappinDefinition		
mappin	-3618.42	404.546	37.673	ep1/quests/main_quest/q306_devils_bargain/04_public_return/02a_take_the_elevator/mp_elev_bot	gameJournalQuestMapPin	Mappins.QuestStaticMappinDefinition		
mappin	-3630.49	274.246	31.573	ep1/quests/main_quest/q306_devils_bargain/04_public_return/02b_return_to_moon_terminal/mp_wp	gameJournalQuestMapPin	Mappins.QuestStaticMappinDefinition		
mappin	-3652.815	360.212	33.726	ep1/quests/main_quest/q306_devils_bargain/04_public_return/02b_return_to_moon_terminal/mpwp001	gameJournalQuestMapPin	Mappins.QuestStaticMappinDefinition		
mappin	-3656.075	285.022	33.626	ep1/quests/main_quest/q306_devils_bargain/04_public_return/02b_return_to_moon_terminal/mpwp002	gameJournalQuestMapPin	Mappins.QuestStaticMappinDefinition		
mappin	-3546.01	110.1	49.09	ep1/quests/main_quest/q306_devils_bargain/05_maglev_station/01_reach_station/mp_maglev_station_entrance	gameJournalQuestMapPin	Mappins.QuestStaticMappinDefinition		
mappin	-3588.38	116.6	55.1	ep1/quests/main_quest/q306_devils_bargain/05_maglev_station/02_reach_control_tower/mp_control_tower	gameJournalQuestMapPin	Mappins.QuestStaticMappinDefinition		
mappin	-3597.18	128.83	43.993	ep1/quests/main_quest/q306_devils_bargain/05_maglev_station/05_talk_to_songbird/enemy_001	gameJournalQuestMapPin	Mappins.QuestDynamicMappinDefinition		
mappin	-3597.18	128.83	43.993	ep1/quests/main_quest/q306_devils_bargain/05_maglev_station/05_talk_to_songbird/enemy_002	gameJournalQuestMapPin	Mappins.QuestDynamicMappinDefinition		
mappin	-3597.18	128.83	43.993	ep1/quests/main_quest/q306_devils_bargain/05_maglev_station/05_talk_to_songbird/enemy_003	gameJournalQuestMapPin	Mappins.QuestDynamicMappinDefinition		
mappin	-3597.18	128.83	43.993	ep1/quests/main_quest/q306_devils_bargain/05_maglev_station/05_talk_to_songbird/enemy_004	gameJournalQuestMapPin	Mappins.QuestDynamicMappinDefinition		
mappin	-3640.096	250.032	33.076	ep1/quests/main_quest/q306_devils_bargain/05_maglev_station/05_talk_to_songbird/enemy_005	gameJournalQuestMapPin	Mappins.QuestDynamicMappinDefinition		
mappin	-3597.18	128.83	43.993	ep1/quests/main_quest/q306_devils_bargain/05_maglev_station/06_target_chopper/mp_chopper	gameJournalQuestMapPin	Mappins.QuestDynamicMappinDefinition		
mappin	-3503.63	126.596	44.143	ep1/quests/main_quest/q306_devils_bargain/05_maglev_station/07_go_to_train/mp_train_entrance	gameJournalQuestMapPin	Mappins.QuestDynamicMappinDefinition		
mappin	-3597.18	128.83	43.993	ep1/quests/main_quest/q306_devils_bargain/05_maglev_station/07_go_to_train/enemy_001	gameJournalQuestMapPin	Mappins.QuestDynamicMappinDefinition		
mappin	-3597.18	128.83	43.993	ep1/quests/main_quest/q306_devils_bargain/05_maglev_station/07_go_to_train/enemy_002	gameJournalQuestMapPin	Mappins.QuestDynamicMappinDefinition		
mappin	-3597.18	128.83	43.993	ep1/quests/main_quest/q306_devils_bargain/05_maglev_station/07_go_to_train/enemy_003	gameJournalQuestMapPin	Mappins.QuestDynamicMappinDefinition		
mappin	-3597.18	128.83	43.993	ep1/quests/main_quest/q306_devils_bargain/05_maglev_station/07_go_to_train/enemy_004	gameJournalQuestMapPin	Mappins.QuestDynamicMappinDefinition		
mappin	-3597.18	128.83	43.993	ep1/quests/main_quest/q306_devils_bargain/05_maglev_station/07_go_to_train/enemy_005	gameJournalQuestMapPin	Mappins.QuestDynamicMappinDefinition		
mappin	-3597.18	128.83	43.993	ep1/quests/main_quest/q306_devils_bargain/05_maglev_station/07_go_to_train/enemy_006	gameJournalQuestMapPin	Mappins.QuestDynamicMappinDefinition		
mappin	-3597.18	128.83	43.993	ep1/quests/main_quest/q306_devils_bargain/05_maglev_station/07_go_to_train/enemy_007	gameJournalQuestMapPin	Mappins.QuestDynamicMappinDefinition		
mappin	-3597.18	128.83	43.993	ep1/quests/main_quest/q306_devils_bargain/05_maglev_station/07_go_to_train/enemy_008	gameJournalQuestMapPin	Mappins.QuestDynamicMappinDefinition		
mappin	-3597.18	128.83	43.993	ep1/quests/main_quest/q306_devils_bargain/05_maglev_station/07_go_to_train/enemy_009	gameJournalQuestMapPin	Mappins.QuestDynamicMappinDefinition		
mappin	-3597.18	128.83	43.993	ep1/quests/main_quest/q306_devils_bargain/05_maglev_station/07_go_to_train/enemy_010	gameJournalQuestMapPin	Mappins.QuestDynamicMappinDefinition		
mappin	-3597.18	128.83	43.993	ep1/quests/main_quest/q306_devils_bargain/05_maglev_station/07_go_to_train/enemy_011	gameJournalQuestMapPin	Mappins.QuestDynamicMappinDefinition		
mappin	-3597.18	128.83	43.993	ep1/quests/main_quest/q306_devils_bargain/05_maglev_station/07_go_to_train/enemy_012	gameJournalQuestMapPin	Mappins.QuestDynamicMappinDefinition		
mappin	-3597.18	128.83	43.993	ep1/quests/main_quest/q306_devils_bargain/05_maglev_station/07_go_to_train/enemy_013	gameJournalQuestMapPin	Mappins.QuestDynamicMappinDefinition		
mappin	-3597.18	128.83	43.993	ep1/quests/main_quest/q306_devils_bargain/05_maglev_station/07_go_to_train/enemy_01	gameJournalQuestMapPin	Mappins.QuestDynamicMappinDefinition		
mappin	-3597.18	128.83	43.993	ep1/quests/main_quest/q306_devils_bargain/05_maglev_station/07_go_to_train/enemy_02	gameJournalQuestMapPin	Mappins.QuestDynamicMappinDefinition		
mappin	-3640.096	250.032	33.076	ep1/quests/main_quest/q306_devils_bargain/05_maglev_station/06aa_destroy_the_chopper/mp_choppa	gameJournalQuestMapPin	Mappins.QuestDynamicMappinDefinition		
mappin	-3640.096	250.032	33.076	ep1/quests/main_quest/q306_devils_bargain/05_maglev_station/00_get_rid_of_choppa/mp_chopper	gameJournalQuestMapPin	Mappins.QuestDynamicMappinDefinition		
mappin	-3588.38	116.6	55.1	ep1/quests/main_quest/q306_devils_bargain/05_maglev_station/06aaa_hide_in_control_tower/control_tower	gameJournalQuestMapPin	Mappins.QuestStaticMappinDefinition		
mappin	-3580.049	95.755	44.56	ep1/quests/main_quest/q306_devils_bargain/05_maglev_station/02a_kill_all_enemies/mp_area	gameJournalQuestMapPin	Mappins.QuestStaticMappinDefinition		
mappin	-3503.63	126.596	44.143	ep1/quests/main_quest/q306_devils_bargain/05_maglev_station/09_sit_songbird/mp_wp	gameJournalQuestMapPin	Mappins.QuestDynamicMappinDefinition		
mappin	-4698.811	-259.48	60.1	ep1/quests/main_quest/q306_devils_bargain/06_finale/02_carry_songbird/mp_wp	gameJournalQuestMapPin	Mappins.QuestStaticMappinDefinition		
mappin	-4698.811	-259.48	60.1	ep1/quests/main_quest/q306_devils_bargain/06_finale/05_carry_songbird_final/mp_wp	gameJournalQuestMapPin	Mappins.QuestStaticMappinDefinition		
mappin	-4699.5	-260.77	60.56	ep1/quests/main_quest/q306_devils_bargain/06_finale/06_place_songbird/mp_seat	gameJournalQuestMapPin	Mappins.QuestStaticMappinDefinition		
mappin	-4678.42	-289.87	60.55	ep1/quests/main_quest/q306_devils_bargain/06_finale/07_leave_for_control_room/mp_wp	gameJournalQuestMapPin	Mappins.QuestStaticMappinDefinition		
mappin	-4692.609	-267.824	60.103	ep1/quests/main_quest/q306_devils_bargain/06_finale/02a_put_songbird_down/mp_point	gameJournalQuestMapPin	Mappins.QuestStaticMappinDefinition		
mappin	-4678.42	-289.87	60.55	ep1/quests/main_quest/q306_devils_bargain/06_finale/07a_sit_down/mp_wp	gameJournalQuestMapPin	Mappins.QuestStaticMappinDefinition		
mappin	-4698.811	-259.48	60.1	ep1/quests/main_quest/q306_devils_bargain/06_finale/02a_carry_song_to_reed/mp_wp	gameJournalQuestMapPin	Mappins.QuestStaticMappinDefinition		
mappin	-3620.856	360.386	35.54	ep1/quests/main_quest/q306_devils_bargain/01_failstate/01_talk_song/hacking_door	gameJournalQuestMapPin	Mappins.QuestStaticMappinDefinition		
mappin	-3620.909	359.26	35.158	ep1/quests/main_quest/q306_devils_bargain/01_failstate/02_jack_in/terminal	gameJournalQuestMapPin	Mappins.QuestStaticMappinDefinition		
mappin	-3632.936	353.906	35.33	ep1/quests/main_quest/q306_devils_bargain/01_failstate/03_getout/room	gameJournalQuestMapPin	Mappins.QuestStaticMappinDefinition		
mappin	-3627.25	355.4	33.67	ep1/quests/main_quest/q306_devils_bargain/01_failstate/03b_guards/guard	gameJournalQuestMapPin	Mappins.QuestDynamicMappinDefinition		
mappin	-1876.432	-959.451	7.66	ep1/quests/minor_quest/wst_ep1_11_bill_meeting/wst_ep1_11/meet_bill/bill	gameJournalQuestMapPin	Mappins.QuestDynamicMappinDefinition		
mappin	-1876.432	-959.451	7.66	ep1/quests/minor_quest/wst_ep1_11_bill_meeting/wst_ep1_11/talk_bill/bill	gameJournalQuestMapPin	Mappins.QuestDynamicMappinDefinition		
mappin	-2487.007	-92.539	8.317	ep1/quests/minor_quest/sts_ep1_08_steven_meeting_night_city/steven_default_night_city/steven_meeting/steven	gameJournalQuestMapPin	Mappins.QuestDynamicMappinDefinition		
mappin	-2487.007	-92.539	8.317	ep1/quests/minor_quest/sts_ep1_08_steven_meeting_night_city/steven_default_night_city/talk_with_steven/steven	gameJournalQuestMapPin	Mappins.QuestDynamicMappinDefinition		
mappin	-2210.26	-2915.12	107.99	ep1/quests/minor_quest/wst_ep1_04/wst_ep1_04/go_to_rinders_garage/garage	gameJournalQuestMapPin	Mappins.QuestStaticMappinDefinition		
mappin	-2217.6	-2921.24	108.58	ep1/quests/minor_quest/wst_ep1_04/wst_ep1_04/loot_the_box/main_loot	gameJournalQuestMapPin	Mappins.QuestStaticMappinDefinition		
mappin	-2208.823	-2916.872	109.562	ep1/quests/minor_quest/wst_ep1_04/wst_ep1_04/enter_the_code/terminal	gameJournalQuestMapPin	Mappins.QuestStaticMappinDefinition		
mappin	-2039.485	-2728.093	37.354	ep1/quests/minor_quest/sts_ep1_08_loot_pickup/hidden_stash/find_stash/sts_ep1_08_katya_additional_reward_stash	gameJournalQuestMapPin	Mappins.QuestStaticMappinDefinition		
mappin	-2039.485	-2728.093	37.354	ep1/quests/minor_quest/sts_ep1_08_loot_pickup/hidden_stash/go_to_coordinates/sts_ep1_08_katya_additional_reward_stash	gameJournalQuestMapPin	Mappins.QuestStaticMappinDefinition		
mappin	-2233.279	-2561.19	79.86	ep1/quests/minor_quest/mq300_safehouse/mq300_safehouse/01_look_for_clues_to_fix_the_water/pipes	gameJournalQuestMapPin	Mappins.QuestStaticMappinDefinition		
mappin	-2233.279	-2561.19	79.86	ep1/quests/minor_quest/mq300_safehouse/mq300_safehouse/02_scan_the_pipes/pipes	gameJournalQuestMapPin	Mappins.QuestStaticMappinDefinition		
mappin	-2233.279	-2561.19	79.86	ep1/quests/minor_quest/mq300_safehouse/mq300_safehouse/03_follow_the_pipes/pipes	gameJournalQuestMapPin	Mappins.QuestStaticMappinDefinition		
mappin	-2244.22	-2569.85	80.335	ep1/quests/minor_quest/mq300_safehouse/mq300_safehouse/04_fix_water/water_pump	gameJournalQuestMapPin	Mappins.QuestStaticMappinDefinition		
mappin	-1717.371	-2479.5	49.42	ep1/quests/minor_quest/mq306_dumpster/01_intro/01_find_aaron/aaron	gameJournalQuestMapPin	Mappins.QuestStaticMappinDefinition		
mappin	-1719.93	-2485.04	49.23	ep1/quests/minor_quest/mq306_dumpster/01_intro/02_talk_aaron/aaron	gameJournalQuestMapPin	Mappins.QuestDynamicMappinDefinition		
mappin	-1717.882	-2481.436	49.23	ep1/quests/minor_quest/mq306_dumpster/01_intro/01a_talk_to_bookie/bookie	gameJournalQuestMapPin	Mappins.QuestDynamicMappinDefinition		
mappin	-1719.93	-2485.04	49.23	ep1/quests/minor_quest/mq306_dumpster/01_intro/01b_wait_for_fight/wait	gameJournalQuestMapPin	Mappins.QuestDynamicMappinDefinition		
mappin	-1719.797	-2486.238	50.69	ep1/quests/minor_quest/mq306_dumpster/01_intro/02a_consider_talking_to_aaron/aaron	gameJournalQuestMapPin	Mappins.QuestStaticMappinDefinition		
mappin	-1713.91	-2472.66	49.68	ep1/quests/minor_quest/mq306_dumpster/01_intro/01_wait_for_match/sit	gameJournalQuestMapPin	Mappins.QuestStaticMappinDefinition		
mappin	-2201.12	-3081.582	123.762	ep1/quests/minor_quest/mq306_dumpster/02_scav_base/01_meet_aaron/meeting_spot	gameJournalQuestMapPin	Mappins.QuestStaticMappinDefinition		
mappin	-1719.93	-2485.04	49.23	ep1/quests/minor_quest/mq306_dumpster/02_scav_base/02_talk_aaron/aaron	gameJournalQuestMapPin	Mappins.QuestDynamicMappinDefinition		
mappin	-2402.219	-3079.669	147	ep1/quests/minor_quest/mq306_dumpster/02_scav_base/03_clinic/clinic	gameJournalQuestMapPin	Mappins.QuestStaticMappinDefinition		
mappin	-2349.88	-3069.33	129.5	ep1/quests/minor_quest/mq306_dumpster/02_scav_base/04_combat/scavengers	gameJournalQuestMapPin	Mappins.QuestStaticMappinDefinition		
mappin	-1719.93	-2485.04	49.23	ep1/quests/minor_quest/mq306_dumpster/02_scav_base/02_follow_aaron/aaron	gameJournalQuestMapPin	Mappins.QuestDynamicMappinDefinition		
mappin	-2201.12	-3081.582	123.762	ep1/quests/minor_quest/mq306_dumpster/02_scav_base/01a_wait_for_aaron/wait	gameJournalQuestMapPin	Mappins.QuestStaticMappinDefinition		
mappin	-2397.91	-3095	144.5	ep1/quests/minor_quest/mq306_dumpster/03_ripperdoc/01_talk_damir/damir	gameJournalQuestMapPin	Mappins.QuestDynamicMappinDefinition		
mappin	-2400.19	-3093.51	144.92	ep1/quests/minor_quest/mq306_dumpster/03_ripperdoc/02_wait/wait	gameJournalQuestMapPin	Mappins.QuestStaticMappinDefinition		
mappin	-2399.55	-3085.16	144.69	ep1/quests/minor_quest/mq306_dumpster/03_ripperdoc/03_talk_angie/angie	gameJournalQuestMapPin	Mappins.QuestDynamicMappinDefinition		
mappin	-1719.93	-2485.04	49.23	ep1/quests/minor_quest/mq306_dumpster/03_ripperdoc/05_talk_aaron/aaron	gameJournalQuestMapPin	Mappins.QuestDynamicMappinDefinition		
mappin	-2338.69	-3060.17	129.41	ep1/quests/minor_quest/mq306_dumpster/03_ripperdoc/06_leave_base/scavenger_base	gameJournalQuestMapPin	Mappins.QuestStaticMappinDefinition		
mappin	-2385	-3079.62	147.22	ep1/quests/minor_quest/mq306_dumpster/03_ripperdoc/06_leave_base/scavenger_base_elevator	gameJournalQuestMapPin	Mappins.QuestStaticMappinDefinition		
mappin	-1662.51	-2535.5	62.59	ep1/quests/minor_quest/mq306_dumpster/04a_aaron_meeting/02_meet_aaron/aaron	gameJournalQuestMapPin	Mappins.QuestStaticMappinDefinition		
mappin	-1662.63	-2543.21	62.59	ep1/quests/minor_quest/mq306_dumpster/04a_aaron_meeting/03a_talk_bartender/bartender	gameJournalQuestMapPin	Mappins.QuestDynamicMappinDefinition		
mappin	-1633.9	-2550.21	62.58	ep1/quests/minor_quest/mq306_dumpster/04a_aaron_meeting/04a_alley/alley	gameJournalQuestMapPin	Mappins.QuestStaticMappinDefinition		
mappin	-2399.55	-3085.16	144.69	ep1/quests/minor_quest/mq306_dumpster/04a_aaron_meeting/03b_talk_angie/angie	gameJournalQuestMapPin	Mappins.QuestDynamicMappinDefinition		
mappin	-2399.55	-3085.16	144.69	ep1/quests/minor_quest/mq306_dumpster/04a_aaron_meeting/04b_combat/animals	gameJournalQuestMapPin	Mappins.QuestDynamicMappinDefinition		
mappin	-1719.93	-2485.04	49.23	ep1/quests/minor_quest/mq306_dumpster/04a_aaron_meeting/03c_talk_aaron/aaron	gameJournalQuestMapPin	Mappins.QuestDynamicMappinDefinition		
mappin	-1659.82	-2540.84	62.59	ep1/quests/minor_quest/mq306_dumpster/04a_aaron_meeting/05_talk_johnny/johnny	gameJournalQuestMapPin	Mappins.QuestDynamicMappinDefinition		
mappin	-1721.556	-2478.92	49.42	ep1/quests/minor_quest/mq306_dumpster/04b_angie_meeting/02_meet_angie/angie	gameJournalQuestMapPin	Mappins.QuestDynamicMappinDefinition		
mappin	-1721.556	-2478.92	49.42	ep1/quests/minor_quest/mq306_dumpster/04b_angie_meeting/03talk_to_angie/angie	gameJournalQuestMapPin	Mappins.QuestDynamicMappinDefinition		
mappin	-1697.459	-2359.668	31.592	ep1/quests/minor_quest/q304_splinter_stash/01_stash/01_find_stash/q304_mp_slider_stash_area	gameJournalQuestMapPin	Mappins.QuestStaticMappinDefinition		
mappin	-1355.26	-2477.895	76.842	ep1/quests/minor_quest/sts_ep1_12_pickup/sts_ep1_12_pickup/take_reward/mp	gameJournalQuestMapPin	Mappins.QuestStaticMappinDefinition		
mappin	-1332.802	-2449.084	75.698	ep1/quests/minor_quest/sts_ep1_12_pickup/sts_ep1_12_pickup/take_reward/mp2	gameJournalQuestMapPin	Mappins.QuestStaticMappinDefinition		
mappin	-1400.802	-2150.148	70.176	ep1/quests/minor_quest/q304_car_retrieval/01_car_retrieval/01_reach_the_door/q304_car_retrieval_mapping_point1	gameJournalQuestMapPin	Mappins.QuestStaticMappinDefinition		
mappin	-1443.136	-2121.883	31.229	ep1/quests/minor_quest/q304_car_retrieval/01_car_retrieval/02_use_the_panel_in_the_security_room_to_open_the_shutter/q304_car_retrieval_mapping_point1	gameJournalQuestMapPin	Mappins.QuestStaticMappinDefinition		
mappin	-1402.201	-2143.185	36.254	ep1/quests/minor_quest/q304_car_retrieval/01_car_retrieval/02_use_the_panel_in_the_security_room_to_open_the_shutter/q304_car_retrieval_hacking_icon_mapping2	gameJournalQuestMapPin	Mappins.QuestStaticMappinDefinition		
mappin	-1420.377	-2139.736	37.605	ep1/quests/minor_quest/q304_car_retrieval/01_car_retrieval/02_use_the_panel_in_the_security_room_to_open_the_shutter/q304_car_retrieval_hacking_icon_mapping1	gameJournalQuestMapPin	Mappins.QuestStaticMappinDefinition		
mappin	-1427.967	-2116.363	36.87	ep1/quests/minor_quest/q304_car_retrieval/01_car_retrieval/02_use_the_panel_in_the_security_room_to_open_the_shutter/q304_car_retrieval_hacking_icon_mapping3	gameJournalQuestMapPin	Mappins.QuestStaticMappinDefinition		
mappin	-1441.941	-2120.576	34.06	ep1/quests/minor_quest/q304_car_retrieval/01_car_retrieval/02_use_the_panel_in_the_security_room_to_open_the_shutter/q304_car_retrieval_hacking_icon_mapping4	gameJournalQuestMapPin	Mappins.QuestStaticMappinDefinition		
mappin	-1465.34	-2019.92	30.143	ep1/quests/minor_quest/q304_car_retrieval/01_car_retrieval/03_get_to_the_car/q304_car_retrieval_mapping_point2	gameJournalQuestMapPin	Mappins.QuestStaticMappinDefinition		
mappin	-1475.526	-2061.253	31.715	ep1/quests/minor_quest/q304_car_retrieval/01_car_retrieval/03_get_to_the_car/q304_car_retrieval_hacking_icon_mapping2	gameJournalQuestMapPin	Mappins.QuestStaticMappinDefinition		
mappin	-1465.34	-2019.92	30.143	ep1/quests/minor_quest/q304_car_retrieval/01_car_retrieval/04_get_into_the_car/q304_car_retrieval_mapping_point2	gameJournalQuestMapPin	Mappins.QuestStaticMappinDefinition		
mappin	-1481.322	-2014.718	31.715	ep1/quests/minor_quest/q304_car_retrieval/01_car_retrieval/04_get_into_the_car/q304_car_retrieval_hacking_icon_mapping1	gameJournalQuestMapPin	Mappins.QuestStaticMappinDefinition		
mappin	-1465.34	-2019.92	30.143	ep1/quests/minor_quest/q304_car_retrieval/01_car_retrieval/05_connect_to_the_cars_onboard_computer_and_wipe_the_memory/q304_car_retrieval_mapping_point2	gameJournalQuestMapPin	Mappins.QuestStaticMappinDefinition		
mappin	-1486.55	-2070.138	29.442	ep1/quests/minor_quest/q304_car_retrieval/01_car_retrieval/02_find_a_way_in/q304_car_retrieval_mapping_point2	gameJournalQuestMapPin	Mappins.QuestStaticMappinDefinition		
mappin	-1491.99	-2075.036	29.578	ep1/quests/minor_quest/q304_car_retrieval/01_car_retrieval/02_find_a_way_in/q304_car_retrieval_mapping_point1	gameJournalQuestMapPin	Mappins.QuestStaticMappinDefinition		
mappin	-1488.601	-2076.966	31.265	ep1/quests/minor_quest/q304_car_retrieval/01_car_retrieval/02_find_a_way_in/q304_car_retrieval_hacking_icon_mapping1	gameJournalQuestMapPin	Mappins.QuestStaticMappinDefinition		
mappin	-1465.34	-2019.92	30.143	ep1/quests/minor_quest/q304_car_retrieval/01_car_retrieval/02_find_a_way_in/q304_car_retrieval_mappin_car	gameJournalQuestMapPin	Mappins.QuestStaticMappinDefinition		
mappin	-1493.479	-2074.092	28.401	ep1/quests/minor_quest/q304_car_retrieval/01_car_retrieval/02_find_a_way_in/q304_car_retrieval_mapping_area	gameJournalQuestMapPin	Mappins.QuestStaticMappinDefinition		
mappin	-1398.85	-2152.32	70.117	ep1/quests/minor_quest/q304_car_retrieval/01_car_retrieval/01_reach_the_door1/q304_car_retrieval_mapping_point1	gameJournalQuestMapPin	Mappins.QuestStaticMappinDefinition		
mappin	-1400.484	-2150.443	70.176	ep1/quests/minor_quest/q304_car_retrieval/01_car_retrieval/01_reach_the_door1/q304_car_retrieval_hacking_icon_mapping_el	gameJournalQuestMapPin	Mappins.QuestStaticMappinDefinition		
mappin	-1572.874	-2140.599	34.018	ep1/quests/minor_quest/q304_car_retrieval/01_car_retrieval/07_escape_with_the_car/q304_car_retrieval_mapping_point2	gameJournalQuestMapPin	Mappins.QuestStaticMappinDefinition		
mappin	-1507.18	-2266.513	34.02	ep1/quests/minor_quest/q304_car_retrieval/01_car_retrieval/07_escape_with_the_car/q304_car_retrieval_mapping_point7_left	gameJournalQuestMapPin	Mappins.QuestStaticMappinDefinition		
mappin	-1469.264	-2133.04	28.845	ep1/quests/minor_quest/q304_car_retrieval/01_car_retrieval/07_escape_with_the_car/q304_car_retrieval_hacking_icon_roadblock_guard	gameJournalQuestMapPin	Mappins.QuestStaticMappinDefinition		
mappin	-1405.644	-2150.645	72.283	ep1/quests/minor_quest/q304_car_retrieval/01_car_retrieval/01_answer_to_ashlay_message/q304_car_retrieval_hacking_icon_mapping1	gameJournalQuestMapPin	Mappins.QuestStaticMappinDefinition		
mappin	-1470.715	-2130.8	29.578	ep1/quests/minor_quest/q304_car_retrieval/01_car_retrieval/08_play_along/q304_car_retrieval_mapping_point8	gameJournalQuestMapPin	Mappins.QuestStaticMappinDefinition		
mappin	-1465.34	-2019.92	30.143	ep1/quests/minor_quest/q304_car_retrieval/01_car_retrieval/05_clear_the_area/q304_car_retrieal_mapping_point_combat	gameJournalQuestMapPin	Mappins.QuestStaticMappinDefinition		
mappin	-1487.823	-2098.293	19.63	ep1/quests/minor_quest/q304_car_retrieval/01_car_retrieval/05_clear_the_area_retro/q304_car_retrieval_garage_area	gameJournalQuestMapPin	Mappins.QuestStaticMappinDefinition		
mappin	-2237.477	-2553.027	81.401	ep1/quests/minor_quest/q304_gear_pickup/01_gear_pickup/03_pick_up_gear/q304_mp_gear_return_locker	gameJournalQuestMapPin	Mappins.QuestStaticMappinDefinition		
mappin	-2210.451	-2652.02	23.64	ep1/quests/minor_quest/mq303_addict/01_hook/05_go_to_lina/lina_mansion_mp	gameJournalQuestMapPin	Mappins.QuestStaticMappinDefinition		
mappin	-1718.058	-2419.068	62.256	ep1/quests/minor_quest/mq303_addict/01_hook/01_speak_vendor/shank_mp	gameJournalQuestMapPin	Mappins.QuestStaticMappinDefinition		
mappin	-1718.058	-2419.068	62.256	ep1/quests/minor_quest/mq303_addict/01_hook/08_optional_find_personal/store	gameJournalQuestMapPin	Mappins.QuestStaticMappinDefinition		
mappin	-1716.485	-2419.65	63.58	ep1/quests/minor_quest/mq303_addict/01_hook/00b_go_to_bdhead/store	gameJournalQuestMapPin	Mappins.QuestStaticMappinDefinition		
mappin	-1727.127	-2410.143	58.788	ep1/quests/minor_quest/mq303_addict/01_hook/01c_free_tool/cell	gameJournalQuestMapPin	Mappins.QuestStaticMappinDefinition		
mappin	-1718.058	-2419.068	62.256	ep1/quests/minor_quest/mq303_addict/01_hook/01c_free_tool/store	gameJournalQuestMapPin	Mappins.QuestStaticMappinDefinition		
mappin	-1726.875	-2409.955	60.19	ep1/quests/minor_quest/mq303_addict/01_hook/09_optional_confront/tool	gameJournalQuestMapPin	Mappins.QuestStaticMappinDefinition		
mappin	-2224.06	-2644.5	21.64	ep1/quests/minor_quest/mq303_addict/02_lina/01_get_rid_gangers/ganger_01_mp	gameJournalQuestMapPin	Mappins.QuestDynamicMappinDefinition		
mappin	-2224.06	-2644.5	21.64	ep1/quests/minor_quest/mq303_addict/02_lina/01_get_rid_gangers/ganger_01_mp1	gameJournalQuestMapPin	Mappins.QuestDynamicMappinDefinition		
mappin	-2224.06	-2644.5	21.64	ep1/quests/minor_quest/mq303_addict/02_lina/01_get_rid_gangers/ganger_01_mp2	gameJournalQuestMapPin	Mappins.QuestDynamicMappinDefinition		
mappin	-2224.06	-2644.5	21.64	ep1/quests/minor_quest/mq303_addict/02_lina/01_get_rid_gangers/ganger_01_mp3	gameJournalQuestMapPin	Mappins.QuestDynamicMappinDefinition		
mappin	-2224.06	-2644.5	21.64	ep1/quests/minor_quest/mq303_addict/02_lina/01_get_rid_gangers/ganger_01_mp4	gameJournalQuestMapPin	Mappins.QuestDynamicMappinDefinition		
mappin	-2210.451	-2652.02	23.64	ep1/quests/minor_quest/mq303_addict/02_lina/01_get_rid_gangers/ganger_area	gameJournalQuestMapPin	Mappins.QuestStaticMappinDefinition		
mappin	-2222.335	-2636.934	34.381	ep1/quests/minor_quest/mq303_addict/02_lina/02_wait_lina/chair_mp	gameJournalQuestMapPin	Mappins.QuestStaticMappinDefinition		
mappin	-2223.539	-2641.306	34.44	ep1/quests/minor_quest/mq303_addict/02_lina/03_speak_lina/lina_door_mp	gameJournalQuestMapPin	Mappins.QuestStaticMappinDefinition		
mappin	-2224.06	-2644.5	21.64	ep1/quests/minor_quest/mq303_addict/02_lina/01b_hide_bodies/gangers_mp	gameJournalQuestMapPin	Mappins.QuestDynamicMappinDefinition		
mappin	-2224.06	-2644.5	21.64	ep1/quests/minor_quest/mq303_addict/02_lina/00_talk_to_gangers/ganger_01	gameJournalQuestMapPin	Mappins.QuestDynamicMappinDefinition		
mappin	-2223.539	-2641.306	34.44	ep1/quests/minor_quest/mq303_addict/02_lina/00_explore_flat/flat	gameJournalQuestMapPin	Mappins.QuestStaticMappinDefinition		
mappin	-2224.06	-2644.5	21.64	ep1/quests/minor_quest/mq303_addict/02_lina/01_defeat_gangers/ganger_01_mp	gameJournalQuestMapPin	Mappins.QuestDynamicMappinDefinition		
mappin	-2224.06	-2644.5	21.64	ep1/quests/minor_quest/mq303_addict/02_lina/01_defeat_gangers/ganger_01_mp1	gameJournalQuestMapPin	Mappins.QuestDynamicMappinDefinition		
mappin	-2224.06	-2644.5	21.64	ep1/quests/minor_quest/mq303_addict/02_lina/01_defeat_gangers/ganger_01_mp2	gameJournalQuestMapPin	Mappins.QuestDynamicMappinDefinition		
mappin	-2224.06	-2644.5	21.64	ep1/quests/minor_quest/mq303_addict/02_lina/01_defeat_gangers/ganger_01_mp3	gameJournalQuestMapPin	Mappins.QuestDynamicMappinDefinition		
mappin	-2224.06	-2644.5	21.64	ep1/quests/minor_quest/mq303_addict/02_lina/01_defeat_gangers/ganger_01_mp4	gameJournalQuestMapPin	Mappins.QuestDynamicMappinDefinition		
mappin	-2210.451	-2652.02	23.64	ep1/quests/minor_quest/mq303_addict/02_lina/01_defeat_gangers/ganger_area	gameJournalQuestMapPin	Mappins.QuestStaticMappinDefinition		
mappin	-1716.485	-2419.65	63.58	ep1/quests/minor_quest/mq303_addict/03_finale/01_go_back_shank/shank_shop_mp	gameJournalQuestMapPin	Mappins.QuestStaticMappinDefinition		
mappin	-1720.058	-2412.982	64.07	ep1/quests/minor_quest/mq303_addict/03_finale/04_watch_bd/stage	gameJournalQuestMapPin	Mappins.QuestStaticMappinDefinition		
mappin	-1719.233	-2413.772	63.57	ep1/quests/minor_quest/mq303_addict/03_finale/04b_bd_direct/chair	gameJournalQuestMapPin	Mappins.QuestStaticMappinDefinition		
mappin	-1709.95	-2425.521	63.99	ep1/quests/minor_quest/mq303_addict/04_epilogue/02_twin_gift/bike	gameJournalQuestMapPin	Mappins.QuestStaticMappinDefinition		
mappin	-1727.54	-2411.911	60.19	ep1/quests/minor_quest/mq303_addict/04_epilogue/02_clone_gift/shirt	gameJournalQuestMapPin	Mappins.QuestStaticMappinDefinition		
mappin	-1761.375	-2167.25	41.703	ep1/quests/minor_quest/wst_ep1_09/meet_nele/meet_nele/meeting_point	gameJournalQuestMapPin	Mappins.QuestStaticMappinDefinition		
mappin	-1776.361	-2165.451	41.88	ep1/quests/minor_quest/wst_ep1_09/meet_nele/find_nele/search_area	gameJournalQuestMapPin	Mappins.QuestStaticMappinDefinition		
mappin	-1761.375	-2167.25	41.703	ep1/quests/minor_quest/wst_ep1_09/meet_nele/find_nele/area	gameJournalQuestMapPin	Mappins.QuestStaticMappinDefinition		
mappin	-2339.69	-2703.09	34.43	ep1/quests/minor_quest/wst_ep1_05/wst_ep1_05/go_to_hasan_apartment/home	gameJournalQuestMapPin	Mappins.QuestStaticMappinDefinition		
mappin	-2337.609	-2706.81	34.54	ep1/quests/minor_quest/wst_ep1_05/wst_ep1_05/speak_with_hasan/hasan	gameJournalQuestMapPin	Mappins.QuestStaticMappinDefinition		
mappin	-2339.08	-2707.58	35.38	ep1/quests/minor_quest/wst_ep1_05/wst_ep1_05/take_the_gun/gun	gameJournalQuestMapPin	Mappins.QuestStaticMappinDefinition		
mappin	-1579.942	-2339.087	59.681	ep1/quests/minor_quest/mq304_succession/01_meet_hands/01_meet_hands/hands_mp	gameJournalQuestMapPin	Mappins.QuestStaticMappinDefinition		
mappin	-1584.922	-2340.281	58.204	ep1/quests/minor_quest/mq304_succession/01_meet_hands/02_take_nicola_stuff/stuff_mp	gameJournalQuestMapPin	Mappins.QuestStaticMappinDefinition		
mappin	-1579.942	-2339.087	59.681	ep1/quests/minor_quest/mq304_succession/01_meet_hands/01d_leave_hands/door	gameJournalQuestMapPin	Mappins.QuestStaticMappinDefinition		
mappin	-1584.922	-2340.281	58.204	ep1/quests/minor_quest/mq304_succession/01_meet_hands/02b_take_nicola_gun/stuff_mp	gameJournalQuestMapPin	Mappins.QuestStaticMappinDefinition		
mappin	-1642.231	-2300.209	40.1	ep1/quests/minor_quest/mq304_succession/01_meet_hands/00b_finish_sts_wait/change	gameJournalQuestMapPin	Mappins.QuestStaticMappinDefinition		
mappin	-1584.669	-2339.828	58.222	ep1/quests/minor_quest/mq304_succession/01_meet_hands/02a_take_aguilar_suit/suit_mp	gameJournalQuestMapPin	Mappins.QuestStaticMappinDefinition		
mappin	-1584.669	-2339.828	58.222	ep1/quests/minor_quest/mq304_succession/01_meet_hands/02e_equip_suit/suit_mp	gameJournalQuestMapPin	Mappins.QuestStaticMappinDefinition		
mappin	-1978.5	-2858	97.634	ep1/quests/minor_quest/mq304_succession/02_jago/01_go_to_meeting/meeting_mp	gameJournalQuestMapPin	Mappins.QuestStaticMappinDefinition		
mappin	-1965.26	-2847.58	97.19	ep1/quests/minor_quest/mq304_succession/02_jago/02_deal_with_vdb/vdb_mp	gameJournalQuestMapPin	Mappins.QuestDynamicMappinDefinition		
mappin	-1976.027	-2855.117	98.686	ep1/quests/minor_quest/mq304_succession/02_jago/04_wait_jago/wait_spot_mp	gameJournalQuestMapPin	Mappins.QuestStaticMappinDefinition		
mappin	-1978.5	-2858	97.634	ep1/quests/minor_quest/mq304_succession/02_jago/01b_return_meeting/vdb_mp	gameJournalQuestMapPin	Mappins.QuestStaticMappinDefinition		
mappin	-2010.682	-2861.831	101.266	ep1/quests/minor_quest/mq304_succession/02_jago/01a_wait_voodoo/meeting_mp	gameJournalQuestMapPin	Mappins.QuestStaticMappinDefinition		
mappin	-1966.094	-2850.902	92.333	ep1/quests/minor_quest/mq304_succession/02_jago/02b_defeat_voodoo/vdb_area	gameJournalQuestMapPin	Mappins.QuestStaticMappinDefinition		
mappin	-1965.26	-2847.58	97.19	ep1/quests/minor_quest/mq304_succession/02_jago/02b_defeat_voodoo/vdb1	gameJournalQuestMapPin	Mappins.QuestDynamicMappinDefinition		
mappin	-1965.26	-2847.58	97.19	ep1/quests/minor_quest/mq304_succession/02_jago/02b_defeat_voodoo/vdb2	gameJournalQuestMapPin	Mappins.QuestDynamicMappinDefinition		
mappin	-1965.26	-2847.58	97.19	ep1/quests/minor_quest/mq304_succession/02_jago/02b_defeat_voodoo/vdb3	gameJournalQuestMapPin	Mappins.QuestDynamicMappinDefinition		
mappin	-1965.26	-2847.58	97.19	ep1/quests/minor_quest/mq304_succession/02_jago/02b_defeat_voodoo/vdb4	gameJournalQuestMapPin	Mappins.QuestDynamicMappinDefinition		
mappin	-1965.26	-2847.58	97.19	ep1/quests/minor_quest/mq304_succession/02_jago/02b_defeat_voodoo/vdb5	gameJournalQuestMapPin	Mappins.QuestDynamicMappinDefinition		
mappin	-1965.26	-2847.58	97.19	ep1/quests/minor_quest/mq304_succession/02_jago/02b_defeat_voodoo/vdb6	gameJournalQuestMapPin	Mappins.QuestDynamicMappinDefinition		
mappin	-1968.616	-2856.232	98.03	ep1/quests/minor_quest/mq304_succession/02_jago/05a_kill_bodyguard/jagos_bodyguard	gameJournalQuestMapPin	Mappins.QuestStaticMappinDefinition		
mappin	-2284	463.062	7.247	ep1/quests/minor_quest/mq304_succession/04_bennett/01_go_to_spot/bennett_spot_mp	gameJournalQuestMapPin	Mappins.QuestStaticMappinDefinition		
mappin	-2288.407	485.173	7.25	ep1/quests/minor_quest/mq304_succession/04_bennett/02_deal_with_driver/driver_mp	gameJournalQuestMapPin	Mappins.QuestDynamicMappinDefinition		
mappin	-2285.474	493.193	7.25	ep1/quests/minor_quest/mq304_succession/04_bennett/03_get_in_car/car_mp	gameJournalQuestMapPin	Mappins.QuestDynamicMappinDefinition		
mappin	-2280.417	486.905	6.875	ep1/quests/minor_quest/mq304_succession/04_bennett/02a_hide_driver/hide_mp	gameJournalQuestMapPin	Mappins.QuestStaticMappinDefinition		
mappin	-2288.407	485.173	7.25	ep1/quests/minor_quest/mq304_succession/04_bennett/02a_hide_driver/driver_mp	gameJournalQuestMapPin	Mappins.QuestDynamicMappinDefinition		
mappin	-2292.148	467.198	8.317	ep1/quests/minor_quest/mq304_succession/04_bennett/06_move_away/away_mp	gameJournalQuestMapPin	Mappins.QuestStaticMappinDefinition		
mappin	-2285.862	478.644	3	ep1/quests/minor_quest/mq304_succession/04_bennett/02b_return_hide_driver/hide_mp	gameJournalQuestMapPin	Mappins.QuestStaticMappinDefinition		
mappin	-2291.36	464.027	7.628	ep1/quests/minor_quest/mq304_succession/04_bennett/01b_wait_bennett/wait_spot	gameJournalQuestMapPin	Mappins.QuestStaticMappinDefinition		
mappin	-1887.49	-2258.76	439.81	ep1/quests/minor_quest/mq304_succession/05_wake/01_meet_bodyguards/bodyguards_mp	gameJournalQuestMapPin	Mappins.QuestDynamicMappinDefinition		
mappin	-1818.941	-2315.165	40.861	ep1/quests/minor_quest/mq304_succession/05_wake/02_go_to_wake/wake_mp	gameJournalQuestMapPin	Mappins.QuestStaticMappinDefinition		
mappin	-1887.49	-2258.76	439.81	ep1/quests/minor_quest/mq304_succession/05_wake/02_go_to_wake/bdgrd1_mp	gameJournalQuestMapPin	Mappins.QuestDynamicMappinDefinition		
mappin	-1887.49	-2258.76	439.81	ep1/quests/minor_quest/mq304_succession/05_wake/02_go_to_wake/bdgrd1_mp1	gameJournalQuestMapPin	Mappins.QuestDynamicMappinDefinition		
mappin	-1893.059	-2249.06	440.737	ep1/quests/minor_quest/mq304_succession/05_wake/05_sit_in_booth/booth_mp	gameJournalQuestMapPin	Mappins.QuestStaticMappinDefinition		
mappin	-1934.583	-2316.875	443.098	ep1/quests/minor_quest/mq304_succession/05_wake/06_leave_wake/leave_wake_mp	gameJournalQuestMapPin	Mappins.QuestStaticMappinDefinition		
mappin	-1812.412	-2338.858	39.826	ep1/quests/minor_quest/mq304_succession/05_wake/00_wait_for_wake/wait_mp	gameJournalQuestMapPin	Mappins.QuestStaticMappinDefinition		
mappin	-1818.941	-2315.165	40.861	ep1/quests/minor_quest/mq304_succession/05_wake/01b_return_bodyguards/meeting_spot	gameJournalQuestMapPin	Mappins.QuestStaticMappinDefinition		
mappin	-1811.401	-2326.715	40.48	ep1/quests/minor_quest/mq304_succession/05_wake/00a_disguise_wake/wait_mp	gameJournalQuestMapPin	Mappins.QuestStaticMappinDefinition		
mappin	-1893.059	-2249.06	440.737	ep1/quests/minor_quest/mq304_succession/05_wake/04a_settle_succession/booth_mp	gameJournalQuestMapPin	Mappins.QuestStaticMappinDefinition		
mappin	-1811.274	-2326.553	41.32	ep1/quests/minor_quest/mq304_succession/05_wake/06b_change_back/wait_mp	gameJournalQuestMapPin	Mappins.QuestStaticMappinDefinition		
mappin	-1936.844	-2316.875	44.952	ep1/quests/minor_quest/mq304_succession/05_wake/02b_use_elevator/terminal	gameJournalQuestMapPin	Mappins.QuestStaticMappinDefinition		
mappin	-1893.438	-2261.562	439.797	ep1/quests/minor_quest/mq304_succession/05_wake/02c_go_to_wake_upstairs/bdgrd1_mp1	gameJournalQuestMapPin	Mappins.QuestStaticMappinDefinition		
mappin	-1936.848	-2316.875	443.098	ep1/quests/minor_quest/mq304_succession/05_wake/06ba_take_elevator_down/mappin	gameJournalQuestMapPin	Mappins.QuestStaticMappinDefinition		
mappin	-1818.941	-2315.165	40.861	ep1/quests/minor_quest/mq304_succession/05_wake/06ac_leave_combat_tower/exit	gameJournalQuestMapPin	Mappins.QuestStaticMappinDefinition		
mappin	-1822.787	-2398.98	40.279	ep1/quests/minor_quest/mq301_bomb/01_fireplace/02_sit_down/basketball_court	gameJournalQuestMapPin	Mappins.QuestStaticMappinDefinition		
mappin	-1486.242	-2489.461	74.176	ep1/quests/minor_quest/mq301_bomb/03_delivery/02a_search_squot/basketball_court	gameJournalQuestMapPin	Mappins.QuestStaticMappinDefinition		
mappin	-1497.007	-2484.667	83.466	ep1/quests/minor_quest/mq301_bomb/03_delivery/03_gather_around_captive/reed	gameJournalQuestMapPin	Mappins.QuestDynamicMappinDefinition		
mappin	-1888.531	-2490.108	28.468	ep1/quests/minor_quest/mq301_bomb/04_frame_jurij/01_meet_paco_babs/basketball_court	gameJournalQuestMapPin	Mappins.QuestStaticMappinDefinition		
mappin	-1888.55	-2490.08	28.487	ep1/quests/minor_quest/mq301_bomb/04_frame_jurij/01_meet_paco_babs1/basketball_court	gameJournalQuestMapPin	Mappins.QuestStaticMappinDefinition		
mappin	-1880.198	-2482.385	28.002	ep1/quests/minor_quest/mq301_bomb/04_frame_jurij/02a_search_squot/basketball_court	gameJournalQuestMapPin	Mappins.QuestStaticMappinDefinition		
mappin	-1687.976	-2370.209	31.402	ep1/quests/minor_quest/mq301_bomb/04_frame_jurij/02a_search_squot1/basketball_court	gameJournalQuestMapPin	Mappins.QuestStaticMappinDefinition		
mappin	-1714.724	-2347.052	31.922	ep1/quests/minor_quest/mq301_bomb/04_frame_jurij/02a_search_squot1/basketball_court1	gameJournalQuestMapPin	Mappins.QuestStaticMappinDefinition		
mappin	-1903.241	-2382.697	41.171	ep1/quests/minor_quest/mq301_bomb/05_paco_hobo/01_lead_paco/basketball_court	gameJournalQuestMapPin	Mappins.QuestStaticMappinDefinition		
mappin	-1903.241	-2382.697	41.171	ep1/quests/minor_quest/mq301_bomb/05_paco_hobo/01_lead_paco1/basketball_court	gameJournalQuestMapPin	Mappins.QuestStaticMappinDefinition		
mappin	-2056.134	-2315.913	20.277	ep1/quests/minor_quest/mq301_bomb/05_paco_hobo/01_meet_paco_babs/basketball_court	gameJournalQuestMapPin	Mappins.QuestStaticMappinDefinition		
mappin	-2250.499	-2172.106	12.772	ep1/quests/minor_quest/mq301_bomb/05_paco_hobo/01_meet_paco_babs/basketball_court1	gameJournalQuestMapPin	Mappins.QuestStaticMappinDefinition		
mappin	-2250.499	-2172.106	12.772	ep1/quests/minor_quest/mq301_bomb/05_paco_hobo/01_meet_paco_babs1/basketball_court	gameJournalQuestMapPin	Mappins.QuestStaticMappinDefinition		
mappin	-1825.744	-2401.169	40.113	ep1/quests/minor_quest/mq301_bomb/06_contacts/01_meet_paco_babs/basketball_court	gameJournalQuestMapPin	Mappins.QuestStaticMappinDefinition		
mappin	-2345.361	-181.887	17.529	ep1/quests/minor_quest/mq305_combat_zone_report/02_apartment/find_building/building	gameJournalQuestMapPin	Mappins.QuestStaticMappinDefinition		
mappin	-2331.819	-172.889	15.87	ep1/quests/minor_quest/mq305_combat_zone_report/02_apartment/find_building/elevator	gameJournalQuestMapPin	Mappins.QuestStaticMappinDefinition		
mappin	-2331.83	-173.598	39.246	ep1/quests/minor_quest/mq305_combat_zone_report/02_apartment/find_building/upper_floor	gameJournalQuestMapPin	Mappins.QuestStaticMappinDefinition		
mappin	-2329.867	-189.656	39.606	ep1/quests/minor_quest/mq305_combat_zone_report/02_apartment/find_building/apartment	gameJournalQuestMapPin	Mappins.QuestStaticMappinDefinition		
mappin	-2333.43	-190.539	38.2	ep1/quests/minor_quest/mq305_combat_zone_report/02_apartment/search_for_clues/whole_apartment	gameJournalQuestMapPin	Mappins.QuestStaticMappinDefinition		
mappin	-2332.74	-189.41	39.606	ep1/quests/minor_quest/mq305_combat_zone_report/02_apartment/enter_apartment/apartment	gameJournalQuestMapPin	Mappins.QuestStaticMappinDefinition		
mappin	-2341.46	-192.721	38.291	ep1/quests/minor_quest/mq305_combat_zone_report/02_apartment/pick_a_not_with_coordinates_from_board/note_mp	gameJournalQuestMapPin	Mappins.QuestStaticMappinDefinition		
mappin	-2341.46	-192.721	38.291	ep1/quests/minor_quest/mq305_combat_zone_report/02_apartment/pick_a_not_with_coordinates_from_board/drawer_mp	gameJournalQuestMapPin	Mappins.QuestStaticMappinDefinition		
mappin	-2219.036	-2554.55	17.978	ep1/quests/minor_quest/mq305_combat_zone_report/03_lab_explore/find_the_location_in_cz/near_elevator_upper	gameJournalQuestMapPin	Mappins.QuestStaticMappinDefinition		
mappin	-2331.82	-172.889	38.11	ep1/quests/minor_quest/mq305_combat_zone_report/03_lab_explore/find_the_location_in_cz/leaving_apartment_building	gameJournalQuestMapPin	Mappins.QuestStaticMappinDefinition		
mappin	-2331.819	-172.889	15.87	ep1/quests/minor_quest/mq305_combat_zone_report/03_lab_explore/find_the_location_in_cz/leaving_building_downstairs	gameJournalQuestMapPin	Mappins.QuestStaticMappinDefinition		
mappin	-2214.866	-2540.706	-1.074	ep1/quests/minor_quest/mq305_combat_zone_report/03_lab_explore/ride_the_elevator_down/elevator_lower_area	gameJournalQuestMapPin	Mappins.QuestStaticMappinDefinition		
mappin	-2217.823	-2543.627	17.978	ep1/quests/minor_quest/mq305_combat_zone_report/03_lab_explore/ride_the_elevator_down/inside_elevator_upper	gameJournalQuestMapPin	Mappins.QuestStaticMappinDefinition		
mappin	-2177.059	-2540.91	-6.913	ep1/quests/minor_quest/mq305_combat_zone_report/03_lab_explore/find_the_main_entrance/metro_station	gameJournalQuestMapPin	Mappins.QuestStaticMappinDefinition		
mappin	-2148.5	-2555.5	-11.541	ep1/quests/minor_quest/mq305_combat_zone_report/03_lab_explore/find_the_main_entrance/02_metro_station_area	gameJournalQuestMapPin	Mappins.QuestStaticMappinDefinition		
mappin	-2154.377	-2595.603	-18.64	ep1/quests/minor_quest/mq305_combat_zone_report/03_lab_explore/neutralize_defensive_systems/corridor_mp	gameJournalQuestMapPin	Mappins.QuestStaticMappinDefinition		
mappin	-2161.563	-2605.25	-18.14	ep1/quests/minor_quest/mq305_combat_zone_report/03_lab_explore/neutralize_defensive_systems/main_room_mp	gameJournalQuestMapPin	Mappins.QuestStaticMappinDefinition		
mappin	-2142.13	-2607.213	-17.977	ep1/quests/minor_quest/mq305_combat_zone_report/03_lab_explore/check_the_hallway/corridor_01_mp	gameJournalQuestMapPin	Mappins.QuestStaticMappinDefinition		
mappin	-2154.377	-2595.603	-18.64	ep1/quests/minor_quest/mq305_combat_zone_report/03_lab_explore/check_the_hallway/corridor_01_mp1	gameJournalQuestMapPin	Mappins.QuestStaticMappinDefinition		
mappin	-2161.563	-2605.25	-18.14	ep1/quests/minor_quest/mq305_combat_zone_report/03_lab_explore/check_the_hallway/main_room_mp	gameJournalQuestMapPin	Mappins.QuestStaticMappinDefinition		
mappin	-2153.244	-2612.271	-18.64	ep1/quests/minor_quest/mq305_combat_zone_report/03_lab_explore/check_the_hallway/near_control_room_mp	gameJournalQuestMapPin	Mappins.QuestStaticMappinDefinition		
mappin	-2142.13	-2607.213	-17.977	ep1/quests/minor_quest/mq305_combat_zone_report/03_lab_explore/scan_area_for_traps/corridor_01_mp	gameJournalQuestMapPin	Mappins.QuestStaticMappinDefinition		
mappin	-2143.692	-2609.841	-16.912	ep1/quests/minor_quest/mq305_combat_zone_report/04_lab_confrontation/check_computer/computer	gameJournalQuestMapPin	Mappins.QuestStaticMappinDefinition		
mappin	-2143.692	-2609.841	-16.912	ep1/quests/minor_quest/mq305_combat_zone_report/04_lab_confrontation/get_off_computer/computer	gameJournalQuestMapPin	Mappins.QuestStaticMappinDefinition		
mappin	-2152.288	-2584.084	-7.308	ep1/quests/minor_quest/mq305_combat_zone_report/04_lab_confrontation/exit_lab/lab_main_door	gameJournalQuestMapPin	Mappins.QuestStaticMappinDefinition		
mappin	-2143.692	-2609.841	-16.912	ep1/quests/minor_quest/mq305_combat_zone_report/04_lab_confrontation/watch_video_on_computer/computer	gameJournalQuestMapPin	Mappins.QuestStaticMappinDefinition		
mappin	-2145.491	-2609.952	-17.82	ep1/quests/minor_quest/mq305_combat_zone_report/04_lab_confrontation/step_aside/step_aside_mp	gameJournalQuestMapPin	Mappins.QuestStaticMappinDefinition		
mappin	-2344.004	-2677.23	23.265	ep1/quests/minor_quest/mq305_combat_zone_report/05_outcome/deliver_data_to_drop_point/drop_point_mp	gameJournalQuestMapPin	Mappins.QuestStaticMappinDefinition		
mappin	-2182.067	-2919.652	108.015	ep1/quests/sandbox_activities/courier_intro_journal/courier_intro/start_01/car_no_specific	gameJournalQuestMapPin	Mappins.QuestDynamicMappinDefinition		
mappin	-1631.531	-2118.563	39.038	ep1/quests/sandbox_activities/courier_intro_journal/courier_intro/end_01/indicated_location	gameJournalQuestMapPin	Mappins.QuestStaticMappinDefinition		
mappin	-2201.284	-2932.045	107.99	ep1/quests/sandbox_activities/courier_intro_journal/courier_intro/end_01/sa_ep1_garage_b	gameJournalQuestMapPin	Mappins.QuestStaticMappinDefinition		
mappin	-2501.327	-2546.235	16.857	ep1/quests/sandbox_activities/courier_intro_journal/courier_intro/end_01/sa_ep1_garage_b1	gameJournalQuestMapPin	Mappins.QuestStaticMappinDefinition		
mappin	-1562.42	-1882.584	74	ep1/quests/sandbox_activities/courier_intro_journal/courier_intro/end_01/sa_ep1_garage_b2	gameJournalQuestMapPin	Mappins.QuestStaticMappinDefinition		
mappin	-844.241	-1214.664	14.27	ep1/quests/sandbox_activities/courier_intro_journal/courier_intro/end_01/sa_ep1_garage_intro	gameJournalQuestMapPin	Mappins.QuestStaticMappinDefinition		
mappin	-1937.175	-2752.954	79.112	ep1/quests/sandbox_activities/courier_intro_journal/courier_intro/end_01/sa_ep1_garage_e	gameJournalQuestMapPin	Mappins.QuestStaticMappinDefinition		
mappin	-1523.7	-2479	83	ep1/quests/sandbox_activities/courier_intro_journal/courier_intro/end_01/sa_ep1_garage_e1	gameJournalQuestMapPin	Mappins.QuestStaticMappinDefinition		
mappin	-2458.2	-2397.517	16.7	ep1/quests/sandbox_activities/courier_intro_journal/courier_intro/end_01/sa_ep1_garage_e2	gameJournalQuestMapPin	Mappins.QuestStaticMappinDefinition		
mappin	-2712.045	-2716.289	24.228	ep1/quests/sandbox_activities/courier_intro_journal/courier_intro/end_01/sa_ep1_garage_e3	gameJournalQuestMapPin	Mappins.QuestStaticMappinDefinition		
mappin	339.255	-814.437	24.648	ep1/quests/sandbox_activities/courier_intro_journal/courier_intro/end_01/sa_ep1_garage_e4	gameJournalQuestMapPin	Mappins.QuestStaticMappinDefinition		
mappin	405.969	-2012.75	-0.789	ep1/quests/sandbox_activities/courier_intro_journal/courier_intro/end_01/sa_ep1_garage_e5	gameJournalQuestMapPin	Mappins.QuestStaticMappinDefinition		
mappin	-3686.2	-4121.932	67.9	ep1/quests/sandbox_activities/courier_intro_journal/courier_intro/end_01/sa_ep1_garage_e6	gameJournalQuestMapPin	Mappins.QuestStaticMappinDefinition		
mappin	313.417	-2370.066	129	ep1/quests/sandbox_activities/courier_intro_journal/courier_intro/end_01/sa_ep1_garage_e7	gameJournalQuestMapPin	Mappins.QuestStaticMappinDefinition		
mappin	680.78	-929.484	28.6	ep1/quests/sandbox_activities/courier_intro_journal/courier_intro/end_01/sa_ep1_garage_b3	gameJournalQuestMapPin	Mappins.QuestStaticMappinDefinition		
mappin	-634.258	-746.982	11.5	ep1/quests/sandbox_activities/courier_intro_journal/courier_intro/end_01/sa_ep1_garage_b4	gameJournalQuestMapPin	Mappins.QuestStaticMappinDefinition		
mappin	2717.6	69.3	73.1	ep1/quests/sandbox_activities/courier_intro_journal/courier_intro/end_01/sa_ep1_garage_b5	gameJournalQuestMapPin	Mappins.QuestStaticMappinDefinition		
mappin	-844.241	-1214.664	14.27	ep1/quests/sandbox_activities/courier_intro_journal/courier_intro/intro_deliver_to_muamar/outside_muamars_place	gameJournalQuestMapPin	Mappins.QuestStaticMappinDefinition		
mappin	-841.467	-1201.542	14.055	ep1/quests/sandbox_activities/courier_intro_journal/courier_intro/intro_talk_to_muamar/wrecked_car	gameJournalQuestMapPin	Mappins.QuestStaticMappinDefinition		
mappin	-634.824	-748.174	11.562	ep1/quests/sandbox_activities/courier_intro_journal/courier_intro/player_chased/sa_ep1_garage_b4	gameJournalQuestMapPin	Mappins.QuestStaticMappinDefinition		
mappin	-1513.936	-2499.125	82.886	ep1/quests/sandbox_activities/courier_intro_journal/courier_intro/player_chased/sa_ep1_garage_e1	gameJournalQuestMapPin	Mappins.QuestStaticMappinDefinition		
mappin	-2455.908	-2419.767	16.586	ep1/quests/sandbox_activities/courier_intro_journal/courier_intro/player_chased/sa_ep1_garage_e2	gameJournalQuestMapPin	Mappins.QuestStaticMappinDefinition		
mappin	-2691.146	-2708.316	24.114	ep1/quests/sandbox_activities/courier_intro_journal/courier_intro/player_chased/sa_ep1_garage_e3	gameJournalQuestMapPin	Mappins.QuestStaticMappinDefinition		
mappin	364.062	-839.112	19.443	ep1/quests/sandbox_activities/courier_intro_journal/courier_intro/player_chased/sa_ep1_garage_e4	gameJournalQuestMapPin	Mappins.QuestStaticMappinDefinition		
mappin	416.892	-2027.333	-0.054	ep1/quests/sandbox_activities/courier_intro_journal/courier_intro/player_chased/sa_ep1_garage_e5	gameJournalQuestMapPin	Mappins.QuestStaticMappinDefinition		
mappin	-3696.117	-4076.662	68.646	ep1/quests/sandbox_activities/courier_intro_journal/courier_intro/player_chased/sa_ep1_garage_e6	gameJournalQuestMapPin	Mappins.QuestStaticMappinDefinition		
mappin	330.636	-2376.906	129.746	ep1/quests/sandbox_activities/courier_intro_journal/courier_intro/player_chased/sa_ep1_garage_e7	gameJournalQuestMapPin	Mappins.QuestStaticMappinDefinition		
mappin	-2214.126	-2919.666	106.773	ep1/quests/sandbox_activities/courier_intro_journal/courier_intro/player_chased/sa_ep1_garage_b	gameJournalQuestMapPin	Mappins.QuestStaticMappinDefinition		
mappin	-2501.327	-2546.235	16.857	ep1/quests/sandbox_activities/courier_intro_journal/courier_intro/player_chased/sa_ep1_garage_b1	gameJournalQuestMapPin	Mappins.QuestStaticMappinDefinition		
mappin	-1583.873	-1873.619	72.76	ep1/quests/sandbox_activities/courier_intro_journal/courier_intro/player_chased/sa_ep1_garage_b2	gameJournalQuestMapPin	Mappins.QuestStaticMappinDefinition		
mappin	681.75	-928	28.578	ep1/quests/sandbox_activities/courier_intro_journal/courier_intro/player_chased/sa_ep1_garage_b3	gameJournalQuestMapPin	Mappins.QuestStaticMappinDefinition		
mappin	2712.707	65.853	72.902	ep1/quests/sandbox_activities/courier_intro_journal/courier_intro/player_chased/sa_ep1_garage_b5	gameJournalQuestMapPin	Mappins.QuestStaticMappinDefinition		
mappin	-1652.651	-2108.75	37.798	ep1/quests/sandbox_activities/courier_intro_journal/courier_intro/player_chased/indicated_location	gameJournalQuestMapPin	Mappins.QuestStaticMappinDefinition		
mappin	-844.241	-1214.664	14.27	ep1/quests/sandbox_activities/courier_intro_journal/courier_intro/player_chased/sa_ep1_garage_intro	gameJournalQuestMapPin	Mappins.QuestStaticMappinDefinition		
mappin	-1627.362	-2124.815	39.005	ep1/quests/sandbox_activities/courier_intro_journal/courier_intro/leave_garage/garage_a	gameJournalQuestMapPin	Mappins.QuestStaticMappinDefinition		
mappin	-2195.692	-2928.214	108.011	ep1/quests/sandbox_activities/courier_intro_journal/courier_intro/leave_garage/garage_b	gameJournalQuestMapPin	Mappins.QuestStaticMappinDefinition		
mappin	-2502.473	-2541.595	16.755	ep1/quests/sandbox_activities/courier_intro_journal/courier_intro/leave_garage/garage_b1	gameJournalQuestMapPin	Mappins.QuestStaticMappinDefinition		
mappin	-1562.42	-1882.584	74	ep1/quests/sandbox_activities/courier_intro_journal/courier_intro/leave_garage/garage_b2	gameJournalQuestMapPin	Mappins.QuestStaticMappinDefinition		
mappin	680.78	-929.484	28.6	ep1/quests/sandbox_activities/courier_intro_journal/courier_intro/leave_garage/garage_b3	gameJournalQuestMapPin	Mappins.QuestStaticMappinDefinition		
mappin	-636.039	-749.266	11.5	ep1/quests/sandbox_activities/courier_intro_journal/courier_intro/leave_garage/garage_b4	gameJournalQuestMapPin	Mappins.QuestStaticMappinDefinition		
mappin	2717.6	69.3	73.1	ep1/quests/sandbox_activities/courier_intro_journal/courier_intro/leave_garage/garage_b5	gameJournalQuestMapPin	Mappins.QuestStaticMappinDefinition		
mappin	-2234.015	430.719	6.05	ep1/quests/sandbox_activities/courier_outro/courier_outro/wait_for_crew_pickup_01/crew_pickup_spot	gameJournalQuestMapPin	Mappins.QuestStaticMappinDefinition		
mappin	-1820.75	426.875	12.25	ep1/quests/sandbox_activities/courier_outro/courier_outro/drive_to_casino/casino_drop_point	gameJournalQuestMapPin	Mappins.QuestStaticMappinDefinition		
mappin	-1801.25	456.906	11.844	ep1/quests/sandbox_activities/courier_outro/courier_outro/distract_the_guard/guard	gameJournalQuestMapPin	Mappins.QuestStaticMappinDefinition		
mappin	4510.764	-383.074	160.926	ep1/quests/sandbox_activities/courier_outro/courier_outro/get_away/badlands_droput_spot	gameJournalQuestMapPin	Mappins.QuestStaticMappinDefinition		
mappin	4560	89.5	63.5	ep1/quests/sandbox_activities/courier_outro/courier_outro/destroy_car/canyon	gameJournalQuestMapPin	Mappins.QuestStaticMappinDefinition		
mappin	-1821.75	423.281	12.285	ep1/quests/sandbox_activities/courier_outro/courier_outro/decide_policeman/police_officer	gameJournalQuestMapPin	Mappins.QuestStaticMappinDefinition		
mappin	-2182.067	-2919.652	108.015	ep1/quests/sandbox_activities/courier_test/test/start_01/car_no_specific	gameJournalQuestMapPin	Mappins.QuestDynamicMappinDefinition		
mappin	-1631.531	-2118.563	39.038	ep1/quests/sandbox_activities/courier_test/test/end_01/indicated_location	gameJournalQuestMapPin	Mappins.QuestStaticMappinDefinition		
mappin	-2201.284	-2932.045	107.99	ep1/quests/sandbox_activities/courier_test/test/end_01/sa_ep1_garage_b	gameJournalQuestMapPin	Mappins.QuestStaticMappinDefinition		
mappin	-2501.327	-2546.235	16.857	ep1/quests/sandbox_activities/courier_test/test/end_01/sa_ep1_garage_b1	gameJournalQuestMapPin	Mappins.QuestStaticMappinDefinition		
mappin	-1562.42	-1882.584	74	ep1/quests/sandbox_activities/courier_test/test/end_01/sa_ep1_garage_b2	gameJournalQuestMapPin	Mappins.QuestStaticMappinDefinition		
mappin	-844.241	-1214.664	14.27	ep1/quests/sandbox_activities/courier_test/test/end_01/sa_ep1_garage_intro	gameJournalQuestMapPin	Mappins.QuestStaticMappinDefinition		
mappin	-1937.175	-2752.954	79.112	ep1/quests/sandbox_activities/courier_test/test/end_01/sa_ep1_garage_e	gameJournalQuestMapPin	Mappins.QuestStaticMappinDefinition		
mappin	-1523.7	-2479	83	ep1/quests/sandbox_activities/courier_test/test/end_01/sa_ep1_garage_e1	gameJournalQuestMapPin	Mappins.QuestStaticMappinDefinition		
mappin	-2458.2	-2397.517	16.7	ep1/quests/sandbox_activities/courier_test/test/end_01/sa_ep1_garage_e2	gameJournalQuestMapPin	Mappins.QuestStaticMappinDefinition		
mappin	-2712.045	-2716.289	24.228	ep1/quests/sandbox_activities/courier_test/test/end_01/sa_ep1_garage_e3	gameJournalQuestMapPin	Mappins.QuestStaticMappinDefinition		
mappin	339.255	-814.437	24.648	ep1/quests/sandbox_activities/courier_test/test/end_01/sa_ep1_garage_e4	gameJournalQuestMapPin	Mappins.QuestStaticMappinDefinition		
mappin	405.969	-2012.75	-0.789	ep1/quests/sandbox_activities/courier_test/test/end_01/sa_ep1_garage_e5	gameJournalQuestMapPin	Mappins.QuestStaticMappinDefinition		
mappin	-3686.2	-4121.932	67.9	ep1/quests/sandbox_activities/courier_test/test/end_01/sa_ep1_garage_e6	gameJournalQuestMapPin	Mappins.QuestStaticMappinDefinition		
mappin	313.417	-2370.066	129	ep1/quests/sandbox_activities/courier_test/test/end_01/sa_ep1_garage_e7	gameJournalQuestMapPin	Mappins.QuestStaticMappinDefinition		
mappin	680.78	-929.484	28.6	ep1/quests/sandbox_activities/courier_test/test/end_01/sa_ep1_garage_b3	gameJournalQuestMapPin	Mappins.QuestStaticMappinDefinition		
mappin	-634.258	-746.982	11.5	ep1/quests/sandbox_activities/courier_test/test/end_01/sa_ep1_garage_b4	gameJournalQuestMapPin	Mappins.QuestStaticMappinDefinition		
mappin	2717.6	69.3	73.1	ep1/quests/sandbox_activities/courier_test/test/end_01/sa_ep1_garage_b5	gameJournalQuestMapPin	Mappins.QuestStaticMappinDefinition		
mappin	-1826.344	-1057.922	7.939	ep1/quests/sandbox_activities/courier_test/test/end_01/sa_ep1_garage_b6	gameJournalQuestMapPin	Mappins.QuestStaticMappinDefinition		
mappin	-2124.127	532.876	10.288	ep1/quests/sandbox_activities/courier_test/test/end_01/sa_ep1_garage_b7	gameJournalQuestMapPin	Mappins.QuestStaticMappinDefinition		
mappin	-452.654	1592.094	33.841	ep1/quests/sandbox_activities/courier_test/test/end_01/sa_ep1_garage_b8	gameJournalQuestMapPin	Mappins.QuestStaticMappinDefinition		
mappin	-843.475	2782.15	38.574	ep1/quests/sandbox_activities/courier_test/test/end_01/sa_ep1_garage_b9	gameJournalQuestMapPin	Mappins.QuestStaticMappinDefinition		
mappin	-1917.875	-898.625	7.619	ep1/quests/sandbox_activities/courier_test/test/end_01/sa_ep1_garage_e8	gameJournalQuestMapPin	Mappins.QuestStaticMappinDefinition		
mappin	-2070.401	102.247	7.318	ep1/quests/sandbox_activities/courier_test/test/end_01/sa_ep1_garage_e9	gameJournalQuestMapPin	Mappins.QuestStaticMappinDefinition		
mappin	-1311.75	2211.375	15.801	ep1/quests/sandbox_activities/courier_test/test/end_01/sa_ep1_garage_e10	gameJournalQuestMapPin	Mappins.QuestStaticMappinDefinition		
mappin	111.304	805.325	128.491	ep1/quests/sandbox_activities/courier_test/test/end_01/sa_ep1_garage_e11	gameJournalQuestMapPin	Mappins.QuestStaticMappinDefinition		
mappin	-1627.362	-2124.815	39.005	ep1/quests/sandbox_activities/courier_test/test/leave_garage/garage_a	gameJournalQuestMapPin	Mappins.QuestStaticMappinDefinition		
mappin	-2195.692	-2928.214	108.011	ep1/quests/sandbox_activities/courier_test/test/leave_garage/garage_b	gameJournalQuestMapPin	Mappins.QuestStaticMappinDefinition		
mappin	-2502.473	-2541.595	16.755	ep1/quests/sandbox_activities/courier_test/test/leave_garage/garage_b1	gameJournalQuestMapPin	Mappins.QuestStaticMappinDefinition		
mappin	-1562.42	-1882.584	74	ep1/quests/sandbox_activities/courier_test/test/leave_garage/garage_b2	gameJournalQuestMapPin	Mappins.QuestStaticMappinDefinition		
mappin	680.78	-929.484	28.6	ep1/quests/sandbox_activities/courier_test/test/leave_garage/garage_b3	gameJournalQuestMapPin	Mappins.QuestStaticMappinDefinition		
mappin	-636.039	-749.266	11.5	ep1/quests/sandbox_activities/courier_test/test/leave_garage/garage_b4	gameJournalQuestMapPin	Mappins.QuestStaticMappinDefinition		
mappin	2717.6	69.3	73.1	ep1/quests/sandbox_activities/courier_test/test/leave_garage/garage_b5	gameJournalQuestMapPin	Mappins.QuestStaticMappinDefinition		
mappin	-1829.903	-1057.313	7.94	ep1/quests/sandbox_activities/courier_test/test/leave_garage/garage_b6	gameJournalQuestMapPin	Mappins.QuestStaticMappinDefinition		
mappin	-2124.125	538.469	10.279	ep1/quests/sandbox_activities/courier_test/test/leave_garage/garage_b7	gameJournalQuestMapPin	Mappins.QuestStaticMappinDefinition		
mappin	-447.313	1584.999	33.814	ep1/quests/sandbox_activities/courier_test/test/leave_garage/garage_b8	gameJournalQuestMapPin	Mappins.QuestStaticMappinDefinition		
mappin	-859.73	2777.839	38.583	ep1/quests/sandbox_activities/courier_test/test/leave_garage/garage_b9	gameJournalQuestMapPin	Mappins.QuestStaticMappinDefinition		
mappin	-634.824	-748.174	11.562	ep1/quests/sandbox_activities/courier_test/test/player_chased/sa_ep1_garage_b4	gameJournalQuestMapPin	Mappins.QuestStaticMappinDefinition		
mappin	-1513.936	-2499.125	82.886	ep1/quests/sandbox_activities/courier_test/test/player_chased/sa_ep1_garage_e1	gameJournalQuestMapPin	Mappins.QuestStaticMappinDefinition		
mappin	-2455.908	-2419.767	16.586	ep1/quests/sandbox_activities/courier_test/test/player_chased/sa_ep1_garage_e2	gameJournalQuestMapPin	Mappins.QuestStaticMappinDefinition		
mappin	-2691.146	-2708.316	24.114	ep1/quests/sandbox_activities/courier_test/test/player_chased/sa_ep1_garage_e3	gameJournalQuestMapPin	Mappins.QuestStaticMappinDefinition		
mappin	364.062	-839.112	19.443	ep1/quests/sandbox_activities/courier_test/test/player_chased/sa_ep1_garage_e4	gameJournalQuestMapPin	Mappins.QuestStaticMappinDefinition		
mappin	416.892	-2027.333	-0.054	ep1/quests/sandbox_activities/courier_test/test/player_chased/sa_ep1_garage_e5	gameJournalQuestMapPin	Mappins.QuestStaticMappinDefinition		
mappin	-3696.117	-4076.662	68.646	ep1/quests/sandbox_activities/courier_test/test/player_chased/sa_ep1_garage_e6	gameJournalQuestMapPin	Mappins.QuestStaticMappinDefinition		
mappin	330.636	-2376.906	129.746	ep1/quests/sandbox_activities/courier_test/test/player_chased/sa_ep1_garage_e7	gameJournalQuestMapPin	Mappins.QuestStaticMappinDefinition		
mappin	-2214.126	-2919.666	106.773	ep1/quests/sandbox_activities/courier_test/test/player_chased/sa_ep1_garage_b	gameJournalQuestMapPin	Mappins.QuestStaticMappinDefinition		
mappin	-2501.327	-2546.235	16.857	ep1/quests/sandbox_activities/courier_test/test/player_chased/sa_ep1_garage_b1	gameJournalQuestMapPin	Mappins.QuestStaticMappinDefinition		
mappin	-1583.873	-1873.619	72.76	ep1/quests/sandbox_activities/courier_test/test/player_chased/sa_ep1_garage_b2	gameJournalQuestMapPin	Mappins.QuestStaticMappinDefinition		
mappin	681.75	-928	28.578	ep1/quests/sandbox_activities/courier_test/test/player_chased/sa_ep1_garage_b3	gameJournalQuestMapPin	Mappins.QuestStaticMappinDefinition		
mappin	2712.707	65.853	72.902	ep1/quests/sandbox_activities/courier_test/test/player_chased/sa_ep1_garage_b5	gameJournalQuestMapPin	Mappins.QuestStaticMappinDefinition		
mappin	-1652.651	-2108.75	37.798	ep1/quests/sandbox_activities/courier_test/test/player_chased/indicated_location	gameJournalQuestMapPin	Mappins.QuestStaticMappinDefinition		
mappin	-844.241	-1214.664	14.27	ep1/quests/sandbox_activities/courier_test/test/player_chased/sa_ep1_garage_intro	gameJournalQuestMapPin	Mappins.QuestStaticMappinDefinition		
mappin	-1834.554	-1057.21	7.926	ep1/quests/sandbox_activities/courier_test/test/player_chased/sa_ep1_garage_b6	gameJournalQuestMapPin	Mappins.QuestStaticMappinDefinition		
mappin	-2125.375	549.438	9.403	ep1/quests/sandbox_activities/courier_test/test/player_chased/sa_ep1_garage_b7	gameJournalQuestMapPin	Mappins.QuestStaticMappinDefinition		
mappin	-446.403	1582.971	33.815	ep1/quests/sandbox_activities/courier_test/test/player_chased/sa_ep1_garage_b8	gameJournalQuestMapPin	Mappins.QuestStaticMappinDefinition		
mappin	-864.952	2775.411	38.625	ep1/quests/sandbox_activities/courier_test/test/player_chased/sa_ep1_garage_b9	gameJournalQuestMapPin	Mappins.QuestStaticMappinDefinition		
mappin	-1912.467	-901.47	7.619	ep1/quests/sandbox_activities/courier_test/test/player_chased/sa_ep1_garage_e8	gameJournalQuestMapPin	Mappins.QuestStaticMappinDefinition		
mappin	-2084.054	103.188	7.318	ep1/quests/sandbox_activities/courier_test/test/player_chased/sa_ep1_garage_e9	gameJournalQuestMapPin	Mappins.QuestStaticMappinDefinition		
mappin	-1315.25	2214.5	15.781	ep1/quests/sandbox_activities/courier_test/test/player_chased/sa_ep1_garage_e10	gameJournalQuestMapPin	Mappins.QuestStaticMappinDefinition		
mappin	104.986	799.654	128.342	ep1/quests/sandbox_activities/courier_test/test/player_chased/sa_ep1_garage_e11	gameJournalQuestMapPin	Mappins.QuestStaticMappinDefinition		
mappin	-2182.067	-2919.652	108.015	ep1/quests/sandbox_activities/courier_test/test/chase_and_hack/car_no_specific	gameJournalQuestMapPin	Mappins.QuestDynamicMappinDefinition		
mappin	-1639.47	-1861.542	74.01	ep1/quests/sandbox_activities/courier_test/test/chase_and_hack/110_chase_start	gameJournalQuestMapPin	Mappins.QuestDynamicMappinDefinition		
mappin	-2182.067	-2919.652	108.015	ep1/quests/sandbox_activities/courier_test/test/after_hack_take_car/car_no_specific	gameJournalQuestMapPin	Mappins.QuestDynamicMappinDefinition		
mappin	-844.241	-1214.664	14.27	ep1/quests/sandbox_activities/courier_test/test/intro_deliver_to_muamar/outside_muamars_place	gameJournalQuestMapPin	Mappins.QuestStaticMappinDefinition		
mappin	-841.467	-1201.542	14.055	ep1/quests/sandbox_activities/courier_test/test/intro_talk_to_muamar/wrecked_car	gameJournalQuestMapPin	Mappins.QuestStaticMappinDefinition		
mappin	-1936.027	-2756.327	79.106	ep1/quests/sandbox_activities/courier_test/test/leave_area/garage_e	gameJournalQuestMapPin	Mappins.QuestStaticMappinDefinition		
mappin	-1523.7	-2479	83	ep1/quests/sandbox_activities/courier_test/test/leave_area/garage_e1	gameJournalQuestMapPin	Mappins.QuestStaticMappinDefinition		
mappin	-2458.2	-2397.517	16.7	ep1/quests/sandbox_activities/courier_test/test/leave_area/garage_e2	gameJournalQuestMapPin	Mappins.QuestStaticMappinDefinition		
mappin	-2712.045	-2716.289	24.228	ep1/quests/sandbox_activities/courier_test/test/leave_area/garage_e3	gameJournalQuestMapPin	Mappins.QuestStaticMappinDefinition		
mappin	339.255	-814.437	24.648	ep1/quests/sandbox_activities/courier_test/test/leave_area/garage_e4	gameJournalQuestMapPin	Mappins.QuestStaticMappinDefinition		
mappin	405.4	-2012.8	-0.8	ep1/quests/sandbox_activities/courier_test/test/leave_area/garage_e5	gameJournalQuestMapPin	Mappins.QuestStaticMappinDefinition		
mappin	-3685.676	-4122.39	67.9	ep1/quests/sandbox_activities/courier_test/test/leave_area/garage_e6	gameJournalQuestMapPin	Mappins.QuestStaticMappinDefinition		
mappin	313.417	-2370.066	129	ep1/quests/sandbox_activities/courier_test/test/leave_area/garage_e7	gameJournalQuestMapPin	Mappins.QuestStaticMappinDefinition		
mappin	-1319.125	2216	15.766	ep1/quests/sandbox_activities/courier_test/test/leave_area/garage_e8	gameJournalQuestMapPin	Mappins.QuestStaticMappinDefinition		
mappin	107.69	798.904	128.249	ep1/quests/sandbox_activities/courier_test/test/leave_area/garage_e9	gameJournalQuestMapPin	Mappins.QuestStaticMappinDefinition		
mappin	-1918.5	-904.875	7.617	ep1/quests/sandbox_activities/courier_test/test/leave_area/garage_e10	gameJournalQuestMapPin	Mappins.QuestStaticMappinDefinition		
mappin	-2083.652	105.423	7.318	ep1/quests/sandbox_activities/courier_test/test/leave_area/garage_e11	gameJournalQuestMapPin	Mappins.QuestStaticMappinDefinition		
mappin	-2182.067	-2919.652	108.015	ep1/quests/sandbox_activities/courier_test/test/hacking_gototarget/car_no_specific	gameJournalQuestMapPin	Mappins.QuestDynamicMappinDefinition		
mappin	-624.625	-758.139	11.309	ep1/quests/sandbox_activities/courier_test/test/take_reward/reward_f	gameJournalQuestMapPin	Mappins.QuestStaticMappinDefinition		
mappin	406.759	-2010.19	-0.424	ep1/quests/sandbox_activities/courier_test/test/take_reward/reward_af	gameJournalQuestMapPin	Mappins.QuestStaticMappinDefinition		
mappin	682.536	-938.797	28.84	ep1/quests/sandbox_activities/courier_test/test/take_reward/reward_e	gameJournalQuestMapPin	Mappins.QuestStaticMappinDefinition		
mappin	-1553.294	-1887.367	74	ep1/quests/sandbox_activities/courier_test/test/take_reward/reward_d	gameJournalQuestMapPin	Mappins.QuestStaticMappinDefinition		
mappin	2724.133	77.241	73.291	ep1/quests/sandbox_activities/courier_test/test/take_reward/reward_f1	gameJournalQuestMapPin	Mappins.QuestStaticMappinDefinition		
mappin	-2714.901	-2705.792	23.698	ep1/quests/sandbox_activities/courier_test/test/take_reward/reward_af1	gameJournalQuestMapPin	Mappins.QuestStaticMappinDefinition		
mappin	-2462.186	-2384.944	16.672	ep1/quests/sandbox_activities/courier_test/test/take_reward/reward_af2	gameJournalQuestMapPin	Mappins.QuestStaticMappinDefinition		
mappin	331.135	-821.88	24.608	ep1/quests/sandbox_activities/courier_test/test/take_reward/reward_af3	gameJournalQuestMapPin	Mappins.QuestStaticMappinDefinition		
mappin	313.429	-2361.618	129.027	ep1/quests/sandbox_activities/courier_test/test/take_reward/reward_af4	gameJournalQuestMapPin	Mappins.QuestStaticMappinDefinition		
mappin	-3673.375	-4126.75	68.449	ep1/quests/sandbox_activities/courier_test/test/take_reward/reward_af5	gameJournalQuestMapPin	Mappins.QuestStaticMappinDefinition		
mappin	-1820.406	-1056.399	7.917	ep1/quests/sandbox_activities/courier_test/test/take_reward/reward_f2	gameJournalQuestMapPin	Mappins.QuestStaticMappinDefinition		
mappin	-2130.416	532.639	10.289	ep1/quests/sandbox_activities/courier_test/test/take_reward/reward_f3	gameJournalQuestMapPin	Mappins.QuestStaticMappinDefinition		
mappin	-455.066	1595.835	33.84	ep1/quests/sandbox_activities/courier_test/test/take_reward/reward_f4	gameJournalQuestMapPin	Mappins.QuestStaticMappinDefinition		
mappin	-830.081	2787.379	39.524	ep1/quests/sandbox_activities/courier_test/test/take_reward/reward_f5	gameJournalQuestMapPin	Mappins.QuestStaticMappinDefinition		
mappin	-1916.744	-895.824	7.592	ep1/quests/sandbox_activities/courier_test/test/take_reward/reward_af6	gameJournalQuestMapPin	Mappins.QuestStaticMappinDefinition		
mappin	-2064.181	94.934	7.527	ep1/quests/sandbox_activities/courier_test/test/take_reward/reward_af7	gameJournalQuestMapPin	Mappins.QuestStaticMappinDefinition		
mappin	-1315.106	2209.31	15.765	ep1/quests/sandbox_activities/courier_test/test/take_reward/reward_af8	gameJournalQuestMapPin	Mappins.QuestStaticMappinDefinition		
mappin	118.153	806.371	128.793	ep1/quests/sandbox_activities/courier_test/test/take_reward/reward_af9	gameJournalQuestMapPin	Mappins.QuestStaticMappinDefinition		
mappin	-1942.629	-2462.045	29.722	ep1/quests/sandbox_activities/courier_test/test/start_02/car_no_specific	gameJournalQuestMapPin	Mappins.QuestDynamicMappinDefinition		
mappin	417.891	-2364.5	182.074	ep1/quests/sandbox_activities/courier_outro_dock/courier_outro_dock/courier_outro_dock/muamar_far_away	gameJournalQuestMapPin	Mappins.QuestStaticMappinDefinition		
mappin	-1263.193	483.057	4.313	ep1/quests/sandbox_activities/courier_outro_dock/courier_outro_dock/go_to_the_docks/docks	gameJournalQuestMapPin	Mappins.QuestStaticMappinDefinition		
mappin	-834.486	-1200.454	13.823	ep1/quests/sandbox_activities/courier_outro_dock/courier_outro_dock/deliver_the_truck/truck	gameJournalQuestMapPin	Mappins.QuestStaticMappinDefinition		
mappin	-839.352	-1195.146	13.822	ep1/quests/sandbox_activities/courier_outro_dock/courier_outro_dock/deliver_the_truck/garage_zone	gameJournalQuestMapPin	Mappins.QuestStaticMappinDefinition		
mappin	-1248.75	505.938	4.311	ep1/quests/sandbox_activities/courier_outro_dock/courier_outro_dock/save_daniels/daniels	gameJournalQuestMapPin	Mappins.QuestDynamicMappinDefinition		
mappin	-1246.848	582.842	3.476	ep1/quests/sandbox_activities/courier_outro_dock/courier_outro_dock/search_boat/boat_deck	gameJournalQuestMapPin	Mappins.QuestStaticMappinDefinition		
mappin	-1246.848	582.842	3.476	ep1/quests/sandbox_activities/courier_outro_dock/courier_outro_dock/get_on_boat/boat_entry	gameJournalQuestMapPin	Mappins.QuestStaticMappinDefinition		
mappin	-1248.75	505.938	4.311	ep1/quests/sandbox_activities/courier_outro_dock/courier_outro_dock/meet_daniels/daniels	gameJournalQuestMapPin	Mappins.QuestDynamicMappinDefinition		
mappin	-1263.193	483.057	4.313	ep1/quests/sandbox_activities/courier_outro_dock/courier_outro_dock/meet_daniels/search_area	gameJournalQuestMapPin	Mappins.QuestStaticMappinDefinition		
mappin	-1248.75	505.938	4.311	ep1/quests/sandbox_activities/courier_outro_dock/courier_outro_dock/talk_with_daniels/daniels	gameJournalQuestMapPin	Mappins.QuestDynamicMappinDefinition		
mappin	-1271.987	485.289	4.39	ep1/quests/sandbox_activities/courier_outro_dock/courier_outro_dock/leave_the_docks/main_gate	gameJournalQuestMapPin	Mappins.QuestStaticMappinDefinition		
mappin	-839.352	-1195.146	13.822	ep1/quests/sandbox_activities/courier_outro_dock/courier_outro_dock/defeat_lose_enemies_garage/garage_zone	gameJournalQuestMapPin	Mappins.QuestStaticMappinDefinition		
mappin	-837.611	-1213.988	13.946	ep1/quests/sandbox_activities/courier_outro_dock/courier_outro_dock/get_reward_from_trunk/vehicle	gameJournalQuestMapPin	Mappins.QuestStaticMappinDefinition		
mappin	-842.848	-1204.283	13.834	ep1/quests/sandbox_activities/courier_outro_dock/courier_outro_dock/leave_muamars_workshop/truck	gameJournalQuestMapPin	Mappins.QuestStaticMappinDefinition		
mappin	-1248.75	505.938	4.311	ep1/quests/sandbox_activities/courier_outro_dock/courier_outro_dock/check_on_daniels/daniels	gameJournalQuestMapPin	Mappins.QuestDynamicMappinDefinition		
mappin	-837.611	-1213.988	13.946	ep1/quests/sandbox_activities/courier_outro_dock/courier_outro_dock/remove_tarp/reward_car	gameJournalQuestMapPin	Mappins.QuestStaticMappinDefinition		
mappin	-837.611	-1213.988	13.946	ep1/quests/sandbox_activities/courier_outro_dock/courier_outro_dock/get_into_vehicle/reward_car	gameJournalQuestMapPin	Mappins.QuestStaticMappinDefinition		
mappin	-1395.89	-2466.164	82.915	ep1/quests/street_stories/sts_ep1_12/sts_ep1_12/01_get_inside_complex/mp	gameJournalQuestMapPin	Mappins.QuestStaticMappinDefinition		
mappin	-1410.92	-2443.729	82.99	ep1/quests/street_stories/sts_ep1_12/sts_ep1_12/05_kill_target/mp	gameJournalQuestMapPin	Mappins.QuestDynamicMappinDefinition		
mappin	-1410.92	-2443.729	82.99	ep1/quests/street_stories/sts_ep1_12/sts_ep1_12/05b_talk_to_target/mp	gameJournalQuestMapPin	Mappins.QuestDynamicMappinDefinition		
mappin	-1352.25	-2473.661	76.97	ep1/quests/street_stories/sts_ep1_12/sts_ep1_12/06_get_out_of_the_location/mp	gameJournalQuestMapPin	Mappins.QuestStaticMappinDefinition		
mappin	-1376.27	-2477.8	83	ep1/quests/street_stories/sts_ep1_12/sts_ep1_12/find_target/mp	gameJournalQuestMapPin	Mappins.QuestStaticMappinDefinition		
mappin	-1367.45	-2504.29	81.31	ep1/quests/street_stories/sts_ep1_12/sts_ep1_12/find_target/mappin_final	gameJournalQuestMapPin	Mappins.QuestStaticMappinDefinition		
mappin	-1340.69	-2518.8	85.43	ep1/quests/street_stories/sts_ep1_12/sts_ep1_12/find_target/mappin_on_door	gameJournalQuestMapPin	Mappins.QuestStaticMappinDefinition		
mappin	-1370.047	-2506.531	81.001	ep1/quests/street_stories/sts_ep1_12/sts_ep1_12/find_target/mp_after_droid	gameJournalQuestMapPin	Mappins.QuestStaticMappinDefinition		
mappin	-1367.679	-2503.459	81	ep1/quests/street_stories/sts_ep1_12/sts_ep1_12/after_rescue_get_to_target/mp	gameJournalQuestMapPin	Mappins.QuestStaticMappinDefinition		
mappin	-1348.056	-2492.676	87	ep1/quests/street_stories/sts_ep1_12/sts_ep1_12/defeat_droids/netwatch_hack_doors	gameJournalQuestMapPin	Mappins.QuestStaticMappinDefinition		
mappin	-1415.151	-2443.625	86.997	ep1/quests/street_stories/sts_ep1_12/sts_ep1_12/defeat_droids/droid_01	gameJournalQuestMapPin	Mappins.NPCMappinDefinition		
mappin	-1415.151	-2443.625	86.997	ep1/quests/street_stories/sts_ep1_12/sts_ep1_12/defeat_droids/droid_02	gameJournalQuestMapPin	Mappins.NPCMappinDefinition		
mappin	-1415.151	-2443.625	86.997	ep1/quests/street_stories/sts_ep1_12/sts_ep1_12/defeat_droids/droid_03	gameJournalQuestMapPin	Mappins.NPCMappinDefinition		
mappin	-1415.151	-2443.625	86.997	ep1/quests/street_stories/sts_ep1_12/sts_ep1_12/defeat_droids/droid_05	gameJournalQuestMapPin	Mappins.NPCMappinDefinition		
mappin	-1415.151	-2443.625	86.997	ep1/quests/street_stories/sts_ep1_12/sts_ep1_12/defeat_droids/droid_04	gameJournalQuestMapPin	Mappins.QuestStaticMappinDefinition		
mappin	-1415.151	-2443.625	86.997	ep1/quests/street_stories/sts_ep1_12/sts_ep1_12/defeat_droids/droid_06	gameJournalQuestMapPin	Mappins.QuestStaticMappinDefinition		
mappin	-1415.151	-2443.625	86.997	ep1/quests/street_stories/sts_ep1_12/sts_ep1_12/defeat_droids/droid_07	gameJournalQuestMapPin	Mappins.QuestStaticMappinDefinition		
mappin	-1415.151	-2443.625	86.997	ep1/quests/street_stories/sts_ep1_12/sts_ep1_12/defeat_droids/droid_08	gameJournalQuestMapPin	Mappins.QuestStaticMappinDefinition		
mappin	-1340.054	-2519.769	84.99	ep1/quests/street_stories/sts_ep1_12/sts_ep1_12/defeat_droids/netwatch_hack_doors1	gameJournalQuestMapPin	Mappins.QuestStaticMappinDefinition		
mappin	-1410.727	-2442.512	83.167	ep1/quests/street_stories/sts_ep1_12/sts_ep1_12/talk_to_courier/mp	gameJournalQuestMapPin	Mappins.QuestDynamicMappinDefinition		
mappin	-1410.63	-2445.604	83.005	ep1/quests/street_stories/sts_ep1_12/sts_ep1_12/00_go_to_gig_location/sts_ep1_12	gameJournalQuestMapPin	Mappins.QuestStaticMappinDefinition		
mappin	-1363.484	-2502.188	81.022	ep1/quests/street_stories/sts_ep1_12/sts_ep1_12/look_for_key/mp	gameJournalQuestMapPin	Mappins.QuestStaticMappinDefinition		
mappin	-2552.632	-2441.542	18.01	ep1/quests/street_stories/sts_ep1_03/sts_ep1_03/enter_the_location/location	gameJournalQuestMapPin	Mappins.QuestStaticMappinDefinition		
mappin	-2553.541	-2441.542	18.01	ep1/quests/street_stories/sts_ep1_03/sts_ep1_03/find_wagner/find_the_target	gameJournalQuestMapPin	Mappins.QuestStaticMappinDefinition		
mappin	-2541.161	-2410.72	24.27	ep1/quests/street_stories/sts_ep1_03/sts_ep1_03/get_out/get_out	gameJournalQuestMapPin	Mappins.QuestStaticMappinDefinition		
mappin	-2546.178	-2444.501	16.85	ep1/quests/street_stories/sts_ep1_03/sts_ep1_03/talk_with_wagner/target	gameJournalQuestMapPin	Mappins.QuestStaticMappinDefinition		
mappin	-2546.178	-2444.501	16.85	ep1/quests/street_stories/sts_ep1_03/sts_ep1_03/confront_wagner/wagner	gameJournalQuestMapPin	Mappins.QuestDynamicMappinDefinition		
mappin	-2153.62	-2774.61	35.31	ep1/quests/street_stories/sts_ep1_03/sts_ep1_03/go_to_shootout_location/shootout_location	gameJournalQuestMapPin	Mappins.QuestStaticMappinDefinition		
mappin	-2147.49	-2779.83	35	ep1/quests/street_stories/sts_ep1_03/sts_ep1_03/talk_with_mourner/mourner_npc	gameJournalQuestMapPin	Mappins.QuestDynamicMappinDefinition		
mappin	-2152.44	-2774.4	35.27	ep1/quests/street_stories/sts_ep1_03/sts_ep1_03/search_the_location/gunfight_location	gameJournalQuestMapPin	Mappins.QuestStaticMappinDefinition		
mappin	-2546.178	-2444.501	16.85	ep1/quests/street_stories/sts_ep1_03/sts_ep1_03/kill_rinder/rinder	gameJournalQuestMapPin	Mappins.QuestDynamicMappinDefinition		
mappin	-2147.49	-2779.83	35	ep1/quests/street_stories/sts_ep1_03/sts_ep1_03/follow_briana/client	gameJournalQuestMapPin	Mappins.QuestDynamicMappinDefinition		
mappin	-2555.881	-2432.785	26.725	ep1/quests/street_stories/sts_ep1_03/sts_ep1_03/defeat_boss/boss	gameJournalQuestMapPin	Mappins.QuestStaticMappinDefinition		
mappin	-2546.456	-2416.318	26.949	ep1/quests/street_stories/sts_ep1_03/sts_ep1_03/enter_the_room/room_with_rinder	gameJournalQuestMapPin	Mappins.QuestStaticMappinDefinition		
mappin	-2147.49	-2779.83	35	ep1/quests/street_stories/sts_ep1_03/sts_ep1_03/deliver_the_dogtag/client	gameJournalQuestMapPin	Mappins.QuestDynamicMappinDefinition		
mappin	-2148.63	-2776.92	35.09	ep1/quests/street_stories/sts_ep1_03/sts_ep1_03/deliver_the_dogtag/area	gameJournalQuestMapPin	Mappins.QuestStaticMappinDefinition		
mappin	-2546.487	-2414.679	27.42	ep1/quests/street_stories/sts_ep1_03/sts_ep1_03/take_dogtag/target	gameJournalQuestMapPin	Mappins.QuestStaticMappinDefinition		
mappin	-2555.881	-2432.785	26.725	ep1/quests/street_stories/sts_ep1_03/sts_ep1_03/get_to_the_fourth_floor/4th_floor	gameJournalQuestMapPin	Mappins.QuestStaticMappinDefinition		
mappin	-2153.31	-2774.61	35.31	ep1/quests/street_stories/sts_ep1_03/sts_ep1_03/scan_the_clues/investigation_area	gameJournalQuestMapPin	Mappins.QuestStaticMappinDefinition		
mappin	-2153.62	-2774.61	35.31	ep1/quests/street_stories/sts_ep1_03/sts_ep1_03/leave_the_location/gunfight_spot	gameJournalQuestMapPin	Mappins.QuestStaticMappinDefinition		
mappin	-2555.881	-2432.785	26.725	ep1/quests/street_stories/sts_ep1_03/sts_ep1_03/find_target_on_second_floor/second_floor	gameJournalQuestMapPin	Mappins.QuestStaticMappinDefinition		
mappin	-2554.28	-2441.543	18.01	ep1/quests/street_stories/sts_ep1_03/sts_ep1_03/get_inside_the_hotel/hotel_entry	gameJournalQuestMapPin	Mappins.QuestStaticMappinDefinition		
mappin	-2546.178	-2444.501	16.85	ep1/quests/street_stories/sts_ep1_03/sts_ep1_03/take_dogtag_from_rinder_body/body	gameJournalQuestMapPin	Mappins.QuestDynamicMappinDefinition		
mappin	-2150.09	-2778.791	35.53	ep1/quests/street_stories/sts_ep1_03/sts_ep1_03/wait_for_briana/wait	gameJournalQuestMapPin	Mappins.QuestStaticMappinDefinition		
mappin	-1584.49	-2340.979	57.83	ep1/quests/street_stories/combat_zone_reward/combat_zone_reward/go_meet_hands/fake_mr_hands	gameJournalQuestMapPin	Mappins.QuestStaticMappinDefinition		
mappin	-1584.49	-2340.979	57.83	ep1/quests/street_stories/combat_zone_reward/combat_zone_reward/talk_with_hands/fake_mr_hands	gameJournalQuestMapPin	Mappins.QuestStaticMappinDefinition		
mappin	-1597.44	-2342.4	42.44	ep1/quests/street_stories/combat_zone_reward/combat_zone_reward/leave_pyramid/pyramid	gameJournalQuestMapPin	Mappins.QuestStaticMappinDefinition		
mappin	-1627.63	-2299.43	39.83	ep1/quests/street_stories/combat_zone_reward/combat_zone_reward/enter_vehicle/vehicle	gameJournalQuestMapPin	Mappins.QuestStaticMappinDefinition		
mappin	-1642.231	-2300.209	40.1	ep1/quests/street_stories/combat_zone_reward/combat_zone_reward/wait_for_hh_to_open/change	gameJournalQuestMapPin	Mappins.QuestStaticMappinDefinition		
mappin	-2457.226	-2783.803	40.748	ep1/quests/street_stories/sts_ep1_08/sts_ep1_08/01_meet_the_client/client	gameJournalQuestMapPin	Mappins.QuestStaticMappinDefinition		
mappin	-2456.278	-2781.193	39.094	ep1/quests/street_stories/sts_ep1_08/sts_ep1_08/02_talk_with_the_client/client	gameJournalQuestMapPin	Mappins.QuestDynamicMappinDefinition		
mappin	-2448.695	-2799.129	34.543	ep1/quests/street_stories/sts_ep1_08/sts_ep1_08/01_a_go_to_hotel/hotel	gameJournalQuestMapPin	Mappins.QuestStaticMappinDefinition		
mappin	-2180.219	-3085.156	115.281	ep1/quests/street_stories/sts_ep1_08/botanic_garden/03b_get_to_main_exhibition_hall/exhibition_hall_entrance	gameJournalQuestMapPin	Mappins.QuestStaticMappinDefinition		
mappin	-2219.91	-3023.16	111.15	ep1/quests/street_stories/sts_ep1_08/botanic_garden/03_get_inside_botanic_garden/botanic_garden_passage	gameJournalQuestMapPin	Mappins.QuestStaticMappinDefinition		
mappin	-2219.91	-3023.16	111.15	ep1/quests/street_stories/sts_ep1_08/botanic_garden/3a_search_area/area	gameJournalQuestMapPin	Mappins.QuestStaticMappinDefinition		
mappin	-2174.553	-3065.964	115.199	ep1/quests/street_stories/sts_ep1_08/botanic_garden/04b_eliminate_enemies/main_hall	gameJournalQuestMapPin	Mappins.QuestStaticMappinDefinition		
mappin	-2213.911	-3020.372	112.593	ep1/quests/street_stories/sts_ep1_08/botanic_garden/get_access/access_point	gameJournalQuestMapPin	Mappins.QuestStaticMappinDefinition		
mappin	-2172.988	-3091.532	115.203	ep1/quests/street_stories/sts_ep1_08/botanic_garden/eliminate_boss/main_hall	gameJournalQuestMapPin	Mappins.QuestStaticMappinDefinition		
mappin	-2172.988	-3091.532	115.203	ep1/quests/street_stories/sts_ep1_08/botanic_garden/defeat_drones/main_hall	gameJournalQuestMapPin	Mappins.QuestStaticMappinDefinition		
mappin	-2121.58	-3091.283	125.195	ep1/quests/street_stories/sts_ep1_08/target_meeting/05a_confront/office	gameJournalQuestMapPin	Mappins.QuestStaticMappinDefinition		
mappin	-2133.425	-3091.651	126.01	ep1/quests/street_stories/sts_ep1_08/target_meeting/07_pick_up_the_target/loot_box	gameJournalQuestMapPin	Mappins.QuestStaticMappinDefinition		
mappin	-2134.249	-3064.047	121.215	ep1/quests/street_stories/sts_ep1_08/target_meeting/07_leave_the_area/area	gameJournalQuestMapPin	Mappins.QuestStaticMappinDefinition		
mappin	-2132.31	-3094.033	125.195	ep1/quests/street_stories/sts_ep1_08/target_meeting/05aa_secret_room/panic_room	gameJournalQuestMapPin	Mappins.QuestStaticMappinDefinition		
mappin	-2121.58	-3091.283	125.195	ep1/quests/street_stories/sts_ep1_08/target_meeting/look_for_bana/office	gameJournalQuestMapPin	Mappins.QuestStaticMappinDefinition		
mappin	-2456.278	-2781.193	39.094	ep1/quests/street_stories/sts_ep1_08/final_meeting/08_leave_the_area/fixer_car	gameJournalQuestMapPin	Mappins.QuestDynamicMappinDefinition		
mappin	-2456.278	-2781.193	39.094	ep1/quests/street_stories/sts_ep1_08/final_meeting/talk_with_the_agent/client_boss	gameJournalQuestMapPin	Mappins.QuestDynamicMappinDefinition		
mappin	-2455.836	-2781.214	39.27	ep1/quests/street_stories/sts_ep1_08/final_meeting/leave_the_room/room_203	gameJournalQuestMapPin	Mappins.QuestStaticMappinDefinition		
mappin	-2344.099	-2677.78	22.2	ep1/quests/street_stories/sts_ep1_08/final_meeting/leave_biomonitor_droppoint/droppoint	gameJournalQuestMapPin	Mappins.QuestStaticMappinDefinition		
mappin	-2511.767	-2750.886	29.74	ep1/quests/street_stories/sts_ep1_04/sts_ep1_04/enter_the_location/mappin	gameJournalQuestMapPin	Mappins.QuestStaticMappinDefinition		
mappin	-2502.764	-2762.417	20	ep1/quests/street_stories/sts_ep1_04/sts_ep1_04/find_the_virus/find_the_virus	gameJournalQuestMapPin	Mappins.QuestStaticMappinDefinition		
mappin	-2494.779	-2710.27	71	ep1/quests/street_stories/sts_ep1_04/sts_ep1_04/find_the_virus_upper/find_the_virus_upper	gameJournalQuestMapPin	Mappins.QuestStaticMappinDefinition		
mappin	-2344.099	-2677.78	22.2	ep1/quests/street_stories/sts_ep1_04/sts_ep1_04/leave_virus_in_droppoint/droppoint	gameJournalQuestMapPin	Mappins.QuestStaticMappinDefinition		
mappin	-2491.894	-2709.154	73.288	ep1/quests/street_stories/sts_ep1_04/sts_ep1_04/open_gate/open_gate_with_hasan	gameJournalQuestMapPin	Mappins.QuestStaticMappinDefinition		
mappin	-2494.677	-2709.568	71	ep1/quests/street_stories/sts_ep1_04/sts_ep1_04/talk_with_corpo/talk_with_corpo	gameJournalQuestMapPin	Mappins.QuestDynamicMappinDefinition		
mappin	-2457.45	-2724.418	73.202	ep1/quests/street_stories/sts_ep1_04/sts_ep1_04/clear_the_way_for_hasan/goons	gameJournalQuestMapPin	Mappins.QuestDynamicMappinDefinition		
mappin	-2457.45	-2724.418	73.202	ep1/quests/street_stories/sts_ep1_04/sts_ep1_04/clear_the_way_for_hasan/goon_2	gameJournalQuestMapPin	Mappins.QuestDynamicMappinDefinition		
mappin	-2494.677	-2709.568	71	ep1/quests/street_stories/sts_ep1_04/sts_ep1_04/return_to_hasan/return	gameJournalQuestMapPin	Mappins.QuestDynamicMappinDefinition		
mappin	-2457.45	-2724.418	73.202	ep1/quests/street_stories/sts_ep1_04/sts_ep1_04/take_out_the_ganger/scavenger	gameJournalQuestMapPin	Mappins.QuestDynamicMappinDefinition		
mappin	-2494.677	-2709.568	71	ep1/quests/street_stories/sts_ep1_04/sts_ep1_04/follow_hasan/hasan	gameJournalQuestMapPin	Mappins.QuestDynamicMappinDefinition		
mappin	-2476.242	-2700.906	75	ep1/quests/street_stories/sts_ep1_04/sts_ep1_04/clear_the_floor_for_hasan/mappin	gameJournalQuestMapPin	Mappins.QuestStaticMappinDefinition		
mappin	-2494.677	-2709.568	71	ep1/quests/street_stories/sts_ep1_04/sts_ep1_04/come_back_to_hasan/hasan	gameJournalQuestMapPin	Mappins.QuestDynamicMappinDefinition		
mappin	-2476.242	-2700.906	75	ep1/quests/street_stories/sts_ep1_04/sts_ep1_04/get_to_the_upper_parts/upper_parts	gameJournalQuestMapPin	Mappins.QuestStaticMappinDefinition		
mappin	-2457.45	-2724.418	73.202	ep1/quests/street_stories/sts_ep1_04/sts_ep1_04/take_down_balcony/enemy	gameJournalQuestMapPin	Mappins.QuestDynamicMappinDefinition		
mappin	-2490.934	-2707.83	77.24	ep1/quests/street_stories/sts_ep1_04/sts_ep1_04/get_the_keycard/keycard	gameJournalQuestMapPin	Mappins.QuestStaticMappinDefinition		
mappin	-2493.83	-2688.535	21	ep1/quests/street_stories/sts_ep1_04/sts_ep1_04/get_inside_tower/elevator	gameJournalQuestMapPin	Mappins.QuestStaticMappinDefinition		
mappin	-2511.429	-2750.412	29.58	ep1/quests/street_stories/sts_ep1_04/sts_ep1_04/get_inside_tower/construction_site	gameJournalQuestMapPin	Mappins.QuestStaticMappinDefinition		
mappin	-2444.656	-2709.748	74.232	ep1/quests/street_stories/sts_ep1_04/sts_ep1_04/lower_the_bridge/bridge	gameJournalQuestMapPin	Mappins.QuestStaticMappinDefinition		
mappin	-2494.677	-2709.568	71	ep1/quests/street_stories/sts_ep1_04/sts_ep1_04/kill_hasan/hasan	gameJournalQuestMapPin	Mappins.QuestDynamicMappinDefinition		
mappin	-2494.677	-2709.568	71	ep1/quests/street_stories/sts_ep1_04/sts_ep1_04/pick_up_eye_implant/hasan	gameJournalQuestMapPin	Mappins.QuestDynamicMappinDefinition		
mappin	-2494.677	-2709.568	71	ep1/quests/street_stories/sts_ep1_04/sts_ep1_04/pick_ip_the_bluperints/blueprints	gameJournalQuestMapPin	Mappins.QuestDynamicMappinDefinition		
mappin	-2344.099	-2677.78	22.2	ep1/quests/street_stories/sts_ep1_04/sts_ep1_04/deliver_the_prototype_and_blueprints/droppoint	gameJournalQuestMapPin	Mappins.QuestStaticMappinDefinition		
mappin	-2299.058	-2643.947	21.82	ep1/quests/street_stories/sts_ep1_04/sts_ep1_04/speak_with_hands_mercenary/merc	gameJournalQuestMapPin	Mappins.QuestDynamicMappinDefinition		
mappin	-2382.739	-2719.277	61.25	ep1/quests/street_stories/sts_ep1_04/sts_ep1_04/leave_the_area/area	gameJournalQuestMapPin	Mappins.QuestStaticMappinDefinition		
mappin	-2476.242	-2700.906	75	ep1/quests/street_stories/sts_ep1_04/sts_ep1_04/get_the_codes_optional/upper_parts	gameJournalQuestMapPin	Mappins.QuestStaticMappinDefinition		
mappin	-2517.255	-2694.551	20.92	ep1/quests/street_stories/sts_ep1_04/sts_ep1_04/00_go_to_gig_location/sts_ep1_04	gameJournalQuestMapPin	Mappins.QuestStaticMappinDefinition		
mappin	-2186.171	-2280.574	17.614	ep1/quests/street_stories/sts_ep1_10/sts_ep1_10/01_get_inside/outpost_entered	gameJournalQuestMapPin	Mappins.QuestStaticMappinDefinition		
mappin	-2294.66	-2415.99	18.1	ep1/quests/street_stories/sts_ep1_10/sts_ep1_10/01b_met_informator/informer	gameJournalQuestMapPin	Mappins.QuestDynamicMappinDefinition		
mappin	-2294.66	-2415.99	18.1	ep1/quests/street_stories/sts_ep1_10/sts_ep1_10/01c_enter_car/informer_car	gameJournalQuestMapPin	Mappins.QuestDynamicMappinDefinition		
mappin	-2139.357	-2308.865	19.67	ep1/quests/street_stories/sts_ep1_10/sts_ep1_10/01d_talk_to_informator/informer	gameJournalQuestMapPin	Mappins.QuestDynamicMappinDefinition		
mappin	-2202.19	-2265.01	17.03	ep1/quests/street_stories/sts_ep1_10/sts_ep1_10/02_search_for_crew/ground_flor	gameJournalQuestMapPin	Mappins.QuestStaticMappinDefinition		
mappin	-2208.728	-2268.929	12.04	ep1/quests/street_stories/sts_ep1_10/sts_ep1_10/03_rescue/basement_area	gameJournalQuestMapPin	Mappins.QuestStaticMappinDefinition		
mappin	-2208.096	-2271.035	12.028	ep1/quests/street_stories/sts_ep1_10/sts_ep1_10/04_talk_to_crew/ann	gameJournalQuestMapPin	Mappins.QuestDynamicMappinDefinition		
mappin	-2208.096	-2271.035	12.028	ep1/quests/street_stories/sts_ep1_10/sts_ep1_10/04_talk_to_crew/bill	gameJournalQuestMapPin	Mappins.QuestDynamicMappinDefinition		
mappin	-2218.018	-2262.804	14.058	ep1/quests/street_stories/sts_ep1_10/sts_ep1_10/05_exit_location/door	gameJournalQuestMapPin	Mappins.QuestStaticMappinDefinition		
mappin	-2214.07	-2263.264	8.27	ep1/quests/street_stories/sts_ep1_10/sts_ep1_10/06_safe_spot/escort_staircase	gameJournalQuestMapPin	Mappins.QuestStaticMappinDefinition		
mappin	-2213.06	-2277.544	8.007	ep1/quests/street_stories/sts_ep1_10/sts_ep1_10/06_safe_spot/escort_cells	gameJournalQuestMapPin	Mappins.QuestStaticMappinDefinition		
mappin	-2218.236	-2285.777	9.506	ep1/quests/street_stories/sts_ep1_10/sts_ep1_10/06_safe_spot/escort_archives	gameJournalQuestMapPin	Mappins.QuestStaticMappinDefinition		
mappin	-2191.241	-2277.193	9.555	ep1/quests/street_stories/sts_ep1_10/sts_ep1_10/06_safe_spot/escort_garage_door	gameJournalQuestMapPin	Mappins.QuestStaticMappinDefinition		
mappin	-2208.096	-2271.035	12.028	ep1/quests/street_stories/sts_ep1_10/sts_ep1_10/06_safe_spot/escort_car	gameJournalQuestMapPin	Mappins.QuestStaticMappinDefinition		
mappin	-2208.096	-2271.035	12.028	ep1/quests/street_stories/sts_ep1_10/sts_ep1_10/06_safe_spot/bill	gameJournalQuestMapPin	Mappins.QuestDynamicMappinDefinition		
mappin	-2208.728	-2268.929	12.04	ep1/quests/street_stories/sts_ep1_10/sts_ep1_10/02b_go_to_basement/basement	gameJournalQuestMapPin	Mappins.QuestStaticMappinDefinition		
mappin	-2213.22	-2264.72	8.04	ep1/quests/street_stories/sts_ep1_10/sts_ep1_10/07_clear_enemies_in_cells_area/cells	gameJournalQuestMapPin	Mappins.QuestStaticMappinDefinition		
mappin	-2204.097	-2270.057	10.66	ep1/quests/street_stories/sts_ep1_10/sts_ep1_10/07b_clear_cameras_in_cells_area/camera1	gameJournalQuestMapPin	Mappins.QuestStaticMappinDefinition		
mappin	-2185.072	-2268.202	11.441	ep1/quests/street_stories/sts_ep1_10/sts_ep1_10/10_deal_with_enemies_in_garage/enemy1	gameJournalQuestMapPin	Mappins.QuestDynamicMappinDefinition		
mappin	-2185.072	-2268.202	11.441	ep1/quests/street_stories/sts_ep1_10/sts_ep1_10/10_deal_with_enemies_in_garage/enemy2	gameJournalQuestMapPin	Mappins.QuestDynamicMappinDefinition		
mappin	-2185.072	-2268.202	11.441	ep1/quests/street_stories/sts_ep1_10/sts_ep1_10/10_deal_with_enemies_in_garage/dodger	gameJournalQuestMapPin	Mappins.QuestDynamicMappinDefinition		
mappin	-2187.84	-2267.34	8.04	ep1/quests/street_stories/sts_ep1_10/sts_ep1_10/11_leave_location/location	gameJournalQuestMapPin	Mappins.QuestStaticMappinDefinition		
mappin	-2208.096	-2271.035	12.028	ep1/quests/street_stories/sts_ep1_10/sts_ep1_10/10_wait_for_crew_to_leave/ann	gameJournalQuestMapPin	Mappins.QuestDynamicMappinDefinition		
mappin	-2208.096	-2271.035	12.028	ep1/quests/street_stories/sts_ep1_10/sts_ep1_10/10_wait_for_crew_to_leave/bernard	gameJournalQuestMapPin	Mappins.QuestDynamicMappinDefinition		
mappin	-2216.94	-2278.25	8.04	ep1/quests/street_stories/sts_ep1_10/sts_ep1_10/12_defeat_enemies_in_archive/archives	gameJournalQuestMapPin	Mappins.QuestStaticMappinDefinition		
mappin	-2216.94	-2278.25	8.04	ep1/quests/street_stories/sts_ep1_10/sts_ep1_10/13_deal_with_enemies_locer_room/locker_room	gameJournalQuestMapPin	Mappins.QuestStaticMappinDefinition		
mappin	-2208.728	-2268.929	12.04	ep1/quests/street_stories/sts_ep1_10/sts_ep1_10/8e_help_ann/door	gameJournalQuestMapPin	Mappins.QuestStaticMappinDefinition		
mappin	-2185.072	-2268.202	11.441	ep1/quests/street_stories/sts_ep1_10/sts_ep1_10/14_talk_stella/stella	gameJournalQuestMapPin	Mappins.QuestDynamicMappinDefinition		
mappin	-2208.728	-2268.929	12.04	ep1/quests/street_stories/sts_ep1_10/sts_ep1_10/04a_check_doors_interogation/charles_doors	gameJournalQuestMapPin	Mappins.QuestStaticMappinDefinition		
mappin	-2208.728	-2268.929	12.04	ep1/quests/street_stories/sts_ep1_10/sts_ep1_10/3c_talk_to_charles/door	gameJournalQuestMapPin	Mappins.QuestStaticMappinDefinition		
mappin	-2215.625	-2270.563	12.027	ep1/quests/street_stories/sts_ep1_10/sts_ep1_10/4b_check_interrogation_room/interrogation_room	gameJournalQuestMapPin	Mappins.QuestStaticMappinDefinition		
mappin	-2213.06	-2277.544	8.007	ep1/quests/street_stories/sts_ep1_10/sts_ep1_10/08a_find_way_to_open_door/door	gameJournalQuestMapPin	Mappins.QuestStaticMappinDefinition		
mappin	-2213.22	-2264.72	8.04	ep1/quests/street_stories/sts_ep1_10/sts_ep1_10/08a_find_way_to_open_door/area_mappin	gameJournalQuestMapPin	Mappins.QuestStaticMappinDefinition		
mappin	-2211.285	-2271.606	9.998	ep1/quests/street_stories/sts_ep1_10/sts_ep1_10/08c_use_electric_panel/electric_panel	gameJournalQuestMapPin	Mappins.QuestStaticMappinDefinition		
mappin	-2214.275	-2264.615	9.478	ep1/quests/street_stories/sts_ep1_10/sts_ep1_10/type_code/terminal	gameJournalQuestMapPin	Mappins.QuestStaticMappinDefinition		
mappin	-2208.096	-2271.035	12.028	ep1/quests/street_stories/sts_ep1_10/sts_ep1_10/come_back_to_ncpd/ann	gameJournalQuestMapPin	Mappins.QuestDynamicMappinDefinition		
mappin	-2208.096	-2271.035	12.028	ep1/quests/street_stories/sts_ep1_10/sts_ep1_10/come_back_to_ncpd/bill	gameJournalQuestMapPin	Mappins.QuestDynamicMappinDefinition		
mappin	-2176.56	-2317.243	16.29	ep1/quests/street_stories/sts_ep1_10/sts_ep1_10/00_go_to_gig_location/sts_ep1_10	gameJournalQuestMapPin	Mappins.QuestStaticMappinDefinition		
mappin	-1996.341	-2995.314	81.32	ep1/quests/street_stories/sts_ep1_13/sts_ep1_13/find_fiona_office/upper_floor	gameJournalQuestMapPin	Mappins.QuestStaticMappinDefinition		
mappin	-1995.239	-2994.21	77.229	ep1/quests/street_stories/sts_ep1_13/sts_ep1_13/find_fiona_office/lower_floor	gameJournalQuestMapPin	Mappins.QuestStaticMappinDefinition		
mappin	-2004.82	-2984.949	92.76	ep1/quests/street_stories/sts_ep1_13/sts_ep1_13/escape_location/facility	gameJournalQuestMapPin	Mappins.QuestStaticMappinDefinition		
mappin	-2003.966	-2985.777	92.521	ep1/quests/street_stories/sts_ep1_13/sts_ep1_13/escape_location/facility_combat	gameJournalQuestMapPin	Mappins.QuestStaticMappinDefinition		
mappin	-1989.735	-2993.822	76.52	ep1/quests/street_stories/sts_ep1_13/sts_ep1_13/talk_to_fiona/fiona	gameJournalQuestMapPin	Mappins.QuestDynamicMappinDefinition		
mappin	-1994.94	-2997.503	77.714	ep1/quests/street_stories/sts_ep1_13/sts_ep1_13/download_the_data/fiona_pc	gameJournalQuestMapPin	Mappins.QuestStaticMappinDefinition		
mappin	-1989.55	-2994.522	76.52	ep1/quests/street_stories/sts_ep1_13/sts_ep1_13/gain_access_to_pc/fiona	gameJournalQuestMapPin	Mappins.QuestStaticMappinDefinition		
mappin	-1988.712	-3000.146	76.52	ep1/quests/street_stories/sts_ep1_13/sts_ep1_13/enter_fiona_office/fiona_office	gameJournalQuestMapPin	Mappins.QuestStaticMappinDefinition		
mappin	-2026.519	-2969.474	92.52	ep1/quests/street_stories/sts_ep1_13/sts_ep1_13/talk_to_mr_hands_contact/hands_contact	gameJournalQuestMapPin	Mappins.QuestDynamicMappinDefinition		
mappin	-1998.129	-2990.567	85	ep1/quests/street_stories/sts_ep1_13/sts_ep1_13/enter_the_auction/upper_floor	gameJournalQuestMapPin	Mappins.QuestStaticMappinDefinition		
mappin	-2025.359	-2992.736	92.52	ep1/quests/street_stories/sts_ep1_13/sts_ep1_13/talk_to_consierge/consierge	gameJournalQuestMapPin	Mappins.QuestDynamicMappinDefinition		
mappin	-1986.508	-3016.103	75.49	ep1/quests/street_stories/sts_ep1_13/sts_ep1_13/talk_to_the_kid/kid	gameJournalQuestMapPin	Mappins.QuestDynamicMappinDefinition		
mappin	-2025.359	-2992.736	92.52	ep1/quests/street_stories/sts_ep1_13/sts_ep1_13/talk_to_the_bartender/bartender	gameJournalQuestMapPin	Mappins.QuestDynamicMappinDefinition		
mappin	-1996.341	-2995.314	81.32	ep1/quests/street_stories/sts_ep1_13/sts_ep1_13/sneak_out_of_auction/auction	gameJournalQuestMapPin	Mappins.QuestStaticMappinDefinition		
mappin	-2025.359	-2992.736	92.52	ep1/quests/street_stories/sts_ep1_13/sts_ep1_13/follow_the_guard/guard	gameJournalQuestMapPin	Mappins.QuestDynamicMappinDefinition		
mappin	-1975.729	-3035.11	84.621	ep1/quests/street_stories/sts_ep1_13/sts_ep1_13/scan_hand/hand_scanner	gameJournalQuestMapPin	Mappins.QuestStaticMappinDefinition		
mappin	-2026.519	-2969.474	92.52	ep1/quests/street_stories/sts_ep1_13/sts_ep1_13/meet_mr_hands_contact/hands_contact	gameJournalQuestMapPin	Mappins.QuestDynamicMappinDefinition		
mappin	-1639.047	-2508.281	35.356	ep1/quests/street_stories/sts_ep1_01/sts_ep1_01/talk_with_target/target	gameJournalQuestMapPin	Mappins.QuestDynamicMappinDefinition		
mappin	-1614.138	-2513.621	41.356	ep1/quests/street_stories/sts_ep1_01/sts_ep1_01/go_back_to_target/target	gameJournalQuestMapPin	Mappins.QuestDynamicMappinDefinition		
mappin	-1630.04	-2527.284	39.336	ep1/quests/street_stories/sts_ep1_01/sts_ep1_01/get_rid_of_remaining/defeat	gameJournalQuestMapPin	Mappins.QuestStaticMappinDefinition		
mappin	-1620.607	-2509.581	46.856	ep1/quests/street_stories/sts_ep1_01/sts_ep1_01/get_in/window	gameJournalQuestMapPin	Mappins.QuestStaticMappinDefinition		
mappin	-1633.875	-2532.5	34.356	ep1/quests/street_stories/sts_ep1_01/sts_ep1_01/find/mp	gameJournalQuestMapPin	Mappins.QuestStaticMappinDefinition		
mappin	-1639.047	-2508.281	35.356	ep1/quests/street_stories/sts_ep1_01/sts_ep1_01/talk/mp	gameJournalQuestMapPin	Mappins.QuestDynamicMappinDefinition		
mappin	-1635.56	-2510.815	35.356	ep1/quests/street_stories/sts_ep1_01/sts_ep1_01/defeat_interrogators/office	gameJournalQuestMapPin	Mappins.QuestStaticMappinDefinition		
mappin	-1665.375	-2476.75	37.148	ep1/quests/street_stories/sts_ep1_01/sts_ep1_01/01_talk_to_odel/mappin	gameJournalQuestMapPin	Mappins.QuestDynamicMappinDefinition		
mappin	-1621.375	-2524.125	39.354	ep1/quests/street_stories/sts_ep1_01/sts_ep1_01/go_to_basement/chapel	gameJournalQuestMapPin	Mappins.QuestStaticMappinDefinition		
mappin	-1633.218	-2533.239	37.014	ep1/quests/street_stories/sts_ep1_01/sts_ep1_01/go_to_basement/basement_door	gameJournalQuestMapPin	Mappins.QuestStaticMappinDefinition		
mappin	-1665.375	-2476.75	37.148	ep1/quests/street_stories/sts_ep1_01/sts_ep1_01/odel_fail/odel	gameJournalQuestMapPin	Mappins.QuestDynamicMappinDefinition		
mappin	-1665.375	-2476.75	37.148	ep1/quests/street_stories/sts_ep1_01/sts_ep1_01/informant/odel	gameJournalQuestMapPin	Mappins.QuestDynamicMappinDefinition		
mappin	-1613.349	-2504.227	39.688	ep1/quests/street_stories/sts_ep1_01/sts_ep1_01/find_the_way/tr_mappin	gameJournalQuestMapPin	Mappins.QuestStaticMappinDefinition		
mappin	-1630.04	-2527.284	39.336	ep1/quests/street_stories/sts_ep1_01/sts_ep1_01/leave_the_location/haveb	gameJournalQuestMapPin	Mappins.QuestStaticMappinDefinition		
mappin	-1614.138	-2513.621	41.356	ep1/quests/street_stories/sts_ep1_01/sts_ep1_01/body_found_anderson/target	gameJournalQuestMapPin	Mappins.QuestDynamicMappinDefinition		
mappin	-1639.187	-2509.01	35.355	ep1/quests/street_stories/sts_ep1_01/sts_ep1_01/body_found_nika/mappin	gameJournalQuestMapPin	Mappins.QuestDynamicMappinDefinition		
mappin	-1630.04	-2527.284	39.336	ep1/quests/street_stories/sts_ep1_01/sts_ep1_01/00_go_to_gig_location/sts_ep1_01	gameJournalQuestMapPin	Mappins.QuestStaticMappinDefinition		
mappin	-1639.187	-2509.01	35.355	ep1/quests/street_stories/sts_ep1_01/sts_ep1_01/talk_to_nika/mappin	gameJournalQuestMapPin	Mappins.QuestDynamicMappinDefinition		
mappin	-1635.56	-2510.815	35.356	ep1/quests/street_stories/sts_ep1_01/sts_ep1_01/final_scene/office	gameJournalQuestMapPin	Mappins.QuestStaticMappinDefinition		
mappin	-1639.187	-2509.01	35.355	ep1/quests/street_stories/sts_ep1_01/sts_ep1_01/kill_nika/nika	gameJournalQuestMapPin	Mappins.QuestDynamicMappinDefinition		
mappin	-1718.92	-2344.58	33.09	ep1/quests/street_stories/sts_ep1_06/sts_ep1_06/meet_hands_client/client	gameJournalQuestMapPin	Mappins.QuestDynamicMappinDefinition		
mappin	-1718.92	-2344.58	33.09	ep1/quests/street_stories/sts_ep1_06/sts_ep1_06/talk_to_client/client	gameJournalQuestMapPin	Mappins.QuestDynamicMappinDefinition		
mappin	-1598.825	-2330.363	43.03	ep1/quests/street_stories/sts_ep1_06/sts_ep1_06/defeat_hank/cop	gameJournalQuestMapPin	Mappins.QuestDynamicMappinDefinition		
mappin	-1718.92	-2344.58	33.09	ep1/quests/street_stories/sts_ep1_06/sts_ep1_06/return_to_client/client	gameJournalQuestMapPin	Mappins.QuestDynamicMappinDefinition		
mappin	-1609.831	-2326.729	44.182	ep1/quests/street_stories/sts_ep1_06/sts_ep1_06/get_inside_the_club/club	gameJournalQuestMapPin	Mappins.QuestStaticMappinDefinition		
mappin	-1609.831	-2326.729	44.182	ep1/quests/street_stories/sts_ep1_06/sts_ep1_06/find_the_target/club	gameJournalQuestMapPin	Mappins.QuestStaticMappinDefinition		
mappin	-1591.355	-2328.612	51.67	ep1/quests/street_stories/sts_ep1_06/sts_ep1_06/find_the_target/vip_area	gameJournalQuestMapPin	Mappins.QuestStaticMappinDefinition		
mappin	-1609.831	-2326.729	44.182	ep1/quests/street_stories/sts_ep1_06/sts_ep1_06/ask_around/club	gameJournalQuestMapPin	Mappins.QuestStaticMappinDefinition		
mappin	-1591.355	-2328.612	51.67	ep1/quests/street_stories/sts_ep1_06/sts_ep1_06/ask_around/vip_area	gameJournalQuestMapPin	Mappins.QuestStaticMappinDefinition		
mappin	-1598.825	-2330.363	43.03	ep1/quests/street_stories/sts_ep1_06/sts_ep1_06/talk_to_target/target	gameJournalQuestMapPin	Mappins.QuestDynamicMappinDefinition		
mappin	-1598.825	-2330.363	43.03	ep1/quests/street_stories/sts_ep1_06/sts_ep1_06/talk_to_drug_dealer/drug_dealer	gameJournalQuestMapPin	Mappins.QuestDynamicMappinDefinition		
mappin	-1591.355	-2328.612	51.67	ep1/quests/street_stories/sts_ep1_06/sts_ep1_06/find_the_way_inside_vip_area/vip_area	gameJournalQuestMapPin	Mappins.QuestStaticMappinDefinition		
mappin	-1572.05	-2325.04	46.26	ep1/quests/street_stories/sts_ep1_06/sts_ep1_06/find_the_way_inside_vip_area/vip_doors	gameJournalQuestMapPin	Mappins.QuestStaticMappinDefinition		
mappin	-1587.064	-2317.632	45.02	ep1/quests/street_stories/sts_ep1_06/sts_ep1_06/talk_to_gorgina_acquaintance/acquaintance	gameJournalQuestMapPin	Mappins.QuestDynamicMappinDefinition		
mappin	-1614.87	-2348.58	50.87	ep1/quests/street_stories/sts_ep1_06/sts_ep1_06/get_inside_georgina_room/george_room	gameJournalQuestMapPin	Mappins.QuestStaticMappinDefinition		
mappin	-1591.355	-2328.612	51.67	ep1/quests/street_stories/sts_ep1_06/sts_ep1_06/get_inside_georgina_room/vip_area_002	gameJournalQuestMapPin	Mappins.QuestStaticMappinDefinition		
mappin	-1609.831	-2326.729	44.182	ep1/quests/street_stories/sts_ep1_06/sts_ep1_06/leave_the_club/club	gameJournalQuestMapPin	Mappins.QuestStaticMappinDefinition		
mappin	-1591.355	-2328.612	51.67	ep1/quests/street_stories/sts_ep1_06/sts_ep1_06/leave_the_club/vip_area	gameJournalQuestMapPin	Mappins.QuestStaticMappinDefinition		
mappin	-1718.08	-2345.48	31.86	ep1/quests/street_stories/sts_ep1_06/sts_ep1_06/leave_micheal/arcade_store	gameJournalQuestMapPin	Mappins.QuestStaticMappinDefinition		
mappin	-1587.064	-2317.632	45.02	ep1/quests/street_stories/sts_ep1_06/sts_ep1_06/go_to_vip_lounge_2/lounge_2	gameJournalQuestMapPin	Mappins.QuestDynamicMappinDefinition		
mappin	-1591.355	-2328.612	51.67	ep1/quests/street_stories/sts_ep1_06/sts_ep1_06/go_to_vip_lounge_2/vip_area	gameJournalQuestMapPin	Mappins.QuestStaticMappinDefinition		
mappin	-1615.1	-2348.69	50.87	ep1/quests/street_stories/sts_ep1_06/sts_ep1_06/find_way_inside_booth_6/booth_6	gameJournalQuestMapPin	Mappins.QuestStaticMappinDefinition		
mappin	-1718.92	-2344.58	33.09	ep1/quests/street_stories/sts_ep1_06/sts_ep1_06/finish_mq304_first/micheal_store	gameJournalQuestMapPin	Mappins.QuestStaticMappinDefinition		
mappin	-1574.56	-2366.608	50.869	ep1/quests/street_stories/sts_ep1_06/sts_ep1_06/find_the_booth_4_in_vip_area/vip_area	gameJournalQuestMapPin	Mappins.QuestStaticMappinDefinition		
mappin	-1591.355	-2328.612	51.67	ep1/quests/street_stories/sts_ep1_06/sts_ep1_06/find_the_booth_4_in_vip_area/vip_area_001	gameJournalQuestMapPin	Mappins.QuestStaticMappinDefinition		
mappin	-1572.05	-2325.04	46.26	ep1/quests/street_stories/sts_ep1_06/sts_ep1_06/find_the_booth_4_in_vip_area/vip_doors	gameJournalQuestMapPin	Mappins.QuestStaticMappinDefinition		
mappin	-1591.355	-2328.612	51.67	ep1/quests/street_stories/sts_ep1_06/sts_ep1_06/look_for_georgina_in_vip_area/vip_area	gameJournalQuestMapPin	Mappins.QuestStaticMappinDefinition		
mappin	-1572.05	-2325.04	46.26	ep1/quests/street_stories/sts_ep1_06/sts_ep1_06/look_for_georgina_in_vip_area/vip_doors	gameJournalQuestMapPin	Mappins.QuestStaticMappinDefinition		
mappin	-1411.736	-1975.887	69.757	ep1/quests/street_stories/sts_ep1_07/sts_ep1_07/get_inside/entrance	gameJournalQuestMapPin	Mappins.QuestStaticMappinDefinition		
mappin	-1411.338	-1978.627	71.236	ep1/quests/street_stories/sts_ep1_07/sts_ep1_07/get_inside/terminal	gameJournalQuestMapPin	Mappins.QuestStaticMappinDefinition		
mappin	-1373.667	-1960.661	88.329	ep1/quests/street_stories/sts_ep1_07/sts_ep1_07/plant_gps/target_device	gameJournalQuestMapPin	Mappins.QuestStaticMappinDefinition		
mappin	-1413.54	-1979.63	69.844	ep1/quests/street_stories/sts_ep1_07/sts_ep1_07/exit/exit	gameJournalQuestMapPin	Mappins.QuestStaticMappinDefinition		
mappin	-1410.381	-1938.318	91.198	ep1/quests/street_stories/sts_ep1_07/sts_ep1_07/find_way_to_lower_level/lower_level	gameJournalQuestMapPin	Mappins.QuestStaticMappinDefinition		
mappin	-1423.084	-1950.94	71.728	ep1/quests/street_stories/sts_ep1_07/sts_ep1_07/find_way_to_lower_level/search_area	gameJournalQuestMapPin	Mappins.QuestStaticMappinDefinition		
mappin	-1371.456	-2076.802	75.835	ep1/quests/street_stories/sts_ep1_07/sts_ep1_07/01_meet_with_the_client/client	gameJournalQuestMapPin	Mappins.QuestDynamicMappinDefinition		
mappin	-1367.614	-1955.633	87.642	ep1/quests/street_stories/sts_ep1_07/sts_ep1_07/04_find_the_bomb/swimming_pool_area	gameJournalQuestMapPin	Mappins.QuestStaticMappinDefinition		
mappin	-1371.456	-2076.802	75.835	ep1/quests/street_stories/sts_ep1_07/sts_ep1_07/01b_talk_with_the_client/client	gameJournalQuestMapPin	Mappins.QuestStaticMappinDefinition		
mappin	-1371.456	-2076.802	75.835	ep1/quests/street_stories/sts_ep1_07/sts_ep1_07/08_collect_reward/drop_point	gameJournalQuestMapPin	Mappins.QuestDynamicMappinDefinition		
mappin	-1378.325	-1943.559	85.233	ep1/quests/street_stories/sts_ep1_07/sts_ep1_07/04a_find_pool/production_area	gameJournalQuestMapPin	Mappins.QuestStaticMappinDefinition		
mappin	-1369.659	-2080.219	75.837	ep1/quests/street_stories/sts_ep1_07/sts_ep1_07/09_confront_agents/agent	gameJournalQuestMapPin	Mappins.QuestDynamicMappinDefinition		
mappin	-1491.619	-2375.803	39.709	ep1/quests/street_stories/sts_ep1_07/sts_ep1_07/defeat_agents/agent_01	gameJournalQuestMapPin	Mappins.QuestStaticMappinDefinition		
mappin	-1491.619	-2375.803	39.709	ep1/quests/street_stories/sts_ep1_07/sts_ep1_07/8a_go_to_meeting_spot/meeting_spot	gameJournalQuestMapPin	Mappins.QuestStaticMappinDefinition		
mappin	-1490.489	-2380.371	42.954	ep1/quests/street_stories/sts_ep1_07/sts_ep1_07/8b_wait_for_client/meeting_point	gameJournalQuestMapPin	Mappins.QuestStaticMappinDefinition		
mappin	-1371.456	-2076.802	75.835	ep1/quests/street_stories/sts_ep1_07/sts_ep1_07/talk_with_nele/client	gameJournalQuestMapPin	Mappins.QuestDynamicMappinDefinition		
mappin	-1759.32	-2491.929	39.7	ep1/quests/street_stories/sts_ep1_07/sts_ep1_07/deliver_shard_to_drop_point/drop_point	gameJournalQuestMapPin	Mappins.QuestStaticMappinDefinition		
mappin	-1204.537	1735.565	23.255	?310971437				
mappin	-1148.035	2405.599	7.107	?1271893565				
mappin	-1196.729	1140.132	17.23	?2303689216				
mappin	-1178.782	1402.007	21.249	?1868702467				
mappin	-1087.193	2133.135	13.473	?2924082886				
mappin	-966.343	1779.202	25.16	?3029936277				
mappin	-1074.426	1351.287	5.248	?4247444884				
mappin	-1215.448	1996.683	12.2	?3907289278				
mappin	-1431.692	1305.479	27.082	?2543468134				
mappin	-1892.678	1280.971	14.448	?2221414225				
mappin	-1751.73	1537.09	13.51	?3389663145				
mappin	-2096.115	-1040.389	7.354	?3664408231				
mappin	-2454.886	-958.096	8.117	?1077494844				
mappin	-2222.317	-400.084	7.398	?3951361765				
mappin	-1696.812	-1026.178	9.752	?2087095631				
mappin	-1448.16	-1019.013	9.468	?3729915161				
mappin	-1504.78	-1068.326	9.647	?239905893				
mappin	-1636.147	-545.644	13.056	?3219136279				
mappin	-1420.297	-1326.17	46.954	?716025627				
mappin	-1227.368	2303.97	6.921	?3811807431				
mappin	-1660.581	2048.31	18.17	?1758641189				
mappin	-1453.288	2193.851	18.208	?1072880346				
mappin	-1776.212	2630.729	7.189	?690220427				
mappin	-1453.758	2913.377	7.233	?3145666759				
mappin	-1397.13	2774.656	7.255	?2049915676				
mappin	-866.267	2369.576	52.968	?4262989674				
mappin	-1846.727	2241.315	18.185	?2917729321				
mappin	-1414.876	1966.202	28.137	?4230718832				
mappin	-1892.925	1274.575	18.229	?728048145				
mappin	-1926.505	1130.362	12.184	?3025447360				
mappin	-1763.809	1538.115	13.5	?2623313927				
mappin	-955.794	90.369	7.594	?1531606332				
mappin	-858.399	-95.072	7.605	?951144433				
mappin	-1117.674	-645.239	8.45	?1948461074				
mappin	-948.432	-219.446	7.774	?301826579				
mappin	-1907.052	-65.206	7.476	?1115471957				
mappin	-1626.084	416.576	7.727	?2684286234				
mappin	-2161.472	460.789	9.472	?2222775506				
mappin	-2402.026	56.877	11.97	?3400128889				
mappin	-2460.853	-2592.335	13.469	?1142131051				
mappin	-1431.34	1032.56	16.9	?1734433976				
mappin	-693.836	832.226	327.302	?1848250066				
mappin	136.557	-1589.77	10.192	?1209569951				
mappin	458.069	-1231.833	29.189	?3827888269				
mappin	231.835	-1083.615	27.359	?3294509768				
mappin	248.444	-1803.356	-10.037	?2479610791				
mappin	-100.022	-4415.097	61.633	?3822251303				
mappin	1914.233	-571.801	54.735	?3547032742				
mappin	3645.719	-889.852	120.337	?2525305153				
mappin	-218.282	-5215.542	82.753	?155727657				
mappin	-1378.986	-3643.592	55.301	?602992175				
mappin	-2916.906	-4719.297	67.879	?1399281824				
mappin	1376.391	-1687.116	49.306	?1135881045				
mappin	2877.861	-1592.85	76.804	?3185199267				
mappin	3443.678	-367.233	133.852	?908387878				
mappin	-537.802	-4977.588	76.572	?1180337234				
mappin	-1204.537	1735.565	23.255	?3447107902				
mappin	-1196.729	1140.132	17.23	?3163143165				
mappin	-1178.782	1402.007	21.249	?3943349956				
mappin	-1087.193	2133.135	13.473	?2688944426				
mappin	-966.343	1779.202	25.16	?3548788540				
mappin	-1074.426	1351.287	5.248	?2705305120				
mappin	-1215.448	1996.683	12.2	?247363672				
mappin	-557.312	-827.953	7.206	?1835236847				
mappin	-625.279	-1686.438	8.319	?481651308				
mappin	-283.359	-1722.619	8.014	?35489345				
mappin	-647.935	-1134.194	7.896	?2022644215				
mappin	-677.108	-1395.317	7.71	?3689949526				
mappin	-174.634	-900.442	240.306	?1092116781				
mappin	-1055.635	-1494.034	26.398	?3530934494				
mappin	-473.063	-1947.25	7.121	?3477068823				
multi	-1783.153	221.299	7.482	quests/street_stories/heywood/glen/sts_hey_gle_06/retrieving/collect_reward/mappin	gameJournalQuestMultiMapPin	Mappins.QuestStaticMappinDefinition		
multi	-1927.982	541.029	10.501	quests/street_stories/heywood/glen/sts_hey_gle_06/retrieving/collect_reward/mappin	gameJournalQuestMultiMapPin	Mappins.QuestStaticMappinDefinition		
multi	-2240.991	457.41	7.338	quests/street_stories/heywood/glen/sts_hey_gle_06/retrieving/collect_reward/mappin	gameJournalQuestMultiMapPin	Mappins.QuestStaticMappinDefinition		
multi	-2396.903	225.299	12.647	quests/street_stories/heywood/glen/sts_hey_gle_06/retrieving/collect_reward/mappin	gameJournalQuestMultiMapPin	Mappins.QuestStaticMappinDefinition		
multi	-2055.41	372.536	8.167	quests/street_stories/heywood/glen/sts_hey_gle_06/retrieving/collect_reward/mappin	gameJournalQuestMultiMapPin	Mappins.QuestStaticMappinDefinition		
multi	-2124.043	155.905	8.528	quests/street_stories/heywood/glen/sts_hey_gle_06/retrieving/collect_reward/mappin	gameJournalQuestMultiMapPin	Mappins.QuestStaticMappinDefinition		
multi	-1918.478	327.754	7.968	quests/street_stories/heywood/glen/sts_hey_gle_06/retrieving/collect_reward/mappin	gameJournalQuestMultiMapPin	Mappins.QuestStaticMappinDefinition		
multi	-1139.564	165.604	5.261	quests/street_stories/heywood/glen/sts_hey_gle_06/retrieving/collect_reward/mappin	gameJournalQuestMultiMapPin	Mappins.QuestStaticMappinDefinition		
multi	-1669.443	172.327	7.637	quests/street_stories/heywood/glen/sts_hey_gle_06/retrieving/collect_reward/mappin	gameJournalQuestMultiMapPin	Mappins.QuestStaticMappinDefinition		
multi	-1718.081	-211.658	-13.654	quests/street_stories/heywood/glen/sts_hey_gle_06/retrieving/collect_reward/mappin	gameJournalQuestMultiMapPin	Mappins.QuestStaticMappinDefinition		
multi	-1294.325	-54.676	2.15	quests/street_stories/heywood/glen/sts_hey_gle_06/retrieving/collect_reward/mappin	gameJournalQuestMultiMapPin	Mappins.QuestStaticMappinDefinition		
multi	-1388.956	403.576	5.675	quests/street_stories/heywood/glen/sts_hey_gle_06/retrieving/collect_reward/mappin	gameJournalQuestMultiMapPin	Mappins.QuestStaticMappinDefinition		
multi	-1901.33	-561.843	7.811	quests/street_stories/heywood/glen/sts_hey_gle_06/retrieving/collect_reward/mappin	gameJournalQuestMultiMapPin	Mappins.QuestStaticMappinDefinition		
multi	-1722.343	-1266.703	21.876	quests/street_stories/heywood/glen/sts_hey_gle_06/retrieving/collect_reward/mappin	gameJournalQuestMultiMapPin	Mappins.QuestStaticMappinDefinition		
multi	-1855.777	-906.699	8.399	quests/street_stories/heywood/glen/sts_hey_gle_06/retrieving/collect_reward/mappin	gameJournalQuestMultiMapPin	Mappins.QuestStaticMappinDefinition		
multi	-1619.551	-551.258	17.132	quests/street_stories/heywood/glen/sts_hey_gle_06/retrieving/collect_reward/mappin	gameJournalQuestMultiMapPin	Mappins.QuestStaticMappinDefinition		
multi	-1162.185	-919.789	17.13	quests/street_stories/heywood/glen/sts_hey_gle_06/retrieving/collect_reward/mappin	gameJournalQuestMultiMapPin	Mappins.QuestStaticMappinDefinition		
multi	-1607.967	-1295.068	49.898	quests/street_stories/heywood/glen/sts_hey_gle_06/retrieving/collect_reward/mappin	gameJournalQuestMultiMapPin	Mappins.QuestStaticMappinDefinition		
multi	-1361.557	-639.944	7.76	quests/street_stories/heywood/glen/sts_hey_gle_06/retrieving/collect_reward/mappin	gameJournalQuestMultiMapPin	Mappins.QuestStaticMappinDefinition		
multi	-570.845	-142.479	7.694	quests/street_stories/heywood/glen/sts_hey_gle_06/retrieving/collect_reward/mappin	gameJournalQuestMultiMapPin	Mappins.QuestStaticMappinDefinition		
multi	-847.698	45.288	8.165	quests/street_stories/heywood/glen/sts_hey_gle_06/retrieving/collect_reward/mappin	gameJournalQuestMultiMapPin	Mappins.QuestStaticMappinDefinition		
multi	-844.178	-638.351	8.171	quests/street_stories/heywood/glen/sts_hey_gle_06/retrieving/collect_reward/mappin	gameJournalQuestMultiMapPin	Mappins.QuestStaticMappinDefinition		
multi	-911.823	-487.665	8.181	quests/street_stories/heywood/glen/sts_hey_gle_06/retrieving/collect_reward/mappin	gameJournalQuestMultiMapPin	Mappins.QuestStaticMappinDefinition		
multi	-1123.129	-468.539	8.157	quests/street_stories/heywood/glen/sts_hey_gle_06/retrieving/collect_reward/mappin	gameJournalQuestMultiMapPin	Mappins.QuestStaticMappinDefinition		
multi	-1027.582	-339.414	5.715	quests/street_stories/heywood/glen/sts_hey_gle_06/retrieving/collect_reward/mappin	gameJournalQuestMultiMapPin	Mappins.QuestStaticMappinDefinition		
multi	-2410.844	-96.354	8.113	quests/street_stories/heywood/glen/sts_hey_gle_06/retrieving/collect_reward/mappin	gameJournalQuestMultiMapPin	Mappins.QuestStaticMappinDefinition		
multi	-2363.697	-674.099	12.859	quests/street_stories/heywood/glen/sts_hey_gle_06/retrieving/collect_reward/mappin	gameJournalQuestMultiMapPin	Mappins.QuestStaticMappinDefinition		
multi	-2259.347	-367.262	17.331	quests/street_stories/heywood/glen/sts_hey_gle_06/retrieving/collect_reward/mappin	gameJournalQuestMultiMapPin	Mappins.QuestStaticMappinDefinition		
multi	-2113.343	-1133.875	36.964	quests/street_stories/heywood/glen/sts_hey_gle_06/retrieving/collect_reward/mappin	gameJournalQuestMultiMapPin	Mappins.QuestStaticMappinDefinition		
multi	-2210.896	-919.211	7.958	quests/street_stories/heywood/glen/sts_hey_gle_06/retrieving/collect_reward/mappin	gameJournalQuestMultiMapPin	Mappins.QuestStaticMappinDefinition		
multi	-2078.327	-704.945	8.7	quests/street_stories/heywood/glen/sts_hey_gle_06/retrieving/collect_reward/mappin	gameJournalQuestMultiMapPin	Mappins.QuestStaticMappinDefinition		
multi	-2167.255	-2252.765	17.235	quests/street_stories/heywood/glen/sts_hey_gle_06/retrieving/collect_reward/mappin	gameJournalQuestMultiMapPin	Mappins.QuestStaticMappinDefinition		
multi	-1873.996	-1618.117	18.021	quests/street_stories/heywood/glen/sts_hey_gle_06/retrieving/collect_reward/mappin	gameJournalQuestMultiMapPin	Mappins.QuestStaticMappinDefinition		
multi	-1582.064	-1809.392	70.81	quests/street_stories/heywood/glen/sts_hey_gle_06/retrieving/collect_reward/mappin	gameJournalQuestMultiMapPin	Mappins.QuestStaticMappinDefinition		
multi	-1364.226	-1679.825	44.162	quests/street_stories/heywood/glen/sts_hey_gle_06/retrieving/collect_reward/mappin	gameJournalQuestMultiMapPin	Mappins.QuestStaticMappinDefinition		
multi	-2341.963	-2512.095	11.136	quests/street_stories/heywood/glen/sts_hey_gle_06/retrieving/collect_reward/mappin	gameJournalQuestMultiMapPin	Mappins.QuestStaticMappinDefinition		
multi	-2667.601	-2473.714	18.023	quests/street_stories/heywood/glen/sts_hey_gle_06/retrieving/collect_reward/mappin	gameJournalQuestMultiMapPin	Mappins.QuestStaticMappinDefinition		
multi	-201.97	-865.047	11.459	quests/street_stories/heywood/glen/sts_hey_gle_06/retrieving/collect_reward/mappin	gameJournalQuestMultiMapPin	Mappins.QuestStaticMappinDefinition		
multi	-976.575	-1155.406	11.36	quests/street_stories/heywood/glen/sts_hey_gle_06/retrieving/collect_reward/mappin	gameJournalQuestMultiMapPin	Mappins.QuestStaticMappinDefinition		
multi	-606.726	-1084.826	7.4	quests/street_stories/heywood/glen/sts_hey_gle_06/retrieving/collect_reward/mappin	gameJournalQuestMultiMapPin	Mappins.QuestStaticMappinDefinition		
multi	-1102.58	-1406.376	30.599	quests/street_stories/heywood/glen/sts_hey_gle_06/retrieving/collect_reward/mappin	gameJournalQuestMultiMapPin	Mappins.QuestStaticMappinDefinition		
multi	-577.43	-1440.119	7.266	quests/street_stories/heywood/glen/sts_hey_gle_06/retrieving/collect_reward/mappin	gameJournalQuestMultiMapPin	Mappins.QuestStaticMappinDefinition		
multi	-971.12	-1374.851	21.215	quests/street_stories/heywood/glen/sts_hey_gle_06/retrieving/collect_reward/mappin	gameJournalQuestMultiMapPin	Mappins.QuestStaticMappinDefinition		
multi	755.52	-1013.202	28.003	quests/street_stories/heywood/glen/sts_hey_gle_06/retrieving/collect_reward/mappin	gameJournalQuestMultiMapPin	Mappins.QuestStaticMappinDefinition		
multi	-366.367	-1747.408	7.582	quests/street_stories/heywood/glen/sts_hey_gle_06/retrieving/collect_reward/mappin	gameJournalQuestMultiMapPin	Mappins.QuestStaticMappinDefinition		
multi	153.146	-1149.308	31.559	quests/street_stories/heywood/glen/sts_hey_gle_06/retrieving/collect_reward/mappin	gameJournalQuestMultiMapPin	Mappins.QuestStaticMappinDefinition		
multi	431.282	-2137.458	14.61	quests/street_stories/heywood/glen/sts_hey_gle_06/retrieving/collect_reward/mappin	gameJournalQuestMultiMapPin	Mappins.QuestStaticMappinDefinition		
multi	259.822	-1571.323	8.955	quests/street_stories/heywood/glen/sts_hey_gle_06/retrieving/collect_reward/mappin	gameJournalQuestMultiMapPin	Mappins.QuestStaticMappinDefinition		
multi	1000.285	-921.151	29.783	quests/street_stories/heywood/glen/sts_hey_gle_06/retrieving/collect_reward/mappin	gameJournalQuestMultiMapPin	Mappins.QuestStaticMappinDefinition		
multi	-27.321	-2116.417	5.419	quests/street_stories/heywood/glen/sts_hey_gle_06/retrieving/collect_reward/mappin	gameJournalQuestMultiMapPin	Mappins.QuestStaticMappinDefinition		
multi	-1227.183	1990.495	7.972	quests/street_stories/heywood/glen/sts_hey_gle_06/retrieving/collect_reward/mappin	gameJournalQuestMultiMapPin	Mappins.QuestStaticMappinDefinition		
multi	-1232.773	1908.85	20.614	quests/street_stories/heywood/glen/sts_hey_gle_06/retrieving/collect_reward/mappin	gameJournalQuestMultiMapPin	Mappins.QuestStaticMappinDefinition		
multi	-987.288	1621.933	2.523	quests/street_stories/heywood/glen/sts_hey_gle_06/retrieving/collect_reward/mappin	gameJournalQuestMultiMapPin	Mappins.QuestStaticMappinDefinition		
multi	-1158.143	1415.34	20.162	quests/street_stories/heywood/glen/sts_hey_gle_06/retrieving/collect_reward/mappin	gameJournalQuestMultiMapPin	Mappins.QuestStaticMappinDefinition		
multi	-1250.477	1132.19	16.98	quests/street_stories/heywood/glen/sts_hey_gle_06/retrieving/collect_reward/mappin	gameJournalQuestMultiMapPin	Mappins.QuestStaticMappinDefinition		
multi	-1020.92	1794.817	29.56	quests/street_stories/heywood/glen/sts_hey_gle_06/retrieving/collect_reward/mappin	gameJournalQuestMultiMapPin	Mappins.QuestStaticMappinDefinition		
multi	-1147.556	1666.514	22.82	quests/street_stories/heywood/glen/sts_hey_gle_06/retrieving/collect_reward/mappin	gameJournalQuestMultiMapPin	Mappins.QuestStaticMappinDefinition		
multi	-1219.542	1481.855	23.023	quests/street_stories/heywood/glen/sts_hey_gle_06/retrieving/collect_reward/mappin	gameJournalQuestMultiMapPin	Mappins.QuestStaticMappinDefinition		
multi	-1589.348	1518.997	18.202	quests/street_stories/heywood/glen/sts_hey_gle_06/retrieving/collect_reward/mappin	gameJournalQuestMultiMapPin	Mappins.QuestStaticMappinDefinition		
multi	-1645.959	1710.225	18.359	quests/street_stories/heywood/glen/sts_hey_gle_06/retrieving/collect_reward/mappin	gameJournalQuestMultiMapPin	Mappins.QuestStaticMappinDefinition		
multi	-2126.187	1623.7	3.892	quests/street_stories/heywood/glen/sts_hey_gle_06/retrieving/collect_reward/mappin	gameJournalQuestMultiMapPin	Mappins.QuestStaticMappinDefinition		
multi	-1502.615	989.985	23.585	quests/street_stories/heywood/glen/sts_hey_gle_06/retrieving/collect_reward/mappin	gameJournalQuestMultiMapPin	Mappins.QuestStaticMappinDefinition		
multi	-1513.762	1226.61	19.097	quests/street_stories/heywood/glen/sts_hey_gle_06/retrieving/collect_reward/mappin	gameJournalQuestMultiMapPin	Mappins.QuestStaticMappinDefinition		
multi	-1423.22	1279.788	27.08	quests/street_stories/heywood/glen/sts_hey_gle_06/retrieving/collect_reward/mappin	gameJournalQuestMultiMapPin	Mappins.QuestStaticMappinDefinition		
multi	-1896.343	1072.009	12.107	quests/street_stories/heywood/glen/sts_hey_gle_06/retrieving/collect_reward/mappin	gameJournalQuestMultiMapPin	Mappins.QuestStaticMappinDefinition		
multi	-1403.977	1061.353	23.133	quests/street_stories/heywood/glen/sts_hey_gle_06/retrieving/collect_reward/mappin	gameJournalQuestMultiMapPin	Mappins.QuestStaticMappinDefinition		
multi	-1395.54	1977.511	27.309	quests/street_stories/heywood/glen/sts_hey_gle_06/retrieving/collect_reward/mappin	gameJournalQuestMultiMapPin	Mappins.QuestStaticMappinDefinition		
multi	-1739.298	1557.249	13.699	quests/street_stories/heywood/glen/sts_hey_gle_06/retrieving/collect_reward/mappin	gameJournalQuestMultiMapPin	Mappins.QuestStaticMappinDefinition		
multi	-2157.784	2008.947	18.182	quests/street_stories/heywood/glen/sts_hey_gle_06/retrieving/collect_reward/mappin	gameJournalQuestMultiMapPin	Mappins.QuestStaticMappinDefinition		
multi	-1767.295	1869.109	18.257	quests/street_stories/heywood/glen/sts_hey_gle_06/retrieving/collect_reward/mappin	gameJournalQuestMultiMapPin	Mappins.QuestStaticMappinDefinition		
multi	-1334.706	2176.521	15.774	quests/street_stories/heywood/glen/sts_hey_gle_06/retrieving/collect_reward/mappin	gameJournalQuestMultiMapPin	Mappins.QuestStaticMappinDefinition		
multi	-1844.048	2716.704	7.167	quests/street_stories/heywood/glen/sts_hey_gle_06/retrieving/collect_reward/mappin	gameJournalQuestMultiMapPin	Mappins.QuestStaticMappinDefinition		
multi	-535.43	1979.815	36.305	quests/street_stories/heywood/glen/sts_hey_gle_06/retrieving/collect_reward/mappin	gameJournalQuestMultiMapPin	Mappins.QuestStaticMappinDefinition		
multi	-617.532	2600.507	53.776	quests/street_stories/heywood/glen/sts_hey_gle_06/retrieving/collect_reward/mappin	gameJournalQuestMultiMapPin	Mappins.QuestStaticMappinDefinition		
multi	-1288.788	2854.702	7.158	quests/street_stories/heywood/glen/sts_hey_gle_06/retrieving/collect_reward/mappin	gameJournalQuestMultiMapPin	Mappins.QuestStaticMappinDefinition		
multi	-1810.228	2169.667	18.15	quests/street_stories/heywood/glen/sts_hey_gle_06/retrieving/collect_reward/mappin	gameJournalQuestMultiMapPin	Mappins.QuestStaticMappinDefinition		
multi	-1026.588	2576.414	22.131	quests/street_stories/heywood/glen/sts_hey_gle_06/retrieving/collect_reward/mappin	gameJournalQuestMultiMapPin	Mappins.QuestStaticMappinDefinition		
multi	-1496.281	2621.282	7.144	quests/street_stories/heywood/glen/sts_hey_gle_06/retrieving/collect_reward/mappin	gameJournalQuestMultiMapPin	Mappins.QuestStaticMappinDefinition		
multi	-205.351	308.539	29.551	quests/street_stories/heywood/glen/sts_hey_gle_06/retrieving/collect_reward/mappin	gameJournalQuestMultiMapPin	Mappins.QuestStaticMappinDefinition		
multi	-223.759	-9.699	8.199	quests/street_stories/heywood/glen/sts_hey_gle_06/retrieving/collect_reward/mappin	gameJournalQuestMultiMapPin	Mappins.QuestStaticMappinDefinition		
multi	-46.048	59.862	14.663	quests/street_stories/heywood/glen/sts_hey_gle_06/retrieving/collect_reward/mappin	gameJournalQuestMultiMapPin	Mappins.QuestStaticMappinDefinition		
multi	-12.979	-297.141	8.218	quests/street_stories/heywood/glen/sts_hey_gle_06/retrieving/collect_reward/mappin	gameJournalQuestMultiMapPin	Mappins.QuestStaticMappinDefinition		
multi	432.657	-403.321	6.581	quests/street_stories/heywood/glen/sts_hey_gle_06/retrieving/collect_reward/mappin	gameJournalQuestMultiMapPin	Mappins.QuestStaticMappinDefinition		
multi	-88.778	134.185	14.655	quests/street_stories/heywood/glen/sts_hey_gle_06/retrieving/collect_reward/mappin	gameJournalQuestMultiMapPin	Mappins.QuestStaticMappinDefinition		
multi	-710.039	893.723	20.303	quests/street_stories/heywood/glen/sts_hey_gle_06/retrieving/collect_reward/mappin	gameJournalQuestMultiMapPin	Mappins.QuestStaticMappinDefinition		
multi	-718.373	468.573	19.282	quests/street_stories/heywood/glen/sts_hey_gle_06/retrieving/collect_reward/mappin	gameJournalQuestMultiMapPin	Mappins.QuestStaticMappinDefinition		
multi	-623.68	1191.463	34.263	quests/street_stories/heywood/glen/sts_hey_gle_06/retrieving/collect_reward/mappin	gameJournalQuestMultiMapPin	Mappins.QuestStaticMappinDefinition		
multi	-691.169	770.99	36.264	quests/street_stories/heywood/glen/sts_hey_gle_06/retrieving/collect_reward/mappin	gameJournalQuestMultiMapPin	Mappins.QuestStaticMappinDefinition		
multi	-333.036	664.875	50.312	quests/street_stories/heywood/glen/sts_hey_gle_06/retrieving/collect_reward/mappin	gameJournalQuestMultiMapPin	Mappins.QuestStaticMappinDefinition		
multi	-594.771	1171.265	36.589	quests/street_stories/heywood/glen/sts_hey_gle_06/retrieving/collect_reward/mappin	gameJournalQuestMultiMapPin	Mappins.QuestStaticMappinDefinition		
multi	-546.515	259.017	23.137	quests/street_stories/heywood/glen/sts_hey_gle_06/retrieving/collect_reward/mappin	gameJournalQuestMultiMapPin	Mappins.QuestStaticMappinDefinition		
multi	44.535	1143.358	139.745	quests/street_stories/heywood/glen/sts_hey_gle_06/retrieving/collect_reward/mappin	gameJournalQuestMultiMapPin	Mappins.QuestStaticMappinDefinition		
multi	282.08	816.159	146.618	quests/street_stories/heywood/glen/sts_hey_gle_06/retrieving/collect_reward/mappin	gameJournalQuestMultiMapPin	Mappins.QuestStaticMappinDefinition		
multi	1620.51	-759.712	49.871	quests/street_stories/heywood/glen/sts_hey_gle_06/retrieving/collect_reward/mappin	gameJournalQuestMultiMapPin	Mappins.QuestStaticMappinDefinition		
multi	2571.938	-71.7	80.921	quests/street_stories/heywood/glen/sts_hey_gle_06/retrieving/collect_reward/mappin	gameJournalQuestMultiMapPin	Mappins.QuestStaticMappinDefinition		
multi	1475.894	-1406.011	51.258	quests/street_stories/heywood/glen/sts_hey_gle_06/retrieving/collect_reward/mappin	gameJournalQuestMultiMapPin	Mappins.QuestStaticMappinDefinition		
multi	844.625	-3004.069	204.446	quests/street_stories/heywood/glen/sts_hey_gle_06/retrieving/collect_reward/mappin	gameJournalQuestMultiMapPin	Mappins.QuestStaticMappinDefinition		
multi	-1819.021	-4261.58	74.21	quests/street_stories/heywood/glen/sts_hey_gle_06/retrieving/collect_reward/mappin	gameJournalQuestMultiMapPin	Mappins.QuestStaticMappinDefinition		
multi	-1783.153	221.299	7.482	quests/street_stories/heywood/vista_del_rey/sts_hey_rey_02/sts_hey_rey_02/drop/drop	gameJournalQuestMultiMapPin	Mappins.QuestStaticMappinDefinition		
multi	-1927.982	541.029	10.501	quests/street_stories/heywood/vista_del_rey/sts_hey_rey_02/sts_hey_rey_02/drop/drop	gameJournalQuestMultiMapPin	Mappins.QuestStaticMappinDefinition		
multi	-2240.991	457.41	7.338	quests/street_stories/heywood/vista_del_rey/sts_hey_rey_02/sts_hey_rey_02/drop/drop	gameJournalQuestMultiMapPin	Mappins.QuestStaticMappinDefinition		
multi	-2396.903	225.299	12.647	quests/street_stories/heywood/vista_del_rey/sts_hey_rey_02/sts_hey_rey_02/drop/drop	gameJournalQuestMultiMapPin	Mappins.QuestStaticMappinDefinition		
multi	-2055.41	372.536	8.167	quests/street_stories/heywood/vista_del_rey/sts_hey_rey_02/sts_hey_rey_02/drop/drop	gameJournalQuestMultiMapPin	Mappins.QuestStaticMappinDefinition		
multi	-2124.043	155.905	8.528	quests/street_stories/heywood/vista_del_rey/sts_hey_rey_02/sts_hey_rey_02/drop/drop	gameJournalQuestMultiMapPin	Mappins.QuestStaticMappinDefinition		
multi	-1918.478	327.754	7.968	quests/street_stories/heywood/vista_del_rey/sts_hey_rey_02/sts_hey_rey_02/drop/drop	gameJournalQuestMultiMapPin	Mappins.QuestStaticMappinDefinition		
multi	-1139.564	165.604	5.261	quests/street_stories/heywood/vista_del_rey/sts_hey_rey_02/sts_hey_rey_02/drop/drop	gameJournalQuestMultiMapPin	Mappins.QuestStaticMappinDefinition		
multi	-1669.443	172.327	7.637	quests/street_stories/heywood/vista_del_rey/sts_hey_rey_02/sts_hey_rey_02/drop/drop	gameJournalQuestMultiMapPin	Mappins.QuestStaticMappinDefinition		
multi	-1718.081	-211.658	-13.654	quests/street_stories/heywood/vista_del_rey/sts_hey_rey_02/sts_hey_rey_02/drop/drop	gameJournalQuestMultiMapPin	Mappins.QuestStaticMappinDefinition		
multi	-1294.325	-54.676	2.15	quests/street_stories/heywood/vista_del_rey/sts_hey_rey_02/sts_hey_rey_02/drop/drop	gameJournalQuestMultiMapPin	Mappins.QuestStaticMappinDefinition		
multi	-1388.956	403.576	5.675	quests/street_stories/heywood/vista_del_rey/sts_hey_rey_02/sts_hey_rey_02/drop/drop	gameJournalQuestMultiMapPin	Mappins.QuestStaticMappinDefinition		
multi	-1901.33	-561.843	7.811	quests/street_stories/heywood/vista_del_rey/sts_hey_rey_02/sts_hey_rey_02/drop/drop	gameJournalQuestMultiMapPin	Mappins.QuestStaticMappinDefinition		
multi	-1722.343	-1266.703	21.876	quests/street_stories/heywood/vista_del_rey/sts_hey_rey_02/sts_hey_rey_02/drop/drop	gameJournalQuestMultiMapPin	Mappins.QuestStaticMappinDefinition		
multi	-1855.777	-906.699	8.399	quests/street_stories/heywood/vista_del_rey/sts_hey_rey_02/sts_hey_rey_02/drop/drop	gameJournalQuestMultiMapPin	Mappins.QuestStaticMappinDefinition		
multi	-1619.551	-551.258	17.132	quests/street_stories/heywood/vista_del_rey/sts_hey_rey_02/sts_hey_rey_02/drop/drop	gameJournalQuestMultiMapPin	Mappins.QuestStaticMappinDefinition		
multi	-1162.185	-919.789	17.13	quests/street_stories/heywood/vista_del_rey/sts_hey_rey_02/sts_hey_rey_02/drop/drop	gameJournalQuestMultiMapPin	Mappins.QuestStaticMappinDefinition		
multi	-1607.967	-1295.068	49.898	quests/street_stories/heywood/vista_del_rey/sts_hey_rey_02/sts_hey_rey_02/drop/drop	gameJournalQuestMultiMapPin	Mappins.QuestStaticMappinDefinition		
multi	-1361.557	-639.944	7.76	quests/street_stories/heywood/vista_del_rey/sts_hey_rey_02/sts_hey_rey_02/drop/drop	gameJournalQuestMultiMapPin	Mappins.QuestStaticMappinDefinition		
multi	-570.845	-142.479	7.694	quests/street_stories/heywood/vista_del_rey/sts_hey_rey_02/sts_hey_rey_02/drop/drop	gameJournalQuestMultiMapPin	Mappins.QuestStaticMappinDefinition		
multi	-847.698	45.288	8.165	quests/street_stories/heywood/vista_del_rey/sts_hey_rey_02/sts_hey_rey_02/drop/drop	gameJournalQuestMultiMapPin	Mappins.QuestStaticMappinDefinition		
multi	-844.178	-638.351	8.171	quests/street_stories/heywood/vista_del_rey/sts_hey_rey_02/sts_hey_rey_02/drop/drop	gameJournalQuestMultiMapPin	Mappins.QuestStaticMappinDefinition		
multi	-911.823	-487.665	8.181	quests/street_stories/heywood/vista_del_rey/sts_hey_rey_02/sts_hey_rey_02/drop/drop	gameJournalQuestMultiMapPin	Mappins.QuestStaticMappinDefinition		
multi	-1123.129	-468.539	8.157	quests/street_stories/heywood/vista_del_rey/sts_hey_rey_02/sts_hey_rey_02/drop/drop	gameJournalQuestMultiMapPin	Mappins.QuestStaticMappinDefinition		
multi	-1027.582	-339.414	5.715	quests/street_stories/heywood/vista_del_rey/sts_hey_rey_02/sts_hey_rey_02/drop/drop	gameJournalQuestMultiMapPin	Mappins.QuestStaticMappinDefinition		
multi	-2410.844	-96.354	8.113	quests/street_stories/heywood/vista_del_rey/sts_hey_rey_02/sts_hey_rey_02/drop/drop	gameJournalQuestMultiMapPin	Mappins.QuestStaticMappinDefinition		
multi	-2363.697	-674.099	12.859	quests/street_stories/heywood/vista_del_rey/sts_hey_rey_02/sts_hey_rey_02/drop/drop	gameJournalQuestMultiMapPin	Mappins.QuestStaticMappinDefinition		
multi	-2259.347	-367.262	17.331	quests/street_stories/heywood/vista_del_rey/sts_hey_rey_02/sts_hey_rey_02/drop/drop	gameJournalQuestMultiMapPin	Mappins.QuestStaticMappinDefinition		
multi	-2113.343	-1133.875	36.964	quests/street_stories/heywood/vista_del_rey/sts_hey_rey_02/sts_hey_rey_02/drop/drop	gameJournalQuestMultiMapPin	Mappins.QuestStaticMappinDefinition		
multi	-2210.896	-919.211	7.958	quests/street_stories/heywood/vista_del_rey/sts_hey_rey_02/sts_hey_rey_02/drop/drop	gameJournalQuestMultiMapPin	Mappins.QuestStaticMappinDefinition		
multi	-2078.327	-704.945	8.7	quests/street_stories/heywood/vista_del_rey/sts_hey_rey_02/sts_hey_rey_02/drop/drop	gameJournalQuestMultiMapPin	Mappins.QuestStaticMappinDefinition		
multi	-2167.255	-2252.765	17.235	quests/street_stories/heywood/vista_del_rey/sts_hey_rey_02/sts_hey_rey_02/drop/drop	gameJournalQuestMultiMapPin	Mappins.QuestStaticMappinDefinition		
multi	-1873.996	-1618.117	18.021	quests/street_stories/heywood/vista_del_rey/sts_hey_rey_02/sts_hey_rey_02/drop/drop	gameJournalQuestMultiMapPin	Mappins.QuestStaticMappinDefinition		
multi	-1582.064	-1809.392	70.81	quests/street_stories/heywood/vista_del_rey/sts_hey_rey_02/sts_hey_rey_02/drop/drop	gameJournalQuestMultiMapPin	Mappins.QuestStaticMappinDefinition		
multi	-1364.226	-1679.825	44.162	quests/street_stories/heywood/vista_del_rey/sts_hey_rey_02/sts_hey_rey_02/drop/drop	gameJournalQuestMultiMapPin	Mappins.QuestStaticMappinDefinition		
multi	-2341.963	-2512.095	11.136	quests/street_stories/heywood/vista_del_rey/sts_hey_rey_02/sts_hey_rey_02/drop/drop	gameJournalQuestMultiMapPin	Mappins.QuestStaticMappinDefinition		
multi	-2667.601	-2473.714	18.023	quests/street_stories/heywood/vista_del_rey/sts_hey_rey_02/sts_hey_rey_02/drop/drop	gameJournalQuestMultiMapPin	Mappins.QuestStaticMappinDefinition		
multi	-201.97	-865.047	11.459	quests/street_stories/heywood/vista_del_rey/sts_hey_rey_02/sts_hey_rey_02/drop/drop	gameJournalQuestMultiMapPin	Mappins.QuestStaticMappinDefinition		
multi	-976.575	-1155.406	11.36	quests/street_stories/heywood/vista_del_rey/sts_hey_rey_02/sts_hey_rey_02/drop/drop	gameJournalQuestMultiMapPin	Mappins.QuestStaticMappinDefinition		
multi	-606.726	-1084.826	7.4	quests/street_stories/heywood/vista_del_rey/sts_hey_rey_02/sts_hey_rey_02/drop/drop	gameJournalQuestMultiMapPin	Mappins.QuestStaticMappinDefinition		
multi	-1102.58	-1406.376	30.599	quests/street_stories/heywood/vista_del_rey/sts_hey_rey_02/sts_hey_rey_02/drop/drop	gameJournalQuestMultiMapPin	Mappins.QuestStaticMappinDefinition		
multi	-577.43	-1440.119	7.266	quests/street_stories/heywood/vista_del_rey/sts_hey_rey_02/sts_hey_rey_02/drop/drop	gameJournalQuestMultiMapPin	Mappins.QuestStaticMappinDefinition		
multi	-971.12	-1374.851	21.215	quests/street_stories/heywood/vista_del_rey/sts_hey_rey_02/sts_hey_rey_02/drop/drop	gameJournalQuestMultiMapPin	Mappins.QuestStaticMappinDefinition		
multi	755.52	-1013.202	28.003	quests/street_stories/heywood/vista_del_rey/sts_hey_rey_02/sts_hey_rey_02/drop/drop	gameJournalQuestMultiMapPin	Mappins.QuestStaticMappinDefinition		
multi	-366.367	-1747.408	7.582	quests/street_stories/heywood/vista_del_rey/sts_hey_rey_02/sts_hey_rey_02/drop/drop	gameJournalQuestMultiMapPin	Mappins.QuestStaticMappinDefinition		
multi	153.146	-1149.308	31.559	quests/street_stories/heywood/vista_del_rey/sts_hey_rey_02/sts_hey_rey_02/drop/drop	gameJournalQuestMultiMapPin	Mappins.QuestStaticMappinDefinition		
multi	431.282	-2137.458	14.61	quests/street_stories/heywood/vista_del_rey/sts_hey_rey_02/sts_hey_rey_02/drop/drop	gameJournalQuestMultiMapPin	Mappins.QuestStaticMappinDefinition		
multi	259.822	-1571.323	8.955	quests/street_stories/heywood/vista_del_rey/sts_hey_rey_02/sts_hey_rey_02/drop/drop	gameJournalQuestMultiMapPin	Mappins.QuestStaticMappinDefinition		
multi	1000.285	-921.151	29.783	quests/street_stories/heywood/vista_del_rey/sts_hey_rey_02/sts_hey_rey_02/drop/drop	gameJournalQuestMultiMapPin	Mappins.QuestStaticMappinDefinition		
multi	-27.321	-2116.417	5.419	quests/street_stories/heywood/vista_del_rey/sts_hey_rey_02/sts_hey_rey_02/drop/drop	gameJournalQuestMultiMapPin	Mappins.QuestStaticMappinDefinition		
multi	-1227.183	1990.495	7.972	quests/street_stories/heywood/vista_del_rey/sts_hey_rey_02/sts_hey_rey_02/drop/drop	gameJournalQuestMultiMapPin	Mappins.QuestStaticMappinDefinition		
multi	-1232.773	1908.85	20.614	quests/street_stories/heywood/vista_del_rey/sts_hey_rey_02/sts_hey_rey_02/drop/drop	gameJournalQuestMultiMapPin	Mappins.QuestStaticMappinDefinition		
multi	-987.288	1621.933	2.523	quests/street_stories/heywood/vista_del_rey/sts_hey_rey_02/sts_hey_rey_02/drop/drop	gameJournalQuestMultiMapPin	Mappins.QuestStaticMappinDefinition		
multi	-1158.143	1415.34	20.162	quests/street_stories/heywood/vista_del_rey/sts_hey_rey_02/sts_hey_rey_02/drop/drop	gameJournalQuestMultiMapPin	Mappins.QuestStaticMappinDefinition		
multi	-1250.477	1132.19	16.98	quests/street_stories/heywood/vista_del_rey/sts_hey_rey_02/sts_hey_rey_02/drop/drop	gameJournalQuestMultiMapPin	Mappins.QuestStaticMappinDefinition		
multi	-1020.92	1794.817	29.56	quests/street_stories/heywood/vista_del_rey/sts_hey_rey_02/sts_hey_rey_02/drop/drop	gameJournalQuestMultiMapPin	Mappins.QuestStaticMappinDefinition		
multi	-1147.556	1666.514	22.82	quests/street_stories/heywood/vista_del_rey/sts_hey_rey_02/sts_hey_rey_02/drop/drop	gameJournalQuestMultiMapPin	Mappins.QuestStaticMappinDefinition		
multi	-1219.542	1481.855	23.023	quests/street_stories/heywood/vista_del_rey/sts_hey_rey_02/sts_hey_rey_02/drop/drop	gameJournalQuestMultiMapPin	Mappins.QuestStaticMappinDefinition		
multi	-1589.348	1518.997	18.202	quests/street_stories/heywood/vista_del_rey/sts_hey_rey_02/sts_hey_rey_02/drop/drop	gameJournalQuestMultiMapPin	Mappins.QuestStaticMappinDefinition		
multi	-1645.959	1710.225	18.359	quests/street_stories/heywood/vista_del_rey/sts_hey_rey_02/sts_hey_rey_02/drop/drop	gameJournalQuestMultiMapPin	Mappins.QuestStaticMappinDefinition		
multi	-2126.187	1623.7	3.892	quests/street_stories/heywood/vista_del_rey/sts_hey_rey_02/sts_hey_rey_02/drop/drop	gameJournalQuestMultiMapPin	Mappins.QuestStaticMappinDefinition		
multi	-1502.615	989.985	23.585	quests/street_stories/heywood/vista_del_rey/sts_hey_rey_02/sts_hey_rey_02/drop/drop	gameJournalQuestMultiMapPin	Mappins.QuestStaticMappinDefinition		
multi	-1513.762	1226.61	19.097	quests/street_stories/heywood/vista_del_rey/sts_hey_rey_02/sts_hey_rey_02/drop/drop	gameJournalQuestMultiMapPin	Mappins.QuestStaticMappinDefinition		
multi	-1423.22	1279.788	27.08	quests/street_stories/heywood/vista_del_rey/sts_hey_rey_02/sts_hey_rey_02/drop/drop	gameJournalQuestMultiMapPin	Mappins.QuestStaticMappinDefinition		
multi	-1896.343	1072.009	12.107	quests/street_stories/heywood/vista_del_rey/sts_hey_rey_02/sts_hey_rey_02/drop/drop	gameJournalQuestMultiMapPin	Mappins.QuestStaticMappinDefinition		
multi	-1403.977	1061.353	23.133	quests/street_stories/heywood/vista_del_rey/sts_hey_rey_02/sts_hey_rey_02/drop/drop	gameJournalQuestMultiMapPin	Mappins.QuestStaticMappinDefinition		
multi	-1395.54	1977.511	27.309	quests/street_stories/heywood/vista_del_rey/sts_hey_rey_02/sts_hey_rey_02/drop/drop	gameJournalQuestMultiMapPin	Mappins.QuestStaticMappinDefinition		
multi	-1739.298	1557.249	13.699	quests/street_stories/heywood/vista_del_rey/sts_hey_rey_02/sts_hey_rey_02/drop/drop	gameJournalQuestMultiMapPin	Mappins.QuestStaticMappinDefinition		
multi	-2157.784	2008.947	18.182	quests/street_stories/heywood/vista_del_rey/sts_hey_rey_02/sts_hey_rey_02/drop/drop	gameJournalQuestMultiMapPin	Mappins.QuestStaticMappinDefinition		
multi	-1767.295	1869.109	18.257	quests/street_stories/heywood/vista_del_rey/sts_hey_rey_02/sts_hey_rey_02/drop/drop	gameJournalQuestMultiMapPin	Mappins.QuestStaticMappinDefinition		
multi	-1334.706	2176.521	15.774	quests/street_stories/heywood/vista_del_rey/sts_hey_rey_02/sts_hey_rey_02/drop/drop	gameJournalQuestMultiMapPin	Mappins.QuestStaticMappinDefinition		
multi	-1844.048	2716.704	7.167	quests/street_stories/heywood/vista_del_rey/sts_hey_rey_02/sts_hey_rey_02/drop/drop	gameJournalQuestMultiMapPin	Mappins.QuestStaticMappinDefinition		
multi	-535.43	1979.815	36.305	quests/street_stories/heywood/vista_del_rey/sts_hey_rey_02/sts_hey_rey_02/drop/drop	gameJournalQuestMultiMapPin	Mappins.QuestStaticMappinDefinition		
multi	-617.532	2600.507	53.776	quests/street_stories/heywood/vista_del_rey/sts_hey_rey_02/sts_hey_rey_02/drop/drop	gameJournalQuestMultiMapPin	Mappins.QuestStaticMappinDefinition		
multi	-1288.788	2854.702	7.158	quests/street_stories/heywood/vista_del_rey/sts_hey_rey_02/sts_hey_rey_02/drop/drop	gameJournalQuestMultiMapPin	Mappins.QuestStaticMappinDefinition		
multi	-1810.228	2169.667	18.15	quests/street_stories/heywood/vista_del_rey/sts_hey_rey_02/sts_hey_rey_02/drop/drop	gameJournalQuestMultiMapPin	Mappins.QuestStaticMappinDefinition		
multi	-1026.588	2576.414	22.131	quests/street_stories/heywood/vista_del_rey/sts_hey_rey_02/sts_hey_rey_02/drop/drop	gameJournalQuestMultiMapPin	Mappins.QuestStaticMappinDefinition		
multi	-1496.281	2621.282	7.144	quests/street_stories/heywood/vista_del_rey/sts_hey_rey_02/sts_hey_rey_02/drop/drop	gameJournalQuestMultiMapPin	Mappins.QuestStaticMappinDefinition		
multi	-205.351	308.539	29.551	quests/street_stories/heywood/vista_del_rey/sts_hey_rey_02/sts_hey_rey_02/drop/drop	gameJournalQuestMultiMapPin	Mappins.QuestStaticMappinDefinition		
multi	-223.759	-9.699	8.199	quests/street_stories/heywood/vista_del_rey/sts_hey_rey_02/sts_hey_rey_02/drop/drop	gameJournalQuestMultiMapPin	Mappins.QuestStaticMappinDefinition		
multi	-46.048	59.862	14.663	quests/street_stories/heywood/vista_del_rey/sts_hey_rey_02/sts_hey_rey_02/drop/drop	gameJournalQuestMultiMapPin	Mappins.QuestStaticMappinDefinition		
multi	-12.979	-297.141	8.218	quests/street_stories/heywood/vista_del_rey/sts_hey_rey_02/sts_hey_rey_02/drop/drop	gameJournalQuestMultiMapPin	Mappins.QuestStaticMappinDefinition		
multi	432.657	-403.321	6.581	quests/street_stories/heywood/vista_del_rey/sts_hey_rey_02/sts_hey_rey_02/drop/drop	gameJournalQuestMultiMapPin	Mappins.QuestStaticMappinDefinition		
multi	-88.778	134.185	14.655	quests/street_stories/heywood/vista_del_rey/sts_hey_rey_02/sts_hey_rey_02/drop/drop	gameJournalQuestMultiMapPin	Mappins.QuestStaticMappinDefinition		
multi	-710.039	893.723	20.303	quests/street_stories/heywood/vista_del_rey/sts_hey_rey_02/sts_hey_rey_02/drop/drop	gameJournalQuestMultiMapPin	Mappins.QuestStaticMappinDefinition		
multi	-718.373	468.573	19.282	quests/street_stories/heywood/vista_del_rey/sts_hey_rey_02/sts_hey_rey_02/drop/drop	gameJournalQuestMultiMapPin	Mappins.QuestStaticMappinDefinition		
multi	-623.68	1191.463	34.263	quests/street_stories/heywood/vista_del_rey/sts_hey_rey_02/sts_hey_rey_02/drop/drop	gameJournalQuestMultiMapPin	Mappins.QuestStaticMappinDefinition		
multi	-691.169	770.99	36.264	quests/street_stories/heywood/vista_del_rey/sts_hey_rey_02/sts_hey_rey_02/drop/drop	gameJournalQuestMultiMapPin	Mappins.QuestStaticMappinDefinition		
multi	-333.036	664.875	50.312	quests/street_stories/heywood/vista_del_rey/sts_hey_rey_02/sts_hey_rey_02/drop/drop	gameJournalQuestMultiMapPin	Mappins.QuestStaticMappinDefinition		
multi	-594.771	1171.265	36.589	quests/street_stories/heywood/vista_del_rey/sts_hey_rey_02/sts_hey_rey_02/drop/drop	gameJournalQuestMultiMapPin	Mappins.QuestStaticMappinDefinition		
multi	-546.515	259.017	23.137	quests/street_stories/heywood/vista_del_rey/sts_hey_rey_02/sts_hey_rey_02/drop/drop	gameJournalQuestMultiMapPin	Mappins.QuestStaticMappinDefinition		
multi	44.535	1143.358	139.745	quests/street_stories/heywood/vista_del_rey/sts_hey_rey_02/sts_hey_rey_02/drop/drop	gameJournalQuestMultiMapPin	Mappins.QuestStaticMappinDefinition		
multi	282.08	816.159	146.618	quests/street_stories/heywood/vista_del_rey/sts_hey_rey_02/sts_hey_rey_02/drop/drop	gameJournalQuestMultiMapPin	Mappins.QuestStaticMappinDefinition		
multi	1620.51	-759.712	49.871	quests/street_stories/heywood/vista_del_rey/sts_hey_rey_02/sts_hey_rey_02/drop/drop	gameJournalQuestMultiMapPin	Mappins.QuestStaticMappinDefinition		
multi	2571.938	-71.7	80.921	quests/street_stories/heywood/vista_del_rey/sts_hey_rey_02/sts_hey_rey_02/drop/drop	gameJournalQuestMultiMapPin	Mappins.QuestStaticMappinDefinition		
multi	1475.894	-1406.011	51.258	quests/street_stories/heywood/vista_del_rey/sts_hey_rey_02/sts_hey_rey_02/drop/drop	gameJournalQuestMultiMapPin	Mappins.QuestStaticMappinDefinition		
multi	844.625	-3004.069	204.446	quests/street_stories/heywood/vista_del_rey/sts_hey_rey_02/sts_hey_rey_02/drop/drop	gameJournalQuestMultiMapPin	Mappins.QuestStaticMappinDefinition		
multi	-1819.021	-4261.58	74.21	quests/street_stories/heywood/vista_del_rey/sts_hey_rey_02/sts_hey_rey_02/drop/drop	gameJournalQuestMultiMapPin	Mappins.QuestStaticMappinDefinition		
multi	-2223.262	-2840.428	59.335	ep1/quests/main_quest/q301_q302_rescue_myers/placeholder/around_the_door/way_around	gameJournalQuestMultiMapPin	Mappins.QuestStaticMappinDefinition		
multi	-2202.886	-2832.271	61.485	ep1/quests/main_quest/q301_q302_rescue_myers/placeholder/around_the_door/way_around	gameJournalQuestMultiMapPin	Mappins.QuestStaticMappinDefinition		
multi	-2211.014	-2834.458	64.445	ep1/quests/main_quest/q301_q302_rescue_myers/placeholder/around_the_door/way_around	gameJournalQuestMultiMapPin	Mappins.QuestStaticMappinDefinition		
multi	-2399.55	-3085.16	144.69	ep1/quests/minor_quest/mq306_dumpster/03_ripperdoc/04_combat/animals	gameJournalQuestMultiMapPin	Mappins.QuestDynamicMappinDefinition		
multi	-1783.153	221.299	7.482	?46480101				
multi	-1927.982	541.029	10.501	?46480101				
multi	-2240.991	457.41	7.338	?46480101				
multi	-2396.903	225.299	12.647	?46480101				
multi	-2055.41	372.536	8.167	?46480101				
multi	-2124.043	155.905	8.528	?46480101				
multi	-1918.478	327.754	7.968	?46480101				
multi	-1139.564	165.604	5.261	?46480101				
multi	-1669.443	172.327	7.637	?46480101				
multi	-1718.081	-211.658	-13.654	?46480101				
multi	-1294.325	-54.676	2.15	?46480101				
multi	-1388.956	403.576	5.675	?46480101				
multi	-1901.33	-561.843	7.811	?46480101				
multi	-1722.343	-1266.703	21.876	?46480101				
multi	-1855.777	-906.699	8.399	?46480101				
multi	-1619.551	-551.258	17.132	?46480101				
multi	-1162.185	-919.789	17.13	?46480101				
multi	-1607.967	-1295.068	49.898	?46480101				
multi	-1361.557	-639.944	7.76	?46480101				
multi	-570.845	-142.479	7.694	?46480101				
multi	-847.698	45.288	8.165	?46480101				
multi	-844.178	-638.351	8.171	?46480101				
multi	-911.823	-487.665	8.181	?46480101				
multi	-1123.129	-468.539	8.157	?46480101				
multi	-1027.582	-339.414	5.715	?46480101				
multi	-2410.844	-96.354	8.113	?46480101				
multi	-2363.697	-674.099	12.859	?46480101				
multi	-2259.347	-367.262	17.331	?46480101				
multi	-2113.343	-1133.875	36.964	?46480101				
multi	-2210.896	-919.211	7.958	?46480101				
multi	-2078.327	-704.945	8.7	?46480101				
multi	-2167.255	-2252.765	17.235	?46480101				
multi	-1873.996	-1618.117	18.021	?46480101				
multi	-1582.064	-1809.392	70.81	?46480101				
multi	-1364.226	-1679.825	44.162	?46480101				
multi	-2341.963	-2512.095	11.136	?46480101				
multi	-2667.601	-2473.714	18.023	?46480101				
multi	-201.97	-865.047	11.459	?46480101				
multi	-976.575	-1155.406	11.36	?46480101				
multi	-606.726	-1084.826	7.4	?46480101				
multi	-1102.58	-1406.376	30.599	?46480101				
multi	-577.43	-1440.119	7.266	?46480101				
multi	-971.12	-1374.851	21.215	?46480101				
multi	755.52	-1013.202	28.003	?46480101				
multi	-366.367	-1747.408	7.582	?46480101				
multi	153.146	-1149.308	31.559	?46480101				
multi	431.282	-2137.458	14.61	?46480101				
multi	259.822	-1571.323	8.955	?46480101				
multi	1000.285	-921.151	29.783	?46480101				
multi	-27.321	-2116.417	5.419	?46480101				
multi	-1227.183	1990.495	7.972	?46480101				
multi	-1232.773	1908.85	20.614	?46480101				
multi	-987.288	1621.933	2.523	?46480101				
multi	-1158.143	1415.34	20.162	?46480101				
multi	-1250.477	1132.19	16.98	?46480101				
multi	-1020.92	1794.817	29.56	?46480101				
multi	-1147.556	1666.514	22.82	?46480101				
multi	-1219.542	1481.855	23.023	?46480101				
multi	-1589.348	1518.997	18.202	?46480101				
multi	-1645.959	1710.225	18.359	?46480101				
multi	-2126.187	1623.7	3.892	?46480101				
multi	-1502.615	989.985	23.585	?46480101				
multi	-1513.762	1226.61	19.097	?46480101				
multi	-1423.22	1279.788	27.08	?46480101				
multi	-1896.343	1072.009	12.107	?46480101				
multi	-1403.977	1061.353	23.133	?46480101				
multi	-1395.54	1977.511	27.309	?46480101				
multi	-1739.298	1557.249	13.699	?46480101				
multi	-2157.784	2008.947	18.182	?46480101				
multi	-1767.295	1869.109	18.257	?46480101				
multi	-1334.706	2176.521	15.774	?46480101				
multi	-1844.048	2716.704	7.167	?46480101				
multi	-535.43	1979.815	36.305	?46480101				
multi	-617.532	2600.507	53.776	?46480101				
multi	-1288.788	2854.702	7.158	?46480101				
multi	-1810.228	2169.667	18.15	?46480101				
multi	-1026.588	2576.414	22.131	?46480101				
multi	-1496.281	2621.282	7.144	?46480101				
multi	-205.351	308.539	29.551	?46480101				
multi	-223.759	-9.699	8.199	?46480101				
multi	-46.048	59.862	14.663	?46480101				
multi	-12.979	-297.141	8.218	?46480101				
multi	432.657	-403.321	6.581	?46480101				
multi	-88.778	134.185	14.655	?46480101				
multi	-710.039	893.723	20.303	?46480101				
multi	-718.373	468.573	19.282	?46480101				
multi	-623.68	1191.463	34.263	?46480101				
multi	-691.169	770.99	36.264	?46480101				
multi	-333.036	664.875	50.312	?46480101				
multi	-594.771	1171.265	36.589	?46480101				
multi	-546.515	259.017	23.137	?46480101				
multi	44.535	1143.358	139.745	?46480101				
multi	282.08	816.159	146.618	?46480101				
multi	1620.51	-759.712	49.871	?46480101				
multi	2571.938	-71.7	80.921	?46480101				
multi	1475.894	-1406.011	51.258	?46480101				
multi	844.625	-3004.069	204.446	?46480101				
multi	-1819.021	-4261.58	74.21	?46480101				
gps	-1751.852	-1932.758	61.632	quests/main_quest/act_01/q110_03_cyberspace/05_alt/00_meet_brigitte	gameJournalQuestObjective			LocKey#8928
gps	-700.261	770.06	34.24	quests/main_quest/act_01/q105_dollhouse/dollhouse/search_evelyn	gameJournalQuestObjective			LocKey#8724
gps	-700.261	770.06	34.24	quests/main_quest/act_01/q105_dollhouse/dollhouse/info_evelyn	gameJournalQuestObjective			LocKey#8723
gps	-700.261	770.06	34.24	quests/main_quest/act_01/q105_dollhouse/dollhouse/location	gameJournalQuestObjective			LocKey#8725
gps	-700.261	770.06	34.24	quests/main_quest/act_01/q105_dollhouse/dollhouse/room_doll_question	gameJournalQuestObjective			LocKey#8738
gps	-700.261	770.06	34.24	quests/main_quest/act_01/q105_dollhouse/dollhouse/room_doll_wait	gameJournalQuestObjective			LocKey#8739
gps	-700.261	770.06	34.24	quests/main_quest/act_01/q105_dollhouse/dollhouse/elevator	gameJournalQuestObjective			LocKey#8726
gps	-700.261	770.06	34.24	quests/main_quest/act_01/q105_dollhouse/dollhouse/into_dollhouse	gameJournalQuestObjective			LocKey#8727
gps	-700.261	770.06	34.24	quests/main_quest/act_01/q105_dollhouse/dollhouse/reception	gameJournalQuestObjective			LocKey#8729
gps	-700.261	770.06	34.24	quests/main_quest/act_01/q105_dollhouse/dollhouse/weapons	gameJournalQuestObjective			LocKey#8732
gps	-700.261	770.06	34.24	quests/main_quest/act_01/q105_dollhouse/dollhouse/security	gameJournalQuestObjective			LocKey#8747
gps	-700.261	770.06	34.24	quests/main_quest/act_01/q105_dollhouse/dollhouse/go_reception	gameJournalQuestObjective			LocKey#8728
gps	-700.261	770.06	34.24	quests/main_quest/act_01/q105_dollhouse/dollhouse/room_6	gameJournalQuestObjective			LocKey#8734
gps	-700.261	770.06	34.24	quests/main_quest/act_01/q105_dollhouse/dollhouse/room_9	gameJournalQuestObjective			LocKey#8736
gps	-700.261	770.06	34.24	quests/main_quest/act_01/q105_dollhouse/dollhouse/sit	gameJournalQuestObjective			LocKey#8740
gps	-700.261	770.06	34.24	quests/main_quest/act_01/q105_dollhouse/dollhouse/johnny	gameJournalQuestObjective			LocKey#8746
gps	-700.261	770.06	34.24	quests/main_quest/act_01/q105_dollhouse/dollhouse/talk_tom	gameJournalQuestObjective			LocKey#8745
gps	-700.261	770.06	34.24	quests/main_quest/act_01/q105_dollhouse/dollhouse/room_1	gameJournalQuestObjective			LocKey#8733
gps	-700.261	770.06	34.24	quests/main_quest/act_01/q105_dollhouse/dollhouse/room_2	gameJournalQuestObjective			LocKey#8735
gps	-700.261	770.06	34.24	quests/main_quest/act_01/q105_dollhouse/dollhouse/doll_info	gameJournalQuestObjective			LocKey#8737
gps	-700.261	770.06	34.24	quests/main_quest/act_01/q105_dollhouse/dollhouse/vip	gameJournalQuestObjective			LocKey#8741
gps	-700.261	770.06	34.24	quests/main_quest/act_01/q105_dollhouse/dollhouse/tom_roxanne	gameJournalQuestObjective			LocKey#8743
gps	-700.261	770.06	34.24	quests/main_quest/act_01/q105_dollhouse/dollhouse/talk_tom1	gameJournalQuestObjective			LocKey#8744
gps	-700.261	770.06	34.24	quests/main_quest/act_01/q105_dollhouse/dollhouse/get_money	gameJournalQuestObjective			LocKey#8730
gps	-700.261	770.06	34.24	quests/main_quest/act_01/q105_dollhouse/dollhouse/return_dollhouse	gameJournalQuestObjective			LocKey#8731
gps	-700.261	770.06	34.24	quests/main_quest/act_01/q105_dollhouse/dollhouse/find_a_vip_card	gameJournalQuestObjective			LocKey#8742
gps	-700.261	770.06	34.24	quests/main_quest/act_01/q105_dollhouse/dollhouse/02a_wait	gameJournalQuestObjective			LocKey#18004
gps	-700.261	770.06	34.24	quests/main_quest/act_01/q105_dollhouse/03_investigation/chamber_go	gameJournalQuestObjective			LocKey#8748
gps	-700.261	770.06	34.24	quests/main_quest/act_01/q105_dollhouse/03_investigation/chamber_investigate	gameJournalQuestObjective			LocKey#8749
gps	-700.261	770.06	34.24	quests/main_quest/act_01/q105_dollhouse/03_investigation/client_computer	gameJournalQuestObjective			LocKey#8751
gps	-700.261	770.06	34.24	quests/main_quest/act_01/q105_dollhouse/03_investigation/client_info	gameJournalQuestObjective			LocKey#8750
gps	-1751.852	-1932.758	61.632	quests/main_quest/act_01/q110_01_voodooboys/02_make_contact/01_go_to_chapel	gameJournalQuestObjective			LocKey#8887
gps	-1751.852	-1932.758	61.632	quests/main_quest/act_01/q110_01_voodooboys/02_make_contact/02_wait_for_sermon_to_end	gameJournalQuestObjective			LocKey#8888
gps	-1751.852	-1932.758	61.632	quests/main_quest/act_01/q110_01_voodooboys/02_make_contact/03_talk_to_contact	gameJournalQuestObjective			LocKey#8889
gps	-1106.81	1830.27	35.28	quests/minor_quest/mq041_corpo/corpo/01_find_the_briefcase	gameJournalQuestObjective			LocKey#10531
gps	-1106.81	1830.27	35.28	quests/minor_quest/mq041_corpo/corpo/02_open_the_briefcase	gameJournalQuestObjective			LocKey#10534
gps	-1106.81	1830.27	35.28	quests/minor_quest/mq041_corpo/corpo/03_talk_with_stranger	gameJournalQuestObjective			LocKey#10535
gps	-1106.81	1830.27	35.28	quests/minor_quest/mq041_corpo/corpo/04_confront_frank	gameJournalQuestObjective			LocKey#10536
gps	-1106.81	1830.27	35.28	quests/minor_quest/mq041_corpo/corpo/01a_talk_with_johnny	gameJournalQuestObjective			LocKey#10532
gps	-1106.81	1830.27	35.28	quests/minor_quest/mq041_corpo/corpo/01b_lift_the_dumpster	gameJournalQuestObjective			LocKey#10533
gps	-1106.81	1830.27	35.28	quests/minor_quest/mq041_corpo/corpo/01a_talk_with_johnny1	gameJournalQuestObjective			LocKey#10532
poi	-1382.201	1270.586	123.065	points_of_interest/safehouses/v_room	gameJournalPointOfInterestMappin			
poi	132.214	1080.541	202.8	points_of_interest/safehouses/kerry_villa	gameJournalPointOfInterestMappin			
poi	3436.586	-368.469	133.619	points_of_interest/safehouses/nomad_camp_01	gameJournalPointOfInterestMappin			
poi	1789.376	2249.471	180.214	points_of_interest/safehouses/nomad_camp_02	gameJournalPointOfInterestMappin			
poi	1236.098	-517.367	38.413	points_of_interest/safehouses/river_trailer_park	gameJournalPointOfInterestMappin			
poi	-895.134	1859.909	43.121	points_of_interest/safehouses/judys_apartment	gameJournalPointOfInterestMappin			
poi	-1606.566	359.038	49.42	points_of_interest/safehouses/dlc6_apart_cct_dtn	gameJournalPointOfInterestMappin			
poi	-1525.407	-969.753	87.37	points_of_interest/safehouses/dlc6_apart_hey_gle	gameJournalPointOfInterestMappin			
poi	-1504.781	2228.611	22.27	points_of_interest/safehouses/dlc6_apart_wat_nid	gameJournalPointOfInterestMappin			
poi	-784.789	978.117	28.21	points_of_interest/safehouses/dlc6_apart_wbr_jpn	gameJournalPointOfInterestMappin			
poi	-1808.128	-539.229	14.281	points_of_interest/tarot_collectibles/mq033_death	gameJournalPointOfInterestMappin			
poi	47.669	-486.47	21.329	points_of_interest/tarot_collectibles/mq033_justice	gameJournalPointOfInterestMappin			
poi	688.586	-618.454	10.763	points_of_interest/tarot_collectibles/mq033_strength	gameJournalPointOfInterestMappin			
poi	194.421	576.649	121.982	points_of_interest/tarot_collectibles/mq033_temperance	gameJournalPointOfInterestMappin			
poi	-1501.738	1138.206	18.946	points_of_interest/tarot_collectibles/mq033_the_chariot	gameJournalPointOfInterestMappin			
poi	-2106.877	1771.068	22	points_of_interest/tarot_collectibles/mq033_the_emperor	gameJournalPointOfInterestMappin			
poi	-1463.1	1048.238	19.696	points_of_interest/tarot_collectibles/mq033_the_empress	gameJournalPointOfInterestMappin			
poi	-1388.924	1267.677	123.954	points_of_interest/tarot_collectibles/mq033_the_fool	gameJournalPointOfInterestMappin			
poi	-1835.758	3879.255	21.059	points_of_interest/tarot_collectibles/mq033_the_hanged_man	gameJournalPointOfInterestMappin			
poi	-1738.435	-1932.155	64.69	points_of_interest/tarot_collectibles/mq033_the_hermit	gameJournalPointOfInterestMappin			
poi	-879.203	1322.492	6.57	points_of_interest/tarot_collectibles/mq033_the_hierophant	gameJournalPointOfInterestMappin			
poi	-632.645	-214.413	21.63	points_of_interest/tarot_collectibles/mq033_the_high_priestess	gameJournalPointOfInterestMappin			
poi	-106.643	1937.778	104.883	points_of_interest/tarot_collectibles/mq033_the_lovers	gameJournalPointOfInterestMappin			
poi	-1235.377	1559.212	24.92	points_of_interest/tarot_collectibles/mq033_the_magician	gameJournalPointOfInterestMappin			
poi	-612.515	-3850.465	74.028	points_of_interest/tarot_collectibles/mq033_the_star	gameJournalPointOfInterestMappin			
poi	-1327.233	1202.369	21.447	points_of_interest/tarot_collectibles/mq033_the_sun	gameJournalPointOfInterestMappin			
poi	-1574.033	150.337	4.773	points_of_interest/tarot_collectibles/mq033_the_tower	gameJournalPointOfInterestMappin			
poi	1650.503	-796.475	51.58	points_of_interest/tarot_collectibles/mq033_the_wheel_of_fortune	gameJournalPointOfInterestMappin			
poi	-1551.31	1210.479	58.678	points_of_interest/tarot_collectibles/mq033_the_world	gameJournalPointOfInterestMappin			
poi	395.263	1151.141	222.2	points_of_interest/tarot_collectibles/mq033_the_moon	gameJournalPointOfInterestMappin			
poi	-1360.884	157.944	-24.181	points_of_interest/tarot_collectibles/mq033_judgement	gameJournalPointOfInterestMappin			
poi	-1804.98	-4286.723	75.72	points_of_interest/autofixer_spots/autofixer_spot_01	gameJournalPointOfInterestMappin			
poi	-1696.141	-5005.206	81.787	points_of_interest/autofixer_spots/autofixer_spot_02	gameJournalPointOfInterestMappin			
poi	-116.389	-4372.961	60.51	points_of_interest/autofixer_spots/autofixer_spot_03	gameJournalPointOfInterestMappin			
poi	1478.772	-1394.914	52.68	points_of_interest/autofixer_spots/autofixer_spot_04	gameJournalPointOfInterestMappin			
poi	3446.308	-1998.083	104.974	points_of_interest/autofixer_spots/autofixer_spot_05	gameJournalPointOfInterestMappin			
poi	3317.787	-1538.258	109.424	points_of_interest/autofixer_spots/autofixer_spot_06	gameJournalPointOfInterestMappin			
poi	1703.94	-765.771	51.206	points_of_interest/autofixer_spots/autofixer_spot_07	gameJournalPointOfInterestMappin			
poi	1209.777	-577.091	34.554	points_of_interest/autofixer_spots/autofixer_spot_08	gameJournalPointOfInterestMappin			
poi	753.517	-1012.486	29.37	points_of_interest/autofixer_spots/autofixer_spot_09	gameJournalPointOfInterestMappin			
poi	322.074	-884.564	25.925	points_of_interest/autofixer_spots/autofixer_spot_10	gameJournalPointOfInterestMappin			
poi	-281.85	-1887.55	10.158	points_of_interest/autofixer_spots/autofixer_spot_11	gameJournalPointOfInterestMappin			
poi	-148.591	-1953.103	7.302	points_of_interest/autofixer_spots/autofixer_spot_12	gameJournalPointOfInterestMappin			
poi	-579.284	-735.074	10.325	points_of_interest/autofixer_spots/autofixer_spot_13	gameJournalPointOfInterestMappin			
poi	-370.101	1453.165	37.232	points_of_interest/autofixer_spots/autofixer_spot_15	gameJournalPointOfInterestMappin			
poi	-1483.814	1909.547	19.56	points_of_interest/autofixer_spots/autofixer_spot_16	gameJournalPointOfInterestMappin			
poi	-3560.677	368.194	32.95	points_of_interest/autofixer_spots/autofixer_spot_18	gameJournalPointOfInterestMappin			
poi	-1878.061	-913.895	8.739	points_of_interest/autofixer_spots/autofixer_spot_19	gameJournalPointOfInterestMappin			
poi	-1886.454	-1912.501	50.011	points_of_interest/autofixer_spots/autofixer_spot_17_fixed	gameJournalPointOfInterestMappin			
poi	-753.852	-513.223	8.65	points_of_interest/street_race/mq056_city_center_poi	gameJournalPointOfInterestMappin			
poi	-1045.389	-1519.452	26.475	points_of_interest/street_race/mq056_santo_domingo_poi	gameJournalPointOfInterestMappin			
poi	898.638	-3008.791	205.165	points_of_interest/street_race/mq056_badlands_poi	gameJournalPointOfInterestMappin			
poi	61.81	5.541	14.905	points_of_interest/street_race/mq056_big_race_poi	gameJournalPointOfInterestMappin			
poi	-1602.899	357.422	9.315	points_of_interest/apartments_buying/city_centre	gameJournalPointOfInterestMappin			
poi	-1528.692	-979.638	10.152	points_of_interest/apartments_buying/glen	gameJournalPointOfInterestMappin			
poi	-786.698	986.748	13.321	points_of_interest/apartments_buying/japantown	gameJournalPointOfInterestMappin			
poi	-1504.66	2226.175	23.479	points_of_interest/apartments_buying/nid	gameJournalPointOfInterestMappin			
poi	-1430.093	1331.349	120.988	points_of_interest/minor_quests/mq025_psycho_brawl	gameJournalPointOfInterestMappin			
poi	-1034.016	-81.435	7.3	points_of_interest/minor_quests/mq005_alley	gameJournalPointOfInterestMappin			
poi	-2391.475	-1952.896	17.973	points_of_interest/minor_quests/mq006_rollercoaster	gameJournalPointOfInterestMappin			
poi	-995.706	-710.866	8.258	points_of_interest/minor_quests/mq007_smartgun	gameJournalPointOfInterestMappin			
poi	-1395.426	1301.771	119.075	points_of_interest/minor_quests/mq010_barry	gameJournalPointOfInterestMappin			
poi	504.4	-2120.203	27.693	points_of_interest/minor_quests/mq008_party	gameJournalPointOfInterestMappin			
poi	1553.937	-1983.778	73.444	points_of_interest/minor_quests/mq016_bartmoss	gameJournalPointOfInterestMappin			
poi	-1430.178	1330.815	119.495	points_of_interest/minor_quests/q001_fistfight	gameJournalPointOfInterestMappin			
poi	-678.493	893.914	12	points_of_interest/minor_quests/mq023_bootleg	gameJournalPointOfInterestMappin			
poi	-1920.996	2765.417	7.235	points_of_interest/minor_quests/mq032_sacrum	gameJournalPointOfInterestMappin			
poi	3328.832	-446.903	135.55	points_of_interest/minor_quests/mq001_scorpion	gameJournalPointOfInterestMappin			
poi	-357.26	-952.36	6.62	points_of_interest/minor_quests/mq002_veterans	gameJournalPointOfInterestMappin			
poi	1793.451	2233.608	180.134	points_of_interest/minor_quests/mq021_guide	gameJournalPointOfInterestMappin			
poi	-537.95	-740.44	7.797	points_of_interest/minor_quests/mq022_ezekiel	gameJournalPointOfInterestMappin			
poi	-1433.338	1018.273	16.525	points_of_interest/minor_quests/mq038_newer_identity	gameJournalPointOfInterestMappin			
poi	-1551.6	-159.2	11.45	points_of_interest/minor_quests/sq025_resurgence	gameJournalPointOfInterestMappin			
poi	-1624.31	-386.768	-12.905	points_of_interest/minor_quests/mq014_first	gameJournalPointOfInterestMappin			
poi	-303.906	649.184	50.86	points_of_interest/minor_quests/mq014_second	gameJournalPointOfInterestMappin			
poi	45.841	799.699	132.043	points_of_interest/minor_quests/mq014_third	gameJournalPointOfInterestMappin			
poi	431.43	-2747.815	171.994	points_of_interest/minor_quests/mq014_fourth	gameJournalPointOfInterestMappin			
poi	-285.451	-1950.429	11.44	points_of_interest/minor_quests/mq003_orbitals	gameJournalPointOfInterestMappin			
poi	-1259.15	-995.65	13.97	points_of_interest/minor_quests/mq040_biosculpt	gameJournalPointOfInterestMappin			
poi	-1444.593	1480.499	19.63	points_of_interest/minor_quests/mq012_stud	gameJournalPointOfInterestMappin			
poi	-1022.066	-1563.988	26.649	points_of_interest/minor_quests/mq013_punks	gameJournalPointOfInterestMappin			
poi	-694.507	955.355	12.011	points_of_interest/minor_quests/mq036_overload	gameJournalPointOfInterestMappin			
poi	-693.131	761.747	35.695	points_of_interest/minor_quests/mq037_brendan	gameJournalPointOfInterestMappin			
poi	-1890.474	79.21	8.807	points_of_interest/minor_quests/mq030_melisa	gameJournalPointOfInterestMappin			
poi	-1554.16	1197.294	16.913	points_of_interest/minor_quests/mq026_prophet	gameJournalPointOfInterestMappin			
poi	-1449.962	1318.043	119.065	points_of_interest/minor_quests/q001_wilson	gameJournalPointOfInterestMappin			
poi	-695.587	761.427	34.659	points_of_interest/minor_quests/mq037_theo	gameJournalPointOfInterestMappin			
poi	-2051.38	1228.82	3.89	points_of_interest/minor_quests/ma_wat_lch_06	gameJournalPointOfInterestMappin			
poi	-1531.44	2510.29	7.12	points_of_interest/minor_quests/ma_wat_nid_15	gameJournalPointOfInterestMappin			
poi	-1093.42	1547.022	2.098	points_of_interest/minor_quests/ma_wat_kab_08	gameJournalPointOfInterestMappin			
poi	-794.936	1906.465	52.997	points_of_interest/minor_quests/ma_wat_kab_02	gameJournalPointOfInterestMappin			
poi	-1096.733	2812.547	7.187	points_of_interest/minor_quests/ma_wat_nid_22	gameJournalPointOfInterestMappin			
poi	-1697.471	2242.81	18.14	points_of_interest/minor_quests/ma_wat_nid_03	gameJournalPointOfInterestMappin			
poi	4604.385	-1242.171	142.752	points_of_interest/minor_quests/ma_bls_ina_se1_22	gameJournalPointOfInterestMappin			
poi	-2131.281	298.158	11.892	points_of_interest/minor_quests/ma_cct_dtn_03	gameJournalPointOfInterestMappin			
poi	-1669.379	255.08	8.2	points_of_interest/minor_quests/ma_cct_dtn_07	gameJournalPointOfInterestMappin			
poi	2673.929	-567.064	103.692	points_of_interest/minor_quests/ma_bls_ina_se1_08	gameJournalPointOfInterestMappin			
poi	-2217.097	-1942.644	7.738	points_of_interest/minor_quests/ma_pac_cvi_15	gameJournalPointOfInterestMappin			
poi	-1938.137	-1605.032	6	points_of_interest/minor_quests/ma_pac_cvi_08	gameJournalPointOfInterestMappin			
poi	322.2	-1920.69	-6.69	points_of_interest/minor_quests/ma_std_rcr_11	gameJournalPointOfInterestMappin			
poi	-2236.342	-1312.216	12.165	points_of_interest/minor_quests/ma_hey_spr_04	gameJournalPointOfInterestMappin			
poi	-2391.625	-1098.073	15.68	points_of_interest/minor_quests/ma_hey_spr_06	gameJournalPointOfInterestMappin			
poi	2544.031	-1697.538	76.269	points_of_interest/minor_quests/ma_bls_ina_se1_07	gameJournalPointOfInterestMappin			
poi	-638.264	-1335.788	7.67	points_of_interest/minor_quests/ma_std_arr_06	gameJournalPointOfInterestMappin			
poi	-1032.152	1809.457	45.823	points_of_interest/minor_quests/mq025_kabuki_start	gameJournalPointOfInterestMappin			
poi	-984.025	-1593.074	10.628	points_of_interest/minor_quests/mq025_arroyo_start	gameJournalPointOfInterestMappin			
poi	-1789.747	-1268.431	21.916	points_of_interest/minor_quests/mq025_glen_start	gameJournalPointOfInterestMappin			
poi	-499.049	-1935.786	8.003	points_of_interest/minor_quests/mq025_fightclub_start	gameJournalPointOfInterestMappin			
poi	-2119.386	-1999.271	15.951	points_of_interest/minor_quests/mq025_pacifica_start	gameJournalPointOfInterestMappin			
poi	1859.68	-62.246	56.309	points_of_interest/minor_quests/mq046_cave_vehicle	gameJournalPointOfInterestMappin			
poi	3207.582	649.352	105.28	points_of_interest/minor_quests/mq047_ad_vehicle	gameJournalPointOfInterestMappin			
poi	-883.6	-1658.45	11.35	points_of_interest/minor_quests/mq049_edgerunners	gameJournalPointOfInterestMappin			
poi	2556.5	-1816.5	91.505	points_of_interest/minor_quests/mq005_desert_quest_marker	gameJournalPointOfInterestMappin			
poi	-1357.54	1277.794	35.811	points_of_interest/vehicles/thorton_galena	gameJournalPointOfInterestMappin			
poi	-1185.237	2634.744	7.486	points_of_interest/vehicles/thorton_galena1	gameJournalPointOfInterestMappin			
poi	-1857.92	-934.7	7.95	points_of_interest/vehicles/thorton_galena2	gameJournalPointOfInterestMappin			
poi	-2444.299	-19.526	4.446	points_of_interest/vehicles/thorton_galena3	gameJournalPointOfInterestMappin			
poi	89.55	810.15	129.325	points_of_interest/vehicles/thorton_galena4	gameJournalPointOfInterestMappin			
poi	-1732.739	-123.45	8.031	points_of_interest/vehicles/thorton_galena5	gameJournalPointOfInterestMappin			
poi	3463.971	-1991.182	103.72	points_of_interest/vehicles/thorton_galena6	gameJournalPointOfInterestMappin			
poi	-1362.037	1272.108	41.862	points_of_interest/vehicles/thorton_galena7	gameJournalPointOfInterestMappin			
poi	2377.071	-787.601	66.83	points_of_interest/vehicles/thorton_galena8	gameJournalPointOfInterestMappin			
poi	-1357.54	1277.794	35.811	points_of_interest/vehicles/thorton_galena9	gameJournalPointOfInterestMappin			
poi	-1368.352	1314.479	41.873	points_of_interest/vehicles/thorton_galena10	gameJournalPointOfInterestMappin			
poi	-1887.584	2511.206	18.444	points_of_interest/vehicles/thorton_galena11	gameJournalPointOfInterestMappin			
poi	486.819	-404.577	6.809	points_of_interest/vehicles/thorton_galena12	gameJournalPointOfInterestMappin			
poi	-152.162	-2024.78	6.292	points_of_interest/vehicles/thorton_galena13	gameJournalPointOfInterestMappin			
poi	-2499.333	-285.522	8.269	points_of_interest/vehicles/thorton_galena14	gameJournalPointOfInterestMappin			
poi	-461.305	-998.85	7.796	points_of_interest/vehicles/thorton_galena15	gameJournalPointOfInterestMappin			
poi	-2414.375	-974.965	8.34	points_of_interest/vehicles/thorton_galena16	gameJournalPointOfInterestMappin			
poi	-415.798	-1227.744	7.137	points_of_interest/vehicles/thorton_galena17	gameJournalPointOfInterestMappin			
poi	-828.102	-106.163	7.865	points_of_interest/vehicles/thorton_galena18	gameJournalPointOfInterestMappin			
poi	1648.35	-756.23	50.321	points_of_interest/vehicles/thorton_galena19	gameJournalPointOfInterestMappin			
poi	156.108	-1778.001	-9.715	points_of_interest/vehicles/thorton_galena20	gameJournalPointOfInterestMappin			
poi	-2148.704	186.748	8.369	points_of_interest/vehicles/thorton_galena21	gameJournalPointOfInterestMappin			
poi	-353.761	1477.357	36.073	points_of_interest/vehicles/thorton_galena22	gameJournalPointOfInterestMappin			
poi	3642.87	-850.89	119.61	points_of_interest/vehicles/thorton_galena23	gameJournalPointOfInterestMappin			
poi	-21.242	1658.113	122.348	points_of_interest/vehicles/thorton_galena24	gameJournalPointOfInterestMappin			
poi	172.498	-332.257	7.193	points_of_interest/vehicles/thorton_galena25	gameJournalPointOfInterestMappin			
poi	-1609.2	352.32	8.546	points_of_interest/vehicles/thorton_galena26	gameJournalPointOfInterestMappin			
poi	-1184.82	356.428	4.893	points_of_interest/vehicles/thorton_galena27	gameJournalPointOfInterestMappin			
poi	-3454.742	-4044.914	74.854	points_of_interest/vehicles/thorton_galena28	gameJournalPointOfInterestMappin			
poi	-1157.625	2413.018	7.108	points_of_interest/street_stories/sts_wat_kab_02	gameJournalPointOfInterestMappin			
poi	-936.754	1788.639	32.361	points_of_interest/street_stories/sts_wat_kab_06	gameJournalPointOfInterestMappin			
poi	-1036.841	1348.919	13.29	points_of_interest/street_stories/sts_wat_kab_07	gameJournalPointOfInterestMappin			
poi	-1894.719	1245.031	17.844	points_of_interest/street_stories/sts_wat_lch_03	gameJournalPointOfInterestMappin			
poi	-1929.485	1148.58	13.273	points_of_interest/street_stories/sts_wat_lch_05	gameJournalPointOfInterestMappin			
poi	-1697.35	2011.003	18.129	points_of_interest/street_stories/sts_wat_nid_02	gameJournalPointOfInterestMappin			
poi	-1499.147	2207.095	18.187	points_of_interest/street_stories/sts_wat_nid_03	gameJournalPointOfInterestMappin			
poi	-1815.826	2668.417	14.506	points_of_interest/street_stories/sts_wat_nid_04	gameJournalPointOfInterestMappin			
poi	-1510.555	2926.28	12.322	points_of_interest/street_stories/sts_wat_nid_05	gameJournalPointOfInterestMappin			
poi	-891.182	2355.998	53.06	points_of_interest/street_stories/sts_wat_nid_07	gameJournalPointOfInterestMappin			
poi	-1182.66	1122.27	29.54	points_of_interest/street_stories/sts_wat_kab_03	gameJournalPointOfInterestMappin			
poi	-1197.001	1398.108	24.59	points_of_interest/street_stories/sts_wat_kab_04	gameJournalPointOfInterestMappin			
poi	-1131.531	2152.961	12.362	points_of_interest/street_stories/sts_wat_kab_05	gameJournalPointOfInterestMappin			
poi	-1185.757	1735.889	23.48	points_of_interest/street_stories/sts_wat_kab_01	gameJournalPointOfInterestMappin			
poi	-1233.94	1967.67	7.87	points_of_interest/street_stories/sts_wat_kab_08	gameJournalPointOfInterestMappin			
poi	-1392.199	1962.469	-23.765	points_of_interest/street_stories/sts_wat_lch_01	gameJournalPointOfInterestMappin			
poi	-1742.571	1516.23	13.723	points_of_interest/street_stories/sts_wat_lch_06	gameJournalPointOfInterestMappin			
poi	-1209.087	2267.986	6.971	points_of_interest/street_stories/sts_wat_nid_01	gameJournalPointOfInterestMappin			
poi	-1345.265	2751.19	8.127	points_of_interest/street_stories/sts_wat_nid_06	gameJournalPointOfInterestMappin			
poi	-1846.66	2254.361	18.271	points_of_interest/street_stories/sts_wat_nid_12	gameJournalPointOfInterestMappin			
poi	-1179.465	1771.05	23.374	points_of_interest/street_stories/sts_wat_kab_107	gameJournalPointOfInterestMappin			
poi	-2071.413	-993.994	7.647	points_of_interest/street_stories/sts_hey_spr_01	gameJournalPointOfInterestMappin			
poi	-806.312	-74.006	13.673	points_of_interest/street_stories/sts_hey_rey_02	gameJournalPointOfInterestMappin			
poi	-3.236	8.155	138.904	points_of_interest/street_stories/sts_wbr_hil_01	gameJournalPointOfInterestMappin			
poi	-1451.394	-1033.263	9.241	points_of_interest/street_stories/sts_hey_gle_03	gameJournalPointOfInterestMappin			
poi	-150.47	-4424.417	58.957	points_of_interest/street_stories/sts_bls_ina_02	gameJournalPointOfInterestMappin			
poi	1914	-572.414	54.742	points_of_interest/street_stories/sts_bls_ina_03	gameJournalPointOfInterestMappin			
poi	3645.719	-889.852	120.337	points_of_interest/street_stories/sts_bls_ina_04	gameJournalPointOfInterestMappin			
poi	2130.762	-1806.783	66.701	points_of_interest/street_stories/sts_bls_ina_06	gameJournalPointOfInterestMappin			
poi	4962.888	-1572.476	137.865	points_of_interest/street_stories/sts_bls_ina_07	gameJournalPointOfInterestMappin			
poi	-1379.934	-3644.133	55.008	points_of_interest/street_stories/sts_bls_ina_08	gameJournalPointOfInterestMappin			
poi	-2917.337	-4728.834	67.87	points_of_interest/street_stories/sts_bls_ina_09	gameJournalPointOfInterestMappin			
poi	1376.391	-1687.116	49.306	points_of_interest/street_stories/sts_bls_ina_11	gameJournalPointOfInterestMappin			
poi	455.042	-1231.457	28.594	points_of_interest/street_stories/sts_std_rcr_03	gameJournalPointOfInterestMappin			
poi	-1102.064	-1534.052	26.295	points_of_interest/street_stories/sts_std_arr_12	gameJournalPointOfInterestMappin			
poi	-1439.19	-1299.19	48.18	points_of_interest/street_stories/sts_hey_gle_06	gameJournalPointOfInterestMappin			
poi	-1344.787	-13.877	-6.771	points_of_interest/street_stories/sts_cct_cpz_01	gameJournalPointOfInterestMappin			
poi	-2494.493	-2590.308	-1.881	points_of_interest/street_stories/sts_pac_cvi_02	gameJournalPointOfInterestMappin			
poi	-567.72	-817.884	8.2	points_of_interest/street_stories/sts_std_arr_01	gameJournalPointOfInterestMappin			
poi	-502.93	582.58	26.762	points_of_interest/street_stories/sts_wbr_jpn_05	gameJournalPointOfInterestMappin			
poi	-1028.359	1240.755	6.007	points_of_interest/street_stories/sts_wat_kab_102	gameJournalPointOfInterestMappin			
poi	-1682.541	-972.957	20.052	points_of_interest/street_stories/sts_hey_gle_01	gameJournalPointOfInterestMappin			
poi	-101.091	-5216.215	88.58	points_of_interest/street_stories/sts_bls_ina_05	gameJournalPointOfInterestMappin			
poi	-1620.224	396.039	8.095	points_of_interest/street_stories/sts_cct_dtn_03	gameJournalPointOfInterestMappin			
poi	-1948.866	-32.811	0.533	points_of_interest/street_stories/sts_cct_dtn_02	gameJournalPointOfInterestMappin			
poi	-2144.794	471.897	11.042	points_of_interest/street_stories/sts_cct_dtn_04	gameJournalPointOfInterestMappin			
poi	-2443.62	65.3	4.12	points_of_interest/street_stories/sts_cct_dtn_05	gameJournalPointOfInterestMappin			
poi	-1516.028	-1096.5	9.161	points_of_interest/street_stories/sts_hey_gle_04	gameJournalPointOfInterestMappin			
poi	-1607.53	-556.99	5.28	points_of_interest/street_stories/sts_hey_gle_05	gameJournalPointOfInterestMappin			
poi	-981.804	70.454	52.588	points_of_interest/street_stories/sts_hey_rey_01	gameJournalPointOfInterestMappin			
poi	-1108.051	-665.954	9.407	points_of_interest/street_stories/sts_hey_rey_06	gameJournalPointOfInterestMappin			
poi	-928.602	-199.38	9.118	points_of_interest/street_stories/sts_hey_rey_08	gameJournalPointOfInterestMappin			
poi	-533.927	1312.652	46.7	points_of_interest/street_stories/sts_hey_rey_09	gameJournalPointOfInterestMappin			
poi	-2472.023	-924.892	9.38	points_of_interest/street_stories/sts_hey_spr_03	gameJournalPointOfInterestMappin			
poi	-2256.292	-405.172	2.378	points_of_interest/street_stories/sts_hey_spr_06	gameJournalPointOfInterestMappin			
poi	-508.656	-1917.342	13.343	points_of_interest/street_stories/sts_pac_wwd_05	gameJournalPointOfInterestMappin			
poi	-579.82	-1734.671	15.367	points_of_interest/street_stories/sts_std_arr_03	gameJournalPointOfInterestMappin			
poi	-275.628	-1724.85	9.862	points_of_interest/street_stories/sts_std_arr_05	gameJournalPointOfInterestMappin			
poi	-745.42	-1440.006	15.374	points_of_interest/street_stories/sts_std_arr_10	gameJournalPointOfInterestMappin			
poi	-226.04	-835.56	259.95	points_of_interest/street_stories/sts_std_arr_11	gameJournalPointOfInterestMappin			
poi	-650.148	-1153.923	13.461	points_of_interest/street_stories/sts_std_arr_06	gameJournalPointOfInterestMappin			
poi	259.561	-1078.368	21.35	points_of_interest/street_stories/sts_std_rcr_04	gameJournalPointOfInterestMappin			
poi	676.982	-1430.811	29.816	points_of_interest/street_stories/sts_std_rcr_02	gameJournalPointOfInterestMappin			
poi	258.62	-1800.642	-7.831	points_of_interest/street_stories/sts_std_rcr_05	gameJournalPointOfInterestMappin			
poi	131.002	-1591.185	9.042	points_of_interest/street_stories/sts_std_rcr_01	gameJournalPointOfInterestMappin			
poi	-1094.599	1457.361	16.064	points_of_interest/street_stories/sts_wat_kab_101	gameJournalPointOfInterestMappin			
poi	-50.032	-275.946	3.537	points_of_interest/street_stories/sts_wbr_hil_07	gameJournalPointOfInterestMappin			
poi	413.699	-429.612	3.855	points_of_interest/street_stories/sts_wbr_hil_06	gameJournalPointOfInterestMappin			
poi	-556.944	690.602	35.311	points_of_interest/street_stories/sts_wbr_jpn_01	gameJournalPointOfInterestMappin			
poi	-253.546	1641.355	36.329	points_of_interest/street_stories/sts_wbr_jpn_02	gameJournalPointOfInterestMappin			
poi	-785.684	970.556	17.058	points_of_interest/street_stories/sts_wbr_jpn_12	gameJournalPointOfInterestMappin			
poi	30.972	1652.364	128.858	points_of_interest/street_stories/sts_wbr_jpn_03	gameJournalPointOfInterestMappin			
poi	-376.929	1440.976	36.302	points_of_interest/street_stories/sts_wbr_jpn_09	gameJournalPointOfInterestMappin			
poi	-1525.486	1702.873	20.118	points_of_interest/service_points/wat_lch_clothingshop_01	gameJournalPointOfInterestMappin			
poi	-1929.577	1149.433	13.904	points_of_interest/service_points/wat_lch_foodshop_02	gameJournalPointOfInterestMappin			
poi	-1645.771	1005.445	28.894	points_of_interest/service_points/wat_lch_foodshop_03	gameJournalPointOfInterestMappin			
poi	-1449.992	1317.977	119.126	points_of_interest/service_points/wat_lch_gunsmith_01	gameJournalPointOfInterestMappin			
poi	-1430.219	1338.427	119.129	points_of_interest/service_points/wat_lch_melee_01	gameJournalPointOfInterestMappin			
poi	-1899.009	2503.153	18.26	points_of_interest/service_points/wat_nid_clothingshop_01	gameJournalPointOfInterestMappin			
poi	-1913.475	2740.624	10.446	points_of_interest/service_points/wat_nid_foodshop_01	gameJournalPointOfInterestMappin			
poi	-1714.708	2223.473	86.201	points_of_interest/service_points/wat_nid_foodshop_02	gameJournalPointOfInterestMappin			
poi	-1890.506	2730.485	6.966	points_of_interest/service_points/wat_nid_gunsmith_01	gameJournalPointOfInterestMappin			
poi	-1585.061	2076.762	18.235	points_of_interest/service_points/wat_nid_medicstore_01	gameJournalPointOfInterestMappin			
poi	-1689.452	2384.865	17.795	points_of_interest/service_points/wat_nid_ripperdoc_01	gameJournalPointOfInterestMappin			
poi	-1170.475	2025.275	7.787	points_of_interest/service_points/wat_kab_foodshop_01	gameJournalPointOfInterestMappin			
poi	-1172.289	1572.527	25.062	points_of_interest/service_points/wat_kab_foodshop_02	gameJournalPointOfInterestMappin			
poi	-1234.12	1983.712	8.015	points_of_interest/service_points/wat_kab_foodshop_03	gameJournalPointOfInterestMappin			
poi	-1031.794	1351.061	5.28	points_of_interest/service_points/wat_kab_foodshop_04	gameJournalPointOfInterestMappin			
poi	-1208.451	2046.44	7.995	points_of_interest/service_points/wat_kab_gun_trainer_01	gameJournalPointOfInterestMappin			
poi	-1208.451	2046.44	7.995	points_of_interest/service_points/wat_kab_gunsmith_01	gameJournalPointOfInterestMappin			
poi	-830.747	2202.897	54.842	points_of_interest/service_points/wat_kab_gunsmith_02	gameJournalPointOfInterestMappin			
poi	-1022.675	1440.827	16.5	points_of_interest/service_points/wat_kab_junkshop_01	gameJournalPointOfInterestMappin			
poi	-1177.986	2039.443	20.146	points_of_interest/service_points/wat_kab_netrunner_01	gameJournalPointOfInterestMappin			
poi	-1035.287	1447.224	0.456	points_of_interest/service_points/wat_kab_ripperdoc_01	gameJournalPointOfInterestMappin			
poi	-1093.871	2148.538	13.33	points_of_interest/service_points/wat_kab_ripperdoc_02	gameJournalPointOfInterestMappin			
poi	-1241.854	1946.006	8.054	points_of_interest/service_points/wat_kab_ripperdoc_03	gameJournalPointOfInterestMappin			
poi	-1894.768	1253.793	18.277	points_of_interest/service_points/wat_lch_melee_02	gameJournalPointOfInterestMappin			
poi	-1448.656	1010.645	16.65	points_of_interest/service_points/wat_lch_foodshop_01	gameJournalPointOfInterestMappin			
poi	-954.546	1778.123	22.882	points_of_interest/service_points/wat_kab_medicstore_01	gameJournalPointOfInterestMappin			
poi	-1933.192	2744.038	10.938	points_of_interest/service_points/wat_nid_medicstore_02	gameJournalPointOfInterestMappin			
poi	-1122.026	1752.618	33.842	points_of_interest/service_points/wat_kab_clothingshop_01	gameJournalPointOfInterestMappin			
poi	-1703.73	1252.97	20.133	points_of_interest/service_points/wat_lch_medicstore_01	gameJournalPointOfInterestMappin			
poi	-229.94	-34.18	0.86	points_of_interest/service_points/wbr_hil_clothingshop_01	gameJournalPointOfInterestMappin			
poi	-258.118	-53.293	0.867	points_of_interest/service_points/wbr_hil_foodshop_01	gameJournalPointOfInterestMappin			
poi	-37.56	-51.388	7.183	points_of_interest/service_points/wbr_hil_ripperdoc_01	gameJournalPointOfInterestMappin			
poi	-970.804	1721.649	14.338	points_of_interest/service_points/wbr_jpn_foodshop_05	gameJournalPointOfInterestMappin			
poi	-580.141	1279.446	32.988	points_of_interest/service_points/wbr_jpn_foodshop_05_japantown	gameJournalPointOfInterestMappin			
poi	-1546.809	1231.62	11.577	points_of_interest/service_points/wat_lch_ripperdoc_01	gameJournalPointOfInterestMappin			
poi	-1522.726	-325.51	-4.182	points_of_interest/service_points/cct_cpz_foodstore_01	gameJournalPointOfInterestMappin			
poi	-1574.837	-282.105	-4.435	points_of_interest/service_points/cct_cpz_clothingstore_02	gameJournalPointOfInterestMappin			
poi	-1540.675	-304.292	-4.426	points_of_interest/service_points/cct_cpz_foodstore_02	gameJournalPointOfInterestMappin			
poi	-1127.959	231.771	5.177	points_of_interest/service_points/cct_cpz_medicstore_01	gameJournalPointOfInterestMappin			
poi	254.25	-1470.199	9.52	points_of_interest/service_points/std_rcr_cloth_01	gameJournalPointOfInterestMappin			
poi	324.24	-1626.88	9.3	points_of_interest/service_points/std_rcr_foodshop_01	gameJournalPointOfInterestMappin			
poi	572.091	-2204.001	35.37	points_of_interest/service_points/std_rcr_guns_01	gameJournalPointOfInterestMappin			
poi	433.55	-1445.1	15.2	points_of_interest/service_points/std_rcr_medic_01	gameJournalPointOfInterestMappin			
poi	-854.417	-387.334	8.535	points_of_interest/service_points/hey_rey_netrunner_01_mp	gameJournalPointOfInterestMappin			
poi	-923.569	-213.2	8.77	points_of_interest/service_points/hey_rey_03_food	gameJournalPointOfInterestMappin			
poi	-795.807	-85.55	8.705	points_of_interest/service_points/hey_rey_food_02	gameJournalPointOfInterestMappin			
poi	-882.551	-667.43	8.21	points_of_interest/service_points/hey_rey_food_04	gameJournalPointOfInterestMappin			
poi	-907.526	-706.057	8.267	points_of_interest/service_points/hey_rey_guns_01	gameJournalPointOfInterestMappin			
poi	-1888.272	79.235	8.861	points_of_interest/service_points/cct_dtn_cloth_01	gameJournalPointOfInterestMappin			
poi	-1620.596	367.772	8.111	points_of_interest/service_points/cct_dtn_food_01	gameJournalPointOfInterestMappin			
poi	-1936.974	-38.497	-1.505	points_of_interest/service_points/cct_dtn_food_02	gameJournalPointOfInterestMappin			
poi	-1771.714	223.974	43.73	points_of_interest/service_points/cct_dtn_guns_01	gameJournalPointOfInterestMappin			
poi	-1883.488	379.378	27.718	points_of_interest/service_points/cct_dtn_medic_01	gameJournalPointOfInterestMappin			
poi	-2414.21	393.022	11.889	points_of_interest/service_points/cct_dtn_ripdoc_01	gameJournalPointOfInterestMappin			
poi	-650.555	841.667	20.62	points_of_interest/service_points/wbr_jpn_poor_prostitute_female	gameJournalPointOfInterestMappin			
poi	-660.008	850.099	20.547	points_of_interest/service_points/wbr_jpn_poor_prostitute_male	gameJournalPointOfInterestMappin			
poi	-331.746	231.968	190.082	points_of_interest/service_points/wbr_jpn_rich_prostitute_female	gameJournalPointOfInterestMappin			
poi	-317.676	236.679	190.184	points_of_interest/service_points/wbr_jpn_rich_prostitute_male	gameJournalPointOfInterestMappin			
poi	-2362.645	-926.914	12.521	points_of_interest/service_points/hey_spr_ripperdoc_01	gameJournalPointOfInterestMappin			
poi	-2185.887	-940.921	7.988	points_of_interest/service_points/hey_spr_medic_01	gameJournalPointOfInterestMappin			
poi	-2407.996	-540.693	6.886	points_of_interest/service_points/hey_spr_food_01	gameJournalPointOfInterestMappin			
poi	-2439.663	-667.724	6.922	points_of_interest/service_points/hey_spr_cloth_01	gameJournalPointOfInterestMappin			
poi	-2402.418	-628.08	6.801	points_of_interest/service_points/hey_spr_guns_01	gameJournalPointOfInterestMappin			
poi	-457.707	1452.423	37.379	points_of_interest/service_points/wbr_jpn_guns_01	gameJournalPointOfInterestMappin			
poi	-334.883	562.977	38.389	points_of_interest/service_points/wbr_jpn_ws_melee_01	gameJournalPointOfInterestMappin			
poi	-684.714	1236.118	37.967	points_of_interest/service_points/wbr_jpn_cloth_01	gameJournalPointOfInterestMappin			
poi	-651.534	926.328	9.4	points_of_interest/service_points/wbr_jpn_food_01	gameJournalPointOfInterestMappin			
poi	-690.457	774.324	36.264	points_of_interest/service_points/wbr_jpn_food_02	gameJournalPointOfInterestMappin			
poi	-645.251	850.698	18.902	points_of_interest/service_points/wbr_jpn_food_03	gameJournalPointOfInterestMappin			
poi	-483.591	582.255	31.302	points_of_interest/service_points/wbr_jpn_food_04	gameJournalPointOfInterestMappin			
poi	-668.111	852.378	19.495	points_of_interest/service_points/wbr_jpn_junk_01	gameJournalPointOfInterestMappin			
poi	-613.745	810.898	17.921	points_of_interest/service_points/wbr_jpn_junk_02	gameJournalPointOfInterestMappin			
poi	50.683	1632.973	126.567	points_of_interest/service_points/wbr_jpn_junk_03	gameJournalPointOfInterestMappin			
poi	-436.538	1433.764	37.279	points_of_interest/service_points/wbr_jpn_medic_01	gameJournalPointOfInterestMappin			
poi	-354.211	1366.49	42.134	points_of_interest/service_points/wbr_jpn_netrun_01	gameJournalPointOfInterestMappin			
poi	-487.002	578.299	27.329	points_of_interest/service_points/wbr_jpn_netrun_02	gameJournalPointOfInterestMappin			
poi	-714.98	869.093	13.506	points_of_interest/service_points/wbr_jpn_ripdoc_01	gameJournalPointOfInterestMappin			
poi	-574.266	792.227	24.901	points_of_interest/service_points/wbr_jpn_netrunner_02	gameJournalPointOfInterestMappin			
poi	-677.669	915.953	11.432	points_of_interest/service_points/wbr_jpn_tech_01	gameJournalPointOfInterestMappin			
poi	-2475.932	-2539.3	16.959	points_of_interest/service_points/pac_cvi_clothing_01	gameJournalPointOfInterestMappin			
poi	-1924.704	-1914.203	49.302	points_of_interest/service_points/pac_cvi_food_01	gameJournalPointOfInterestMappin			
poi	-1901.876	-1898.784	49.373	points_of_interest/service_points/pac_cvi_medic_01	gameJournalPointOfInterestMappin			
poi	-1907.137	-1925.458	48.954	points_of_interest/service_points/pac_cvi_tech_01	gameJournalPointOfInterestMappin			
poi	-1726.565	-1247.634	21.85	points_of_interest/service_points/hey_gle_food_01	gameJournalPointOfInterestMappin			
poi	-1524.336	-1104.214	9.135	points_of_interest/service_points/hey_gle_food_02	gameJournalPointOfInterestMappin			
poi	-1896.978	-1019.222	7.691	points_of_interest/service_points/hey_gle_guns_01	gameJournalPointOfInterestMappin			
poi	-1256.635	-998.972	12.158	points_of_interest/service_points/hey_rey_food_01	gameJournalPointOfInterestMappin			
poi	-1014.44	-1560.439	27.15	points_of_interest/service_points/std_arr_cloth_01	gameJournalPointOfInterestMappin			
poi	-724.728	-998.757	8	points_of_interest/service_points/std_arr_food_01	gameJournalPointOfInterestMappin			
poi	-985.817	-1157.396	12.614	points_of_interest/service_points/std_arr_food_02	gameJournalPointOfInterestMappin			
poi	-995.68	-1588.05	26.79	points_of_interest/service_points/std_arr_guns_01	gameJournalPointOfInterestMappin			
poi	-1005.25	-1573.43	26.8	points_of_interest/service_points/std_arr_medic_01	gameJournalPointOfInterestMappin			
poi	-1070.34	-1272.81	11.46	points_of_interest/service_points/std_arr_rippdoc_01	gameJournalPointOfInterestMappin			
poi	-511.22	-1914.55	7.97	points_of_interest/service_points/std_arr_melee_01	gameJournalPointOfInterestMappin			
poi	1208.052	-563.726	33.263	points_of_interest/service_points/bls_ina_se1_clothingshop_01	gameJournalPointOfInterestMappin			
poi	1636.233	-798.958	54.91	points_of_interest/service_points/bls_ina_se1_foodshop_01	gameJournalPointOfInterestMappin			
poi	1198.747	-549.422	32.769	points_of_interest/service_points/bls_ina_se1_foodshop_02	gameJournalPointOfInterestMappin			
poi	1482.975	-1401.146	51.586	points_of_interest/service_points/bls_ina_se1_foodshop_03	gameJournalPointOfInterestMappin			
poi	1677.111	-774.729	50.518	points_of_interest/service_points/bls_ina_se_gunsmith_02	gameJournalPointOfInterestMappin			
poi	3429.576	-370.455	134.2	points_of_interest/service_points/bls_ina_se1_gunsmith_01	gameJournalPointOfInterestMappin			
poi	1794.136	2257.435	180.756	points_of_interest/service_points/bls_ina_se1_gunsmith_01b	gameJournalPointOfInterestMappin			
poi	1386.613	-1673.907	51.302	points_of_interest/service_points/bls_ina_se1_junkshop_01	gameJournalPointOfInterestMappin			
poi	3443.772	-1981.35	100.289	points_of_interest/service_points/bls_ina_se1_medicstore_01	gameJournalPointOfInterestMappin			
poi	3441.855	-385.299	135.58	points_of_interest/service_points/bls_ina_se1_ripperdoc_01	gameJournalPointOfInterestMappin			
poi	1814.836	2276.16	182.273	points_of_interest/service_points/bls_ina_se1_ripperdoc_01b	gameJournalPointOfInterestMappin			
poi	-3491.661	-4010.193	77.742	points_of_interest/service_points/bls_ina_se5_foodshop_01	gameJournalPointOfInterestMappin			
poi	-986.337	-4417.851	64.311	points_of_interest/service_points/bls_ina_se5_junkshop_01	gameJournalPointOfInterestMappin			
poi	138.533	-4670.823	55.094	points_of_interest/service_points/bls_ina_se5_melee_01	gameJournalPointOfInterestMappin			
poi	-1844.66	-583.41	8.12	points_of_interest/service_points/hey_gle_junkshop_01	gameJournalPointOfInterestMappin			
poi	-1142.47	1568.518	71.725	points_of_interest/service_points/wat_fixer	gameJournalPointOfInterestMappin			
poi	-1804.658	-1275.563	21.839	points_of_interest/service_points/hey_fixer	gameJournalPointOfInterestMappin			
poi	-1969.88	377.76	8.06	points_of_interest/service_points/cct_fixer	gameJournalPointOfInterestMappin			
poi	411.46	-2358.71	182.03	points_of_interest/service_points/std_fixer	gameJournalPointOfInterestMappin			
poi	2411.97	-796.43	67	points_of_interest/service_points/bls_fixer	gameJournalPointOfInterestMappin			
poi	-671.488	822.414	19.759	points_of_interest/service_points/wbr_fixer	gameJournalPointOfInterestMappin			
poi	-103.623	219.311	14.85	points_of_interest/service_points/cct_cpz_foodstore_01_duplicate_hill	gameJournalPointOfInterestMappin			
poi	-1540.675	-304.292	-4.426	points_of_interest/service_points/cct_cpz_foodstore_02_duplicate_hill	gameJournalPointOfInterestMappin			
poi	-1021.761	-1563.615	28.09	points_of_interest/service_points/std_arr_food_03	gameJournalPointOfInterestMappin			
poi	-1160.021	1584.654	24.48	points_of_interest/service_points/wat_fixer_intercom	gameJournalPointOfInterestMappin			
poi	584.927	-2180.186	44.228	points_of_interest/service_points/std_rcr_ripperdoc_01	gameJournalPointOfInterestMappin			
poi	-863.27	132.18	7.77	points_of_interest/service_points/hey_rey_junkshop_01	gameJournalPointOfInterestMappin			
poi	-2440.764	-2401.437	17.363	points_of_interest/service_points/pac_wwd_guns_01	gameJournalPointOfInterestMappin			
poi	-2606.805	-2500.198	17.702	points_of_interest/service_points/pac_wwd_medic_01	gameJournalPointOfInterestMappin			
poi	-2531.194	-2465.049	17.524	points_of_interest/service_points/pac_wwd_ripperdoc_01	gameJournalPointOfInterestMappin			
poi	-537.95	-740.44	7.797	points_of_interest/service_points/std_arr_food_04	gameJournalPointOfInterestMappin			
poi	-2205.34	1765.95	20.2	points_of_interest/service_points/wat_awf_food_01	gameJournalPointOfInterestMappin			
poi	-1845.911	-4258.669	74.037	points_of_interest/service_points/bls_ina_se5_gunsmith_01	gameJournalPointOfInterestMappin			
poi	-670.294	913.525	11.43	points_of_interest/service_points/wbr_jpn_cloth_02	gameJournalPointOfInterestMappin			
poi	411.46	-2358.71	182.276	points_of_interest/service_points/std_fixer_default_off_variant	gameJournalPointOfInterestMappin			
poi	-1113.799	1194.798	17.908	points_of_interest/minor_activities/ma_wat_kab_01	gameJournalPointOfInterestMappin			
poi	-843.128	1927.94	35.834	points_of_interest/minor_activities/ma_wat_kab_03	gameJournalPointOfInterestMappin			
poi	-1010.64	1660.993	19.606	points_of_interest/minor_activities/ma_wat_kab_05	gameJournalPointOfInterestMappin			
poi	-1016.338	2030.171	45.433	points_of_interest/minor_activities/ma_wat_kab_06	gameJournalPointOfInterestMappin			
poi	-970.426	1766.498	36.655	points_of_interest/minor_activities/ma_wat_kab_07	gameJournalPointOfInterestMappin			
poi	-1165.148	1495.73	18.048	points_of_interest/minor_activities/ma_wat_kab_09	gameJournalPointOfInterestMappin			
poi	-920.098	1708.674	2.245	points_of_interest/minor_activities/ma_wat_kab_11	gameJournalPointOfInterestMappin			
poi	-1182.682	1946.789	20.204	points_of_interest/minor_activities/ma_wat_kab_12	gameJournalPointOfInterestMappin			
poi	-1546.896	1815.053	32.35	points_of_interest/minor_activities/ma_wat_lch_01	gameJournalPointOfInterestMappin			
poi	-1935.875	1577.447	8.93	points_of_interest/minor_activities/ma_wat_lch_02	gameJournalPointOfInterestMappin			
poi	-1951.984	997.513	1.324	points_of_interest/minor_activities/ma_wat_lch_03	gameJournalPointOfInterestMappin			
poi	-1307.666	1432.528	20.839	points_of_interest/minor_activities/ma_wat_lch_04	gameJournalPointOfInterestMappin			
poi	-1241.348	1287.971	17.226	points_of_interest/minor_activities/ma_wat_lch_05	gameJournalPointOfInterestMappin			
poi	-1872.074	1601.272	10.19	points_of_interest/minor_activities/ma_wat_lch_07	gameJournalPointOfInterestMappin			
poi	-1603.392	1534.258	18.704	points_of_interest/minor_activities/ma_wat_lch_08	gameJournalPointOfInterestMappin			
poi	-1785.432	1251.861	18.355	points_of_interest/minor_activities/ma_wat_lch_09	gameJournalPointOfInterestMappin			
poi	-1721.74	1247.401	18.188	points_of_interest/minor_activities/ma_wat_lch_10	gameJournalPointOfInterestMappin			
poi	-1541.808	1488.903	24.319	points_of_interest/minor_activities/ma_wat_lch_11	gameJournalPointOfInterestMappin			
poi	-1270.835	1764.125	18.16	points_of_interest/minor_activities/ma_wat_lch_12	gameJournalPointOfInterestMappin			
poi	-1496.14	1329.058	24.114	points_of_interest/minor_activities/ma_wat_lch_13	gameJournalPointOfInterestMappin			
poi	-1730.026	2447.298	8.27	points_of_interest/minor_activities/ma_wat_nid_01	gameJournalPointOfInterestMappin			
poi	-1806.015	2544.141	27.113	points_of_interest/minor_activities/ma_wat_nid_02	gameJournalPointOfInterestMappin			
poi	-1686.977	2236.826	18.184	points_of_interest/minor_activities/ma_wat_nid_03	gameJournalPointOfInterestMappin			
poi	-1390.077	2017.856	27.565	points_of_interest/minor_activities/ma_wat_nid_04	gameJournalPointOfInterestMappin			
poi	-1159.195	2441.734	7.1	points_of_interest/minor_activities/ma_wat_nid_06	gameJournalPointOfInterestMappin			
poi	-1611.478	2494.292	7.109	points_of_interest/minor_activities/ma_wat_nid_07	gameJournalPointOfInterestMappin			
poi	-1227.237	2902.781	7.156	points_of_interest/minor_activities/ma_wat_nid_08	gameJournalPointOfInterestMappin			
poi	-738.304	2526.211	53.684	points_of_interest/minor_activities/ma_wat_nid_09	gameJournalPointOfInterestMappin			
poi	-529.1	2445.615	57.666	points_of_interest/minor_activities/ma_wat_nid_10	gameJournalPointOfInterestMappin			
poi	-786.531	1937.514	38.405	points_of_interest/minor_activities/ma_wat_nid_11	gameJournalPointOfInterestMappin			
poi	-1516.471	2571.155	7.139	points_of_interest/minor_activities/ma_wat_nid_12	gameJournalPointOfInterestMappin			
poi	-1348.645	2164.834	16.668	points_of_interest/minor_activities/ma_wat_nid_13	gameJournalPointOfInterestMappin			
poi	-1234.097	2684.764	7.156	points_of_interest/minor_activities/ma_wat_nid_14	gameJournalPointOfInterestMappin			
poi	1055.305	-713.426	22.272	points_of_interest/minor_activities/ma_bls_ina_se1_01	gameJournalPointOfInterestMappin			
poi	1242.782	-229.177	36.282	points_of_interest/minor_activities/ma_bls_ina_se1_02	gameJournalPointOfInterestMappin			
poi	4244.776	-901.949	141.086	points_of_interest/minor_activities/ma_bls_ina_se1_03	gameJournalPointOfInterestMappin			
poi	4331.692	-1279.82	134.858	points_of_interest/minor_activities/ma_bls_ina_se1_04	gameJournalPointOfInterestMappin			
poi	2292.983	604.25	101.049	points_of_interest/minor_activities/ma_bls_ina_se1_05	gameJournalPointOfInterestMappin			
poi	1032.738	-1489.529	50.091	points_of_interest/minor_activities/ma_bls_ina_se1_06	gameJournalPointOfInterestMappin			
poi	2483.646	-2176.49	181.988	points_of_interest/minor_activities/ma_bls_ina_se1_09	gameJournalPointOfInterestMappin			
poi	2286.786	-1050.779	55.504	points_of_interest/minor_activities/ma_bls_ina_se1_10	gameJournalPointOfInterestMappin			
poi	4169.952	97.769	118.087	points_of_interest/minor_activities/ma_bls_ina_se1_12	gameJournalPointOfInterestMappin			
poi	1486.029	-1399.127	51.3	points_of_interest/minor_activities/ma_bls_ina_se1_13	gameJournalPointOfInterestMappin			
poi	2983.416	-1953.058	119.035	points_of_interest/minor_activities/ma_bls_ina_se1_14	gameJournalPointOfInterestMappin			
poi	806.37	-2148.872	173.502	points_of_interest/minor_activities/ma_bls_ina_se1_15	gameJournalPointOfInterestMappin			
poi	3785.724	-2066.362	124.962	points_of_interest/minor_activities/ma_bls_ina_se1_16	gameJournalPointOfInterestMappin			
poi	2871.145	-1015.334	68.368	points_of_interest/minor_activities/ma_bls_ina_se1_17	gameJournalPointOfInterestMappin			
poi	4689.611	-2007.51	175.785	points_of_interest/minor_activities/ma_bls_ina_se1_18	gameJournalPointOfInterestMappin			
poi	4640.867	-311.102	175.049	points_of_interest/minor_activities/ma_bls_ina_se1_19	gameJournalPointOfInterestMappin			
poi	2843.303	-1267.803	63.888	points_of_interest/minor_activities/ma_bls_ina_se1_20	gameJournalPointOfInterestMappin			
poi	3669.533	5.228	141.167	points_of_interest/minor_activities/ma_bls_ina_se1_21	gameJournalPointOfInterestMappin			
poi	2544.031	-1697.538	76.269	points_of_interest/minor_activities/ma_bls_ina_se1_07_01	gameJournalPointOfInterestMappin			
poi	-1028.903	1792.779	74.081	points_of_interest/minor_activities/ma_wat_kab_10	gameJournalPointOfInterestMappin			
poi	-1122.941	1644.388	-2.231	points_of_interest/minor_activities/ma_wat_kab_13	gameJournalPointOfInterestMappin			
poi	-1110.265	1413.155	21.83	points_of_interest/minor_activities/ma_wat_kab_15	gameJournalPointOfInterestMappin			
poi	-1283.224	1590.77	18.194	points_of_interest/minor_activities/ma_wat_lch_14	gameJournalPointOfInterestMappin			
poi	-2148.893	-1829.364	0.164	points_of_interest/minor_activities/ma_pac_cvi_01	gameJournalPointOfInterestMappin			
poi	-1770.488	-1968.184	44.795	points_of_interest/minor_activities/ma_pac_cvi_03	gameJournalPointOfInterestMappin			
poi	-1214.834	-1721.496	44.239	points_of_interest/minor_activities/ma_pac_cvi_05	gameJournalPointOfInterestMappin			
poi	-1535	-1848.291	73.55	points_of_interest/minor_activities/ma_pac_cvi_07	gameJournalPointOfInterestMappin			
poi	-2034.462	-1561.572	12.187	points_of_interest/minor_activities/ma_pac_cvi_08	gameJournalPointOfInterestMappin			
poi	-1981.588	-2173.875	25.92	points_of_interest/minor_activities/ma_pac_cvi_09	gameJournalPointOfInterestMappin			
poi	-2032.417	-2232.871	19.917	points_of_interest/minor_activities/ma_pac_cvi_10	gameJournalPointOfInterestMappin			
poi	-1108.48	-1799.844	44.096	points_of_interest/minor_activities/ma_pac_cvi_11	gameJournalPointOfInterestMappin			
poi	-2478.979	-2176.73	20.219	points_of_interest/minor_activities/ma_pac_cvi_12	gameJournalPointOfInterestMappin			
poi	-1785.93	-1774.281	57.49	points_of_interest/minor_activities/ma_pac_cvi_13	gameJournalPointOfInterestMappin			
poi	-2473.812	-1733.391	-9.383	points_of_interest/minor_activities/ma_pac_cvi_14	gameJournalPointOfInterestMappin			
poi	262.392	309.918	78.375	points_of_interest/minor_activities/ma_wbr_nok_01	gameJournalPointOfInterestMappin			
poi	203.221	864.458	162.933	points_of_interest/minor_activities/ma_wbr_nok_02	gameJournalPointOfInterestMappin			
poi	39.713	1139.485	139.751	points_of_interest/minor_activities/ma_wbr_nok_03	gameJournalPointOfInterestMappin			
poi	576.661	1172.6	227.225	points_of_interest/minor_activities/ma_wbr_nok_04	gameJournalPointOfInterestMappin			
poi	238.236	-1433.76	9.55	points_of_interest/minor_activities/ma_std_rcr_01	gameJournalPointOfInterestMappin			
poi	468.11	-1439.388	19.649	points_of_interest/minor_activities/ma_std_rcr_02	gameJournalPointOfInterestMappin			
poi	747.107	-1154.48	28.98	points_of_interest/minor_activities/ma_std_rcr_03	gameJournalPointOfInterestMappin			
poi	645.192	-932.603	28.584	points_of_interest/minor_activities/ma_std_rcr_04	gameJournalPointOfInterestMappin			
poi	-45.295	-1417.839	-0.878	points_of_interest/minor_activities/ma_std_rcr_06	gameJournalPointOfInterestMappin			
poi	358.578	-2021.037	-2.89	points_of_interest/minor_activities/ma_std_rcr_10	gameJournalPointOfInterestMappin			
poi	317.356	-1909.216	-5.88	points_of_interest/minor_activities/ma_std_rcr_11	gameJournalPointOfInterestMappin			
poi	69.73	-1725.63	-10.21	points_of_interest/minor_activities/ma_std_rcr_12	gameJournalPointOfInterestMappin			
poi	347.646	-498.353	7.248	points_of_interest/minor_activities/ma_wbr_hil_01	gameJournalPointOfInterestMappin			
poi	242.105	52.048	31.448	points_of_interest/minor_activities/ma_wbr_hil_02	gameJournalPointOfInterestMappin			
poi	-196.643	139.002	14.664	points_of_interest/minor_activities/ma_wbr_hil_03	gameJournalPointOfInterestMappin			
poi	-352.494	-4.545	7.2	points_of_interest/minor_activities/ma_wbr_hil_04	gameJournalPointOfInterestMappin			
poi	380.482	-271.953	6.768	points_of_interest/minor_activities/ma_wbr_hil_05	gameJournalPointOfInterestMappin			
poi	351.182	-387.137	7.452	points_of_interest/minor_activities/ma_wbr_hil_05_01	gameJournalPointOfInterestMappin			
poi	565.781	-453.497	6.628	points_of_interest/minor_activities/ma_wbr_hil_06	gameJournalPointOfInterestMappin			
poi	-1417.946	1872.301	18.16	points_of_interest/minor_activities/ma_wat_lch_15	gameJournalPointOfInterestMappin			
poi	-375.273	535.915	30.183	points_of_interest/minor_activities/ma_wbr_jpn_01	gameJournalPointOfInterestMappin			
poi	-452.222	852.96	-2.296	points_of_interest/minor_activities/ma_wbr_jpn_04	gameJournalPointOfInterestMappin			
poi	-205.391	995.032	65.516	points_of_interest/minor_activities/ma_wbr_jpn_06	gameJournalPointOfInterestMappin			
poi	-757.486	971.549	12.01	points_of_interest/minor_activities/ma_wbr_jpn_07	gameJournalPointOfInterestMappin			
poi	-650.756	282.837	20.178	points_of_interest/minor_activities/ma_wbr_jpn_08	gameJournalPointOfInterestMappin			
poi	-520.84	155.399	29.809	points_of_interest/minor_activities/ma_wbr_jpn_09	gameJournalPointOfInterestMappin			
poi	-647.662	776.021	34.31	points_of_interest/minor_activities/ma_wbr_jpn_12	gameJournalPointOfInterestMappin			
poi	-396.952	252.181	22.819	points_of_interest/minor_activities/ma_wbr_jpn_13	gameJournalPointOfInterestMappin			
poi	-728.872	879.298	21.417	points_of_interest/minor_activities/ma_wbr_jpn_15	gameJournalPointOfInterestMappin			
poi	-582.247	986.227	20.048	points_of_interest/minor_activities/ma_wbr_jpn_16	gameJournalPointOfInterestMappin			
poi	-799.281	1281.142	47.651	points_of_interest/minor_activities/ma_wbr_jpn_17	gameJournalPointOfInterestMappin			
poi	-572.211	1511.643	37.25	points_of_interest/minor_activities/ma_wbr_jpn_19	gameJournalPointOfInterestMappin			
poi	-554.543	525.403	18.284	points_of_interest/minor_activities/ma_wbr_jpn_20	gameJournalPointOfInterestMappin			
poi	-1676.024	23.298	7.46	points_of_interest/minor_activities/ma_cct_cpz_01	gameJournalPointOfInterestMappin			
poi	-978.016	459.905	-14.913	points_of_interest/minor_activities/ma_cct_cpz_03	gameJournalPointOfInterestMappin			
poi	-1306.99	-46.748	2.936	points_of_interest/minor_activities/ma_cct_cpz_06	gameJournalPointOfInterestMappin			
poi	-1283.764	350.715	9.58	points_of_interest/minor_activities/ma_cct_cpz_10	gameJournalPointOfInterestMappin			
poi	-1050.458	76.925	7.571	points_of_interest/minor_activities/ma_cct_cpz_15	gameJournalPointOfInterestMappin			
poi	-1119.906	545.567	18.008	points_of_interest/minor_activities/ma_cct_cpz_16	gameJournalPointOfInterestMappin			
poi	-1377.056	610.481	4.694	points_of_interest/minor_activities/ma_cct_cpz_17	gameJournalPointOfInterestMappin			
poi	-1356.43	444.383	13.092	points_of_interest/minor_activities/ma_cct_cpz_18	gameJournalPointOfInterestMappin			
poi	-972.619	2323.036	30.563	points_of_interest/minor_activities/ma_wat_nid_17	gameJournalPointOfInterestMappin			
poi	-568.132	1956.179	38.155	points_of_interest/minor_activities/ma_wat_nid_19	gameJournalPointOfInterestMappin			
poi	-367.532	2304.927	36.92	points_of_interest/minor_activities/ma_wat_nid_20	gameJournalPointOfInterestMappin			
poi	-1645.07	2125.99	18.12	points_of_interest/minor_activities/ma_wat_nid_21	gameJournalPointOfInterestMappin			
poi	-1305.78	2417.53	11.14	points_of_interest/minor_activities/ma_wat_nid_23	gameJournalPointOfInterestMappin			
poi	-907.398	2413.904	34.514	points_of_interest/minor_activities/ma_wat_nid_26	gameJournalPointOfInterestMappin			
poi	-1114.004	3329.956	9.301	points_of_interest/minor_activities/ma_wat_nid_27	gameJournalPointOfInterestMappin			
poi	-495.488	1977.254	42.437	points_of_interest/minor_activities/ma_wat_nid_30	gameJournalPointOfInterestMappin			
poi	-841.642	227.372	13.646	points_of_interest/minor_activities/ma_hey_rey_01	gameJournalPointOfInterestMappin			
poi	-1107.209	-203.495	-3.552	points_of_interest/minor_activities/ma_hey_rey_02	gameJournalPointOfInterestMappin			
poi	-958.108	-508.926	20.069	points_of_interest/minor_activities/ma_hey_rey_03	gameJournalPointOfInterestMappin			
poi	-492.945	-127.582	7.9	points_of_interest/minor_activities/ma_hey_rey_04	gameJournalPointOfInterestMappin			
poi	-953.84	-783.601	9.266	points_of_interest/minor_activities/ma_hey_rey_05	gameJournalPointOfInterestMappin			
poi	-1646.778	-1228.887	25.499	points_of_interest/minor_activities/ma_hey_gle_02	gameJournalPointOfInterestMappin			
poi	-1983.45	-1028.413	7.634	points_of_interest/minor_activities/ma_hey_gle_03	gameJournalPointOfInterestMappin			
poi	-1724.035	-214.309	-13.435	points_of_interest/minor_activities/ma_hey_gle_05	gameJournalPointOfInterestMappin			
poi	-1539.863	-635.598	29.526	points_of_interest/minor_activities/ma_hey_gle_07	gameJournalPointOfInterestMappin			
poi	-1246.196	-946.848	31.42	points_of_interest/minor_activities/ma_hey_gle_09	gameJournalPointOfInterestMappin			
poi	-1569.314	-1047.951	9.163	points_of_interest/minor_activities/ma_hey_gle_11	gameJournalPointOfInterestMappin			
poi	-1607.331	-1106.957	10.455	points_of_interest/minor_activities/ma_hey_gle_13	gameJournalPointOfInterestMappin			
poi	-1413.865	-1216.187	27.811	points_of_interest/minor_activities/ma_hey_gle_15	gameJournalPointOfInterestMappin			
poi	-2702.517	-2458.858	26.728	points_of_interest/minor_activities/ma_pac_wwd_03	gameJournalPointOfInterestMappin			
poi	-2887.208	-2145.154	1.091	points_of_interest/minor_activities/ma_pac_wwd_04	gameJournalPointOfInterestMappin			
poi	-2573.98	-2420.952	43	points_of_interest/minor_activities/ma_pac_wwd_05	gameJournalPointOfInterestMappin			
poi	-2466.879	-2880.469	42.947	points_of_interest/minor_activities/ma_pac_wwd_08	gameJournalPointOfInterestMappin			
poi	-2792.687	-2372.047	8.43	points_of_interest/minor_activities/ma_pac_wwd_01	gameJournalPointOfInterestMappin			
poi	-2801.875	-2715.243	22.313	points_of_interest/minor_activities/ma_pac_wwd_02	gameJournalPointOfInterestMappin			
poi	-1722.793	508.031	7.5	points_of_interest/minor_activities/ma_cct_dtn_01	gameJournalPointOfInterestMappin			
poi	-2243.249	-2.073	11.039	points_of_interest/minor_activities/ma_cct_dtn_02	gameJournalPointOfInterestMappin			
poi	-2143.375	266.492	8	points_of_interest/minor_activities/ma_cct_dtn_03	gameJournalPointOfInterestMappin			
poi	-1791.573	70.912	7.55	points_of_interest/minor_activities/ma_cct_dtn_09	gameJournalPointOfInterestMappin			
poi	-1427.091	694.754	4.46	points_of_interest/minor_activities/ma_cct_dtn_12	gameJournalPointOfInterestMappin			
poi	-1778.371	737.089	10.65	points_of_interest/minor_activities/ma_cct_dtn_14	gameJournalPointOfInterestMappin			
poi	-2162.436	584.208	8.583	points_of_interest/minor_activities/ma_cct_dtn_15	gameJournalPointOfInterestMappin			
poi	-2576.192	-90.396	-0.291	points_of_interest/minor_activities/ma_hey_spr_01	gameJournalPointOfInterestMappin			
poi	-2452.536	-830.063	14.052	points_of_interest/minor_activities/ma_hey_spr_02	gameJournalPointOfInterestMappin			
poi	-2260.927	-633.107	7.4	points_of_interest/minor_activities/ma_hey_spr_03	gameJournalPointOfInterestMappin			
poi	-2106.341	-759.799	7.635	points_of_interest/minor_activities/ma_hey_spr_10	gameJournalPointOfInterestMappin			
poi	-2197.585	-985.316	36.16	points_of_interest/minor_activities/ma_hey_spr_12	gameJournalPointOfInterestMappin			
poi	-641.665	-685.728	8.184	points_of_interest/minor_activities/ma_std_arr_01	gameJournalPointOfInterestMappin			
poi	-833.108	-914.093	7.881	points_of_interest/minor_activities/ma_std_arr_02	gameJournalPointOfInterestMappin			
poi	-597.757	-1035.626	8.481	points_of_interest/minor_activities/ma_std_arr_03	gameJournalPointOfInterestMappin			
poi	-493.696	-1145.92	15.799	points_of_interest/minor_activities/ma_std_arr_04	gameJournalPointOfInterestMappin			
poi	-863.74	-1353.96	7.79	points_of_interest/minor_activities/ma_std_arr_05	gameJournalPointOfInterestMappin			
poi	-949.282	-1505.595	25.604	points_of_interest/minor_activities/ma_std_arr_07	gameJournalPointOfInterestMappin			
poi	-516.073	-1815.056	7.19	points_of_interest/minor_activities/ma_std_arr_08	gameJournalPointOfInterestMappin			
poi	-873.579	-1006.99	11.396	points_of_interest/minor_activities/ma_std_arr_09	gameJournalPointOfInterestMappin			
poi	-738.441	-1782.006	4.622	points_of_interest/minor_activities/ma_std_arr_10	gameJournalPointOfInterestMappin			
poi	-399.007	-1990.877	7.632	points_of_interest/minor_activities/ma_std_arr_11	gameJournalPointOfInterestMappin			
poi	-25.76	-1001.51	7.376	points_of_interest/minor_activities/ma_std_arr_12	gameJournalPointOfInterestMappin			
poi	-470.677	-943.808	20.847	points_of_interest/minor_activities/ma_std_arr_13	gameJournalPointOfInterestMappin			
poi	-41.506	-430.971	7.649	points_of_interest/minor_activities/ma_std_arr_14	gameJournalPointOfInterestMappin			
poi	287.01	-3280.773	48.332	points_of_interest/minor_activities/ma_bls_ina_se5_01	gameJournalPointOfInterestMappin			
poi	-421.876	-4252.238	61.002	points_of_interest/minor_activities/ma_bls_ina_se5_08	gameJournalPointOfInterestMappin			
poi	2877.861	-1592.85	76.804	points_of_interest/minor_activities/ma_bls_ina_se1_11	gameJournalPointOfInterestMappin			
poi	-1032.454	-3335.634	42.385	points_of_interest/minor_activities/ma_bls_ina_se5_06	gameJournalPointOfInterestMappin			
poi	-1318.472	-2863.341	34.859	points_of_interest/minor_activities/ma_bls_ina_se5_04	gameJournalPointOfInterestMappin			
poi	-1153.338	-3210.59	42.134	points_of_interest/minor_activities/ma_bls_ina_se5_05	gameJournalPointOfInterestMappin			
poi	-683.224	-4606.755	63.393	points_of_interest/minor_activities/ma_bls_ina_se5_10	gameJournalPointOfInterestMappin			
poi	-1298.061	-4222.745	62.506	points_of_interest/minor_activities/ma_bls_ina_se5_14	gameJournalPointOfInterestMappin			
poi	252.817	-2794.446	69.585	points_of_interest/minor_activities/ma_bls_ina_se5_02	gameJournalPointOfInterestMappin			
poi	739.279	-3949.882	173.863	points_of_interest/minor_activities/ma_bls_ina_se5_11	gameJournalPointOfInterestMappin			
poi	-811.034	-5712.554	96.939	points_of_interest/minor_activities/ma_bls_ina_se5_12	gameJournalPointOfInterestMappin			
poi	-1702.781	-5009.084	80.416	points_of_interest/minor_activities/ma_bls_ina_se5_13	gameJournalPointOfInterestMappin			
poi	-473.805	-5657.457	86.037	points_of_interest/minor_activities/ma_bls_ina_se5_16	gameJournalPointOfInterestMappin			
poi	-2041.052	-1323.953	7.293	points_of_interest/minor_activities/ma_hey_spr_11	gameJournalPointOfInterestMappin			
poi	-1254.224	-3805.711	50.854	points_of_interest/minor_activities/ma_bls_ina_se5_09	gameJournalPointOfInterestMappin			
poi	-362.036	-2543.086	27.231	points_of_interest/minor_activities/ma_bls_ina_se5_15	gameJournalPointOfInterestMappin			
poi	-753.27	-3640.952	51.716	points_of_interest/minor_activities/ma_bls_ina_se5_03	gameJournalPointOfInterestMappin			
poi	-820.469	-392.954	9.1	points_of_interest/minor_activities/ma_hey_rey_06	gameJournalPointOfInterestMappin			
poi	-964.052	2773.657	31.449	points_of_interest/minor_activities/ma_wat_nid_16	gameJournalPointOfInterestMappin			
poi	304.364	1480.535	163.151	points_of_interest/minor_activities/ma_wbr_nok_05	gameJournalPointOfInterestMappin			
poi	-1168.21	905.39	27.55	points_of_interest/minor_activities/ma_wat_lch_16	gameJournalPointOfInterestMappin			
poi	-248.885	-4880.771	77.709	points_of_interest/minor_activities/ma_bls_ina_se5_07	gameJournalPointOfInterestMappin			
poi	4974.334	-683.219	135.291	points_of_interest/minor_activities/ma_bls_ina_se1_23	gameJournalPointOfInterestMappin			
poi	-1566.201	649.005	15.839	points_of_interest/minor_activities/ma_cct_dtn_12_b	gameJournalPointOfInterestMappin			
poi	298.14	-987.24	20.46	points_of_interest/minor_activities/ma_std_rcr_05	gameJournalPointOfInterestMappin			
poi	-70.365	-1896.115	2.619	points_of_interest/minor_activities/ma_std_rcr_07	gameJournalPointOfInterestMappin			
poi	-161.61	-2188.76	5.73	points_of_interest/minor_activities/ma_std_rcr_08	gameJournalPointOfInterestMappin			
poi	983.12	-850.302	32.311	points_of_interest/minor_activities/ma_std_rcr_09	gameJournalPointOfInterestMappin			
poi	59.887	-1808.801	-9.4	points_of_interest/minor_activities/ma_std_rcr_13	gameJournalPointOfInterestMappin			
poi	193.67	-1508.104	8.81	points_of_interest/minor_activities/ma_std_rcr_14	gameJournalPointOfInterestMappin			
poi	-70.834	-2235.406	7.127	points_of_interest/minor_activities/ma_std_rcr_16	gameJournalPointOfInterestMappin			
poi	1098.216	-1036.88	29.59	points_of_interest/minor_activities/ma_std_rcr_17	gameJournalPointOfInterestMappin			
poi	822.86	-1543.04	47.48	points_of_interest/minor_activities/ma_std_rcr_18	gameJournalPointOfInterestMappin			
poi	-923.883	1708.64	1.482	points_of_interest/minor_activities/ma_wat_kab_16	gameJournalPointOfInterestMappin			
poi	-1384.44	-1960.56	65.73	ep1/points_of_interest/vehicles/autofixer_stadium	gameJournalPointOfInterestMappin			
poi	-2429.64	-2365.81	10.95	ep1/points_of_interest/minor_activities/we_ep1_01	gameJournalPointOfInterestMappin			
poi	-2322.308	-2550.44	15.14	ep1/points_of_interest/minor_activities/we_ep1_01_entry_mappin	gameJournalPointOfInterestMappin			
poi	-1418.849	-2642.115	83.712	ep1/points_of_interest/minor_activities/we_ep1_05	gameJournalPointOfInterestMappin			
poi	-1539.6	-2602.53	85.75	ep1/points_of_interest/minor_activities/we_ep1_05_entry_mappin	gameJournalPointOfInterestMappin			
poi	-2263.553	-2917.408	117.47	ep1/points_of_interest/minor_activities/we_ep1_17	gameJournalPointOfInterestMappin			
poi	-2269.15	-2951.08	112.73	ep1/points_of_interest/minor_activities/we_ep1_17_entry_mappin	gameJournalPointOfInterestMappin			
poi	-1339.828	-1736.999	46.511	ep1/points_of_interest/tarot_collectibles/mq033_ep1_king_of_the_cups	gameJournalPointOfInterestMappin			
poi	-2238.058	-2544.718	81.981	ep1/points_of_interest/tarot_collectibles/mq033_ep1_king_of_the_pentacles	gameJournalPointOfInterestMappin			
poi	-2416.073	-2636.85	24.436	ep1/points_of_interest/tarot_collectibles/mq033_ep1_king_of_the_swords	gameJournalPointOfInterestMappin			
poi	-1815.118	-2732.749	75.741	ep1/points_of_interest/tarot_collectibles/mq033_ep1_king_of_the_wands	gameJournalPointOfInterestMappin			
poi	-2059.91	-2319.379	20.8	ep1/points_of_interest/dogtown_gate/gate	gameJournalPointOfInterestMappin			
poi	-1668.87	-2473.5	37.439	ep1/points_of_interest/street_stories/sts_ep1_01	gameJournalPointOfInterestMappin			
poi	-1371.07	-2075.9	75.837	ep1/points_of_interest/street_stories/sts_ep1_07	gameJournalPointOfInterestMappin			
poi	-1393.664	-2446.361	83	ep1/points_of_interest/street_stories/sts_ep1_12	gameJournalPointOfInterestMappin			
poi	-2133.183	-2299.813	19.218	ep1/points_of_interest/street_stories/sts_ep1_10	gameJournalPointOfInterestMappin			
poi	-2004.355	-2984.79	92.52	ep1/points_of_interest/street_stories/sts_ep1_13	gameJournalPointOfInterestMappin			
poi	-2147.941	-2774.66	35.49	ep1/points_of_interest/street_stories/sts_ep1_03	gameJournalPointOfInterestMappin			
poi	-1718.37	-2346.007	32.33	ep1/points_of_interest/street_stories/sts_ep1_06	gameJournalPointOfInterestMappin			
poi	-2512.03	-2750.63	29.4	ep1/points_of_interest/street_stories/sts_ep1_04	gameJournalPointOfInterestMappin			
poi	-2458.125	-2784.75	38.911	ep1/points_of_interest/street_stories/sts_ep1_08	gameJournalPointOfInterestMappin			
poi	-1823.684	-2398.981	40.107	ep1/points_of_interest/minor_quests/mq301_kurt	gameJournalPointOfInterestMappin			
poi	-1718.094	-2415	62.6	ep1/points_of_interest/minor_quests/mq303_addict	gameJournalPointOfInterestMappin			
poi	-2237.21	-2556.312	80.548	ep1/points_of_interest/minor_quests/mq300_safehouse	gameJournalPointOfInterestMappin			
poi	-1715.922	-2480.906	49.42	ep1/points_of_interest/minor_quests/mq306_boxer	gameJournalPointOfInterestMappin			
poi	-1595.19	-2344.88	43.03	ep1/points_of_interest/service_points/cz_foodshop_01	gameJournalPointOfInterestMappin			
poi	-2432.35	-2686.326	28.4	ep1/points_of_interest/service_points/cz_con_gunsmith_01	gameJournalPointOfInterestMappin			
poi	-2354.648	-2685.056	36.38	ep1/points_of_interest/service_points/cz_con_medicstore_01	gameJournalPointOfInterestMappin			
poi	-2401.153	-2652.815	28.16	ep1/points_of_interest/service_points/cz_con_ripdoc_01	gameJournalPointOfInterestMappin			
poi	-2369.37	-2696.893	28.278	ep1/points_of_interest/service_points/cz_con_clothingshop_01	gameJournalPointOfInterestMappin			
poi	-2365.548	-2656.711	34.76	ep1/points_of_interest/service_points/cz_con_junkshop_01	gameJournalPointOfInterestMappin			
poi	-1410.386	-2075.769	71.868	ep1/points_of_interest/service_points/cz_stadium_gunsmith_01	gameJournalPointOfInterestMappin			
poi	-1431.566	-2032.698	73.74	ep1/points_of_interest/service_points/cz_stadium_medic_01	gameJournalPointOfInterestMappin			
poi	-1448.729	-2013.061	71.841	ep1/points_of_interest/service_points/cz_stadium_ripperdoc_01	gameJournalPointOfInterestMappin			
poi	-1409.806	-2045.751	71.871	ep1/points_of_interest/service_points/cz_stadium_clothing_01	gameJournalPointOfInterestMappin			
poi	-1396.669	-2048.364	73.053	ep1/points_of_interest/service_points/cz_stadium_junk_01	gameJournalPointOfInterestMappin			
poi	-3580.49	361.76	32.518	ep1/points_of_interest/service_points/nw4_spaceport_medicstore_01	gameJournalPointOfInterestMappin			
poi	-1907.703	-2470.094	24.076	ep1/points_of_interest/service_points/cz_monument_av_ripperdoc_farida	gameJournalPointOfInterestMappin			
poi	-1584.49	-2340.979	57.83	ep1/points_of_interest/service_points/cz_fixer	gameJournalPointOfInterestMappin			
poi	-1391.447	-2030.069	75.751	ep1/points_of_interest/service_points/cz_stadium_netrunner_01	gameJournalPointOfInterestMappin			
poi	-1401.839	-2007.074	71.861	ep1/points_of_interest/service_points/cz_stadium_black_market_01	gameJournalPointOfInterestMappin			
poi	-1630.685	-2535.546	41.017	ep1/points_of_interest/service_points/cz_monument_av_ripperdoc_anderson	gameJournalPointOfInterestMappin			
poi	-1584.49	-2340.979	57.83	ep1/points_of_interest/service_points/cz_fixer_limited	gameJournalPointOfInterestMappin			
poi	-2427.509	-2665.64	27.98	ep1/points_of_interest/service_points/cz_con_foodshop_01	gameJournalPointOfInterestMappin			
poi	-1616.622	-2535.851	43.382	ep1/points_of_interest/service_points/cz_monument_av_medical_odel	gameJournalPointOfInterestMappin			
poi	1836.722	2285.826	182.02	ep1/points_of_interest/service_points/ne3_aldecaldos_camp_chang	gameJournalPointOfInterestMappin			
poi	-1856.048	-2281.351	439.777	ep1/points_of_interest/service_points/cz_q303_casino_cashier	gameJournalPointOfInterestMappin			
poi	-1591.97	-2376.36	44.33	ep1/points_of_interest/service_points/cz_heavy_hearts_dealer	gameJournalPointOfInterestMappin			
poi	-1389.551	-2037.665	75.811	ep1/points_of_interest/service_points/cz_stadium_food_01	gameJournalPointOfInterestMappin			
poi	-1401.907	-1993.634	72.831	ep1/points_of_interest/service_points/cz_stadium_food_02	gameJournalPointOfInterestMappin			
poi	-1403.939	-2028.942	71.871	ep1/points_of_interest/service_points/cz_stadium_food_03	gameJournalPointOfInterestMappin			
poi	-1921.283	-977.36	7.659	ep1/points_of_interest/service_points/cz_foodshop_sts_10	gameJournalPointOfInterestMappin			
poi	-1405.816	-2060.561	72.401	ep1/points_of_interest/service_points/cz_mws_cz_16_locker	gameJournalPointOfInterestMappin			
poi	-2273.37	-2635.138	21.675	ep1/points_of_interest/sandbox_activities/sa_ep1_102	gameJournalPointOfInterestMappin			
poi	-2633.768	-2758.147	22.639	ep1/points_of_interest/sandbox_activities/sa_ep1_104	gameJournalPointOfInterestMappin			
poi	-1642.46	-2665.893	82.84	ep1/points_of_interest/sandbox_activities/sa_ep1_2	gameJournalPointOfInterestMappin			
poi	972.875	-1012.813	29.408	ep1/points_of_interest/sandbox_activities/sa_ep1_3	gameJournalPointOfInterestMappin			
poi	955.154	-1009.437	29.406	ep1/points_of_interest/sandbox_activities/sa_ep1_4	gameJournalPointOfInterestMappin			
poi	-1646.844	-2312.334	40.047	ep1/points_of_interest/sandbox_activities/sa_ep1_5	gameJournalPointOfInterestMappin			
poi	-1965.832	-1948.683	18.595	ep1/points_of_interest/sandbox_activities/sa_ep1_6	gameJournalPointOfInterestMappin			
poi	-1944.977	-2464.19	29.88	ep1/points_of_interest/sandbox_activities/sa_ep1_7	gameJournalPointOfInterestMappin			
poi	1048.875	-1018.828	29.929	ep1/points_of_interest/sandbox_activities/sa_ep1_8	gameJournalPointOfInterestMappin			
poi	980.875	-1065.563	28.281	ep1/points_of_interest/sandbox_activities/sa_ep1_9	gameJournalPointOfInterestMappin			
poi	-1728.888	-1950.002	61.915	ep1/points_of_interest/sandbox_activities/sa_ep1_10	gameJournalPointOfInterestMappin			
poi	-2567.577	-2662.351	23.795	ep1/points_of_interest/sandbox_activities/sa_ep1_11	gameJournalPointOfInterestMappin			
poi	-2394.603	-2307.121	10.664	ep1/points_of_interest/sandbox_activities/sa_ep1_12	gameJournalPointOfInterestMappin			
poi	-1729.586	-2258.296	39.828	ep1/points_of_interest/sandbox_activities/sa_ep1_13	gameJournalPointOfInterestMappin			
poi	-2165.581	-2741.93	34.924	ep1/points_of_interest/sandbox_activities/sa_ep1_14	gameJournalPointOfInterestMappin			
poi	-1861.331	-2582.749	39.514	ep1/points_of_interest/sandbox_activities/sa_ep1_16	gameJournalPointOfInterestMappin			
poi	-1767.434	-2435.989	29.843	ep1/points_of_interest/sandbox_activities/sa_ep1_17	gameJournalPointOfInterestMappin			
poi	-1780.724	-2798.617	82.733	ep1/points_of_interest/sandbox_activities/sa_ep1_18	gameJournalPointOfInterestMappin			
poi	-2106.708	-2588.896	23.938	ep1/points_of_interest/sandbox_activities/sa_ep1_19	gameJournalPointOfInterestMappin			
poi	-641.022	-874.616	7.814	ep1/points_of_interest/sandbox_activities/sa_ep1_20	gameJournalPointOfInterestMappin			
poi	-878.427	-1745.452	9.6	ep1/points_of_interest/sandbox_activities/sa_ep1_21	gameJournalPointOfInterestMappin			
poi	-2567.577	-2662.351	23.795	ep1/points_of_interest/sandbox_activities/sa_ep1_22	gameJournalPointOfInterestMappin			
poi	-136.262	-892.768	7.4	ep1/points_of_interest/sandbox_activities/sa_ep1_23	gameJournalPointOfInterestMappin			
poi	530.5	-2179.8	24.7	ep1/points_of_interest/sandbox_activities/sa_ep1_24	gameJournalPointOfInterestMappin			
poi	181.472	-1927.14	-10.1	ep1/points_of_interest/sandbox_activities/sa_ep1_25	gameJournalPointOfInterestMappin			
poi	-342.711	-2628.853	28.494	ep1/points_of_interest/sandbox_activities/sa_ep1_26	gameJournalPointOfInterestMappin			
poi	1382.979	-2770.4	204.7	ep1/points_of_interest/sandbox_activities/sa_ep1_27	gameJournalPointOfInterestMappin			
poi	2612.416	-1488.311	66.814	ep1/points_of_interest/sandbox_activities/sa_ep1_28	gameJournalPointOfInterestMappin			
poi	772.543	-2095.051	172.89	ep1/points_of_interest/sandbox_activities/sa_ep1_29	gameJournalPointOfInterestMappin			
poi	1434.454	-729.479	49.2	ep1/points_of_interest/sandbox_activities/sa_ep1_30	gameJournalPointOfInterestMappin			
poi	-1156.208	-1722.806	44.517	ep1/points_of_interest/sandbox_activities/sa_ep1_31	gameJournalPointOfInterestMappin			
poi	-750.375	28.225	8.511	ep1/points_of_interest/sandbox_activities/sa_ep1_32	gameJournalPointOfInterestMappin			
poi	-988.37	-749.382	8.513	ep1/points_of_interest/sandbox_activities/sa_ep1_33	gameJournalPointOfInterestMappin			
poi	-1268.086	-1074.489	12.557	ep1/points_of_interest/sandbox_activities/sa_ep1_34	gameJournalPointOfInterestMappin			
poi	-1003.4	-631.627	8.516	ep1/points_of_interest/sandbox_activities/sa_ep1_35	gameJournalPointOfInterestMappin			
poi	-1505.949	-833.622	8.915	ep1/points_of_interest/sandbox_activities/sa_ep1_36	gameJournalPointOfInterestMappin			
poi	-1720.015	-873.711	8.878	ep1/points_of_interest/sandbox_activities/sa_ep1_37	gameJournalPointOfInterestMappin			
poi	-1885.675	-518.967	8.115	ep1/points_of_interest/sandbox_activities/sa_ep1_38	gameJournalPointOfInterestMappin			
poi	-2148.213	-1109.53	8.364	ep1/points_of_interest/sandbox_activities/sa_ep1_39	gameJournalPointOfInterestMappin			
poi	-2378.082	-762.078	13.054	ep1/points_of_interest/sandbox_activities/sa_ep1_40	gameJournalPointOfInterestMappin			
poi	-2194.844	-558.402	7.479	ep1/points_of_interest/sandbox_activities/sa_ep1_41	gameJournalPointOfInterestMappin			
poi	-718.69	-372.229	8.861	ep1/points_of_interest/sandbox_activities/sa_ep1_42	gameJournalPointOfInterestMappin			
poi	-1747.405	-1302.659	22.17	ep1/points_of_interest/sandbox_activities/sa_ep1_43	gameJournalPointOfInterestMappin			
poi	-2189.242	-256.802	7.852	ep1/points_of_interest/sandbox_activities/sa_ep1_44	gameJournalPointOfInterestMappin			
poi	-904.165	-1189.437	12.26	ep1/points_of_interest/sandbox_activities/sa_ep1_45	gameJournalPointOfInterestMappin			
poi	83.774	-1292.721	7.827	ep1/points_of_interest/sandbox_activities/sa_ep1_46	gameJournalPointOfInterestMappin			
poi	-572	-755.798	7.591	ep1/points_of_interest/sandbox_activities/sa_ep1_47	gameJournalPointOfInterestMappin			
poi	8.254	-2115.33	5.298	ep1/points_of_interest/sandbox_activities/sa_ep1_48	gameJournalPointOfInterestMappin			
poi	-556.378	-1077.494	7.673	ep1/points_of_interest/sandbox_activities/sa_ep1_49	gameJournalPointOfInterestMappin			
poi	592.532	-1818.688	29.217	ep1/points_of_interest/sandbox_activities/sa_ep1_50	gameJournalPointOfInterestMappin			
poi	405.416	-1216.966	28.519	ep1/points_of_interest/sandbox_activities/sa_ep1_51	gameJournalPointOfInterestMappin			
poi	278.193	-1591.834	9.122	ep1/points_of_interest/sandbox_activities/sa_ep1_52	gameJournalPointOfInterestMappin			
poi	-454.294	-1830.465	7.519	ep1/points_of_interest/sandbox_activities/sa_ep1_53	gameJournalPointOfInterestMappin			
poi	362.732	-966.438	24.572	ep1/points_of_interest/sandbox_activities/sa_ep1_54	gameJournalPointOfInterestMappin			
poi	2280.292	-292.291	85.526	ep1/points_of_interest/sandbox_activities/sa_ep1_55	gameJournalPointOfInterestMappin			
poi	3314.742	-1538.765	108.269	ep1/points_of_interest/sandbox_activities/sa_ep1_56	gameJournalPointOfInterestMappin			
poi	3161.26	-2100.489	136.476	ep1/points_of_interest/sandbox_activities/sa_ep1_57	gameJournalPointOfInterestMappin			
poi	1425.178	-1283.439	52.104	ep1/points_of_interest/sandbox_activities/sa_ep1_58	gameJournalPointOfInterestMappin			
poi	-69.234	-4205.146	42.198	ep1/points_of_interest/sandbox_activities/sa_ep1_59	gameJournalPointOfInterestMappin			
poi	-1256.065	-3584.984	53.292	ep1/points_of_interest/sandbox_activities/sa_ep1_60	gameJournalPointOfInterestMappin			
poi	-1979.021	-4489.407	77.69	ep1/points_of_interest/sandbox_activities/sa_ep1_61	gameJournalPointOfInterestMappin			
poi	-1080.277	-3954.631	58.167	ep1/points_of_interest/sandbox_activities/sa_ep1_63	gameJournalPointOfInterestMappin			
poi	-1144.31	-5596.209	93.31	ep1/points_of_interest/sandbox_activities/sa_ep1_64	gameJournalPointOfInterestMappin			
poi	-262.316	-167.62	7.515	ep1/points_of_interest/sandbox_activities/sa_ep1_65	gameJournalPointOfInterestMappin			
poi	-824.179	1183.461	28.421	ep1/points_of_interest/sandbox_activities/sa_ep1_66	gameJournalPointOfInterestMappin			
poi	-713.721	1477.031	22.893	ep1/points_of_interest/sandbox_activities/sa_ep1_67	gameJournalPointOfInterestMappin			
poi	-354.776	910.981	65.73	ep1/points_of_interest/sandbox_activities/sa_ep1_68	gameJournalPointOfInterestMappin			
poi	-411.11	728.267	46.901	ep1/points_of_interest/sandbox_activities/sa_ep1_69	gameJournalPointOfInterestMappin			
poi	-231.816	642.167	74.505	ep1/points_of_interest/sandbox_activities/sa_ep1_70	gameJournalPointOfInterestMappin			
poi	-190.345	-63.833	7.515	ep1/points_of_interest/sandbox_activities/sa_ep1_71	gameJournalPointOfInterestMappin			
poi	-765.173	792.817	22.63	ep1/points_of_interest/sandbox_activities/sa_ep1_72	gameJournalPointOfInterestMappin			
poi	-607.691	1111.791	36.722	ep1/points_of_interest/sandbox_activities/sa_ep1_73	gameJournalPointOfInterestMappin			
poi	-42.152	112.454	14.719	ep1/points_of_interest/sandbox_activities/sa_ep1_74	gameJournalPointOfInterestMappin			
poi	55.276	-255.447	7.316	ep1/points_of_interest/sandbox_activities/sa_ep1_75	gameJournalPointOfInterestMappin			
poi	-543.373	364.218	23.081	ep1/points_of_interest/sandbox_activities/sa_ep1_76	gameJournalPointOfInterestMappin			
poi	-289.91	1187.586	65.581	ep1/points_of_interest/sandbox_activities/sa_ep1_77	gameJournalPointOfInterestMappin			
poi	-133.394	1417.364	89.409	ep1/points_of_interest/sandbox_activities/sa_ep1_78	gameJournalPointOfInterestMappin			
poi	372.851	-49.54	21.69	ep1/points_of_interest/sandbox_activities/sa_ep1_79	gameJournalPointOfInterestMappin			
poi	3622.066	-847.925	119.518	ep1/points_of_interest/sandbox_activities/sa_ep1_62	gameJournalPointOfInterestMappin			
poi	-1452.7	1687.792	18.515	ep1/points_of_interest/sandbox_activities/sa_ep1_80	gameJournalPointOfInterestMappin			
poi	-1654.057	1393.911	18.525	ep1/points_of_interest/sandbox_activities/sa_ep1_81	gameJournalPointOfInterestMappin			
poi	-1906.464	1289.399	18.591	ep1/points_of_interest/sandbox_activities/sa_ep1_82	gameJournalPointOfInterestMappin			
poi	-1623.817	957.494	23.924	ep1/points_of_interest/sandbox_activities/sa_ep1_83	gameJournalPointOfInterestMappin			
poi	-1298.559	1251.941	17.205	ep1/points_of_interest/sandbox_activities/sa_ep1_84	gameJournalPointOfInterestMappin			
poi	-1131.254	1807.415	23.884	ep1/points_of_interest/sandbox_activities/sa_ep1_85	gameJournalPointOfInterestMappin			
poi	-1687.884	2335.386	18.484	ep1/points_of_interest/sandbox_activities/sa_ep1_86	gameJournalPointOfInterestMappin			
poi	-1425.498	2235.011	18.398	ep1/points_of_interest/sandbox_activities/sa_ep1_87	gameJournalPointOfInterestMappin			
poi	-1022.613	2560.535	22.45	ep1/points_of_interest/sandbox_activities/sa_ep1_88	gameJournalPointOfInterestMappin			
poi	-699.141	2531.222	53.945	ep1/points_of_interest/sandbox_activities/sa_ep1_89	gameJournalPointOfInterestMappin			
poi	-622.244	2003.225	36.618	ep1/points_of_interest/sandbox_activities/sa_ep1_90	gameJournalPointOfInterestMappin			
poi	-1013.475	1592.22	2.814	ep1/points_of_interest/sandbox_activities/sa_ep1_91	gameJournalPointOfInterestMappin			
poi	-1811.958	1578.384	10.578	ep1/points_of_interest/sandbox_activities/sa_ep1_92	gameJournalPointOfInterestMappin			
poi	-2047.213	2672.341	18.817	ep1/points_of_interest/sandbox_activities/sa_ep1_93	gameJournalPointOfInterestMappin			
poi	-973.104	2082.067	12.887	ep1/points_of_interest/sandbox_activities/sa_ep1_94	gameJournalPointOfInterestMappin			
poi	-2069.646	370.886	8.429	ep1/points_of_interest/sandbox_activities/sa_ep1_95	gameJournalPointOfInterestMappin			
poi	-2315.365	-95.827	8.113	ep1/points_of_interest/sandbox_activities/sa_ep1_96	gameJournalPointOfInterestMappin			
poi	-1867.162	204.094	7.531	ep1/points_of_interest/sandbox_activities/sa_ep1_97	gameJournalPointOfInterestMappin			
poi	-1739.529	680.517	10.902	ep1/points_of_interest/sandbox_activities/sa_ep1_98	gameJournalPointOfInterestMappin			
poi	-1310.419	225.119	7.18	ep1/points_of_interest/sandbox_activities/sa_ep1_99	gameJournalPointOfInterestMappin			
poi	-1530.387	449.395	8.059	ep1/points_of_interest/sandbox_activities/sa_ep1_100	gameJournalPointOfInterestMappin			
poi	-1457.053	682.481	8.94	ep1/points_of_interest/sandbox_activities/sa_ep1_101	gameJournalPointOfInterestMappin			
poi	-969.468	70.064	7.576	ep1/points_of_interest/sandbox_activities/sa_ep1_103	gameJournalPointOfInterestMappin			
poi	-2031.584	636.009	10.724	ep1/points_of_interest/sandbox_activities/sa_ep1_105	gameJournalPointOfInterestMappin			
poi	-2382.173	265.048	12.726	ep1/points_of_interest/sandbox_activities/sa_ep1_106	gameJournalPointOfInterestMappin			
poi	-1253.23	-221.06	8.073	ep1/points_of_interest/sandbox_activities/sa_ep1_107	gameJournalPointOfInterestMappin			
poi	-1619.081	-33.03	8.046	ep1/points_of_interest/sandbox_activities/sa_ep1_108	gameJournalPointOfInterestMappin			
poi	-1528.739	-215.992	8.176	ep1/points_of_interest/sandbox_activities/sa_ep1_109	gameJournalPointOfInterestMappin			
poi	-2392.499	43.759	12.292	ep1/points_of_interest/sandbox_activities/sa_ep1_110	gameJournalPointOfInterestMappin			
poi	-2269.398	-2171.725	11.963	ep1/points_of_interest/sandbox_activities/sa_ep1_208	gameJournalPointOfInterestMappin			
poi	-1784.312	-1578.921	25.449	ep1/points_of_interest/sandbox_activities/sa_ep1_209	gameJournalPointOfInterestMappin			
poi	-1281.817	-1605.837	44.308	ep1/points_of_interest/sandbox_activities/sa_ep1_210	gameJournalPointOfInterestMappin			
