# effet	boucle	duree_s	taille_approx_x;y;z (m)
base\entities\cameras\3dmap\3dmap_highlight_off.effect	non	0.25	0;0;0
base\entities\cameras\3dmap\3dmap_highlight_on.effect	non	0.25	0;0;0
base\environment\architecture\santo_domingo\arroyo\power_plant\fx_power_plant_tmp.particle	oui		40;40;65
base\fx\camera\blood\camera_blood_splatter.effect	non	10	1.01;1.01;1.02
base\fx\camera\blood\camera_blood_splatter.particle	non	10	1.01;1.01;1.02
base\fx\camera\braindance_scrolling_placeholder\p_braindace_scrolling.effect	non	0.14	2.06;2.06;2.12
base\fx\camera\braindance_scrolling_placeholder\p_braindace_scrolling.particle	non	0.2	2.06;2.06;2.12
base\fx\camera\braindance_sound_vision_mode\p_braindance_sound_vision_mode.effect	oui		1.5;1.5;2
base\fx\camera\braindance_sound_vision_mode\p_braindance_sound_vision_mode.particle	oui		1.5;1.5;2
base\fx\camera\charge_attack\charge_attack.effect	oui		3;3;3
base\fx\camera\charge_attack\charge_attack.particle	oui		1;1;1
base\fx\camera\cyberware\p_blood_pump_activate.effect	oui		0;0;0
base\fx\camera\cyberware\p_discharge_connector.effect	non	2	0;0;0
base\fx\camera\cyberware\p_health_monitor.effect	non	2	0;0;0
base\fx\camera\cyberware\p_heal_on_kill_activate.effect	oui		0;0;0
base\fx\camera\cyberware\p_memory_boost_activation.effect	non	1.4	1.06;1.06;1.12
base\fx\camera\cyberware\p_memory_boost_activation.particle	non	0.12	1.06;1.06;1.12
base\fx\camera\cyberware\p_memory_replinishment_activate.effect	non	2.06	0;0;0
base\fx\camera\cyberware\p_micro_generator_active.effect	oui		0;0;0
base\fx\camera\cyberware\p_optical_camo_activate.effect	oui		0;0;0
base\fx\camera\cyberware\p_reflex_recorder.effect	non	1	0;0;0
base\fx\camera\cyberware\p_second_heart_active.effect	oui		0;0;0
base\fx\camera\cyberware\p_stamina_regen_activate.effect	oui		0;0;0
base\fx\camera\cyberware\p_synaptic_accelerator.effect	non	1	0;0;0
base\fx\camera\c_loading_screen.effect	oui		26;26;51
base\fx\camera\c_loading_screen_glitches.particle	oui		1.03;1.03;1.05
base\fx\camera\c_loading_screen_main.particle	non	1000000	26;26;51
base\fx\camera\dialogue_skipping\p_dialogue_skipping.effect	oui		2.03;2.03;2.05
base\fx\camera\dialogue_skipping\p_dialogue_skipping.particle	oui		2.03;2.03;2.05
base\fx\camera\dialogue_skipping\p_dialogue_skipping_braindance.effect	oui		2.03;2.03;2.05
base\fx\camera\dialogue_skipping\p_dialogue_skipping_braindance.particle	oui		2.03;2.03;2.05
base\fx\camera\falling.effect	oui		0;0;0
base\fx\camera\fast_travel_glitch\fast_travel_glitch.effect	non	1.32	0;0;0
base\fx\camera\fast_travel_glitch\fast_travel_glitch_long.effect	non	2	0;0;0
base\fx\camera\fire_damage\camera_fire_damage.effect	non	0.75	0;0;0
base\fx\camera\fire_damage\camera_fire_damage.particle	non		0;0;0
base\fx\camera\fish_eye\p_fish_eye.effect	oui		0;0;0
base\fx\camera\focus_objects\fx_camera_connection.effect	oui		0.03;0.03;0.03
base\fx\camera\focus_objects\fx_camera_connection.particle	oui		0.03;0.03;0.03
base\fx\camera\focus_objects\fx_camera_connection_green.effect	oui		0.03;0.03;0.03
base\fx\camera\focus_objects\fx_camera_connection_green.particle	oui		0.03;0.03;0.03
base\fx\camera\focus_objects\fx_camera_connection_orange.effect	oui		0.03;0.03;0.03
base\fx\camera\focus_objects\fx_camera_connection_orange.particle	oui		0.03;0.03;0.03
base\fx\camera\focus_objects\fx_camera_connection_red.effect	oui		0.03;0.03;0.03
base\fx\camera\focus_objects\fx_camera_connection_red.particle	non	3600	0.03;0.03;0.03
base\fx\camera\focus_objects\fx_camera_connection_yellow.effect	oui		0.03;0.03;0.03
base\fx\camera\focus_objects\fx_camera_connection_yellow.particle	oui		0.03;0.03;0.03
base\fx\camera\focus_objects\fx_connection_ping.effect	oui		1;1;1
base\fx\camera\focus_objects\fx_connection_ping.particle	non	3600	1;1;1
base\fx\camera\focus_objects\fx_connection_reveal.effect	oui		0.03;0.03;0.03
base\fx\camera\focus_objects\fx_connection_reveal.particle	oui		0.03;0.03;0.03
base\fx\camera\focus_objects\fx_established_connection.effect	oui		0.03;0.03;0.03
base\fx\camera\focus_objects\fx_established_connection.particle	non	3600	0.03;0.03;0.03
base\fx\camera\focus_objects\fx_focus_clues_line.effect	oui		0.03;0.03;0.03
base\fx\camera\focus_objects\fx_focus_clues_line.particle	oui		0.03;0.03;0.03
base\fx\camera\focus_objects\fx_focus_object.effect	oui		3.5;3.5;6
base\fx\camera\focus_objects\fx_focus_object.particle	oui		3.5;3.5;6
base\fx\camera\focus_objects\fx_range_indicator.effect	oui		26;26;51
base\fx\camera\focus_objects\fx_range_indicator.particle	non	12222	26;26;51
base\fx\camera\focus_objects\fx_range_indicator_10x.effect	oui		26;26;51
base\fx\camera\focus_objects\fx_range_indicator_20x.effect	oui		26;26;51
base\fx\camera\focus_objects\fx_range_indicator_30x.effect	oui		26;26;51
base\fx\camera\focus_objects\fx_range_indicator_static.effect	oui		26;26;51
base\fx\camera\holocall\holocall_scan_lines.effect	oui		1.5;1.5;2
base\fx\camera\holocall\holocall_scan_lines.particle	oui		1.5;1.5;2
base\fx\camera\inventory_screen\camera_inventory_screen_switch_glitch.effect	non	0.52	1.2;1.2;1.4
base\fx\camera\inventory_screen\camera_inventory_screen_switch_glitch.particle	non	0.4	1.2;1.2;1.4
base\fx\camera\low_health\critical_health.effect	oui		1;1;1
base\fx\camera\low_health\critical_health.particle	oui		1;1;1
base\fx\camera\low_health\low_health.effect	oui		26;26;51
base\fx\camera\low_health\low_health.particle	oui		26;26;51
base\fx\camera\plazma_damage\plazma_damage.effect	non	0.75	1.43;1.43;1.85
base\fx\camera\plazma_damage\plazma_damage.particle	non	0.85	1.43;1.43;1.85
base\fx\camera\quick_scan\p_quick_scan.effect	non	1.5	1;1;1
base\fx\camera\quick_scan\p_quick_scan.particle	oui		1;1;1
base\fx\camera\reflex_buster\reflex_booster_green.particle	non	1.8	1.9;1.9;2.8
base\fx\camera\reflex_buster\reflex_booster_purple.particle	non	1.8	1.9;1.9;2.8
base\fx\camera\reflex_buster\reflex_booster_red.particle	non	1.8	1.9;1.9;2.8
base\fx\camera\reflex_buster\reflex_booster_yellow.particle	non	3.5	2.75;2.75;4.5
base\fx\camera\reflex_buster\reflex_buster.effect	non	3.04	2.75;2.75;4.5
base\fx\camera\reflex_buster\reflex_buster.particle	non	1.8	1.9;1.9;2.8
base\fx\camera\splinter_buff\radial_blur_skif.particle	non	1	2;2;3
base\fx\camera\splinter_buff\skiff_colorcorection.particle	non	7	4.5;4.5;8
base\fx\camera\splinter_buff\skif_buff_fx.effect	non	8.12	3.5;3.5;6
base\fx\camera\splinter_buff\splinter_buff.particle	non	0.7	3.4;3.4;4.8
base\fx\camera\splinter_buff\splinter_buff_fx.effect	non	6.85	3.5;3.5;6
base\fx\camera\splinter_buff\splinter_colorcorrection.particle	non	3	2.5;2.5;4
base\fx\camera\splinter_buff\splinter_colorcorrection_blue.particle	non	5	3.5;3.5;6
base\fx\camera\splinter_buff\splinter_colorcorrection_cyan.particle	non	5	3.5;3.5;6
base\fx\camera\splinter_buff\splinter_colorcorrection_gold.particle	non	5	3.5;3.5;6
base\fx\camera\splinter_buff\splinter_colorcorrection_red.particle	non	5	3.5;3.5;6
base\fx\camera\stagger_damage\long_stagger_damage.effect	oui		0;0;0
base\fx\camera\stagger_damage\stagger_damage.effect	non	1	0;0;0
base\fx\camera\time_skip_glitch\time_skip_glitch.effect	non	3	0;0;0
base\fx\camera\time_skip_glitch\time_skip_glitch_long.effect	non	6	0;0;0
base\fx\camera\water_onscreen\camera_water_splatter.effect	non	10	1.21;1.21;1.21
base\fx\camera\water_onscreen\camera_water_splatter.particle	non	5	1.21;1.21;1.21
base\fx\camera\zoom\empty_delete_after.particle	oui		0.6;0.6;1.1
base\fx\camera\zoom\zoom.effect	oui		3;3;5
base\fx\camera\zoom\zoom.particle	non	0.4	1.2;1.2;1.4
base\fx\camera\zoom\zoom_end.effect	non	1	1.2;1.2;1.4
base\fx\camera\zoom\zoom_end.particle	non	0.4	1.2;1.2;1.4
base\fx\camera\zoom\zoom_in.particle	oui		1.1;1.1;1.2
base\fx\camera\zoom\zoom_loop.particle	oui		3;3;5
base\fx\characters\boss_adam_shasher\ch_adam_shader_ground_indicator.particle	oui		0.3;0.3;0.3
base\fx\characters\boss_adam_shasher\ch_adam_smasher_after_hit.particle	oui		25.45;25.45;50.45
base\fx\characters\boss_adam_shasher\ch_adam_smasher_after_hit_fx.effect	non	14.7	25.45;25.45;50.45
base\fx\characters\boss_adam_shasher\ch_adam_smasher_arm_r.effect	oui		27;27;52
base\fx\characters\boss_adam_shasher\ch_adam_smasher_arm_r.particle	oui		2.24;2.24;4.07
base\fx\characters\boss_adam_shasher\ch_adam_smasher_bleeding_oil.particle	oui		2.01;2.01;2.52
base\fx\characters\boss_adam_shasher\ch_adam_smasher_bleeding_oil_decal.particle	oui		0.87;0.87;0.27
base\fx\characters\boss_adam_shasher\ch_adam_smasher_bleeding_oil_leg_r.particle	oui		2.26;2.26;3.01
base\fx\characters\boss_adam_shasher\ch_adam_smasher_broken.effect	oui		2.04;2.04;2.65
base\fx\characters\boss_adam_shasher\ch_adam_smasher_broken_02.effect	oui		2.04;2.04;2.65
base\fx\characters\boss_adam_shasher\ch_adam_smasher_broken_electrical.particle	oui		9;9;17.5
base\fx\characters\boss_adam_shasher\ch_adam_smasher_broken_fire.particle	oui		3.25;3.25;4.5
base\fx\characters\boss_adam_shasher\ch_adam_smasher_broken_groin.particle	oui		2.01;2.01;2.02
base\fx\characters\boss_adam_shasher\ch_adam_smasher_broken_leg.particle	oui		0.6;0.6;0.4
base\fx\characters\boss_adam_shasher\ch_adam_smasher_broken_smoke.particle	non	0.75	0.62;0.62;1
base\fx\characters\boss_adam_shasher\ch_adam_smasher_broken_smoke_wispy.particle	oui		3.72;3.72;5.45
base\fx\characters\boss_adam_shasher\ch_adam_smasher_detail_fire.particle	oui		0.88;0.88;0.9
base\fx\characters\boss_adam_shasher\ch_adam_smasher_equip.effect	non	2	0;0;0
base\fx\characters\boss_adam_shasher\ch_adam_smasher_equip.particle	non		0;0;0
base\fx\characters\boss_adam_shasher\ch_adam_smasher_explosion_launcher.effect	oui		25.35;25.35;50.35
base\fx\characters\boss_adam_shasher\ch_adam_smasher_explosion_launcher.particle	non	3	25.35;25.35;50.35
base\fx\characters\boss_adam_shasher\ch_adam_smasher_explosion_weakspot_debris.particle	non	3	10.75;10.75;19.99
base\fx\characters\boss_adam_shasher\ch_adam_smasher_foot_dust.effect	non	10.01	8.48;8.48;16.56
base\fx\characters\boss_adam_shasher\ch_adam_smasher_foot_dust.particle	non	8	8.48;8.48;16.56
base\fx\characters\boss_adam_shasher\ch_adam_smasher_ground_indicator.effect	oui		0.3;0.3;0.3
base\fx\characters\boss_adam_shasher\ch_adam_smasher_impact_armour.effect	non	1	3.14;3.14;6.27
base\fx\characters\boss_adam_shasher\ch_adam_smasher_impact_armour.particle	non	0.3	3.14;3.14;6.27
base\fx\characters\boss_adam_shasher\ch_adam_smasher_impact_rocket.effect	non	5	28;28;51
base\fx\characters\boss_adam_shasher\ch_adam_smasher_impact_rocket.particle	non	12	28;28;51
base\fx\characters\boss_adam_shasher\ch_adam_smasher_impact_weakspot.effect	non	1	3.47;3.47;6.94
base\fx\characters\boss_adam_shasher\ch_adam_smasher_impact_weakspot.particle	non	1	3.47;3.47;6.94
base\fx\characters\boss_adam_shasher\ch_adam_smasher_jump_land.effect	non	15	25.35;25.35;50.35
base\fx\characters\boss_adam_shasher\ch_adam_smasher_jump_land.particle	non	8	25.35;25.35;50.35
base\fx\characters\boss_adam_shasher\ch_adam_smasher_land_heavy.effect	non	15	25.35;25.35;50.35
base\fx\characters\boss_adam_shasher\ch_adam_smasher_land_heavy.particle	non	8	25.35;25.35;50.35
base\fx\characters\boss_adam_shasher\ch_adam_smasher_laser_aim.effect	oui		0;0;0
base\fx\characters\boss_adam_shasher\ch_adam_smasher_laser_aim.particle	non		0;0;0
base\fx\characters\boss_adam_shasher\ch_adam_smasher_lmg_muzzleflash.effect	non	3	22.74;22.74;45.47
base\fx\characters\boss_adam_shasher\ch_adam_smasher_lmg_muzzleflash.particle	non	1.5	22.74;22.74;45.47
base\fx\characters\boss_adam_shasher\ch_adam_smasher_luncher_smoke.particle	non	6	26.5;26.5;51.5
base\fx\characters\boss_adam_shasher\ch_adam_smasher_regenerating.effect	oui		1;1;1
base\fx\characters\boss_adam_shasher\ch_adam_smasher_regenerating.particle	oui		1;1;1
base\fx\characters\boss_adam_shasher\ch_adam_smasher_reload_diode.effect	non	8	6.78;6.78;12.57
base\fx\characters\boss_adam_shasher\ch_adam_smasher_reload_diode.particle	non	8	6.78;6.78;12.57
base\fx\characters\boss_adam_shasher\ch_adam_smasher_reload_lmg.effect	non	2	7.12;7.12;13.25
base\fx\characters\boss_adam_shasher\ch_adam_smasher_reload_lmg.particle	non	5	7.12;7.12;13.25
base\fx\characters\boss_adam_shasher\ch_adam_smasher_reload_lmg_02.effect	non	2	2.14;2.14;3.97
base\fx\characters\boss_adam_shasher\ch_adam_smasher_reload_lmg_02.particle	non	1.5	2.14;2.14;3.97
base\fx\characters\boss_adam_shasher\ch_adam_smasher_rocket_flap_bottom.particle	non	0.6	1.52;1.52;2.8
base\fx\characters\boss_adam_shasher\ch_adam_smasher_rocket_flap_heat.effect	non	7.93	26.5;26.5;51.5
base\fx\characters\boss_adam_shasher\ch_adam_smasher_rocket_flap_heat.particle	non	3	25.6;25.6;50.6
base\fx\characters\boss_adam_shasher\ch_adam_smasher_rocket_start.effect	non	1	1.01;1.01;1.01
base\fx\characters\boss_adam_shasher\ch_adam_smasher_rocket_start.particle	non	1.2	1.01;1.01;1.01
base\fx\characters\boss_adam_shasher\ch_adam_smasher_rocket_trail.effect	oui		1.01;1.01;1.01
base\fx\characters\boss_adam_shasher\ch_adam_smasher_rocket_trail.particle	non	1.2	1.01;1.01;1.01
base\fx\characters\boss_adam_shasher\ch_adam_smasher_sandevistan_teleport_end.effect	non	15	25.1;25.1;50.1
base\fx\characters\boss_adam_shasher\ch_adam_smasher_sandevistan_teleport_end.particle	non	8	25.1;25.1;50.1
base\fx\characters\boss_adam_shasher\ch_adam_smasher_sandevistan_teleport_start.effect	non	15	25.1;25.1;50.1
base\fx\characters\boss_adam_shasher\ch_adam_smasher_sandevistan_teleport_start.particle	non	8	25.1;25.1;50.1
base\fx\characters\boss_adam_shasher\ch_adam_smasher_shotgun_muzzleflash.effect	non	5.02	25.5;25.5;50.5
base\fx\characters\boss_adam_shasher\ch_adam_smasher_shotgun_muzzleflash.particle	non	2	25.5;25.5;50.5
base\fx\characters\boss_adam_shasher\ch_adam_smasher_smashed.effect	non	8.74	25.2;25.2;50.2
base\fx\characters\boss_adam_shasher\ch_adam_smasher_smashed.particle	non		0;0;0
base\fx\characters\boss_adam_shasher\ch_adam_smasher_smashed_02.particle	oui		1.05;1.05;1.9
base\fx\characters\boss_adam_shasher\ch_adam_smasher_smashed_arm.particle	non		0;0;0
base\fx\characters\boss_adam_shasher\ch_adam_smasher_smashed_burst.effect	non	3.52	2.34;2.34;3.49
base\fx\characters\boss_adam_shasher\ch_adam_smasher_smashed_burst.particle	non	4	25.3;25.3;50.3
base\fx\characters\boss_adam_shasher\ch_adam_smasher_smashed_cs.effect	non	14.7	25.2;25.2;50.2
base\fx\characters\boss_adam_shasher\ch_adam_smasher_smashed_leg.particle	non		0;0;0
base\fx\characters\boss_adam_shasher\ch_adam_smasher_takedown_arm_explode.effect	oui		26;26;51
base\fx\characters\boss_adam_shasher\ch_smasher_flare_charging.particle	oui		1.05;1.05;1.55
base\fx\characters\boss_adam_shasher\ch_smasher_gatling_charging.effect	non	1.57	1.05;1.65;1.1
base\fx\characters\boss_adam_shasher\ch_smasher_gatling_charging.particle	oui		1.05;1.65;1.1
base\fx\characters\boss_adam_shasher\ch_smasher_missile_charging.effect	oui		2.77;2.77;5.37
base\fx\characters\boss_adam_shasher\ch_smasher_missile_charging_02.effect	non	60	5.53;5.53;9.86
base\fx\characters\boss_adam_shasher\ch_smasher_missile_charging_03.effect	oui		3.76;3.76;7.51
base\fx\characters\boss_adam_shasher\ch_smasher_sandevistan_high.effect	oui		0;0;0
base\fx\characters\boss_adam_shasher\ch_smasher_sandevistan_low.effect	oui		0;0;0
base\fx\characters\boss_adam_shasher\ch_smasher_sandevistan_medium.effect	oui		0;0;0
base\fx\characters\boss_adam_shasher\ch_smasher_shotgun_charging.effect	oui		1.6;1.65;1.6
base\fx\characters\boss_adam_shasher\ch_smasher_shotgun_charging.particle	oui		1.05;1.65;1.1
base\fx\characters\boss_adam_shasher\ch_smasher_shotgun_charging_02.particle	oui		1.6;1.6;1.6
base\fx\characters\boss_adam_shasher\destruction_parts\ch_ground_sparks_decal.particle	non		0;0;0
base\fx\characters\boss_adam_shasher\destruction_parts\ch_hand_explode_takedown.particle	non	12	26;26;51
base\fx\characters\boss_adam_shasher\destruction_parts\ch_samsher_panel_hit.effect	non	1.82	5.02;5.02;9.95
base\fx\characters\boss_adam_shasher\destruction_parts\ch_smasher_after_explode.particle	non	0.88	1.83;1.83;2.66
base\fx\characters\boss_adam_shasher\destruction_parts\ch_smasher_broken_fire.particle	oui		2.04;2.04;2.65
base\fx\characters\boss_adam_shasher\destruction_parts\ch_smasher_explode_hand.effect	non	1	0;0;0
base\fx\characters\boss_adam_shasher\destruction_parts\ch_smasher_explode_hand.particle	non	2	25.3;25.3;50.3
base\fx\characters\boss_adam_shasher\destruction_parts\ch_smasher_explode_hand_dust.particle	non	12	27;27;52
base\fx\characters\boss_adam_shasher\destruction_parts\ch_smasher_explode_luncher_fire.particle	oui		2.04;2.04;2.65
base\fx\characters\boss_adam_shasher\destruction_parts\ch_smasher_explode_weakspot.effect	non	11.89	22;22;26.3
base\fx\characters\boss_adam_shasher\destruction_parts\ch_smasher_fire_destroy.particle	non	1.1	4.87;4.57;5.14
base\fx\characters\boss_adam_shasher\destruction_parts\ch_smasher_grende_bip.effect	non	1	16.9;16.9;32.92
base\fx\characters\boss_adam_shasher\destruction_parts\ch_smasher_hand_explode_takedown.particle	non	1	13.55;13.55;26.3
base\fx\characters\boss_adam_shasher\destruction_parts\ch_smasher_hand_fire.particle	oui		2.04;2.04;1.08
base\fx\characters\boss_adam_shasher\destruction_parts\ch_smasher_hand_fire_02.particle	oui		0.92;0.82;1.41
base\fx\characters\boss_adam_shasher\destruction_parts\ch_smasher_knife_hit.effect	non	7.3	2.78;2.78;5.28
base\fx\characters\boss_adam_shasher\destruction_parts\ch_smasher_knife_loop.particle	oui		2.04;2.04;2.7
base\fx\characters\boss_adam_shasher\destruction_parts\ch_smasher_knife_sparks.particle	non	2	2.78;2.78;5.28
base\fx\characters\boss_adam_shasher\destruction_parts\ch_smasher_panel_hit.particle	non	0.5	5.02;5.02;9.95
base\fx\characters\boss_adam_shasher\destruction_parts\ch_smasher_panel_rip.effect	non	3.95	2.34;2.34;3.49
base\fx\characters\boss_adam_shasher\destruction_parts\ch_smasher_panel_rip.particle	non	1.5	2.34;2.34;3.49
base\fx\characters\boss_adam_shasher\destruction_parts\ch_smasher_panel_throw.effect	non	3.52	25.2;25.2;50.2
base\fx\characters\boss_adam_shasher\destruction_parts\ch_smasher_plate.effect	non	3.95	25.25;25.25;50.25
base\fx\characters\boss_adam_shasher\destruction_parts\ch_smasher_plate.particle	oui		25.25;25.25;50.25
base\fx\characters\boss_adam_shasher\destruction_parts\ch_smasher_punch.effect	non	2	0.62;0.62;1
base\fx\characters\boss_adam_shasher\destruction_parts\ch_smasher_smashed_start.particle	non	1.2	25.2;25.2;50.2
base\fx\characters\boss_adam_shasher\destruction_parts\ch_smasher_sparks_hand_loop.effect	oui		25.2;25.2;50.2
base\fx\characters\boss_adam_shasher\destruction_parts\ch_smasher_sparks_hand_loop.particle	oui		3.25;3.25;5.1
base\fx\characters\boss_adam_shasher\destruction_parts\ch_smasher_sparks_hand_trigger.effect	non	9.05	3.5;3.5;6.5
base\fx\characters\boss_adam_shasher\destruction_parts\ch_smasher_sparks_hand_trigger.particle	non	3	3.5;3.5;6.5
base\fx\characters\boss_adam_shasher\destruction_parts\ch_smasher_sparks_panel_throw.particle	non	2.5	25.2;25.2;50.2
base\fx\characters\boss_adam_shasher\destruction_parts\ch_smasher_weakspot_explode.particle	non	4	22;22;26.3
base\fx\characters\boss_adam_shasher\destruction_parts\ch_smasher_weakspot_hit.effect	non	4.55	8.45;8.45;16.1
base\fx\characters\boss_adam_shasher\destruction_parts\ch_smasher_weakspot_hit.particle	non	5	8.45;8.45;16.1
base\fx\characters\boss_adam_shasher\destruction_parts\ch_smasher_weakspot_hit_02.effect	non	4.55	8.45;8.45;16.1
base\fx\characters\boss_adam_shasher\destruction_parts\ch_smasher_weakspot_hit_02.particle	non	5	8.45;8.45;16.1
base\fx\characters\boss_adam_shasher\destruction_parts\ch_smasher_weakspot_loop.particle	oui		2.04;2.04;1.08
base\fx\characters\boss_adam_shasher\destruction_parts\highlight_weakspot.effect	non	0.3	0;0;0
base\fx\characters\boss_adam_shasher\destruction_parts\q116_adam_destro_decal.particle	non	7	3.53;3.53;7.03
base\fx\characters\boss_adam_shasher\missile_luncher\ch_smasher_missile_start_gameplay.particle	non	2	18.57;18.57;35.89
base\fx\characters\boss_adam_shasher\missile_luncher\missile_luncher_start_shot_gameplay.effect	non	2.08	18.57;18.57;35.89
base\fx\characters\boss_adam_shasher\reload\smasher_reload_shotgun.particle	non	2	1.2;1.2;2.33
base\fx\characters\boss_animals\animals_boss_dust_falling.particle	oui		1.7;1.5;1.8
base\fx\characters\boss_animals\animals_boss_hit_ground_01.particle	non	9	25.24;25.24;50.4
base\fx\characters\boss_animals\animals_boss_hit_ground_light.particle	non	9	25.24;25.24;50.4
base\fx\characters\boss_animals\animals_boss_spark_weakspot.particle	non	0.5	5.08;5.08;10.15
base\fx\characters\boss_animals\animals_boss_throwing_weapon_hit.particle	non	4	25.24;25.24;50.4
base\fx\characters\boss_animals\animals_boss_walk_l.effect	non	8.03	3.68;3.68;6.86
base\fx\characters\boss_animals\animals_boss_weakspot_explode.effect	non	8.02	7.85;7.85;15.65
base\fx\characters\boss_animals\animals_boss_weakspot_explode.particle	non	3	7.85;7.85;15.65
base\fx\characters\boss_animals\animals_boss_weakspot_hit.effect	non	3.94	2.77;2.77;5.37
base\fx\characters\boss_animals\animals_boss_weakspot_hit.particle	non	0.63	2.77;2.77;5.37
base\fx\characters\boss_animals\animals_boss_weapon_after_attack.effect	non	2.27	5.24;5.24;10.16
base\fx\characters\boss_animals\animals_boss_weapon_concrete_impact.effect	non	6.89	7.13;7.13;13.79
base\fx\characters\boss_animals\animals_boss_weapon_hit_ground.effect	non	6.89	25.24;25.24;50.4
base\fx\characters\boss_animals\animals_boss_weapon_take_out.effect	non	2.27	5.4;5.4;10.32
base\fx\characters\boss_animals\animal_boss_dust_arena.particle	oui		18.86;18.86;16.23
base\fx\characters\boss_animals\animal_boss_dust_arena_small.particle	oui		15.58;15.58;6.14
base\fx\characters\boss_animals\animal_boss_dust_arena_small_02.particle	oui		10.16;10.16;11.81
base\fx\characters\boss_animals\animal_boss_dust_direction.effect	non	6.98	18.51;20.51;32.72
base\fx\characters\boss_animals\animal_boss_dust_mall_big.particle	oui		18.86;18.86;16.23
base\fx\characters\boss_animals\animal_boss_dust_mall_small.particle	oui		10.16;10.16;11.81
base\fx\characters\boss_animals\animal_boss_dust_mall_small_low.particle	oui		12.16;12.16;11.81
base\fx\characters\boss_animals\animal_boss_hit_ground_01.effect	non	14.86	25.24;25.24;50.4
base\fx\characters\boss_animals\animal_boss_leaf_dust.particle	oui		13.44;13.44;9.87
base\fx\characters\boss_animals\animal_boss_magazines_dust.particle	oui		1.86;1.86;3.32
base\fx\characters\boss_animals\animal_boss_throwning_weapon_hit.effect	non	2.5	25.24;25.24;50.4
base\fx\characters\boss_animals\animal_boss_walk_l.particle	non	1.5	2.99;2.99;5.47
base\fx\characters\boss_animals\animal_boss_walk_r.effect	non	7.98	3.68;3.68;6.86
base\fx\characters\boss_animals\animal_boss_walk_r_l.particle	non	1.5	3.68;3.68;6.86
base\fx\characters\boss_animals\animal_boss_weapon_after_attack.particle	non	4	5.24;5.24;10.16
base\fx\characters\boss_animals\animal_boss_weapon_charge_hit.particle	non	4	25.24;25.24;50.4
base\fx\characters\boss_animals\animal_boss_weapon_concrete_impact.particle	non	4	7.13;7.13;13.79
base\fx\characters\boss_animals\animal_boss_weapon_hit_ground.particle	non	4	25.24;25.24;50.4
base\fx\characters\boss_animals\animal_boss_weapon_take_out.particle	non	4	5.4;5.4;10.32
base\fx\characters\boss_animals\animal_boss_wepon_hit_charge.effect	non	3.97	25.24;25.24;50.4
base\fx\characters\boss_animals\animal_boss_wind_direction.particle	non	5	18.51;20.51;32.72
base\fx\characters\boss_animals\animal_hand_hit_ground.effect	non	7.09	25.24;25.24;50.4
base\fx\characters\boss_animals\animal_hand_hit_ground.particle	non	4	25.24;25.24;50.4
base\fx\characters\boss_animals\animal_hand_hit_ground_small.effect	non	7.09	25.24;25.24;50.4
base\fx\characters\boss_animals\animal_hand_hit_ground_small.particle	non	4	25.24;25.24;50.4
base\fx\characters\boss_animals\dash\animal_boss_dash.effect	non	6.98	20.91;21.71;39.72
base\fx\characters\boss_animals\dash\animal_boss_dash_close.particle	non	0.9	3.97;4.37;6.75
base\fx\characters\boss_animals\dash\animal_boss_dash_dust.particle	non	3	20.91;21.71;39.72
base\fx\characters\boss_animals\dash\animal_boss_dash_dust_l.particle	non	3	17.36;18.16;32.62
base\fx\characters\boss_animals\dash\animal_boss_dash_front.effect	non	3.51	10.73;10.93;20.17
base\fx\characters\boss_animals\dash\animal_boss_dash_front.particle	non	2	10.73;10.93;20.17
base\fx\characters\boss_animals\dash\animal_boss_dash_l.effect	non	6.98	17.36;18.16;32.62
base\fx\characters\boss_animals\dash\animal_boss_dash_short.effect	non	3.51	11.08;11.28;20.87
base\fx\characters\boss_animals\dash\animal_boss_dash_short_low.particle	non	2.5	11.08;11.28;20.87
base\fx\characters\boss_animals\dash\animal_boss_run_dust_dash.effect	non	2.49	0;0;0
base\fx\characters\boss_animals\dash\animal_boss_run_smoke_dash.particle	non		0;0;0
base\fx\characters\boss_animals\dash\animal_npc_dash_l.effect	non	6.98	15.61;16.41;29.12
base\fx\characters\boss_animals\dash\animal_npc_dash_l_smoke.particle	non	3	15.61;16.41;29.12
base\fx\characters\boss_animals\dash\animal_npc_dash_r.effect	non	6.98	15.61;16.41;29.12
base\fx\characters\boss_animals\dash\animal_npc_dash_r_smoke.particle	non	3	15.61;16.41;29.12
base\fx\characters\boss_animals\dash\animal_npc_fallback.effect	non	3.48	6.5;7.3;10.9
base\fx\characters\boss_animals\dash\animal_npc_fallback.particle	non	3.2	6.5;7.3;10.9
base\fx\characters\boss_animals\hammer\hammer_throw_ground_dust.effect	non	4.8	20.55;20.55;36.99
base\fx\characters\boss_animals\hammer\hammer_throw_ground_dust.particle	non	3.5	20.55;20.55;36.99
base\fx\characters\boss_animals\hammer\hammer_throw_ground_dust_loop.effect	non	4.8	20.55;20.55;36.99
base\fx\characters\boss_animals\hammer\hammer_throw_ground_smoke.effect	non	4.45	0;0;0
base\fx\characters\boss_animals\special_energy\animal_booss_charge_energy_01.particle	non		0;0;0
base\fx\characters\boss_animals\special_energy\animal_booss_charge_energy_off.particle	non	4.5	4.34;4.18;8.05
base\fx\characters\boss_animals\special_energy\animal_boss_energy.effect	non	4.8	0;0;0
base\fx\characters\boss_animals\special_energy\animal_boss_energy_off.effect	non	7.01	4.34;4.18;8.05
base\fx\characters\boss_animals\special_energy\animal_boss_energy_off_smoke.particle	oui		0.5;0.5;0.6
base\fx\characters\boss_animals\weakspot\animals_boss_weakspot_explode_sparks.particle	non	2	2.87;2.87;5.37
base\fx\characters\boss_animals\weakspot\animal_boss_weakspot_after_exp.particle	non	1.1	2.11;2.11;3.22
base\fx\characters\boss_animals\weakspot\animal_boss_weakspot_weak.effect	oui		1.74;1.74;3.47
base\fx\characters\boss_animals\weakspot\weakspot_explode.effect	non	15.04	2.87;2.87;5.37
base\fx\characters\boss_animals\weakspot\weakspot_explode_decal_smoke.particle	non	9	2.27;2.27;1.42
base\fx\characters\boss_animals\weakspot\weakspot_main_fx.particle	oui		1.74;1.74;3.47
base\fx\characters\boss_animals\weakspot\weakspot_takedown.effect	non	3.94	3.42;3.42;6.68
base\fx\characters\boss_animals\weakspot\weakspot_takedown.particle	non	0.9	3.42;3.42;6.68
base\fx\characters\boss_animals\weakspot\weakspot_weak_fx.particle	non		0;0;0
base\fx\characters\boss_animals\weakspot\weakspot_weak_main_fx.effect	non	1	0;0;0
base\fx\characters\boss_cyberninja\ch_cyberninja_blades_on.effect	oui		0;0;0
base\fx\characters\boss_cyberninja\ch_cyberninja_blade_fire.particle	non	0.85	2.27;2.27;4.19
base\fx\characters\boss_cyberninja\ch_cyberninja_blade_sparks.particle	non	1.5	3.74;3.74;7.13
base\fx\characters\boss_cyberninja\ch_cyberninja_cloak_healing.effect	oui		0;0;0
base\fx\characters\boss_cyberninja\ch_cyberninja_concrete_layer.effect	non	5	0;0;0
base\fx\characters\boss_cyberninja\ch_cyberninja_concrete_layer.particle	oui		1.2;1.2;1.2
base\fx\characters\boss_cyberninja\ch_cyberninja_enter_cloak.effect	non	1	0;0;0
base\fx\characters\boss_cyberninja\ch_cyberninja_exit_cloak.effect	non	2.25	1.25;1.25;1.5
base\fx\characters\boss_cyberninja\ch_cyberninja_foot_l.effect	non	7.98	0;0;0
base\fx\characters\boss_cyberninja\ch_cyberninja_foot_r.effect	non	7.98	0;0;0
base\fx\characters\boss_cyberninja\ch_cyberninja_hide_blade_sparks.effect	non	1.5	3.74;3.74;7.13
base\fx\characters\boss_cyberninja\ch_cyberninja_hide_blade_sparks_and_fire.effect	non	1.5	3.74;3.74;7.13
base\fx\characters\boss_cyberninja\ch_cyberninja_hit_body.effect	non	4.71	1.57;1.57;2.9
base\fx\characters\boss_cyberninja\ch_cyberninja_hit_head.effect	non	4.71	1.57;1.57;2.9
base\fx\characters\boss_cyberninja\ch_cyberninja_hit_head.particle	non	0.75	1.57;1.57;2.9
base\fx\characters\boss_cyberninja\ch_cyberninja_interferences.effect	non	0.15	0;0;0
base\fx\characters\boss_cyberninja\ch_cyberninja_mask_explode.effect	non	6	25.15;25.15;50.15
base\fx\characters\boss_cyberninja\ch_cyberninja_mask_explode.particle	non	5	25.15;25.15;50.15
base\fx\characters\boss_cyberninja\ch_cyberninja_mask_explode_anim.effect	non	6	1.43;1.33;1.47
base\fx\characters\boss_cyberninja\ch_cyberninja_mask_explode_electricity.particle	oui		1.43;1.33;1.47
base\fx\characters\boss_cyberninja\ch_cyberninja_screen_glitch.effect	non	0.25	0;0;0
base\fx\characters\boss_cyberninja\ch_cyberninja_screen_swipe.effect	oui		0;0;0
base\fx\characters\boss_cyberninja\ch_cyberninja_smoke_cement_bag.effect	non	4.98	8.25;7.1;11.21
base\fx\characters\boss_cyberninja\ch_cyberninja_smoke_cement_bag.particle	non	4	8.25;7.1;11.21
base\fx\characters\boss_cyberninja\ch_cyberninja_smoke_vanish.effect	non	5.28	27;27;52
base\fx\characters\boss_cyberninja\ch_cyberninja_smoke_vanish.particle	non	5	27;27;52
base\fx\characters\boss_cyberninja\ch_cyberninja_sparks_vanish.particle	non	0.1	0.66;0.66;1.02
base\fx\characters\boss_cyberninja\ch_cyberninja_trail_leap.effect	non	2.01	1.08;1.08;1.15
base\fx\characters\boss_cyberninja\ch_cyberninja_trail_leap.particle	non	0.15	1.08;1.08;1.15
base\fx\characters\boss_cyberninja\ch_cyberninja_weapon_trail.effect	non	1.26	1.08;1.08;1.15
base\fx\characters\boss_cyberninja\ch_cyberninja_weapon_trail.particle	non	0.15	1.08;1.08;1.15
base\fx\characters\boss_cyberninja\ch_oda_exit_cloak.particle	non	0.5	1.25;1.25;1.5
base\fx\characters\boss_cyberninja\e_candle_fire_violent.particle	oui		0.35;0.35;0.35
base\fx\characters\boss_cyberninja\e_candle_fire_violent_smoke.particle	oui		1.66;1.66;2.97
base\fx\characters\boss_cyberninja\sandevistan\ch_oda_sandevistan_loop.effect	oui		2.25;2.25;1.7
base\fx\characters\boss_cyberninja\sandevistan\ch_oda_sandevistan_refraction_multi.particle	oui		1;1;1
base\fx\characters\boss_cyberninja\sandevistan_trails\ch_cyberninja_narrow_red_trail.particle	oui		0.2;0.2;0.2
base\fx\characters\boss_cyberninja\sandevistan_trails\ch_cyberninja_narrow_white_trail.particle	oui		0.2;0.2;0.2
base\fx\characters\boss_cyberninja\sandevistan_trails\ch_cyberninja_sandevistan_trail.effect	oui		0.2;0.2;0.2
base\fx\characters\boss_cyberninja\sandevistan_trails\ch_cyberninja_wide_red_trail.particle	oui		0.2;0.2;0.2
base\fx\characters\common\brainhack\brainhack.effect	oui		7.5;7.5;12
base\fx\characters\common\brainhack\brainhack_blacksmoke.particle	oui		7.5;7.5;12
base\fx\characters\common\brainhack\brainhack_fire.particle	oui		0.47;0.47;0.74
base\fx\characters\common\brainhack\brainhack_fireball.particle	non	0.1	0.3;0.3;0.4
base\fx\characters\common\brainhack\brainhack_gasflare.particle	non	0.6	0.63;0.63;1.24
base\fx\characters\common\brainhack\brainhack_sparks_burst.particle	non	1	0.75;0.75;0.89
base\fx\characters\common\brainhack\brainhack_sparks_burst_back.particle	oui		0.53;0.53;0.97
base\fx\characters\common\brainhack\brainhack_sparks_burst_large.particle	non		0;0;0
base\fx\characters\common\brushing_teeth.effect	non	10	0.09;0.09;0.16
base\fx\characters\common\brushing_teeth.particle	oui		0.09;0.09;0.16
base\fx\characters\common\charged_jump\charged_jump.effect	non	5	1.35;1.35;2
base\fx\characters\common\charged_jump\charged_jump.particle	non	0.75	1.35;1.35;2
base\fx\characters\common\charged_jump\charged_jump_landing.particle	non	3	2.2;2.2;3.7
base\fx\characters\common\death\cs_npc_blood_puddle.effect	oui		0.9;0.9;0.9
base\fx\characters\common\death\npc_blood_limb.effect	non	9	3;3;4.65
base\fx\characters\common\death\npc_blood_limb_cyberflesh.effect	non	9	3;3;4.65
base\fx\characters\common\death\npc_blood_puddle.effect	non	120	0.75;0.75;0.75
base\fx\characters\common\death\npc_blood_puddle.particle	oui		0.75;0.75;0.75
base\fx\characters\common\death\npc_blood_puddle_dismemberment.effect	non	120	0.9;0.9;0.9
base\fx\characters\common\death\npc_blood_puddle_dismemberment.particle	oui		0.9;0.9;0.9
base\fx\characters\common\death\npc_cyber_blood_puddle.effect	non	120	0.75;0.75;0.75
base\fx\characters\common\death\npc_cyber_blood_puddle.particle	oui		0.75;0.75;0.75
base\fx\characters\common\death\npc_cyber_blood_puddle_dismemberment.effect	non	120	0.9;0.9;0.9
base\fx\characters\common\death\npc_cyber_blood_puddle_dismemberment.particle	oui		0.9;0.9;0.9
base\fx\characters\common\dismemberment\impact_blood_drip.particle	non	1	3;3;4.65
base\fx\characters\common\dismemberment\impact_blood_small_trail.effect	non	8.09	3.01;3.01;4.65
base\fx\characters\common\dismemberment\impact_blood_small_trail.particle	non	1.25	3.01;3.01;4.65
base\fx\characters\common\dismemberment\impact_sparks.effect	oui		3.84;3.84;7.56
base\fx\characters\common\dismemberment\impact_sparks.particle	oui		0.45;0.45;0.7
base\fx\characters\common\dismemberment\sparks_hand_burst.effect	oui		25.2;25.2;50.2
base\fx\characters\common\dismemberment\sparks_hand_burst.particle	non	1	1.65;1.65;3.25
base\fx\characters\common\dismemberment\sparks_loop.particle	non	0.1	0.87;0.87;1.74
base\fx\characters\common\dismemberment_cyberflesh\impact_blood_drip_cyberflesh.particle	non	1	3;3;4.65
base\fx\characters\common\dismemberment_cyberflesh\impact_blood_small_trail_cyberflesh.effect	non	8.09	3.01;3.01;4.65
base\fx\characters\common\dismemberment_cyberflesh\impact_blood_small_trail_cyberflesh.particle	non	1.25	3.01;3.01;4.65
base\fx\characters\common\dismemberment_cyberflesh\impact_sparks_cyberflesh.effect	oui		3.84;3.84;7.56
base\fx\characters\common\dismemberment_cyberflesh\impact_sparks_cyberflesh.particle	oui		0.45;0.45;0.7
base\fx\characters\common\dismemberment_cyberflesh\sparks_hand_burst_cyberflesh.effect	oui		25.2;25.2;50.2
base\fx\characters\common\dismemberment_cyberflesh\sparks_hand_burst_cyberflesh.particle	non	1	1.65;1.65;3.25
base\fx\characters\common\dismemberment_cyberflesh\sparks_loop_cyberflesh.particle	non	0.1	0.87;0.87;1.74
base\fx\characters\common\double_jump\ch_double_jump.effect	non	2.03	1.35;1.35;2
base\fx\characters\common\double_jump\ch_double_jump.particle	non	0.75	1.35;1.35;2
base\fx\characters\common\enviromental_takedown\ch_enviromental_takedown.effect	non	3.17	7.58;7.58;14.16
base\fx\characters\common\enviromental_takedown\ch_enviromental_takedown.particle	non	1.5	7.58;7.58;14.16
base\fx\characters\common\enviromental_takedown\ch_enviromental_takedown_censorship.particle	non	1.5	7.58;7.58;14.16
base\fx\characters\common\enviromental_takedown\ch_enviromental_takedown_vr.effect	non	3.17	7.58;7.58;14.16
base\fx\characters\common\enviromental_takedown\ch_enviromental_takedown_vr.particle	non	1.5	7.58;7.58;14.16
base\fx\characters\common\enviromental_takedown\ch_takedown_aerial.effect	non	60.46	9.57;9.57;18.15
base\fx\characters\common\enviromental_takedown\ch_takedown_aerial_blood.particle	non	9	9.57;9.57;18.15
base\fx\characters\common\eyes\ch_eye_flare.effect	oui		0.27;0.27;0.45
base\fx\characters\common\eyes\ch_eye_flare.particle	oui		0.27;0.27;0.45
base\fx\characters\common\eyes\eye_glitch.effect	oui		1;1;1
base\fx\characters\common\eyes\eye_glitch.particle	oui		1;1;1
base\fx\characters\common\eyes\eye_glow_blue.effect	oui		1;1;1
base\fx\characters\common\eyes\eye_glow_blue.particle	oui		1;1;1
base\fx\characters\common\eyes\eye_glow_blue_cutscene.effect	oui		1;1;1
base\fx\characters\common\eyes\eye_glow_blue_cutscene.particle	oui		1;1;1
base\fx\characters\common\eyes\eye_glow_blue_mr_x.effect	oui		1;1;1
base\fx\characters\common\eyes\eye_glow_blue_mr_x.particle	oui		1;1;1
base\fx\characters\common\eyes\eye_glow_gold.effect	oui		1;1;1
base\fx\characters\common\eyes\eye_glow_gold.particle	oui		1;1;1
base\fx\characters\common\eyes\eye_glow_purple.effect	oui		1;1;1
base\fx\characters\common\eyes\eye_glow_purple.particle	oui		1;1;1
base\fx\characters\common\eyes\eye_glow_red.effect	oui		1;1;1
base\fx\characters\common\eyes\eye_glow_red.particle	oui		1;1;1
base\fx\characters\common\eyes\maelstrom_eye_a.effect	non	42.5	1;1;1
base\fx\characters\common\eyes\maelstrom_eye_a.particle	non	50	1;1;1
base\fx\characters\common\eyes\maelstrom_eye_a_flicker.effect	non	27	1;1;1
base\fx\characters\common\eyes\maelstrom_eye_a_flicker.particle	oui		1;1;1
base\fx\characters\common\eyes\maelstrom_eye_b1.effect	non	27	1;1;1
base\fx\characters\common\eyes\maelstrom_eye_b1.particle	non	27	1;1;1
base\fx\characters\common\eyes\maelstrom_spiderbot_connect.effect	oui		1;1;1
base\fx\characters\common\eyes\maelstrom_spiderbot_connect.particle	non	3	1;1;1
base\fx\characters\common\eyes\spiderbot_connected.effect	oui		1;1;1
base\fx\characters\common\eyes\spiderbot_connected.particle	non	30	1;1;1
base\fx\characters\common\eyes\spiderbot_connecting.effect	oui		1;1;1
base\fx\characters\common\eyes\spiderbot_connecting.particle	oui		1;1;1
base\fx\characters\common\eyes\spiderbot_eyes_connect.effect	oui		1;1;1
base\fx\characters\common\eyes\spiderbot_eyes_connect.particle	non	3	1;1;1
base\fx\characters\common\foaming_mouth.particle	oui		0.12;0.12;0.22
base\fx\characters\common\human_shield\ch_human_shield.effect	non	2.5	2.56;2.56;4
base\fx\characters\common\human_shield\ch_human_shield.particle	non	3.5	2.56;2.56;4
base\fx\characters\common\retro_thrusters\ch_retro_thrusters.effect	oui		0.65;0.65;0.8
base\fx\characters\common\retro_thrusters\ch_retro_thrusters.particle	oui		0.65;0.65;0.8
base\fx\characters\common\sparks_burst_defib.particle	non	1	0.46;0.46;0.89
base\fx\characters\common\vomit\npc_vomit.effect	non	30	1.2;1.2;1.4
base\fx\characters\common\vomit\npc_vomit.particle	non	0.4	1.2;1.2;1.4
base\fx\characters\common\vomit\npc_vomit_splash.particle	non	0.5	1.15;1.15;1.2
base\fx\characters\common\water_impact\npc_water_big_impact.particle	non	2.4	5.06;5.06;9.12
base\fx\characters\common\water_impact\npc_water_impact.particle	non	2	4;4;7
base\fx\characters\common\water_impact\water_splash_npc.effect	non	5.15	5.06;5.06;9.12
base\fx\characters\hacks\ch_hacks_sparks_burst1.particle	non	1.5	2.78;2.78;5.28
base\fx\characters\hacks\ch_hacks_sparks_burst1b.particle	non	1.5	2.78;2.78;5.28
base\fx\characters\hacks\ch_hacks_sparks_burst2.particle	non	1.5	2.78;2.78;5.28
base\fx\characters\hacks\ch_hacks_sparks_burst3.particle	non	2	3.76;3.76;7.51
base\fx\characters\hacks\control\ch_hacks_cyberware_malfunction.effect	non	7.3	3.76;3.76;7.51
base\fx\characters\hacks\control\ch_hacks_cyberware_malfunction_var1.effect	non	3.34	3.76;3.76;7.51
base\fx\characters\hacks\control\ch_hacks_cyberware_malfunction_var2.effect	non	3.34	3.76;3.76;7.51
base\fx\characters\hacks\control\ch_hacks_locomotion_malfunction.effect	non	3.01	3.76;3.76;7.51
base\fx\characters\hacks\control\ch_hacks_locomotion_malfunction_var1.effect	non	3.01	3.76;3.76;7.51
base\fx\characters\hacks\control\ch_hacks_locomotion_malfunction_var2.effect	non	3.01	3.76;3.76;7.51
base\fx\characters\hacks\control\ch_hacks_optics_malfunction.effect	non	3.01	2.78;2.78;5.28
base\fx\characters\hacks\control\ch_hacks_optics_malfunction_var1.effect	non	3.01	3.76;3.76;7.51
base\fx\characters\hacks\control\ch_hacks_optics_malfunction_var2.effect	non	3.01	3.76;3.76;7.51
base\fx\characters\hacks\control\ch_hacks_weapon_malfunction.effect	non	4.55	3.76;3.76;7.51
base\fx\characters\hacks\control\ch_hacks_weapon_malfunction.particle	non	1.4	2.78;2.78;5.28
base\fx\characters\hacks\control\ch_hacks_weapon_malfunction_var1.effect	non	4.55	3.76;3.76;7.51
base\fx\characters\hacks\control\ch_hacks_weapon_malfunction_var2.effect	non	4.55	3.76;3.76;7.51
base\fx\characters\hacks\covert\ch_hacks_comms_noise.effect	oui		1;1;1
base\fx\characters\hacks\covert\ch_hacks_comms_noise_android.effect	oui		1;1;1
base\fx\characters\hacks\covert\ch_hacks_comms_noise_android_blue.particle	oui		1;1;1
base\fx\characters\hacks\covert\ch_hacks_comms_noise_android_red.particle	oui		1;1;1
base\fx\characters\hacks\covert\ch_hacks_comms_noise_blue.particle	oui		1;1;1
base\fx\characters\hacks\covert\ch_hacks_comms_noise_red.particle	oui		1;1;1
base\fx\characters\hacks\physical\ch_contagion_explosion.effect	non	8.97	17.01;17.01;32.37
base\fx\characters\hacks\physical\ch_contagion_explosion.particle	non	6	17.01;17.01;32.37
base\fx\characters\hacks\physical\ch_contagion_explosion_electricity.particle	non	0.25	1.5;1.5;1.5
base\fx\characters\hacks\physical\ch_hacks_brain_bolt.effect	non	10.09	2.78;2.78;5.28
base\fx\characters\hacks\physical\ch_hacks_brain_bolt.particle	non	2	2.78;2.78;5.28
base\fx\characters\hacks\physical\ch_hacks_brain_bolt_fire_sparks.particle	oui		5.53;5.53;9.86
base\fx\characters\hacks\physical\ch_hacks_brain_bolt_kill.effect	non	60	5.53;5.53;9.86
base\fx\characters\hacks\physical\ch_hacks_brain_bolt_kill_var1.effect	non	60	5.53;5.53;9.86
base\fx\characters\hacks\physical\ch_hacks_brain_bolt_kill_var2.effect	non	60	5.53;5.53;9.86
base\fx\characters\hacks\physical\ch_hacks_brain_bolt_smoke.particle	oui		0.24;0.24;0.37
base\fx\characters\hacks\physical\ch_hacks_brain_bolt_smoke_nose.particle	oui		0.34;0.34;0.37
base\fx\characters\hacks\physical\ch_hacks_contagion.effect	non	4.55	3.76;3.76;7.51
base\fx\characters\hacks\physical\ch_hacks_contagion_var1.effect	non	4.55	3.76;3.76;7.51
base\fx\characters\hacks\physical\ch_hacks_contagion_var2.effect	non	4.55	3.76;3.76;7.51
base\fx\characters\hacks\physical\ch_hacks_overheat_android.effect	oui		3.2;3.2;6.2
base\fx\characters\hacks\physical\ch_hacks_overheat_android.particle	oui		3.2;3.2;6.2
base\fx\characters\hacks\physical\ch_hacks_overheat_burst.particle	oui		3.91;3.91;4.02
base\fx\characters\hacks\physical\ch_hacks_overheat_lvl1.effect	oui		2.5;2.5;4
base\fx\characters\hacks\physical\ch_hacks_overheat_lvl2.effect	oui		3.91;3.91;4.02
base\fx\characters\hacks\ultimate\ch_hacks_system_collapse.effect	oui		3.76;3.76;7.51
base\fx\characters\hacks\ultimate\ch_hacks_system_collapse_var1.effect	oui		3.76;3.76;7.51
base\fx\characters\hacks\ultimate\ch_hacks_system_collapse_var2.effect	oui		3.76;3.76;7.51
base\fx\characters\hologram\hologram_status_glitched_off.effect	oui		0;0;0
base\fx\characters\hologram\hologram_status_glitched_on.effect	oui		0;0;0
base\fx\characters\main_npc\dex\i1_006_mf_slot__dex_cigar_tip_ember.effect	non	5	0;0;0
base\fx\characters\main_npc\johnny_silverhand\johnny_glitch_e3.effect	oui		11.5;11.5;21.5
base\fx\characters\main_npc\johnny_silverhand\johnny_glitch_idle_01.effect	oui		11.5;11.5;21.5
base\fx\characters\main_npc\johnny_silverhand\johnny_glitch_idle_01.particle	oui		11.5;11.5;21.5
base\fx\characters\main_npc\johnny_silverhand\johnny_glitch_idle_02.effect	oui		26;26;51
base\fx\characters\main_npc\johnny_silverhand\johnny_glitch_idle_03.effect	oui		26;26;51
base\fx\characters\main_npc\johnny_silverhand\johnny_glitch_idle_03.particle	oui		26;26;51
base\fx\characters\main_npc\johnny_silverhand\johnny_silverhand_appear_glitch.effect	non	2.25	2.25;2.25;3.5
base\fx\characters\main_npc\johnny_silverhand\johnny_silverhand_appear_glitch.particle	non	2.5	2.25;2.25;3.5
base\fx\characters\main_npc\johnny_silverhand\johnny_silverhand_gradient_effect.effect	non	620.46	2;2;3
base\fx\characters\main_npc\johnny_silverhand\johnny_silverhand_gradient_effect.particle	oui		2;2;3
base\fx\characters\main_npc\johnny_silverhand\johnny_silverhand_hand_overlay_appear.effect	non	2	0;0;0
base\fx\characters\main_npc\johnny_silverhand\johnny_silverhand_hand_overlay_default.effect	non	2	0;0;0
base\fx\characters\main_npc\johnny_silverhand\johnny_silverhand_hand_overlay_disappear.effect	non	2	0;0;0
base\fx\characters\main_npc\johnny_silverhand\johnny_silverhand_holo.effect	oui		0;0;0
base\fx\characters\main_npc\johnny_silverhand\johnny_silverhand_iddle_glitch_v003.particle	non		0;0;0
base\fx\characters\main_npc\johnny_silverhand\johnny_silverhand_iddle_v003.particle	non		0;0;0
base\fx\characters\main_npc\johnny_silverhand\johnny_silverhand_pixelsorter_particles.particle	non		0;0;0
base\fx\characters\main_npc\johnny_silverhand\johnny_spawn_fast.effect	non	1.03	1.5;1.5;1.5
base\fx\characters\main_npc\johnny_silverhand\johnny_spawn_fast.particle	non	0.9	1.5;1.5;1.5
base\fx\characters\main_npc\johnny_silverhand\johnny_spawn_normal.effect	non	2.75	1.5;1.5;1.5
base\fx\characters\main_npc\johnny_silverhand\johnny_spawn_normal.particle	non	2.5	1.5;1.5;1.5
base\fx\characters\main_npc\johnny_silverhand\johnny_spawn_slow.effect	non	5.11	1.5;1.5;1.5
base\fx\characters\main_npc\johnny_silverhand\johnny_spawn_slow.particle	non	4	1.5;1.5;1.5
base\fx\characters\main_npc\johnny_silverhand\johnny_teleport_end.effect	non	0.06	1.5;1.5;1.5
base\fx\characters\main_npc\johnny_silverhand\johnny_teleport_end.particle	non	0.06	1.5;1.5;1.5
base\fx\characters\main_npc\johnny_silverhand\johnny_teleport_start.effect	non	0.17	1.5;1.5;1.5
base\fx\characters\main_npc\johnny_silverhand\johnny_teleport_start.particle	non	0.17	1.5;1.5;1.5
base\fx\characters\main_npc\judy\judy_diving_suit_helmet_lensflare.effect	oui		1.3;1.3;1.3
base\fx\characters\main_npc\judy\judy_diving_suit_helmet_lensflare.particle	oui		1.3;1.3;1.3
base\fx\characters\main_npc\royce\royce_glowing_eyes.effect	oui		0;0;0
base\fx\characters\main_npc\royce\royce_glowing_eyes_attitudes_set.effect	oui		0;0;0
base\fx\characters\main_npc\royce\royce_glowing_eyes_flare.particle	oui		0.9;0.9;1.4
base\fx\characters\main_npc\royce\royce_headshot.effect	non	2	5.02;5.02;10.02
base\fx\characters\miniboss\ch_we_ep1_05_boss_electricity_body.effect	oui		2.45;2.45;4.7
base\fx\characters\miniboss\ch_we_ep1_05_boss_electricity_body.particle	oui		2.33;2.23;2.26
base\fx\characters\miniboss\ch_we_ep1_05_boss_electricity_flow.particle	oui		1.71;1.6;1.7
base\fx\characters\miniboss\ch_we_ep1_05_boss_electric_discharge.effect	non	16.29	7.81;7.81;15.32
base\fx\characters\miniboss\ch_we_ep1_05_boss_electric_discharge.particle	non	3	7.81;7.81;15.32
base\fx\characters\npc\abilities\ch_npc_ability_kerenzikov_center.effect	non	0.25	2.25;2.25;1.7
base\fx\characters\npc\abilities\ch_npc_ability_kerenzikov_center_loop.effect	oui		2.25;2.25;1.7
base\fx\characters\npc\abilities\ch_npc_ability_kerenzikov_left.effect	non	1	1.12;1.12;1.25
base\fx\characters\npc\abilities\ch_npc_ability_kerenzikov_left_loop.effect	oui		1.25;1.25;1.5
base\fx\characters\npc\abilities\ch_npc_ability_kerenzikov_right.effect	non	1	1.12;1.12;1.25
base\fx\characters\npc\abilities\ch_npc_sandevistan.effect	non	6	0;0;0
base\fx\characters\npc\abilities\ch_npc_sandevistan.particle	non		0;0;0
base\fx\characters\npc\abilities\ch_npc_sandevistan_blur_leftover.particle	oui		2;2;2
base\fx\characters\npc\abilities\ch_npc_sandevistan_center.effect	non	0.25	2.25;2.25;1.7
base\fx\characters\npc\abilities\ch_npc_sandevistan_center.particle	oui		2.25;2.25;1.7
base\fx\characters\npc\abilities\ch_npc_sandevistan_left.effect	non	3	0.75;0.75;1.4
base\fx\characters\npc\abilities\ch_npc_sandevistan_left.particle	non	1.3	0.75;0.75;1.4
base\fx\characters\npc\abilities\ch_npc_sandevistan_left_loop.particle	oui		1.25;1.25;1.5
base\fx\characters\npc\abilities\ch_npc_sandevistan_right.effect	non	3	0.75;0.75;1.4
base\fx\characters\npc\abilities\ch_npc_sandevistan_right.particle	non	1.3	0.75;0.75;1.4
base\fx\characters\npc\abilities\ch_npc_sandevistan_short_left.effect	non	0.25	1.12;1.12;1.25
base\fx\characters\npc\abilities\ch_npc_sandevistan_short_left.particle	non	0.25	1.12;1.12;1.25
base\fx\characters\npc\abilities\ch_npc_sandevistan_short_right.effect	non	0.25	1.12;1.12;1.25
base\fx\characters\npc\abilities\ch_npc_sandevistan_short_right.particle	non	0.25	1.12;1.12;1.25
base\fx\characters\npc\abilities\ch_npc_sandevistan_trail.effect	non	2	1.12;1.12;1.25
base\fx\characters\npc\abilities\ch_npc_sandevistan_trail.particle	oui		0.6;0.6;0.6
base\fx\characters\npc\abilities\ch_npc_sandevistan_trail_aberration.particle	oui		2;2;2
base\fx\characters\npc\abilities\ch_npc_sandevistan_trail_left.effect	non	2	2;2;2
base\fx\characters\npc\abilities\ch_npc_sandevistan_trail_left.particle	oui		0.6;0.6;0.6
base\fx\characters\npc\abilities\ch_npc_sandevistan_trail_only.particle	oui		0.2;0.2;0.2
base\fx\characters\npc\abilities\ch_npc_sandevistan_trail_only_flesh.particle	oui		0.2;0.2;0.2
base\fx\characters\npc\abilities\ch_npc_sandevistan_trail_only_thin.particle	oui		0.2;0.2;0.2
base\fx\characters\npc\abilities\ch_npc_sandevistan_trail_only_thin_boots.particle	oui		0.2;0.2;0.2
base\fx\characters\npc\abilities\ch_npc_sandevistan_trail_only_weakspot.particle	oui		0.2;0.2;0.2
base\fx\characters\npc\abilities\ch_npc_sandevistan_trail_right.effect	non	2	2;2;2
base\fx\characters\npc\abilities\ch_npc_sandevistan_trail_right.particle	oui		0.6;0.6;0.6
base\fx\characters\npc\abilities\npc_ability_kerenzikov.effect	oui		0.42;0.42;0.54
base\fx\characters\npc\abilities\npc_ability_kerenzikov.particle	oui		0.42;0.42;0.54
base\fx\characters\npc\cyberspace_teleport\ch_cyberspace_teleport_medium.effect	non	1	2.78;2.78;5.1
base\fx\characters\npc\cyberspace_teleport\ch_cyberspace_teleport_medium.particle	non	0.85	2.78;2.78;5.1
base\fx\characters\npc\hologram\hologram_hacked_glitch.effect	oui		0.5;0.5;0.5
base\fx\characters\npc\hologram\hologram_hacked_glitch.particle	oui		0.5;0.5;0.5
base\fx\characters\npc\kerenzikov\ch_kerenzikov_dodge_right.effect	non	1.1	3.7;3.7;6.2
base\fx\characters\npc\kerenzikov\ch_kerenzikov_dodge_right.particle	non	5	3.7;3.7;6.2
base\fx\characters\npc\maelstrom\maelstrom_glowing_eyes.effect	non	1.49	0;0;0
base\fx\characters\npc\maelstrom\maelstrom_glowing_eyes_flare.particle	oui		0.7;0.7;1.2
base\fx\characters\npc\maelstrom\maelstrom_glowing_on.effect	non	1.49	0;0;0
base\fx\characters\npc\officer_hannah\hannah_glowing_eyes.effect	non	3	2.2;2.2;4.2
base\fx\characters\npc\officer_hannah\hannah_glowing_eyes_flare.particle	non	4	2.2;2.2;4.2
base\fx\characters\npc\trauma_team\ch_trauma_team_helmet_lensflare.effect	oui		0.2;0.2;0.2
base\fx\characters\npc\trauma_team\ch_trauma_team_helmet_lensflare.particle	oui		0.2;0.2;0.2
base\fx\characters\npc\tygerclaws\ch_glow_proximity.effect	non	1	0;0;0
base\fx\characters\npc\tygerclaws\ch_glow_tattoo_constant.effect	oui		0;0;0
base\fx\characters\npc\tygerclaws\ch_glow_tattoo_fight.effect	oui		0;0;0
base\fx\characters\npc\_common\status_berserk.effect	oui		1.05;1.65;1.79
base\fx\characters\npc\_common\status_berserk.particle	non		0;0;0
base\fx\characters\npc\_common\status_berserk_taunt.effect	non	1.94	1.57;1.57;2.9
base\fx\characters\npc\_common\status_berserk_taunt.particle	non	0.75	1.57;1.57;2.9
base\fx\characters\npc\_common\status_berserk_taunt_electric.particle	non		0;0;0
base\fx\characters\npc\_common\status_bleeding.effect	oui		2.34;2.34;2.48
base\fx\characters\npc\_common\status_bleeding.particle	oui		2.34;2.34;2.48
base\fx\characters\npc\_common\status_blinded.effect	oui		1;1;1
base\fx\characters\npc\_common\status_blinded.particle	oui		1;1;1
base\fx\characters\npc\_common\status_burning.effect	oui		4.7;4.7;8.07
base\fx\characters\npc\_common\status_burning.particle	oui		1.52;1.52;2.05
base\fx\characters\npc\_common\status_burning_after.particle	oui		1.33;1.33;1.66
base\fx\characters\npc\_common\status_burning_old.effect	oui		4.7;4.7;8.07
base\fx\characters\npc\_common\status_burning_sparks_end.particle	oui		1.08;1.08;1.43
base\fx\characters\npc\_common\status_burning_v02.particle	oui		4.7;4.7;8.07
base\fx\characters\npc\_common\status_craving.effect	non	2	1.1;1.1;2.1
base\fx\characters\npc\_common\status_craving.particle	non	2	1.1;1.1;2.1
base\fx\characters\npc\_common\status_crippled.effect	non	2	1.1;1.1;2.1
base\fx\characters\npc\_common\status_crippled.particle	non	2	1.1;1.1;2.1
base\fx\characters\npc\_common\status_cyberware.effect	non	2	1.1;1.1;2.1
base\fx\characters\npc\_common\status_cyberware.particle	non	2	1.1;1.1;2.1
base\fx\characters\npc\_common\status_defeated.effect	non	10	0;0;0
base\fx\characters\npc\_common\status_defeated.particle	oui		0.6;0.6;0.6
base\fx\characters\npc\_common\status_drugged.effect	oui		3.25;3.25;6.25
base\fx\characters\npc\_common\status_drugged.particle	oui		3.25;3.25;6.25
base\fx\characters\npc\_common\status_effects\berserk\ch_berserk_status_effect_electric.particle	oui		1.05;1.65;1.1
base\fx\characters\npc\_common\status_effects\berserk\ch_berserk_status_effect_fire_character.particle	non		0;0;0
base\fx\characters\npc\_common\status_effects\berserk\ch_berserk_status_effect_smoke_character.particle	oui		1;1;1.79
base\fx\characters\npc\_common\status_effects\bleeding\ch_status_effect_bleeding.effect	oui		1.72;1.72;2.02
base\fx\characters\npc\_common\status_effects\bleeding\ch_status_effect_bleeding_blood.particle	oui		1.72;1.72;2.02
base\fx\characters\npc\_common\status_effects\bleeding\ch_status_effect_bleeding_decal.particle	oui		0.85;0.85;0.25
base\fx\characters\npc\_common\status_effects\braindance\ch_status_effect_braindance.effect	oui		0;0;0
base\fx\characters\npc\_common\status_effects\braindance\ch_status_effect_braindance_maelstorm.effect	oui		0;0;0
base\fx\characters\npc\_common\status_effects\burning\ch_burning_status_effect_fire_character.particle	oui		1.4;1.4;1.8
base\fx\characters\npc\_common\status_effects\burning\ch_burning_status_effect_fire_character_old.particle	oui		0.6;0.6;0.6
base\fx\characters\npc\_common\status_effects\burning\ch_burning_status_effect_smoke_character.particle	oui		2.5;2.5;4
base\fx\characters\npc\_common\status_effects\burning\ch_burning_status_effect_smoke_character_old.particle	oui		2.5;2.5;4
base\fx\characters\npc\_common\status_effects\disabled_comms\ch_disable_comms_status_effect.effect	non	9.04	0.87;0.87;1.74
base\fx\characters\npc\_common\status_effects\disabled_comms\ch_disable_comms_status_effect.particle	non	0.6	0.87;0.87;1.74
base\fx\characters\npc\_common\status_effects\disarmed\ch_status_effect_disarmed.effect	non	2.7	2.11;2.11;4.21
base\fx\characters\npc\_common\status_effects\disarmed\ch_status_effect_disarmed.particle	non	1.5	2.11;2.11;4.21
base\fx\characters\npc\_common\status_effects\electricuted\ch_electricuted_status_effect.effect	oui		2.43;2.33;3.2
base\fx\characters\npc\_common\status_effects\electricuted\ch_electricuted_status_effect.particle	oui		2.43;2.33;3.2
base\fx\characters\npc\_common\status_effects\emp\ch_emp_status_effect.effect	oui		1.65;1.65;3.25
base\fx\characters\npc\_common\status_effects\emp\ch_emp_status_effect.particle	oui		2.33;2.23;2.26
base\fx\characters\npc\_common\status_effects\emp\ch_emp_status_effect_loop.particle	non	0.6	0.87;0.87;1.74
base\fx\characters\npc\_common\status_effects\emp\ch_emp_status_effect_npc.effect	oui		5.2;5.2;9.97
base\fx\characters\npc\_common\status_effects\emp\ch_emp_status_effect_npc_var1.effect	oui		5.2;5.2;9.97
base\fx\characters\npc\_common\status_effects\emp\ch_emp_status_effect_smoke_character.particle	oui		2.45;2.45;4.7
base\fx\characters\npc\_common\status_effects\emp\ch_emp_status_effect_sparks_start.particle	non	1.5	5.2;5.2;9.97
base\fx\characters\npc\_common\status_effects\emp\ch_emp_status_effect_sparks_start_var1.particle	non	2	5.2;5.2;9.97
base\fx\characters\npc\_common\status_effects\emp\ch_status_emp.effect	oui		3.76;3.76;7.51
base\fx\characters\npc\_common\status_effects\heartattack\ch_status_effect_heartattack.effect	oui		2;2;2.15
base\fx\characters\npc\_common\status_effects\heartattack\ch_status_effect_heartattack.particle	oui		2;2;2.15
base\fx\characters\npc\_common\status_effects\poisoned\ch_status_effect_poisoned.effect	non	3.23	1.39;1.39;2.39
base\fx\characters\npc\_common\status_effects\poisoned\ch_status_effect_poisoned.particle	non	1.2	1.39;1.39;2.39
base\fx\characters\npc\_common\status_effects\poisoned\ch_status_effect_poisoned_smoke_breath.particle	oui		0.83;0.83;1.56
base\fx\characters\npc\_common\status_effects\poisoned\ch_status_effect_poisoned_smoke_small.particle	oui		0.52;0.32;0.44
base\fx\characters\npc\_common\status_effects\poisoned\ch_status_effect_poisoned_vomit.effect	non	9.8	1.37;1.37;1.79
base\fx\characters\npc\_common\status_effects\poisoned\ch_status_effect_poisoned_vomit.particle	non	1	1.37;1.37;1.79
base\fx\characters\npc\_common\status_effects\resistance_electricity\ch_electricity_resistance_arm.particle	non	1	3.25;3.25;5
base\fx\characters\npc\_common\status_effects\resistance_electricity\ch_electricity_resistance_leg.particle	non	1	3.25;3.25;5
base\fx\characters\npc\_common\status_effects\resistance_electricity\ch_electricity_resistance_status_effect.effect	non	1.64	3.25;3.25;5
base\fx\characters\npc\_common\status_effects\resistance_electricity\ch_electricity_resistance_torso.particle	non	0.2	2.3;2.3;2.4
base\fx\characters\npc\_common\status_effects\resistance_fire\ch_fire_resistance_fire_common.particle	non	1.2	3.4;3.4;5.8
base\fx\characters\npc\_common\status_effects\resistance_fire\ch_fire_resistance_status_effect.effect	non	2.15	3.4;3.4;5.8
base\fx\characters\npc\_common\status_effects\resistance_poison\ch_poison_resistance_poison_common.particle	non	1.2	0.92;0.92;1.44
base\fx\characters\npc\_common\status_effects\resistance_poison\ch_poison_resistance_status_effect.effect	non	3.5	0.92;0.92;1.44
base\fx\characters\npc\_common\status_effects\suicide\ch_status_effect_suicide_gun_npc.effect	non	3.01	10.33;10.33;20.31
base\fx\characters\npc\_common\status_effects\suicide\ch_status_effect_suicide_gun_npc.particle	non	1.8	10.33;10.33;20.31
base\fx\characters\npc\_common\status_effects\suicide\ch_status_effect_suicide_knife.effect	non	3.01	4;4;6.01
base\fx\characters\npc\_common\status_effects\suicide\ch_status_effect_suicide_knife.particle	non	4.5	4;4;6.01
base\fx\characters\npc\_common\status_healing.effect	non	2	1.1;1.1;2.1
base\fx\characters\npc\_common\status_healing.particle	non	2	1.1;1.1;2.1
base\fx\characters\npc\_common\status_ignition.effect	oui		1;1;1.5
base\fx\characters\npc\_common\status_ignition.particle	oui		1;1;1.5
base\fx\characters\npc\_common\status_knockdown.effect	non	2	1.1;1.1;2.1
base\fx\characters\npc\_common\status_knockdown.particle	non	2	1.1;1.1;2.1
base\fx\characters\npc\_common\status_poisoned.effect	oui		0.83;0.83;1.56
base\fx\characters\npc\_common\status_poisoned.particle	oui		0.55;0.55;0.7
base\fx\characters\npc\_common\status_stamina.effect	non	2	1.1;1.1;2.1
base\fx\characters\npc\_common\status_stamina.particle	non	2	1.1;1.1;2.1
base\fx\characters\npc\_common\status_stats_decreased.effect	non	2	1.1;1.1;2.1
base\fx\characters\npc\_common\status_stats_decreased.particle	non	2	1.1;1.1;2.1
base\fx\characters\npc\_common\status_stats_increased.effect	non	2	1.1;1.1;2.1
base\fx\characters\npc\_common\status_stats_increased.particle	non	2	1.1;1.1;2.1
base\fx\characters\npc\_common\status_stunned.effect	non	2.7	5.2;5.2;9.97
base\fx\characters\npc\_common\status_stunned.particle	non	1.5	5.2;5.2;9.97
base\fx\characters\npc\_common\status_wounded.effect	oui		2.5;2.5;3
base\fx\characters\npc\_common\status_wounded.particle	oui		2.5;2.5;3
base\fx\characters\npc\_common\status_wounded_cyberflesh.effect	oui		2.5;2.5;3
base\fx\characters\ozob\ch_ozob_head_explosion.effect	non	3	9.06;9.06;15.5
base\fx\characters\ozob\ch_ozob_head_explosion.particle	non	7	9.06;9.06;15.5
base\fx\characters\player\collar\sh0000_collar.effect	oui		0;0;0
base\fx\characters\player\collar\sh0290_collar.effect	oui		0;0;0
base\fx\characters\player\collar\sh0450_collar.effect	oui		0;0;0
base\fx\characters\player\collar\sh0489_collar.effect	oui		0;0;0
base\fx\characters\player\collar\sh0525_collar.effect	oui		0;0;0
base\fx\characters\player\combat\melee_sprint_attack_charging.particle	oui		2;2;2
base\fx\characters\player\combat\melee_sprint_attack_charging_02.particle	oui		3;3;3
base\fx\characters\player\combat\melee_sprint_attack_impact.particle	non	0.5	2;2;2
base\fx\characters\player\combat\melee_sprint_charge_attack.particle	non	0.5	2;2;2
base\fx\characters\player\door_force_open.particle	non	3.25	16.26;16.26;32.41
base\fx\characters\player\locomotion\climb.effect	non	1.18	3.2;3.2;6.2
base\fx\characters\player\locomotion\climb.particle	non	4	3.2;3.2;6.2
base\fx\characters\player\locomotion\slider_contact.effect	non	3.97	1;1;1.5
base\fx\characters\player\locomotion\slider_contact.particle	non	1	1;1;1.5
base\fx\characters\player\locomotion\slider_screen_fx.effect	non	2.09	0;0;0
base\fx\characters\player\locomotion\slider_smoke_puff.particle	non	4	13.47;13.47;26.73
base\fx\characters\player\locomotion\smoke_puff.effect	non	3.97	13.47;13.47;26.73
base\fx\characters\player\locomotion\sprint.effect	oui		0;0;0
base\fx\characters\player\locomotion\valut.effect	non	3.97	1;1;1.5
base\fx\characters\player\locomotion\valut.particle	non	1	1;1;1.5
base\fx\characters\player\locomotion\wallrun.effect	non	3.97	3.66;3.66;7.13
base\fx\characters\player\locomotion\wallrun.particle	oui		3.66;3.66;7.13
base\fx\characters\player\swimming_diving.effect	oui		1.35;1.35;1.7
base\fx\characters\player\swimming_diving.particle	non	2	0.93;0.93;1.37
base\fx\characters\player\swimming_diving_bubbles.particle	non	1.5	1;1;1
base\fx\characters\player\swimming_diving_mud.particle	oui		1.35;1.35;1.7
base\fx\characters\player\swimming_diving_stroke.effect	non	3.5	1;1;1
base\fx\characters\player\swimming_diving_stroke_fast.effect	non	3.5	1;1;1
base\fx\characters\player\swimming_enter_dive.effect	non	5	3.25;3.25;5.51
base\fx\characters\player\swimming_enter_dive.particle	non	1.5	3.25;3.25;5.51
base\fx\characters\player\swimming_enter_dive_bubbles.particle	non	0.6	1;1;1
base\fx\characters\player\swimming_enter_dive_world.particle	non	5	1.22;1.22;1.44
base\fx\characters\player\swimming_surface.effect	non	2	6.1;6.02;11.1
base\fx\characters\player\swimming_surface.particle	non	2	6.1;6.02;11.1
base\fx\characters\player\swimming_surface_stroke.effect	non	2	0.53;0.53;0.82
base\fx\characters\player\swimming_surface_stroke.particle	non	0.4	0.53;0.53;0.82
base\fx\characters\player\swimming_surface_stroke_fast.effect	non	2	1.23;1.23;1.67
base\fx\characters\player\swimming_surface_stroke_fast.particle	non	1	1.23;1.23;1.67
base\fx\characters\workspots\children\throwing_rocks\ch_workspot_throwing_rock.effect	non	3	1.78;1.78;2.57
base\fx\characters\workspots\children\throwing_rocks\ch_workspot_throwing_rock_grab.particle	non	3	1;1;1
base\fx\characters\workspots\children\throwing_rocks\ch_workspot_throwing_rock_throw.particle	non	0.7	1.78;1.78;2.57
base\fx\characters\workspots\ch_suicider_hit.effect	non	60	15.88;15.88;29.77
base\fx\characters\workspots\ch_suicider_hit.particle	non	10	15.88;15.88;29.77
base\fx\characters\workspots\homeless_pee\ch_pee.effect	oui		0.35;0.35;0.59
base\fx\characters\workspots\homeless_pee\ch_pee.particle	oui		0.35;0.35;0.59
base\fx\characters\workspots\sniffing_drugs\ch_sniffing_drugs_01.effect	oui		0.3;0.3;0.3
base\fx\characters\workspots\sniffing_drugs\ch_sniffing_drugs_01.particle	non	3600	0.3;0.3;0.3
base\fx\characters\workspots\sniffing_drugs\ch_sniffing_drugs_02.effect	oui		0.3;0.3;0.3
base\fx\characters\workspots\sniffing_drugs\ch_sniffing_drugs_02.particle	non	3600	0.3;0.3;0.3
base\fx\characters\_damage\ch_blood_mouth_grapple_kill.effect	non	3	1.72;1.72;1.95
base\fx\characters\_damage\ch_blood_mouth_grapple_kill.particle	non	0.2	1.72;1.72;1.95
base\fx\characters\_damage\ch_vehicle_hit.effect	non	60	15.88;15.88;29.77
base\fx\characters\_damage\impacts\character_armor\ch_imp_character_armor_norm.effect	non	4	10.67;10.67;21.33
base\fx\characters\_damage\impacts\character_armor\ch_imp_character_armor_norm.particle	non	4	10.67;10.67;21.33
base\fx\characters\_damage\impacts\character_cyberflesh\ch_body_explode_cyberflesh.effect	non	10	17.07;17.07;33.39
base\fx\characters\_damage\impacts\character_cyberflesh\ch_body_explode_cyberflesh.particle	non	5	3.6;3.6;6.2
base\fx\characters\_damage\impacts\character_cyberflesh\ch_head_explode_cyberflesh.effect	non	10	17.07;17.07;33.39
base\fx\characters\_damage\impacts\character_cyberflesh\ch_head_explode_cyberflesh.particle	non	10	10;10;19.01
base\fx\characters\_damage\impacts\character_cyberflesh\ch_hit_spray_cyberflesh.particle	non	0.3	2.41;2.41;3.91
base\fx\characters\_damage\impacts\character_cyberflesh\ch_meat_trails_cyberflesh.particle	oui		17.07;17.07;33.39
base\fx\characters\_damage\impacts\character_cyberflesh\imp_character_cyberflesh_refl_chainsword.effect	non	1.25	6;6;10.5
base\fx\characters\_damage\impacts\character_cyberflesh\imp_character_cyberflesh_refl_chainsword.particle	non	1.5	6;6;10.5
base\fx\characters\_damage\impacts\character_cyberflesh\imp_character_flesh_large_cyberflesh.effect	non	10	3.6;3.6;6.2
base\fx\characters\_damage\impacts\character_cyberflesh\imp_character_flesh_large_cyberflesh.particle	non	3.5	2.55;2.55;4.26
base\fx\characters\_damage\impacts\character_cyberflesh\imp_character_flesh_medium_cyberflesh.particle	non	3.5	3.55;3.55;6.26
base\fx\characters\_damage\impacts\character_cyberflesh\imp_character_flesh_norm_cyberflesh.effect	non	4	3.55;3.55;6.26
base\fx\characters\_damage\impacts\character_cyberflesh\imp_character_flesh_small_cyberflesh.effect	non	4	3.79;3.79;6.74
base\fx\characters\_damage\impacts\character_cyberflesh\imp_character_flesh_small_cyberflesh.particle	non	3.5	3.79;3.79;6.74
base\fx\characters\_damage\impacts\character_cyberflesh\imp_robot_sparks_small_cyberflesh.particle	non	3.5	7.36;7.36;13.73
base\fx\characters\_damage\impacts\character_cyberflesh\shotgun\imp_character_cyberflesh_shg.effect	non	4	7.36;7.36;13.73
base\fx\characters\_damage\impacts\character_cyberflesh\shotgun\imp_character_cyberflesh_shg.particle	non	3.5	7.36;7.36;13.73
base\fx\characters\_damage\impacts\character_flesh\ch_car_impact_character_flesh_01.effect	non	60	0;0;0
base\fx\characters\_damage\impacts\character_flesh\melee\imp_character_blood_fists_front.effect	non	1.99	2.63;2.63;3.76
base\fx\characters\_damage\impacts\character_flesh\melee\imp_character_blood_fists_front.particle	non	0.4	2.63;2.63;3.76
base\fx\characters\_damage\impacts\character_flesh\melee\imp_character_flesh_knife.effect	non	1	6.7;6.7;12.4
base\fx\characters\_damage\impacts\character_flesh\melee\imp_character_flesh_knife.particle	non	1.5	6.7;6.7;12.4
base\fx\characters\_damage\impacts\character_flesh\melee\imp_character_flesh_norm_chainsword.effect	non	1	3.82;3.82;6.64
base\fx\characters\_damage\impacts\character_flesh\melee\imp_character_flesh_norm_chainsword.particle	non	0.85	3.82;3.82;6.64
base\fx\characters\_damage\impacts\character_flesh\melee\imp_character_flesh_norm_katana.effect	non	1	3.82;3.82;6.64
base\fx\characters\_damage\impacts\character_flesh\melee\imp_character_flesh_norm_katana.particle	non	0.85	3.82;3.82;6.64
base\fx\characters\_damage\impacts\character_flesh\melee\imp_character_flesh_refl_chainsword.effect	non	1.25	6;6;10.5
base\fx\characters\_damage\impacts\character_flesh\melee\imp_character_flesh_refl_chainsword.particle	non	1.5	6;6;10.5
base\fx\characters\_damage\impacts\character_flesh\melee\imp_character_flesh_strong_arms.particle	non	0.85	3.65;3.65;5.81
base\fx\characters\_damage\impacts\character_flesh\shotgun\imp_character_flesh_shg.effect	non	10	7.36;7.36;13.73
base\fx\characters\_damage\impacts\character_flesh\shotgun\imp_character_flesh_shg.particle	non	3.5	7.36;7.36;13.73
base\fx\characters\_damage\impacts\character_flesh_head\ch_imp_character_flesh_head_norm.effect	non	10	10;10;19.01
base\fx\characters\_damage\impacts\character_flesh_head\ch_imp_character_flesh_head_norm.particle	non	7	8.54;8.54;15.58
base\fx\characters\_damage\impacts\character_flesh_head\melee\ch_imp_character_flesh_head_knife.effect	non	1	6.7;6.7;12.4
base\fx\characters\_damage\impacts\character_metal\ch_imp_character_metal_norm.effect	non	2	7.87;7.87;15.85
base\fx\characters\_damage\impacts\character_metal\ch_imp_character_metal_norm.particle	non	0.7	7.87;7.87;15.85
base\fx\characters\_damage\impacts\character_vr\ch_body_explode_vr.effect	non	10	13;13;25.24
base\fx\characters\_damage\impacts\character_vr\ch_body_explode_vr.particle	non	10	13;13;25.24
base\fx\characters\_damage\impacts\character_vr\ch_head_explode_vr.effect	non	10	12.66;12.66;23.31
base\fx\characters\_damage\impacts\character_vr\ch_head_explode_vr.particle	non	3.5	12.66;12.66;23.31
base\fx\characters\_damage\impacts\character_vr\imp_character_flesh_large_vr.effect	non	10	12.66;12.66;23.31
base\fx\characters\_damage\impacts\character_vr\imp_character_flesh_large_vr.particle	non	3.5	12.66;12.66;23.31
base\fx\characters\_damage\impacts\character_vr\imp_character_flesh_medium_vr.particle	non	3.5	11.61;11.61;22.21
base\fx\characters\_damage\impacts\character_vr\imp_character_flesh_norm_vr.effect	non	4	11.61;11.61;22.21
base\fx\characters\_damage\impacts\character_vr\imp_character_flesh_small_vr.effect	non	4	7.36;7.36;13.73
base\fx\characters\_damage\impacts\character_vr\imp_robot_sparks_small_vr.particle	non	3.5	7.36;7.36;13.73
base\fx\characters\_damage\impacts\ch_body_explode_001.effect	non	4	3.53;3.53;5.91
base\fx\characters\_damage\impacts\ch_body_explode_001.particle	non	5	3.53;3.53;5.91
base\fx\characters\_damage\impacts\ch_head_explode_001.effect	non	10	10;10;19.01
base\fx\characters\_damage\impacts\ch_head_explode_001.particle	non	10	10;10;19.01
base\fx\characters\_damage\impacts\ch_hit_spray.particle	non	0.3	2.63;2.63;4.14
base\fx\characters\_damage\impacts\ch_meat_trails.particle	oui		0.75;0.75;1.15
base\fx\characters\_damage\impacts\ch_wounded_state.particle	oui		0.27;0.27;0.27
base\fx\characters\_damage\impacts\cs_character_flesh_large.effect	non	3.53	10;10;19.01
base\fx\characters\_damage\impacts\cyberware_metal\ch_imp_character_cyberware_metal_norm.effect	non	1.51	7.87;7.87;15.85
base\fx\characters\_damage\impacts\cyberware_metal\ch_imp_character_cyberware_metal_norm.particle	non	0.7	7.87;7.87;15.85
base\fx\characters\_damage\impacts\cyberware_metal\melee\ch_imp_character_cyberware_metal_refl_chainsword.effect	non	1.51	5.26;5.26;10.51
base\fx\characters\_damage\impacts\cyberware_metal\melee\ch_imp_character_cyberware_metal_refl_chainsword.particle	non	0.8	5.26;5.26;10.51
base\fx\characters\_damage\impacts\cyberware_metal\melee\ch_imp_character_cyberware_metal_refl_chainsword_charge.particle	non	0.8	5.26;5.26;10.51
base\fx\characters\_damage\impacts\cyberware_metal_head\ch_imp_character_cyberware_metal_head_norm.effect	non	4	8.74;8.74;17.59
base\fx\characters\_damage\impacts\cyberware_metal_head\ch_imp_character_cyberware_metal_head_norm.particle	non	1.5	8.74;8.74;17.59
base\fx\characters\_damage\impacts\imp_character_decal_blood_streak.effect	non	20.06	0;0;0
base\fx\characters\_damage\impacts\imp_character_flesh_large.effect	non	10	3.53;3.53;5.91
base\fx\characters\_damage\impacts\imp_character_flesh_large.particle	non	3.5	2.83;2.83;4.53
base\fx\characters\_damage\impacts\imp_character_flesh_medium.particle	non	3.5	3.85;3.85;6.56
base\fx\characters\_damage\impacts\imp_character_flesh_medium_cs.particle	non	10	10;10;19.01
base\fx\characters\_damage\impacts\imp_character_flesh_norm.effect	non	10	3.85;3.85;6.56
base\fx\characters\_damage\impacts\imp_character_flesh_norm.particle	non	1.5	2.48;2.48;3.8
base\fx\characters\_damage\impacts\imp_character_flesh_small.effect	non	10	3.19;3.19;5.53
base\fx\characters\_damage\impacts\imp_character_flesh_small.particle	non	3.5	3.19;3.19;5.53
base\fx\characters\_damage\impacts\imp_robot_sparks_small.effect	non	1	1.81;1.81;3.47
base\fx\characters\_damage\impacts\imp_robot_sparks_small.particle	non	0.5	1.81;1.81;3.47
base\fx\characters\_damage\impacts\_splatters\ch_pseudo_piercing_splatter_01.effect	non	61	0;0;0
base\fx\characters\_damage\impacts\_splatters\ch_pseudo_piercing_splatter_02.effect	non	61	0;0;0
base\fx\characters\_damage\impacts\_splatters\ch_surrounding_splatter_01.effect	non	61	0;0;0
base\fx\characters\_damage\piercing\character_cyberflesh\ch_finisher_blood_cyberflesh.effect	non	3.5	8.48;8.48;14.11
base\fx\characters\_damage\piercing\character_cyberflesh\ch_finisher_blood_cyberflesh.particle	non	1.5	8.48;8.48;14.11
base\fx\characters\_damage\piercing\character_cyberflesh\ch_hole_head_cyberflesh.particle	non	3.5	4.92;4.92;9.55
base\fx\characters\_damage\piercing\character_cyberflesh\ch_hole_head_left_cyberflesh.effect	non	10	10;10;19.01
base\fx\characters\_damage\piercing\character_cyberflesh\ch_hole_head_right_cyberflesh.effect	non	10	10;10;19.01
base\fx\characters\_damage\piercing\character_cyberflesh\ch_piercing_character_cyberflesh.effect	non	3.5	4.92;4.92;9.55
base\fx\characters\_damage\piercing\character_cyberflesh\ch_piercing_character_cyberflesh.particle	non	2	4.92;4.92;9.55
base\fx\characters\_damage\piercing\character_cyberflesh\ch_piercing_character_flesh_splatter_far_01_cyberflesh.effect	non	60	0;0;0
base\fx\characters\_damage\piercing\character_cyberflesh\ch_piercing_character_flesh_splatter_far_02_cyberflesh.effect	non	60	0;0;0
base\fx\characters\_damage\piercing\character_cyberflesh\ch_piercing_character_flesh_splatter_near_01_cyberflesh.effect	non	60	0;0;0
base\fx\characters\_damage\piercing\character_flesh\ch_blood_mist.effect	non	3.5	1.65;1.65;2.95
base\fx\characters\_damage\piercing\character_flesh\ch_blood_mist.particle	non	1.5	1.65;1.65;2.95
base\fx\characters\_damage\piercing\character_flesh\ch_blood_mist_local_space.effect	non	3.5	2.19;2.19;4.02
base\fx\characters\_damage\piercing\character_flesh\ch_blood_mist_local_space.particle	non	1.5	2.19;2.19;4.02
base\fx\characters\_damage\piercing\character_flesh\ch_finisher_blood.effect	non	3.5	3.81;3.81;6.97
base\fx\characters\_damage\piercing\character_flesh\ch_finisher_blood.particle	non	1.5	8.48;8.48;14.11
base\fx\characters\_damage\piercing\character_flesh\ch_hole_head.particle	non	3.5	4.92;4.92;9.55
base\fx\characters\_damage\piercing\character_flesh\ch_hole_head_left.effect	non	10	10;10;19.01
base\fx\characters\_damage\piercing\character_flesh\ch_hole_head_right.effect	non	10	10;10;19.01
base\fx\characters\_damage\piercing\character_flesh\ch_piercing_character.effect	non	3.5	3.81;3.81;6.97
base\fx\characters\_damage\piercing\character_flesh\ch_piercing_character.particle	non	3	3.81;3.81;6.97
base\fx\characters\_damage\piercing\character_flesh\ch_piercing_character_flesh_splatter_far_01.effect	non	60	0;0;0
base\fx\characters\_damage\piercing\character_flesh\ch_piercing_character_flesh_splatter_far_02.effect	non	60	0;0;0
base\fx\characters\_damage\piercing\character_flesh\ch_piercing_character_flesh_splatter_near_01.effect	non	60	0;0;0
base\fx\characters\_damage\piercing\character_flesh\ch_piercing_character_local_space.effect	non	3.5	4.92;4.92;9.55
base\fx\characters\_damage\piercing\character_flesh\ch_piercing_character_local_space.particle	non	2	4.92;4.92;9.55
base\fx\characters\_damage\piercing\character_flesh_head\ch_piercing_character_flesh_head_splatter_far_01.effect	non	60	0;0;0
base\fx\characters\_damage\piercing\character_flesh_head\ch_piercing_character_flesh_head_splatter_far_02.effect	non	60	0;0;0
base\fx\characters\_damage\piercing\character_flesh_head\ch_piercing_character_flesh_head_splatter_near_01.effect	non	60	0;0;0
base\fx\characters\_damage\piercing\character_flesh_head\ch_piercing_character_flesh_head_splatter_near_02.effect	non	60	0;0;0
base\fx\devices\air_conditioner\d_air_conditioner_sparks.particle	oui		4.02;4.02;8.03
base\fx\devices\air_conditioner\d_air_conditioner_steam.effect	oui		4.02;4.02;8.03
base\fx\devices\air_conditioner\d_air_conditioner_steam_distraction.effect	oui		4.02;4.02;8.03
base\fx\devices\air_conditioner\d_air_conditioner_steam_long.effect	oui		4.02;4.02;8.03
base\fx\devices\air_conditioner\d_air_conditioner_steam_long.particle	oui		1.24;2.24;1.48
base\fx\devices\air_conditioner\d_air_conditioner_steam_small.effect	oui		4.02;4.02;8.03
base\fx\devices\air_conditioner\d_steam_ac_unit.effect	oui		2.42;2.82;3.14
base\fx\devices\air_conditioner\d_steam_ac_unit_distraction.effect	oui		2.42;2.82;3.14
base\fx\devices\alarm\d_alaram_destroy_glass.effect	non	3	1.89;1.89;3.48
base\fx\devices\alarm\d_alarm_destroy_glass.particle	non	3	1.89;1.89;3.48
base\fx\devices\anaesthetic_gun\d_anaesthetic_gun_smoke.effect	non	6	1.27;1.27;1.54
base\fx\devices\anaesthetic_gun\d_anaesthetic_gun_smoke.particle	non	1	1.27;1.27;1.54
base\fx\devices\angle_polisher\angle_polisher.effect	oui		0.1;0.1;0.1
base\fx\devices\angle_polisher\angle_polisher.particle	oui		0.1;0.1;0.1
base\fx\devices\antena_base_explosive\antena_spark_broken.particle	oui		2.53;2.33;2.6
base\fx\devices\antena_base_explosive\d_antena_base_explosive_core.particle	non	4	25.3;25.3;50.3
base\fx\devices\antena_base_explosive\d_antena_base_explosive_explosion.effect	non	10.16	26.5;26.5;51.5
base\fx\devices\antena_base_explosive\d_antena_base_explosive_explosion.particle	non	3.5	26.5;26.5;51.5
base\fx\devices\antena_base_explosive\d_antena_broken_vfx.effect	oui		4.02;4.02;8.03
base\fx\devices\arcade_machine\d_arcade_machine_smoke.particle	non	5	1.7;1.7;3.2
base\fx\devices\arcade_machine\d_arcade_machine_sparks.effect	non	12.49	4.35;4.35;8.49
base\fx\devices\arcade_machine\d_arcade_machine_sparks.particle	oui		4.02;4.02;8.03
base\fx\devices\bathtub_ice\d_bathtub_ice_smoke_pouring.particle	oui		4.73;3.93;6.66
base\fx\devices\bathtub_ice\d_bathtub_ice_smoke_pouring_oriented.particle	oui		4.73;3.73;6.66
base\fx\devices\boot_thrusters\d_boot_thruster.effect	oui		10;10;10
base\fx\devices\boot_thrusters\d_boot_thruster.particle	oui		10;10;10
base\fx\devices\boot_thrusters\d_boot_thruster_burst.effect	non	1.5	10;10;10
base\fx\devices\boot_thrusters\d_boot_thruster_burst_rogue_weyland_hack.effect	non	1.5	10;10;10
base\fx\devices\boot_thrusters\d_boot_thruster_cs.particle	oui		10;10;10.25
base\fx\devices\boot_thrusters\d_boot_thruster_holo_jump.effect	oui		10;10;10
base\fx\devices\bottle\d_bottle_beer_open.effect	non	12	0.35;0.35;0.6
base\fx\devices\bottle\d_bottle_beer_open.particle	non	3.5	0.35;0.35;0.6
base\fx\devices\braindance\braindance_device.effect	oui		0;0;0
base\fx\devices\braindance\d_braindance_device.effect	oui		1.01;1;1.01
base\fx\devices\braindance\d_braindance_device.particle	non	0.8	1.01;1;1.01
base\fx\devices\braindance\d_braindance_device_calibrated.effect	oui		0;0;0
base\fx\devices\braindance\d_braindance_device_power_on.effect	oui		0;0;0
base\fx\devices\braindance\d_braindance_device_tpp.effect	oui		1;1;1
base\fx\devices\braindance\d_braindance_device_tpp.particle	oui		1;1;1
base\fx\devices\broken_car\d_disposal_broken_car.effect	non	3	10.92;10.92;22.33
base\fx\devices\broken_car\d_disposal_broken_car.particle	oui		10.92;10.92;22.33
base\fx\devices\broken_car\d_disposal_broken_car_distraction.effect	oui		4.76;4.76;8.03
base\fx\devices\broken_car\d_disposal_broken_car_galena.effect	non	3	7.31;7.31;15.32
base\fx\devices\broken_car\d_disposal_broken_car_galena.particle	oui		7.31;7.31;15.32
base\fx\devices\calumet\d_calumet_smoke.effect	oui		4.2;4.2;7.2
base\fx\devices\camera\d_camera_broken.effect	oui		13.11;13.11;25.42
base\fx\devices\camera\d_camera_broken.particle	non	2.5	13.11;13.11;25.42
base\fx\devices\camera\d_camera_broken_loop.particle	oui		4.02;4.02;8.03
base\fx\devices\camera\d_camera_photo.particle	oui		2.05;2.05;2.1
base\fx\devices\camera\d_camera_recording_diode.particle	oui		1;1;1
base\fx\devices\camera\d_camera_transition_effect_start.effect	non	0.61	2.75;2.75;4.5
base\fx\devices\camera\d_camera_transition_effect_start.particle	non	0.35	2.75;2.75;4.5
base\fx\devices\camera\d_camera_transition_effect_start_long.effect	non	5.4	2.25;2.25;3.5
base\fx\devices\camera\d_camera_transition_effect_start_long.particle	non	1.3	2.25;2.25;3.5
base\fx\devices\camera\d_camera_transition_effect_stop.effect	non	3.2	3;3;5
base\fx\devices\camera\d_camera_transition_effect_stop.particle	non	0.4	3;3;5
base\fx\devices\car_container\d_sq031_car_container.effect	non	3.06	15.72;10.72;12.12
base\fx\devices\car_container\d_sq031_car_container.particle	non	3	15.72;10.72;12.12
base\fx\devices\car_container\d_sq031_car_container_01.effect	non	3.65	5.27;5.85;5.52
base\fx\devices\car_container\d_sq031_car_container_01.particle	oui		5.27;5.85;5.52
base\fx\devices\car_lift\d_car_lift_hacked.effect	non	2.5	3.28;3.28;6.4
base\fx\devices\car_lift\d_car_lift_sparks_burst.particle	non	2.5	3.28;3.28;6.4
base\fx\devices\catwalk\d_catwalk_impact.effect	non	5	26;26;51
base\fx\devices\catwalk\d_catwalk_impact.particle	non	2.5	26;26;51
base\fx\devices\chest_press_machine\d_chest_press_dust.effect	non	8	12.61;12.61;23.21
base\fx\devices\chest_press_machine\d_chest_press_dust.particle	non	5	12.61;12.61;23.21
base\fx\devices\chest_press_machine\d_chest_press_dust_light.effect	non	8	1.6;1.6;1.2
base\fx\devices\chest_press_machine\d_chest_press_dust_light.particle	non	5	1.6;1.6;1.2
base\fx\devices\chest_press_machine\d_chest_press_sparks.effect	non	1	5.71;5.71;11.22
base\fx\devices\chest_press_machine\d_chest_press_sparks.particle	non	0.7	5.71;5.71;11.22
base\fx\devices\chest_press_machine\d_chest_press_sparks_trail.effect	non	2	3.79;3.79;7.56
base\fx\devices\chest_press_machine\d_chest_press_sparks_trail.particle	non	0.8	3.79;3.79;7.56
base\fx\devices\chinese_lantern\d_chinese_lantern_flame.effect	oui		0.31;0.31;0.32
base\fx\devices\cigarette\colors\cigarette_smoke_green.effect	non	5.14	6.03;6.03;11.01
base\fx\devices\cigarette\colors\cigarette_smoke_green.particle	oui		6.03;6.03;11.01
base\fx\devices\cigarette\colors\cigarette_smoke_pink.effect	non	5.14	6.03;6.03;11.01
base\fx\devices\cigarette\colors\cigarette_smoke_pink.particle	oui		6.03;6.03;11.01
base\fx\devices\cigarette\colors\cigarette_smoke_yellow.effect	non	5.14	3.4;3.4;6.4
base\fx\devices\cigarette\colors\cigarette_smoke_yellow.particle	oui		6.03;6.03;11.01
base\fx\devices\cigarette\colors\exhaust_normal_green.effect	non	5.01	3.4;3.4;6.4
base\fx\devices\cigarette\colors\exhaust_normal_pink.effect	non	5.01	3.4;3.4;6.4
base\fx\devices\cigarette\colors\exhaust_normal_smoke_green.particle	non	5	3.4;3.4;6.4
base\fx\devices\cigarette\colors\exhaust_normal_smoke_pink.particle	non	5	3.4;3.4;6.4
base\fx\devices\cigarette\colors\exhaust_normal_smoke_yellow.particle	non	5	3.4;3.4;6.4
base\fx\devices\cigarette\colors\exhaust_normal_yellow.effect	non	5.01	3.4;3.4;6.4
base\fx\devices\cigarette\colors\exhaust_small_green.effect	non	4.56	1.9;1.9;3.4
base\fx\devices\cigarette\colors\exhaust_small_pink.effect	non	4.56	1.9;1.9;3.4
base\fx\devices\cigarette\colors\exhaust_small_smoke_green.particle	non	2	1.9;1.9;3.4
base\fx\devices\cigarette\colors\exhaust_small_smoke_pink.particle	non	2	1.9;1.9;3.4
base\fx\devices\cigarette\colors\exhaust_small_smoke_yellow.particle	non	2	1.9;1.9;3.4
base\fx\devices\cigarette\colors\exhaust_small_yellow.effect	non	4.56	1.9;1.9;3.4
base\fx\devices\cigarette\d_cigarette_ember.effect	non	3.02	0;0;0
base\fx\devices\cigarette\d_cigarette_ember_flicked.effect	non	8	0.6;0.6;1.2
base\fx\devices\cigarette\d_cigarette_ember_flicked.particle	oui		0.6;0.6;1.2
base\fx\devices\cigarette\d_cigarette_ember_flicked_short.effect	non	2	0.6;0.6;1.2
base\fx\devices\cigarette\d_cigarette_ember_johnny.effect	non	3.85	0;0;0
base\fx\devices\cigarette\d_cigarette_ember_off.effect	oui		0;0;0
base\fx\devices\cigarette\d_cigarette_ember_passive.effect	oui		0;0;0
base\fx\devices\cigarette\d_cigarette_ember_pink.effect	non	4	0;0;0
base\fx\devices\cigarette\d_cigarette_johnny_glich.effect	non	2.5	2.29;2.36;3.5
base\fx\devices\cigarette\d_cigarette_johnny_glich.particle	non	2.5	2.29;2.36;3.5
base\fx\devices\cigarette\d_cigarette_smoke_area.particle	oui		16;16;22
base\fx\devices\cigarette\d_cigarette_smoke_area_slow.particle	oui		7.6;7.6;10.2
base\fx\devices\cigarette\d_cigarette_smoke_car.effect	non	5.14	3.62;3.62;6.22
base\fx\devices\cigarette\d_cigarette_smoke_car.particle	oui		3.62;3.62;6.22
base\fx\devices\cigarette\d_cigarette_smoke_car_ambient.effect	oui		13.06;13.06;23.26
base\fx\devices\cigarette\d_cigarette_smoke_car_ambient.particle	oui		13.06;13.06;23.26
base\fx\devices\cigarette\d_cigarette_smoke_car_ambient2.particle	oui		13.06;13.06;23.26
base\fx\devices\cigarette\d_cigarette_smoke_exhaust_dex_car.effect	non	5.01	3.4;3.4;6.4
base\fx\devices\cigarette\d_cigarette_smoke_exhaust_dex_car.particle	non	5	3.4;3.4;6.4
base\fx\devices\cigarette\d_cigarette_smoke_exhaust_dumdum.effect	non	5.01	1.4;1.4;2.4
base\fx\devices\cigarette\d_cigarette_smoke_exhaust_dumdum.particle	non	2	1.4;1.4;2.4
base\fx\devices\cigarette\d_cigarette_smoke_exhaust_fpp.effect	non	4.56	1.6;1.6;2.8
base\fx\devices\cigarette\d_cigarette_smoke_exhaust_fpp.particle	non	2	1.6;1.6;2.8
base\fx\devices\cigarette\d_cigarette_smoke_exhaust_johnny.effect	non	4.56	1.6;1.6;2.8
base\fx\devices\cigarette\d_cigarette_smoke_exhaust_johnny.particle	non	2	1.6;1.6;2.8
base\fx\devices\cigarette\d_cigarette_smoke_exhaust_joint.effect	non	5.01	3.4;3.4;6.4
base\fx\devices\cigarette\d_cigarette_smoke_exhaust_small_dex_car.effect	non	4.56	1.9;1.9;3.4
base\fx\devices\cigarette\d_cigarette_smoke_exhaust_small_dex_car.particle	non	2	1.9;1.9;3.4
base\fx\devices\cigarette\d_cigarette_smoke_exhaust_small_fpp.particle	non	2	1.9;1.9;3.4
base\fx\devices\cigarette\d_cigarette_smoke_exhaust_small_johnny.effect	non	4.56	2.05;2.05;3.7
base\fx\devices\cigarette\d_cigarette_smoke_exhaust_small_johnny.particle	non	2.2	2.05;2.05;3.7
base\fx\devices\cigarette\d_cigarette_smoke_exhaust_small_tpp.effect	non	4.56	1.9;1.9;3.4
base\fx\devices\cigarette\d_cigarette_smoke_exhaust_tpp.effect	non	5.01	3.4;3.4;6.4
base\fx\devices\cigarette\d_cigarette_smoke_exhaust_tpp.particle	non	5	3.4;3.4;6.4
base\fx\devices\cigarette\d_cigarette_smoke_fpp.effect	non	7.91	2.35;2.35;3.5
base\fx\devices\cigarette\d_cigarette_smoke_fpp.particle	oui		2.35;2.35;3.5
base\fx\devices\cigarette\d_cigarette_smoke_johnny.effect	non	5.14	6.03;6.03;11.01
base\fx\devices\cigarette\d_cigarette_smoke_johnny.particle	oui		6.03;6.03;11.01
base\fx\devices\cigarette\d_cigarette_smoke_looping_tpp.effect	oui		6.03;6.03;11.01
base\fx\devices\cigarette\d_cigarette_smoke_small_dumdum.effect	non	5.01	1.4;1.4;2.4
base\fx\devices\cigarette\d_cigarette_smoke_small_dumdum.particle	non	2	1.4;1.4;2.4
base\fx\devices\cigarette\d_cigarette_smoke_smoulder.particle	oui		1.92;1.92;3.1
base\fx\devices\cigarette\d_cigarette_smoke_tpp.effect	non	5.14	6.03;6.03;11.01
base\fx\devices\cigarette\d_cigarette_smoke_tpp.particle	oui		6.03;6.03;11.01
base\fx\devices\cigarette\d_cigarette_smoke_tpp_subtle.effect	non	5.14	6.03;6.03;11.01
base\fx\devices\cigarette\d_cigarette_smoke_tpp_subtle.particle	oui		6.03;6.03;11.01
base\fx\devices\cigarette\d_cigarette_smoke_tpp_subtle_loop.effect	oui		6.03;6.03;11.01
base\fx\devices\cigarette\d_cigarette_smoke_tpp_trail.effect	oui		6.03;6.03;11.01
base\fx\devices\cigarette\d_cigarette_smoke_tpp_trail.particle	oui		6.03;6.03;11.01
base\fx\devices\cigarette\d_cigar_smoke_tpp.particle	oui		2.35;2.35;3.5
base\fx\devices\cigarette\d_cigar_tpp.effect	non	5.14	6.03;6.03;11.01
base\fx\devices\cleaning_tool\cleaning_tool_dust.effect	non	5.97	5.38;4.98;9.96
base\fx\devices\cleaning_tool\cleaning_tool_dust_01.particle	non	2	2.54;2.54;4.07
base\fx\devices\cleaning_tool\cleaning_tool_dust_low_01.particle	non	3.5	5.38;4.98;9.96
base\fx\devices\coffee_machine\d_coffee_cup_steam.effect	oui		0.2;0.2;0.2
base\fx\devices\coffee_machine\d_coffee_cup_steam.particle	oui		0.2;0.2;0.2
base\fx\devices\coffee_machine\d_coffee_machine_distr.effect	oui		1.93;1.93;3.36
base\fx\devices\coffee_machine\d_coffee_machine_pouring.effect	non	3	1.93;1.93;3.36
base\fx\devices\coffee_machine\d_coffee_pouring.effect	oui		1.93;1.93;3.36
base\fx\devices\coffee_machine\d_coffee_pouring.particle	oui		1.93;1.93;3.36
base\fx\devices\coffee_machine\d_coffee_splashing.particle	oui		0.95;0.95;1.75
base\fx\devices\coffee_machine\d_mug_small_emptying.effect	non	0.5	0;0;0
base\fx\devices\cover_planter\d_cover_planter_steam.particle	oui		2.89;1.89;2.18
base\fx\devices\crane_small\d_crane_small_distraction.effect	non	9.5	5.53;5.53;9.86
base\fx\devices\doors\double_door\d_double_door_sparks_top.particle	non	3	25.4;25.4;50.4
base\fx\devices\doors\double_door\d_double_door_strongarms_open.effect	non	3.16	25.4;25.4;50.4
base\fx\devices\doors\garage_door\d_garage_door_dust_closing.effect	non	6	12.39;7.59;9.17
base\fx\devices\doors\garage_door\d_garage_door_dust_closing.particle	non	3	12.39;7.59;9.17
base\fx\devices\doors\garage_door\d_garage_door_dust_open.effect	non	6	8;3.1;3.1
base\fx\devices\doors\garage_door\d_garage_door_dust_open.particle	non	2.5	8;3.1;3.1
base\fx\devices\doors\single_door\d_gate_dust_falling.effect	non	3	7;3.2;3.2
base\fx\devices\doors\single_door\d_gate_dust_falling.particle	non	2.5	7;3.2;3.2
base\fx\devices\doors\single_door\d_single_door_dust_falling.effect	non	3	4.2;3.2;3.2
base\fx\devices\doors\single_door\d_single_door_dust_falling.particle	non	1.5	4.2;3.2;3.2
base\fx\devices\doors\single_door\d_single_door_floats_closeup.particle	non	1.5	0.84;0.84;2.17
base\fx\devices\doors\single_door\d_single_door_open_slide_horizontal.effect	non	6	5.26;5.26;5.53
base\fx\devices\doors\single_door\d_single_door_open_slide_horizontal.particle	non	4	5.26;5.26;5.53
base\fx\devices\doors\single_door\d_single_door_smoke_column.particle	non	2.5	1.85;1.75;4.25
base\fx\devices\doors\single_door\d_single_door_sparks_column.particle	non	2	3.25;3.25;6.33
base\fx\devices\doors\single_door\d_single_door_sparks_column_closeup.particle	non	1	0.9;0.9;1.5
base\fx\devices\doors\single_door\d_single_door_sparks_path.particle	non	1.3	0.95;0.95;1.7
base\fx\devices\doors\single_door\d_single_door_sparks_point.particle	non	3	25.4;25.4;50.4
base\fx\devices\doors\single_door\d_single_door_sparks_point_closeup.particle	non	1.4	1.14;1.14;1.98
base\fx\devices\doors\single_door\d_single_door_strongarms_open.effect	non	5.16	25.4;25.4;50.4
base\fx\devices\driller\d_driller_debris.effect	oui		2.9;1.9;3.3
base\fx\devices\driller\d_driller_debris.particle	oui		2.9;1.9;3.3
base\fx\devices\drugs\drug_inhaler_vapour.effect	oui		0.45;0.45;0.79
base\fx\devices\drugs\drug_inhaler_vapour.particle	oui		0.45;0.45;0.79
base\fx\devices\drugs\drug_vapour_mouth.effect	non	6	0.24;0.24;0.38
base\fx\devices\drugs\drug_vapour_mouth.particle	non	1.5	0.24;0.24;0.38
base\fx\devices\drug_production_station\d_drug_production_station.effect	non	10.38	0.91;0.91;1.01
base\fx\devices\drug_production_station\d_drug_production_station.particle	oui		0.91;0.91;1.01
base\fx\devices\drug_production_station\d_drug_production_station_no_light.effect	oui		0.91;0.91;1.01
base\fx\devices\electric_box\d_electic_box_cable_dust.effect	non	5	2.09;2.09;2.17
base\fx\devices\electric_box\d_electic_box_eject_dust.effect	non	5	6.12;6;7
base\fx\devices\electric_box\d_electic_box_electric_arc.effect	non	5	0.18;0.18;0.28
base\fx\devices\electric_box\d_electric_box_cable_dust.particle	oui		2.09;2.09;2.17
base\fx\devices\electric_box\d_electric_box_door_open_dust.effect	non	5	4.08;4.08;4.15
base\fx\devices\electric_box\d_electric_box_door_open_dust.particle	non	1.5	4.08;4.08;4.15
base\fx\devices\electric_box\d_electric_box_eject_dust.particle	oui		6.12;6;7
base\fx\devices\electric_box\d_electric_box_electric_arc.particle	non	1	0.18;0.18;0.28
base\fx\devices\electric_shopping_cart\d_electric_cart_flame.particle	oui		4;4;4
base\fx\devices\electric_shopping_cart\d_electric_cart_smoke.particle	oui		5.53;5.53;9.86
base\fx\devices\electric_shopping_cart\d_electric_cart_sparks.particle	non	2	3.3;3.3;6.3
base\fx\devices\electric_shopping_cart\d_shopping_cart_hack.effect	non	9.5	5.53;5.53;9.86
base\fx\devices\elevator\fx_elevator_falling.effect	non	2.72	30.9;30.9;51.7
base\fx\devices\elevator\fx_elevator_falling.particle	non	12	30.9;30.9;51.7
base\fx\devices\elevator\fx_elevator_falling_sparks.effect	non	2.54	30.9;30.9;51.7
base\fx\devices\elevator\fx_elevator_sparks_falling.effect	non	2.08	11.24;11.24;22.33
base\fx\devices\elevator\fx_elevator_sparks_falling.particle	oui		11.24;11.24;22.33
base\fx\devices\explosive_server\d_explosive_server_distraction.effect	oui		4;4;6.79
base\fx\devices\explosive_server\d_explosive_server_distraction_sparks.particle	oui		4;4;6.79
base\fx\devices\explosive_server\d_explosive_server_explosion.effect	non	4	2.31;2.31;3.82
base\fx\devices\explosive_server\d_explosive_server_sparks.particle	oui		2.31;2.31;3.82
base\fx\devices\explosive_tank\d_explode_fire_mine_crate.effect	oui		3.95;3.95;6.4
base\fx\devices\explosive_tank\d_explosive_tank_flames.particle	oui		3.95;3.95;6.4
base\fx\devices\explosive_tank\d_explosive_tank_gas_flames.effect	oui		2.8;2.8;4.6
base\fx\devices\explosive_tank\d_explosive_tank_gas_flames.particle	oui		2.8;2.8;4.6
base\fx\devices\ferris_wheel\d_ferris_wheel_smoke.particle	oui		0.85;0.85;1.5
base\fx\devices\ferris_wheel\d_ferris_wheel_sparks_burst.particle	non	0.8	3.84;3.84;7.56
base\fx\devices\ferris_wheel\d_ferris_wheel_sparks_burst_big.particle	non	4	24.88;24.88;49.71
base\fx\devices\ferris_wheel\d_ferris_wheel_sparks_burst_medium.particle	non	2	0.2;0.2;0.2
base\fx\devices\ferris_wheel\d_ferris_wheel_sparks_large.effect	oui		24.88;24.88;49.71
base\fx\devices\ferris_wheel\d_ferris_wheel_sparks_medium.particle	non	2.5	3.38;3.38;6.5
base\fx\devices\ferris_wheel\d_ferris_wheel_sparks_medium_01.effect	oui		3.38;3.38;6.5
base\fx\devices\ferris_wheel\d_ferris_wheel_sparks_medium_02.effect	oui		3.38;3.38;6.5
base\fx\devices\ferris_wheel\d_ferris_wheel_sparks_opaque.effect	oui		3.38;3.38;6.5
base\fx\devices\ferris_wheel\d_ferris_wheel_sparks_small_01.effect	oui		2.7;2.7;5.2
base\fx\devices\ferris_wheel\d_ferris_wheel_sparks_small_01.particle	non	2.5	2.7;2.7;5.2
base\fx\devices\ferris_wheel\d_ferris_wheel_sparks_small_02.effect	oui		2.7;2.7;5.2
base\fx\devices\ferris_wheel\d_ferris_wheel_sparks_small_02.particle	non	2.5	3.38;3.38;6.5
base\fx\devices\ferris_wheel\d_ferris_wheel_sparks_small_03.effect	oui		3.38;3.38;6.5
base\fx\devices\ferris_wheel\d_ferris_wheel_sparks_vertical.particle	oui		5.08;5.08;10.15
base\fx\devices\ferris_wheel\d_flickering_neons.effect	oui		0;0;0
base\fx\devices\fillable_fluid_generic\d_fillable_bubbles_full.particle	oui		0.41;0.41;0.51
base\fx\devices\fillable_fluid_generic\d_fillable_bubbles_half.particle	oui		0.36;0.36;0.41
base\fx\devices\fillable_fluid_generic\d_fillable_fluid_75_to_none_fast.effect	non	0.5	0;0;0
base\fx\devices\fillable_fluid_generic\d_fillable_fluid_full.effect	non	1	0;0;0
base\fx\devices\fillable_fluid_generic\d_fillable_fluid_full_to_mid.effect	non	1	0;0;0
base\fx\devices\fillable_fluid_generic\d_fillable_fluid_full_to_none.effect	non	1	0;0;0
base\fx\devices\fillable_fluid_generic\d_fillable_fluid_low.effect	non	1	0;0;0
base\fx\devices\fillable_fluid_generic\d_fillable_fluid_low_to_full.effect	non	3	0;0;0
base\fx\devices\fillable_fluid_generic\d_fillable_fluid_low_to_none.effect	non	1.25	0;0;0
base\fx\devices\fillable_fluid_generic\d_fillable_fluid_mid.effect	non	0.2	0;0;0
base\fx\devices\fillable_fluid_generic\d_fillable_fluid_mid_to_low.effect	non	3	0;0;0
base\fx\devices\fillable_fluid_generic\d_fillable_fluid_mid_to_none.effect	non	1.75	0;0;0
base\fx\devices\fillable_fluid_generic\d_fillable_fluid_none.effect	non	0.1	0;0;0
base\fx\devices\fillable_fluid_generic\d_fillable_fluid_none_to_75_fast.effect	non	0.5	0;0;0
base\fx\devices\fillable_fluid_generic\d_fillable_fluid_none_to_full.effect	non	2	0;0;0
base\fx\devices\fillable_fluid_generic\d_fillable_fluid_none_to_full_fast.effect	non	0.5	0;0;0
base\fx\devices\fillable_fluid_generic\d_fillable_fluid_none_to_low.effect	non	1.25	0;0;0
base\fx\devices\fillable_fluid_generic\d_fillable_fluid_none_to_mid.effect	non	1	0;0;0
base\fx\devices\fillable_fluid_generic\d_fillable_fluid_no_shake.effect	non	0.5	0;0;0
base\fx\devices\fillable_fluid_generic\d_fillable_fluid_shake.effect	non	0.5	0;0;0
base\fx\devices\fire_extinguisher\fx_fire_extinguisher_explosion.effect	non	3	27;27;52
base\fx\devices\fire_extinguisher\fx_fire_extinguisher_explosion.particle	non	5	27;27;52
base\fx\devices\flare\d_flare_smoke.effect	oui		9.45;9.45;18.65
base\fx\devices\flare\d_flare_smoke.particle	oui		9.45;9.45;18.65
base\fx\devices\flare\d_flare_smoke_npc.effect	oui		2.7;2.7;5.23
base\fx\devices\flare\d_flare_smoke_npc.particle	oui		2.7;2.7;5.23
base\fx\devices\flare\flare_test_2.particle	oui		9.27;9.27;18.36
base\fx\devices\forklift\d_forklift_distraction.effect	oui		1.7;1.7;2.7
base\fx\devices\forklift\d_forklift_distraction_sparks.particle	oui		1.7;1.7;2.7
base\fx\devices\forklift\d_forklift_operating.effect	oui		0;0;0
base\fx\devices\freezer\d_freezer_hacked.effect	non	16.1	1.13;1.13;1.75
base\fx\devices\freezer\d_freezer_hacked.particle	non	6	1.13;1.13;1.75
base\fx\devices\freezer\d_freezer_hacked_b.particle	non	5	1;1;1.5
base\fx\devices\freezer\d_freezer_hacked_sparks.particle	non	1.7	0.8;0.8;1.32
base\fx\devices\freezer\d_freezer_vapour.effect	oui		4.2;3.3;4.9
base\fx\devices\freezer\d_freezer_vapour.particle	oui		4.2;2.9;4.9
base\fx\devices\freezer\d_freezer_vapour_inside_subtle.effect	oui		1.9;0.9;0.9
base\fx\devices\freezer\d_freezer_vapour_interior.particle	oui		1.9;0.9;0.9
base\fx\devices\freezer\d_freezer_vapour_side.effect	oui		2.7;3.3;4.7
base\fx\devices\freezer\d_freezer_vapour_side.particle	oui		2.7;3.3;4.7
base\fx\devices\freezer\d_ice_machine_smoke.effect	non	2.5	2.11;2.11;3.53
base\fx\devices\freezer\d_ice_machine_smoke.particle	non	2	2.11;2.11;3.53
base\fx\devices\freezer\d_ripper_freezer.particle	oui		3.39;3.59;5.38
base\fx\devices\fridge\d_fridge_distraction.effect	non	16	2.78;2.78;5.28
base\fx\devices\fridge\d_fridge_distraction_smoke.particle	oui		1.13;1.13;1.86
base\fx\devices\fridge\d_fridge_distraction_sparks.particle	oui		4;4;6.79
base\fx\devices\fridge\d_fridge_distraction_sparks_burst.particle	non	2	2.78;2.78;5.28
base\fx\devices\fridge\d_fridge_vapour.particle	oui		4.5;4.7;8.5
base\fx\devices\fuel_dispener\d_fuel_dispener_explosion_001.effect	non	24	28;28;51
base\fx\devices\fuel_dispener\d_fuel_dispener_explosion_001.particle	non	12	28;28;51
base\fx\devices\fuel_dispener\d_fuel_dispener_ignition.effect	non	61.17	3.55;3.55;6.55
base\fx\devices\fuel_dispener\d_fuel_dispener_ignition.particle	oui		3.55;3.55;6.55
base\fx\devices\fuel_dispener\d_fuel_dispener_oil_mark_001.effect	oui		0.1;0.1;0.1
base\fx\devices\fuel_dispener\d_fuel_dispener_oil_mark_001.particle	oui		0.1;0.1;0.1
base\fx\devices\fuel_dispener\d_fuel_dispener_post_fire_001.particle	oui		3.55;3.55;6.55
base\fx\devices\fuel_tank\d_fuel_tank_smoke.particle	oui		23.38;23.38;44.26
base\fx\devices\fuel_tank\fx_fuel_tank_explosion.effect	oui		25.3;25.3;50.3
base\fx\devices\fuel_tank\fx_fuel_tank_explosion.particle	non	5	25.3;25.3;50.3
base\fx\devices\fuel_tank\fx_fuel_tank_fire_explosion.particle	oui		3.12;3.12;5.69
base\fx\devices\fuel_tank\fx_fuel_tank_sparks.particle	non	2	0.25;0.25;0.25
base\fx\devices\furnace\d_furnace.effect	non	10	2.45;4.05;2.9
base\fx\devices\furnace\d_furnace_explosion.effect	non	20	28;28;51
base\fx\devices\furnace\d_furnace_explosion.particle	oui		28;28;51
base\fx\devices\furnace\d_furnace_fire_main.particle	non	9	2.45;4.05;2.9
base\fx\devices\furnace\d_furnace_fire_main_idle.particle	oui		2.5;4.1;3
base\fx\devices\furnace\d_furnace_fire_small.particle	non	1	2.25;2.25;2.25
base\fx\devices\furnace\d_furnace_fire_small_idle.particle	oui		2.25;2.25;2.25
base\fx\devices\fuse_box\d_fuse_box_sparks.effect	non	5	0.72;0.72;0.98
base\fx\devices\fuse_box\d_fuse_box_sparks.particle	non	1.5	0.72;0.72;0.98
base\fx\devices\gas_bottle\d_gas_bottle_explosion.effect	non	10	25.35;25.35;50.3
base\fx\devices\gas_bottle\d_gas_bottle_explosion.particle	non	10	25.35;25.35;50.3
base\fx\devices\gas_pump\fx_gas_pump.effect	oui		0.68;0.68;1.31
base\fx\devices\generator\d_emp_electricity_after_blast_01.particle	oui		2.13;2.13;1.26
base\fx\devices\generator\d_emp_small_electricity_after_blast_01.particle	oui		1.43;1.33;1.47
base\fx\devices\generator\d_emp_small_electricity_after_blast_02.particle	oui		2.13;2.13;1.26
base\fx\devices\generator\d_emp_sparks_burst_01.particle	non	2.5	25.15;25.15;50.15
base\fx\devices\generator\d_emp_sparks_burst_02.particle	non	3	0.35;0.35;0.35
base\fx\devices\generator\d_generator_blast.particle	non	4	27.3;27.3;51.3
base\fx\devices\generator\d_generator_emp_blast.effect	non	5.1	27.3;27.3;51.3
base\fx\devices\generator\d_generator_smoke.effect	non	15.1	21.83;21.83;43.47
base\fx\devices\generator\d_generator_smoke_01.particle	oui		21.83;21.83;43.47
base\fx\devices\grill\d_grill_distraction.effect	oui		5.84;5.74;6.27
base\fx\devices\grill\d_grill_distraction_fire.particle	oui		5.84;5.74;6.27
base\fx\devices\holographic_projector\d_holographic_projector_dust_01.effect	oui		0.28;0.28;0.57
base\fx\devices\holographic_projector\d_holographic_projector_dust_01.particle	oui		0.28;0.28;0.57
base\fx\devices\holographic_projector\d_holographic_projector_dust_02.effect	oui		0.28;0.28;0.57
base\fx\devices\holographic_projector\d_holographic_projector_dust_02.particle	oui		0.28;0.28;0.57
base\fx\devices\holographic_projector\d_holographic_projector_dust_03.effect	oui		0.44;0.44;0.87
base\fx\devices\holographic_projector\d_holographic_projector_dust_03.particle	oui		0.44;0.44;0.87
base\fx\devices\holographic_projector\d_holographic_projector_dust_04.effect	oui		25.2;25.2;50.2
base\fx\devices\holographic_projector\d_holographic_projector_dust_04.particle	oui		0.68;0.48;0.93
base\fx\devices\holographic_projector\d_holographic_projector_light_cone.particle	oui		25.2;25.2;50.2
base\fx\devices\holo_sphere\d_holo_shpere_destro.effect	non	4	26.5;26.5;51.5
base\fx\devices\holo_sphere\d_holo_shpere_destro.particle	non	4.5	26.5;26.5;51.5
base\fx\devices\holo_sphere\d_holo_sphere_distraction.effect	non	9	3.72;3.72;5.45
base\fx\devices\holo_sphere\d_holo_sphere_distraction.particle	oui		3.72;3.72;5.45
base\fx\devices\home_appliances\windows\change_off.effect	non	1	0;0;0
base\fx\devices\home_appliances\windows\change_on.effect	non	1	0;0;0
base\fx\devices\incense\d_incense_smoke_loop.effect	oui		0.55;0.55;0.69
base\fx\devices\incense\d_incense_smoke_loop.particle	oui		0.55;0.55;0.69
base\fx\devices\incense\d_incense_tip_emissive.effect	oui		25.1;25.1;50.1
base\fx\devices\incense\d_incense_tip_emissive.particle	oui		25.1;25.1;50.1
base\fx\devices\industrial_arm\d_industrial_arm_electricity.effect	non	10	10;10;16
base\fx\devices\industrial_arm\d_industrial_arm_small_electricity.effect	non	10	4.62;4.62;9.12
base\fx\devices\industrial_arm\d_industrial_arm_sparks_electric_failure.particle	non	2.5	3.28;3.28;6.4
base\fx\devices\industrial_arm\d_industrial_arm_sparks_torch.effect	non	1	3.14;3.14;6.26
base\fx\devices\industrial_arm\d_industrial_arm_sparks_torch.particle	non	0.85	3.14;3.14;6.26
base\fx\devices\industrial_arm\d_industrial_arm_sparks_torch_idle.effect	non	1.5	3.14;3.14;6.26
base\fx\devices\industrial_arm\d_industrial_arm_sparks_welder.particle	oui		1.99;1.99;3.95
base\fx\devices\industrial_chimney\d_industrial_chimney_smoke_3x3x80m.particle	oui		27.5;27.5;52.5
base\fx\devices\industrial_chimney\d_industrial_chimney_steam_3x3x20m.particle	oui		24;24;44
base\fx\devices\industrial_chimney\d_industrial_chimney_steam_3x3x20m_puffs.particle	oui		16.5;16.5;29
base\fx\devices\industrial_chimney\d_industrial_chimney_steam_3x3x80m.particle	oui		27.5;27.5;52.5
base\fx\devices\industrial_chimney\d_industrial_chimney_steam_3x3x80m_slow.particle	oui		27.5;27.5;52.5
base\fx\devices\industrial_chimney\d_industrial_chimney_steam_3x3x80m_subtle.effect	oui		27.5;27.5;52.5
base\fx\devices\industrial_cleaning_machine\d_cleaning_tool_steam.effect	oui		1.25;1.25;2
base\fx\devices\industrial_cleaning_machine\d_cleaning_tool_steam.particle	oui		1.25;1.25;2
base\fx\devices\industrial_cleaning_machine\d_industrial_cleaning_machine_dust.particle	oui		1.25;1.25;2
base\fx\devices\industrial_cleaning_machine\d_industrial_cleaning_machine_wet_trail.effect	oui		1.45;1.45;2.2
base\fx\devices\industrial_cleaning_machine\d_industrial_cleaning_machine_wet_trail.particle	oui		1;1;1
base\fx\devices\kaukaz_street_sweeper\d_kaukaz_street_sweeper_foam.effect	oui		8.25;8.25;3.25
base\fx\devices\kaukaz_street_sweeper\d_kaukaz_street_sweeper_foam.particle	oui		8.25;8.25;3.25
base\fx\devices\kaukaz_street_sweeper\d_kaukaz_street_sweeper_siren.effect	oui		8.25;8.25;3.25
base\fx\devices\ladder\fx_ladder_sliding.particle	non	3	6.5;6.5;11.5
base\fx\devices\ladder\fx_ladder_sliging.effect	non	1.5	6.5;6.5;11.5
base\fx\devices\laptop\d_laptop_light.effect	non	1	0;0;0
base\fx\devices\lighter\d_lighter_flame.effect	non	1.28	0.31;0.31;0.32
base\fx\devices\lighter\d_lighter_flame.particle	oui		0.31;0.31;0.32
base\fx\devices\lighter\d_lighter_flame_evelyn.effect	non	1.28	0.31;0.31;0.32
base\fx\devices\lighter\d_lighter_flame_loop.effect	oui		0.31;0.31;0.32
base\fx\devices\lighter\d_lighter_ignition_sparks.particle	non	0.16	0.16;0.16;0.21
base\fx\devices\lights\ceiling_lamp_corridor_destructive.effect	non	1	0;0;0
base\fx\devices\lights\corridor_light_c.effect	non	1	0;0;0
base\fx\devices\lights\corridor_light_d.effect	non	1	0;0;0
base\fx\devices\lights\corridor_light_e.effect	non	1	0;0;0
base\fx\devices\lights\d_lights_strong_blinding_light_controller.effect	non	15.77	7.56;7.56;15.11
base\fx\devices\lights\neon_hack_sparks.effect	non	1	25.1;25.1;50.1
base\fx\devices\lights\neon_hack_sparks.particle	non	6	25.1;25.1;50.1
base\fx\devices\lights\reflector_c_chimera.effect	non	4.04	21.26;21.26;42.08
base\fx\devices\lights\reflector_c_chimera_sparks.particle	non	1.75	21.26;21.26;42.08
base\fx\devices\lights\vending_hack_sparks.effect	non	1	25.1;25.1;50.1
base\fx\devices\lights\vending_hack_sparks.particle	non	6	25.1;25.1;50.1
base\fx\devices\loot_drop\d_loot_drop_blue.effect	oui		0.85;0.85;1.6
base\fx\devices\loot_drop\d_loot_drop_blue.particle	oui		0.85;0.85;1.6
base\fx\devices\loot_drop\d_loot_drop_green.effect	oui		0.85;0.85;1.6
base\fx\devices\loot_drop\d_loot_drop_green.particle	oui		0.85;0.85;1.6
base\fx\devices\loot_drop\d_loot_drop_orange.effect	oui		0.85;0.85;1.6
base\fx\devices\loot_drop\d_loot_drop_orange.particle	oui		0.85;0.85;1.6
base\fx\devices\loot_drop\d_loot_drop_violet.effect	oui		0.85;0.85;1.6
base\fx\devices\loot_drop\d_loot_drop_violet.particle	oui		0.85;0.85;1.6
base\fx\devices\loot_drop\d_loot_drop_white.effect	oui		0.85;0.85;1.6
base\fx\devices\loot_drop\d_loot_drop_white.particle	oui		0.85;0.85;1.6
base\fx\devices\meat_machine\d_smoke_meat_machine.effect	oui		1.31;1.31;1.61
base\fx\devices\meat_machine\d_smoke_meat_machine.particle	oui		1.31;1.31;1.61
base\fx\devices\meat_machine\d_smoke_meat_machine_small.particle	oui		0.68;0.68;0.87
base\fx\devices\medical_cyberware_container\i_dry_ice_cyberware_container.effect	non	8	1.57;1.5;2.07
base\fx\devices\medical_cyberware_container\i_dry_ice_cyberware_container.particle	non	5	1.57;1.5;2.07
base\fx\devices\medical_cyberware_container\i_dry_ice_cyberware_container_handle.particle	non	2	1.15;1.15;1.3
base\fx\devices\microwave\d_microwave_distraction_blinking_emissive.effect	oui		0;0;0
base\fx\devices\microwave\d_microwave_explosion.effect	non	61.84	25.7;25.7;50.7
base\fx\devices\microwave\d_microwave_explosion.particle	non	3.5	25.7;25.7;50.7
base\fx\devices\microwave\d_microwave_turned_on.effect	oui		0;0;0
base\fx\devices\mine_laser\mine_laser_green.effect	oui		3.45;3.45;5.25
base\fx\devices\mine_laser\mine_laser_green.particle	non	3600	3.45;3.45;5.25
base\fx\devices\mine_laser\mine_laser_green_3m.effect	oui		1.9;1.9;3.7
base\fx\devices\mine_laser\mine_laser_green_3m.particle	non	3600	1.9;1.9;3.7
base\fx\devices\mine_laser\mine_laser_green_6m.effect	oui		2.01;2.01;3.81
base\fx\devices\mine_laser\mine_laser_green_6m.particle	non	3600	2.01;2.01;3.81
base\fx\devices\mine_laser\mine_laser_green_9m.effect	oui		2.03;2.03;3.83
base\fx\devices\mine_laser\mine_laser_green_9m.particle	non	3600	2.03;2.03;3.83
base\fx\devices\mine_laser\mine_laser_red.effect	oui		3.45;3.45;5.25
base\fx\devices\mine_laser\mine_laser_red.particle	non	3600	3.45;3.45;5.25
base\fx\devices\mine_laser\mine_laser_red_3m.effect	oui		1.9;1.9;3.7
base\fx\devices\mine_laser\mine_laser_red_3m.particle	non	3600	1.9;1.9;3.7
base\fx\devices\mine_laser\mine_laser_red_6m.effect	oui		1.96;1.96;3.76
base\fx\devices\mine_laser\mine_laser_red_6m.particle	non	3600	1.96;1.96;3.76
base\fx\devices\mine_laser\mine_laser_red_9m.effect	oui		2.03;2.03;3.83
base\fx\devices\mine_laser\mine_laser_red_9m.particle	non	3600	2.03;2.03;3.83
base\fx\devices\mourge_table\d_mourge_table_smoke_pour.particle	oui		4.56;4.56;8.32
base\fx\devices\movable_rack\d_movable_rack_friction_effect_01.effect	non	5	8.74;8.74;17.12
base\fx\devices\movable_rack\d_movable_rack_friction_effect_01.particle	non	5	8.74;8.74;17.12
base\fx\devices\movable_rack\d_movable_rack_friction_effect_02.effect	non	3.27	3.43;3.43;6.36
base\fx\devices\movable_rack\d_movable_rack_friction_effect_02.particle	non	1.9	3.43;3.43;6.36
base\fx\devices\movable_rack\d_movable_rack_friction_effect_03.effect	non	5	25.5;25.5;50.5
base\fx\devices\movable_rack\d_movable_rack_friction_effect_03.particle	non	2.7	25.5;25.5;50.5
base\fx\devices\movable_rack\d_movable_rack_hit.effect	non	5	3.52;3.52;4.36
base\fx\devices\movable_rack\d_movable_rack_hit.particle	non	1.2	3.52;3.52;4.36
base\fx\devices\ncart_timetable\d_ncart_timetable_smoke.particle	non	5	0.55;0.55;0.81
base\fx\devices\ncart_timetable\d_ncart_timetable_sparks.effect	non	12	4.02;4.02;8.03
base\fx\devices\ncart_timetable\d_ncart_timetable_sparks.particle	oui		4.02;4.02;8.03
base\fx\devices\netrunner_chair\d_netrunner_chair_constant_sparks.particle	oui		3.84;3.84;7.52
base\fx\devices\netrunner_chair\d_netrunner_chair_hack.effect	non	10	4.53;4.53;8.86
base\fx\devices\netrunner_chair\d_netrunner_chair_smoke.particle	non	5	2.9;2.9;5.61
base\fx\devices\pachinko_machine\d_pachinko_machine_distraction.effect	oui		6.88;6.28;12.47
base\fx\devices\pachinko_machine\d_pachinko_machine_distraction.particle	oui		6.88;6.28;12.47
base\fx\devices\radio\d_radio_broken.particle	oui		4.02;4.02;8.03
base\fx\devices\radio\d_radio_emp_explode.effect	non	16.02	17.62;17.62;34.94
base\fx\devices\radio\d_radio_emp_explode.particle	non	3	17.62;17.62;34.94
base\fx\devices\radio\d_radio_idle.effect	oui		0;0;0
base\fx\devices\radio\d_radio_sound_explode.effect	non	18.79	15.3;15.3;30.3
base\fx\devices\radio\d_radio_sound_explode.particle	non	3	15.3;15.3;30.3
base\fx\devices\refrigerators\d_freezer_frost.effect	non	12	5.09;5.09;9.37
base\fx\devices\refrigerators\d_freezer_frost.particle	oui		2.2;1.2;1.2
base\fx\devices\refrigerators\d_freezer_frost_opening.particle	non	7	5.09;5.09;9.37
base\fx\devices\refrigerators\d_freezer_frost_opening_start.particle	non	5	4.55;4.55;8.3
base\fx\devices\refrigerators\d_freezer_lights.effect	oui		0;0;0
base\fx\devices\refrigerators\d_refrigerator_frost.effect	non	15	2.82;3.02;5.74
base\fx\devices\refrigerators\d_refrigerator_frost.particle	oui		2.82;3.02;5.74
base\fx\devices\scissors_lift\d_scissors_lift_distraction.effect	non	9.5	5.53;5.53;9.86
base\fx\devices\scissors_lift\d_scissors_lift_sparks_burst.particle	non	2.5	3.28;3.28;6.4
base\fx\devices\security_systems\security_camera\d_security_camera_active.effect	oui		1.9;1.9;2.5
base\fx\devices\security_systems\security_camera\d_security_camera_active.particle	oui		1.9;1.9;2.5
base\fx\devices\security_systems\security_camera\d_security_camera_beam_active.effect	oui		0.03;0.03;0.03
base\fx\devices\security_systems\security_camera\d_security_camera_beam_active.particle	oui		0.03;0.03;0.03
base\fx\devices\security_systems\security_camera\d_security_camera_beam_friendly.effect	oui		0.03;0.03;0.03
base\fx\devices\security_systems\security_camera\d_security_camera_beam_friendly.particle	oui		0.03;0.03;0.03
base\fx\devices\security_systems\security_camera\d_security_camera_friendly.effect	oui		1.8;1.8;2.3
base\fx\devices\security_systems\security_camera\d_security_camera_friendly.particle	oui		1.8;1.8;2.3
base\fx\devices\security_systems\security_camera\d_security_camera_scan.effect	oui		15;15;15
base\fx\devices\security_systems\security_camera\d_security_camera_scan.particle	oui		6;6;6
base\fx\devices\security_systems\security_camera\d_security_camera_scan_02.particle	oui		15;15;15
base\fx\devices\security_systems\security_camera\d_security_turret_scan.effect	oui		17.15;4;4
base\fx\devices\security_systems\security_camera\d_security_turret_scan.particle	oui		17.15;4;4
base\fx\devices\security_systems\security_gate\d_security_gate_alarm.effect	oui		0;0;0
base\fx\devices\security_systems\security_gate\d_security_gate_hacking.effect	oui		4.02;4.02;8.03
base\fx\devices\security_systems\security_gate\d_security_gate_hacking.particle	oui		3.85;3.85;4.15
base\fx\devices\security_systems\security_gate\d_security_gate_red_pointcloud.particle	oui		1;1;1.2
base\fx\devices\security_systems\security_gate\d_security_scanline.particle	oui		26.8;26.8;51.8
base\fx\devices\security_systems\secutity_turret\d_ceiling_security_turret_muzzle.effect	non	2	25.2;25.2;50.2
base\fx\devices\security_systems\secutity_turret\d_ceiling_security_turret_muzzle.particle	non	1.2	25.2;25.2;50.2
base\fx\devices\security_systems\secutity_turret\d_turret_broken_drive.effect	non	15	2.32;2.32;4.44
base\fx\devices\security_systems\secutity_turret\d_turret_broken_drive_smoke.particle	non	4.5	2.32;2.32;4.44
base\fx\devices\security_systems\secutity_turret\d_turret_broken_drive_smoke_02.particle	non	3	0.2;0.2;0.2
base\fx\devices\security_systems\secutity_turret\d_turret_cone.effect	oui		0.03;0.03;0.03
base\fx\devices\security_systems\secutity_turret\d_turret_cone.particle	oui		0.03;0.03;0.03
base\fx\devices\security_systems\secutity_turret\d_turret_damaged.effect	oui		26.5;26.5;51.5
base\fx\devices\security_systems\secutity_turret\d_turret_damaged_explo.particle	non	3.5	25.3;25.3;50.3
base\fx\devices\security_systems\secutity_turret\d_turret_damaged_smoke.particle	oui		2.33;2.23;2.26
base\fx\devices\security_systems\secutity_turret\d_turret_damaged_sparks.particle	oui		4.02;4.02;8.03
base\fx\devices\security_systems\secutity_turret\d_turret_explode.particle	non	6	26.5;26.5;51.5
base\fx\devices\security_systems\secutity_turret\d_turret_explosion.effect	non	10.16	25.8;25.8;50.8
base\fx\devices\security_systems\secutity_turret\d_turret_forceful_detach.effect	non	15	12.25;12.25;24.29
base\fx\devices\security_systems\secutity_turret\d_turret_forceful_detach_additional.particle	non	3	3.87;3.87;7.55
base\fx\devices\security_systems\secutity_turret\d_turret_forceful_detach_main.particle	non	3	12.25;12.25;24.29
base\fx\devices\security_systems\secutity_turret\d_turret_forceful_detach_short_circuit.particle	non	0.1	1;1.28;1
base\fx\devices\security_systems\secutity_turret\d_turret_laser.effect	oui		0.03;0.03;0.03
base\fx\devices\security_systems\secutity_turret\d_turret_laser.particle	oui		0.03;0.03;0.03
base\fx\devices\security_systems\secutity_turret\d_turret_laser_scan.effect	oui		0.03;0.03;0.03
base\fx\devices\security_systems\secutity_turret\d_turret_laser_scan.particle	oui		0.03;0.03;0.03
base\fx\devices\security_systems\secutity_turret\turret_trail.effect	oui		0.5;0.5;0.74
base\fx\devices\security_systems\secutity_turret\turret_trail.particle	oui		0.5;0.5;0.74
base\fx\devices\shop_shelf\d_shop_shelf_vapour.particle	oui		4.05;2.75;4.55
base\fx\devices\shop_shelf\d_shop_shelf_vapour_large.particle	oui		4.95;2.75;4.55
base\fx\devices\shop_shelf\d_shop_shelf_vapour_narrow.particle	oui		3.35;2.75;4.55
base\fx\devices\sink\d_water_stream.particle	non	10	0.37;0.25;0.32
base\fx\devices\sink\d_water_stream_washing_hand.effect	non	10	0.37;0.25;0.32
base\fx\devices\smoke_machine\d_smoke_machine_blind.effect	non	12	7.77;7.77;14.15
base\fx\devices\smoke_machine\d_smoke_machine_blind.particle	non	5	7.77;7.77;14.15
base\fx\devices\smoke_machine\d_smoke_machine_destruction.effect	non	15	4;4;6.5
base\fx\devices\smoke_machine\d_smoke_machine_destruction.particle	non	11	4;4;6.5
base\fx\devices\smoke_machine\d_smoke_machine_distraction.effect	non	15	7.77;7.77;14.15
base\fx\devices\smoke_machine\d_smoke_machine_distraction.particle	non	5	7.77;7.77;14.15
base\fx\devices\spiderbot\spiderbot_diodes.effect	oui		0;0;0
base\fx\devices\spiderbot\spiderbot_turn_on.effect	oui		0;0;0
base\fx\devices\spray_can\d_paint_spray.effect	oui		0.28;0.28;0.48
base\fx\devices\spray_can\d_paint_spray.particle	oui		0.28;0.28;0.48
base\fx\devices\spray_can\d_paint_spray_drone.effect	oui		25.5;25.5;50.5
base\fx\devices\spray_can\d_paint_spray_drone.particle	oui		25.5;25.5;50.5
base\fx\devices\spray_can\d_paint_spray_residue.effect	non	5	1.16;1.16;1.31
base\fx\devices\spray_can\d_paint_spray_residue.particle	non	3	1.16;1.16;1.31
base\fx\devices\sprinkler\d_garden_sprinkler.effect	non	18	13.81;13.81;22.63
base\fx\devices\sprinkler\d_garden_sprinkler.particle	oui		13.81;13.81;22.63
base\fx\devices\sprinkler\d_sprinkler_halon.effect	oui		22.59;22.59;37.77
base\fx\devices\sprinkler\d_sprinkler_halon.particle	oui		22.59;22.59;37.77
base\fx\devices\sprinkler\d_sprinkler_halon_spray.particle	oui		0.25;0.25;0.25
base\fx\devices\sprinkler\d_sprinkler_toxic_gas.effect	oui		25.18;25.18;42.97
base\fx\devices\sprinkler\d_sprinkler_toxic_gas.particle	oui		25.18;25.18;42.97
base\fx\devices\sprinkler\d_sprinkler_toxic_gas_spray.particle	oui		0.3;0.3;0.3
base\fx\devices\sprinkler\d_sprinkler_water.effect	oui		13.81;13.81;22.63
base\fx\devices\sprinkler\d_sprinkler_water.particle	oui		13.81;13.81;22.63
base\fx\devices\stack_of_crates\d_stack_of_crates_impact.effect	non	5	26;26;51
base\fx\devices\stack_of_crates\d_stack_of_crates_impact.particle	non	2.5	26;26;51
base\fx\devices\tap_modern\d_tap_water_stream.effect	non	6	0.37;0.35;0.5
base\fx\devices\tap_modern\d_tap_water_stream.particle	non	5	0.37;0.35;0.5
base\fx\devices\toilet\d_toilet_flush.effect	non	10	0.49;0.4;0.6
base\fx\devices\toilet\d_toilet_flush.particle	non	15	0.49;0.4;0.6
base\fx\devices\turret_glitched\sparks_turret_glitched.effect	oui		5.37;5.37;10.56
base\fx\devices\turret_glitched\sparks_turret_glitched.particle	oui		5.37;5.37;10.56
base\fx\devices\vending_machines\vending_machine_broken.effect	oui		0;0;0
base\fx\devices\wardrobe\d_wardrobe_dust.effect	non	3.01	10.92;10.92;23.43
base\fx\devices\wardrobe\d_wardrobe_dust.particle	oui		10.92;10.92;23.43
base\fx\devices\welder\d_sparks_welder_v2.effect	oui		3.84;3.84;7.56
base\fx\devices\welder\d_sparks_welder_v2.particle	oui		3.84;3.84;7.56
base\fx\devices\welder\sparks_welder.effect	oui		3.66;3.66;7.3
base\fx\devices\wound_sealing_foam\sealing_foam.effect	oui		0.2;0.2;0.3
base\fx\devices\wound_sealing_foam\sealing_foam.particle	non	8	0.2;0.2;0.3
base\fx\devices\_damage\d_damage_explosion_no_fire_01.effect	non	61.84	27;27;52
base\fx\devices\_damage\d_damage_explosion_smoke_01.particle	non	4	27;27;52
base\fx\devices\_damage\d_damage_intensive_loop_01.effect	oui		5.08;5.08;10.15
base\fx\devices\_damage\d_damage_smoke_01.particle	oui		0.9;0.9;1.5
base\fx\devices\_damage\d_damage_smoke_02.particle	oui		0.95;0.95;1.7
base\fx\devices\_damage\d_damage_smoke_sparks_burst_01.effect	non	2.76	7.56;7.56;15.11
base\fx\devices\_damage\d_damage_smoke_sparks_burst_01.particle	non	3	7.56;7.56;15.11
base\fx\devices\_damage\d_damage_sparks_01.particle	non	0.75	7.57;7.57;14.88
base\fx\devices\_damage\d_damage_sparks_small.particle	non	0.7	3.45;3.45;6.9
base\fx\devices\_damage\d_damage_sparks_small_loop.effect	oui		7.6;7.6;15.1
base\fx\devices\_damage\d_damage_sparks_vertical.particle	oui		5.08;5.08;10.15
base\fx\devices\_damage\d_damage_subtle_loop_01.effect	oui		3.45;3.45;6.9
base\fx\devices\_damage\emp\big\d_emp_big_electricty_01.particle	oui		2.86;2.46;3.72
base\fx\devices\_damage\emp\big\d_emp_big_smoke_01.particle	non	3	0.46;0.46;0.61
base\fx\devices\_damage\emp\big\d_emp_status_big.effect	oui		2.86;2.46;3.72
base\fx\devices\_damage\emp\huge\d_emp_huge_electricty_01.particle	oui		4.26;3.26;4.72
base\fx\devices\_damage\emp\huge\d_emp_huge_smoke_01.particle	non	6	1.38;1.38;2.46
base\fx\devices\_damage\emp\huge\d_emp_status_huge.effect	oui		4.26;3.26;4.72
base\fx\devices\_damage\emp\huge\d_emp_status_huge_smasher.effect	oui		4.26;3.26;4.72
base\fx\devices\_damage\emp\medium\d_emp_medium_electricty_01.particle	oui		1.26;2.26;2.12
base\fx\devices\_damage\emp\medium\d_emp_medium_smoke_01.particle	non	3	0.45;0.45;0.61
base\fx\devices\_damage\emp\medium\d_emp_status_medium.effect	oui		1.26;2.26;2.12
base\fx\devices\_damage\emp\small\d_emp_small_electricity_01.particle	oui		1.26;1.26;1.92
base\fx\devices\_damage\emp\small\d_emp_small_smoke_01.particle	non	3	0.45;0.45;0.61
base\fx\devices\_damage\emp\small\d_emp_status_small.effect	oui		1.26;1.26;1.92
base\fx\devices\_damage\street_lamps\d_damage_street_lamp_destruction_01.effect	non	3	4.4;4.4;8.65
base\fx\devices\_damage\street_lamps\d_damage_street_lamp_destruction_01.particle	non	3	4.4;4.4;8.65
base\fx\devices\_damage\street_lamps\d_damage_street_lamp_smoke_burst_01.particle	non	3	6.3;6.3;12.59
base\fx\environment\blood\e_blood_drip.particle	oui		0.04;0.24;0.04
base\fx\environment\blood\e_blood_drip_fast.particle	oui		0.19;0.29;0.34
base\fx\environment\blood\e_blood_drip_fast_long.particle	oui		9.41;9.41;9.6
base\fx\environment\blood\e_blood_splashes_ground.particle	oui		2.2;2.2;1.52
base\fx\environment\clouds\cloud_layer_high.particle	non	1000	1025;1025;1050
base\fx\environment\clouds\cloud_layer_high_night.particle	non	1000	1025;1025;1050
base\fx\environment\community\accessories_cigarette_ember.effect	non	5	0;0;0
base\fx\environment\community\accessories_cigar_ember.effect	non	2.04	0;0;0
base\fx\environment\community\ch_pissing.particle	oui		1.35;1.35;1.7
base\fx\environment\community\cigarette_ash_dump.effect	non	2	1.5;1.5;2.5
base\fx\environment\community\cigarette_ash_dump.particle	non	2	1.5;1.5;2.5
base\fx\environment\community\cigarette_smoke.particle	oui		4.2;4.2;7.2
base\fx\environment\community\cigarette_smoke_normal_speed.particle	oui		4.2;4.2;7.2
base\fx\environment\community\cigarette_smoke_normal_speed_closeup.particle	oui		3.2;3.2;5.2
base\fx\environment\community\cigarette_smoke_normal_speed_interior.particle	oui		3.2;3.2;5.2
base\fx\environment\community\cigarette_smoke_normal_speed_walk.particle	oui		0.45;0.45;0.8
base\fx\environment\community\cigarette_smoke_normal_speed_walk_interior.particle	oui		0.45;0.45;0.8
base\fx\environment\community\cigar_smoke.effect	oui		4.2;4.2;7.2
base\fx\environment\community\cigar_smoke_normal_speed.effect	oui		4.2;4.2;7.2
base\fx\environment\community\cigar_smoke_normal_speed_interior.effect	oui		3.2;3.2;5.2
base\fx\environment\community\cigar_smoke_normal_speed_walk.effect	oui		0.45;0.45;0.8
base\fx\environment\community\props\drug_inhaler.effect	non	3	1.25;1.25;2
base\fx\environment\community\props\drug_inhaler.particle	non	1.5	1.25;1.25;2
base\fx\environment\community\props\drug_inhaler_extra.effect	non	3	1.9;1.9;3.4
base\fx\environment\community\props\drug_inhaler_extra_workspot.particle	non	2	1.9;1.9;3.4
base\fx\environment\community\props\drug_inhaler_fpp.effect	non	6	1.5;1.5;2.5
base\fx\environment\community\props\drug_inhaler_fpp.particle	non	2	0.7;0.7;0.9
base\fx\environment\community\props\drug_inhaler_no_refraction.particle	non	2	1.5;1.5;2.5
base\fx\environment\community\props\incense_stick_smoke.particle	oui		4.2;4.2;7.2
base\fx\environment\community\props\incense_stick_smoke_offset.particle	oui		0.3;0.3;0.5
base\fx\environment\community\props\incense_stick_smoke_offset_idle.effect	oui		0.3;0.3;0.5
base\fx\environment\community\props\incense_stick_whisp.particle	oui		2.6;2.6;5.1
base\fx\environment\community\props\incense_stick_whisp_idle.effect	oui		2.6;2.6;5.1
base\fx\environment\community\smoke_exhale.effect	non	5	2.65;2.65;5.05
base\fx\environment\community\smoke_exhale.particle	non	4	2.65;2.65;5.05
base\fx\environment\community\smoke_exhale_small.effect	non	5	2.65;2.65;5.05
base\fx\environment\community\smoke_exhale_small.particle	non	4	2.65;2.65;5.05
base\fx\environment\community\workspots\rest\inhale_drug_exhale_v_fpp.effect	non	4.56	1.21;1.21;2.02
base\fx\environment\community\workspots\rest\inhale_drug_exhale_v_fpp.particle	non	1.6	1.21;1.21;2.02
base\fx\environment\community\workspots\rest\stand_inhale_drug_exhale.effect	non	4	1.9;1.9;3.4
base\fx\environment\community\workspots\rest\stand_inhale_drug_exhale.particle	non	2.5	1.9;1.9;3.4
base\fx\environment\community\workspots\rest\stand_inhale_drug_exhale_extra.effect	non	4	1.45;1.45;2.65
base\fx\environment\community\workspots\rest\stand_inhale_drug_exhale_extra.particle	non	2	1.45;1.45;2.65
base\fx\environment\community\workspots\rest\stand_spit.effect	non	1.5	0;0;0
base\fx\environment\debris\av_landing_debris_and_dust.effect	oui		26;26;51
base\fx\environment\debris\av_landing_debris_and_dust_q001_00c_02.effect	non	3	0;0;0
base\fx\environment\debris\av_landing_debris_q001_00c.effect	non	49	4.12;4.12;5.24
base\fx\environment\debris\debris.particle	oui		1.65;1.65;2.9
base\fx\environment\debris\debris_blowing_trash.effect	oui		26;26;51
base\fx\environment\debris\e_debris_magazines.particle	oui		1.65;1.65;2.9
base\fx\environment\debris\e_debris_magazines_slow.particle	oui		1.65;1.65;2.9
base\fx\environment\debris\e_debris_magazines_surface.particle	oui		2.9;2.9;5.4
base\fx\environment\destructibles\arasaka_tower_lobby_railings\dest_arasaka_tower_lobby_railing_01.effect	non	1.52	9.09;9.09;12.18
base\fx\environment\destructibles\arasaka_tower_lobby_railings\dest_arasaka_tower_lobby_railing_01.particle	non	2	9.09;9.09;12.18
base\fx\environment\destructibles\arasaka_tower_lobby_railings\dest_arasaka_tower_lobby_railing_02.effect	non	1.52	9.09;9.09;12.18
base\fx\environment\destructibles\arasaka_tower_lobby_railings\dest_arasaka_tower_lobby_railing_02.particle	non	1.5	9.09;9.09;12.18
base\fx\environment\destructibles\areosol_can\areosol_can_destructibles.particle	oui		1.55;1.55;2.3
base\fx\environment\destructibles\areosol_can\areosol_can_trail_destructibles.particle	non	3	0.25;0.25;0.4
base\fx\environment\destructibles\barrel\barrel_explosion.effect	non	4	25.8;25.8;50.8
base\fx\environment\destructibles\barrel\barrel_explosion_destructibles.particle	non	1.75	3.56;3.56;5.35
base\fx\environment\destructibles\barrel\barrel_light.effect	non	2	0;0;0
base\fx\environment\destructibles\basketball\dest_basketball.effect	non	2.13	5.87;5.87;6.73
base\fx\environment\destructibles\basketball\dest_basketball.particle	non	2	5.87;5.87;6.73
base\fx\environment\destructibles\bench_concrete\dest_bench_concrete.effect	non	8	9.66;9.66;17.32
base\fx\environment\destructibles\bench_concrete\dest_bench_concrete.particle	non	6	9.66;9.66;17.32
base\fx\environment\destructibles\billiard_balls\dest_ball_b_billiard.effect	non	3.8	3.21;2.24;3.66
base\fx\environment\destructibles\billiard_balls\dest_ball_b_billiard.particle	non	3.7	3.21;2.24;3.66
base\fx\environment\destructibles\billiard_balls\dest_ball_c_billiard.effect	non	3.8	3.21;2.24;3.66
base\fx\environment\destructibles\billiard_balls\dest_ball_c_billiard.particle	non	3.7	3.21;2.24;3.66
base\fx\environment\destructibles\billiard_balls\dest_ball_d_billiard.effect	non	3.8	3.21;2.24;3.66
base\fx\environment\destructibles\billiard_balls\dest_ball_d_billiard.particle	non	3.7	3.21;2.24;3.66
base\fx\environment\destructibles\billiard_balls\dest_ball_e_billiard.effect	non	3.8	3.21;2.24;3.66
base\fx\environment\destructibles\billiard_balls\dest_ball_e_billiard.particle	non	3.7	3.21;2.24;3.66
base\fx\environment\destructibles\billiard_balls\dest_ball_f_billiard.effect	non	3.8	3.21;2.24;3.66
base\fx\environment\destructibles\billiard_balls\dest_ball_f_billiard.particle	non	3.7	3.21;2.24;3.66
base\fx\environment\destructibles\billiard_balls\dest_ball_g_billiard.effect	non	3.8	3.21;2.24;3.66
base\fx\environment\destructibles\billiard_balls\dest_ball_g_billiard.particle	non	3.7	3.21;2.24;3.66
base\fx\environment\destructibles\billiard_balls\dest_ball_h_billiard.effect	non	3.8	3.21;2.24;3.66
base\fx\environment\destructibles\billiard_balls\dest_ball_h_billiard.particle	non	3.7	3.21;2.24;3.66
base\fx\environment\destructibles\billiard_balls\dest_ball_i_billiard.effect	non	3.8	3.21;2.24;3.66
base\fx\environment\destructibles\billiard_balls\dest_ball_i_billiard.particle	non	3.7	3.21;2.24;3.66
base\fx\environment\destructibles\billiard_balls\dest_ball_j_billiard.effect	non	3.8	3.21;2.24;3.66
base\fx\environment\destructibles\billiard_balls\dest_ball_j_billiard.particle	non	3.7	3.21;2.24;3.66
base\fx\environment\destructibles\billiard_balls\dest_ball_k_billiard.effect	non	3.8	3.21;2.24;3.66
base\fx\environment\destructibles\billiard_balls\dest_ball_k_billiard.particle	non	3.7	3.21;2.24;3.66
base\fx\environment\destructibles\billiard_balls\dest_ball_l_billiard.effect	non	3.8	3.21;2.24;3.66
base\fx\environment\destructibles\billiard_balls\dest_ball_l_billiard.particle	non	3.7	3.21;2.24;3.66
base\fx\environment\destructibles\billiard_balls\dest_ball_m_billiard.effect	non	3.8	3.21;2.24;3.66
base\fx\environment\destructibles\billiard_balls\dest_ball_m_billiard.particle	non	3.7	3.21;2.24;3.66
base\fx\environment\destructibles\billiard_balls\dest_ball_n_billiard.effect	non	3.8	3.21;2.24;3.66
base\fx\environment\destructibles\billiard_balls\dest_ball_n_billiard.particle	non	3.7	3.21;2.24;3.66
base\fx\environment\destructibles\billiard_balls\dest_ball_o_billiard.effect	non	3.8	3.21;2.24;3.66
base\fx\environment\destructibles\billiard_balls\dest_ball_o_billiard.particle	non	3.7	3.21;2.24;3.66
base\fx\environment\destructibles\billiard_balls\dest_ball_p_billiard.effect	non	3.8	3.21;2.24;3.66
base\fx\environment\destructibles\billiard_balls\dest_ball_p_billiard.particle	non	3.7	3.21;2.24;3.66
base\fx\environment\destructibles\billiard_balls\dest_ball_q_billiard.effect	non	3.8	3.21;2.24;3.66
base\fx\environment\destructibles\billiard_balls\dest_ball_q_billiard.particle	non	3.7	3.21;2.24;3.66
base\fx\environment\destructibles\blockade\dest_blockade.effect	non	8	9.66;9.66;17.32
base\fx\environment\destructibles\blockade\dest_blockade.particle	non	6	9.66;9.66;17.32
base\fx\environment\destructibles\blockade\fx_blockade_destructible.effect	non	8	16;16;30.6
base\fx\environment\destructibles\blockade\fx_blockade_destructible.particle	non	6	16;16;30.6
base\fx\environment\destructibles\book\d_book_default.effect	non	3.49	11.72;11.72;17.85
base\fx\environment\destructibles\book\d_book_default.particle	non	5	11.72;11.72;17.85
base\fx\environment\destructibles\book\d_magazine.effect	non	3.49	11.72;11.72;17.85
base\fx\environment\destructibles\book\d_magazine.particle	non	5	11.72;11.72;17.85
base\fx\environment\destructibles\bottle_disinfectant\dest_bottle_disinfectant_a.effect	non	24.89	2.04;2.04;3.08
base\fx\environment\destructibles\bottle_disinfectant\dest_bottle_disinfectant_a.particle	non	1.2	2.04;2.04;3.08
base\fx\environment\destructibles\bottle_disinfectant\dest_bottle_disinfectant_b.effect	non	24.78	2.04;2.04;3.08
base\fx\environment\destructibles\bottle_disinfectant\dest_bottle_disinfectant_b.particle	non	1.2	2.04;2.04;3.08
base\fx\environment\destructibles\bottle_disinfectant\dest_bottle_disinfectant_c.effect	non	27.25	2.31;2.31;4.03
base\fx\environment\destructibles\bottle_disinfectant\dest_bottle_disinfectant_c.particle	non	1.2	2.31;2.31;4.03
base\fx\environment\destructibles\bottle_disinfectant\dest_bottle_disinfectant_d.effect	non	1	11.72;11.72;17.85
base\fx\environment\destructibles\bottle_disinfectant\dest_bottle_disinfectant_d.particle	non	5	11.72;11.72;17.85
base\fx\environment\destructibles\bottle_disinfectant\dest_bottle_disinfectant_e.effect	non	5.01	2.04;2.04;3.08
base\fx\environment\destructibles\bottle_disinfectant\dest_bottle_disinfectant_e.particle	non	1.2	2.04;2.04;3.08
base\fx\environment\destructibles\bottle_disinfectant\dest_bottle_disinfectant_f.effect	non	24.82	2.04;2.04;3.08
base\fx\environment\destructibles\bottle_disinfectant\dest_bottle_disinfectant_f.particle	non	1.2	2.04;2.04;3.08
base\fx\environment\destructibles\bucket\dest_bucket_a.effect	non	3	7.38;7.38;11.75
base\fx\environment\destructibles\bucket\dest_bucket_a.particle	non	2.5	7.38;7.38;11.75
base\fx\environment\destructibles\bucket\dest_bucket_c.effect	non	3	9.64;9.64;16.29
base\fx\environment\destructibles\bucket\dest_bucket_c.particle	non	2.5	9.64;9.64;16.29
base\fx\environment\destructibles\candle\candle_b_fire.effect	oui		0.3;0.3;0.3
base\fx\environment\destructibles\candle\candle_b_fire_vfx.particle	oui		0.3;0.3;0.3
base\fx\environment\destructibles\candle\candle_middle_fire.effect	oui		0.3;0.3;0.3
base\fx\environment\destructibles\candle\candle_middle_fire_vfx.particle	oui		0.3;0.3;0.3
base\fx\environment\destructibles\candle\candle_small_fire.effect	oui		0.3;0.3;0.3
base\fx\environment\destructibles\candle\candle_small_fire_vfx.particle	oui		0.3;0.3;0.3
base\fx\environment\destructibles\can\dest_can_paint_green.effect	non	24.59	4;4;7
base\fx\environment\destructibles\can\dest_can_paint_green.particle	non	1.6	4;4;7
base\fx\environment\destructibles\can\dest_can_paint_pink.effect	non	24.59	4;4;7
base\fx\environment\destructibles\can\dest_can_paint_pink.particle	non	1.6	4;4;7
base\fx\environment\destructibles\can\dest_can_soda.effect	non	24.59	4;4;7.34
base\fx\environment\destructibles\can\dest_can_soda.particle	non	1.6	4;4;7.34
base\fx\environment\destructibles\can\dest_can_soda_blue.effect	non	24.59	4;4;7.34
base\fx\environment\destructibles\can\dest_can_soda_blue.particle	non	1.6	4;4;7.34
base\fx\environment\destructibles\can\dest_can_soda_empty.effect	non	24.59	4;4;7
base\fx\environment\destructibles\can\dest_can_soda_empty.particle	non	1.6	4;4;7
base\fx\environment\destructibles\can\dest_can_soda_orange.effect	non	24.59	4;4;7.34
base\fx\environment\destructibles\can\dest_can_soda_orange.particle	non	1.6	4;4;7.34
base\fx\environment\destructibles\can\dest_can_soda_red.effect	non	24.59	4;4;7.34
base\fx\environment\destructibles\can\dest_can_soda_red.particle	non	1.6	4;4;7.34
base\fx\environment\destructibles\cardboard_box\cardboard_box_dest_blue_fx.particle	non	5	11.72;11.72;17.85
base\fx\environment\destructibles\cardboard_box\cardboard_box_dest_blue_fx_medium.particle	non	5	11.72;11.72;17.85
base\fx\environment\destructibles\cardboard_box\cardboard_box_dest_fast_food.particle	non	5	11.32;11.32;18.62
base\fx\environment\destructibles\cardboard_box\cardboard_box_dest_fx.particle	non	5	11.72;11.72;17.85
base\fx\environment\destructibles\cardboard_box\cardboard_box_dest_fx_medium.particle	non	5	11.72;11.72;17.85
base\fx\environment\destructibles\cardboard_box\cardboard_box_dest_green_fx.particle	non	5	11.72;11.72;17.85
base\fx\environment\destructibles\cardboard_box\cardboard_box_dest_green_fx_medium.particle	non	5	11.72;11.72;17.85
base\fx\environment\destructibles\cardboard_box\cardboard_box_dest_grey_fx.particle	non	5	11.72;11.72;17.85
base\fx\environment\destructibles\cardboard_box\cardboard_box_dest_red_fx.particle	non	5	11.72;11.72;17.85
base\fx\environment\destructibles\cardboard_box\cardboard_box_dest_red_fx_medium.particle	non	5	11.72;11.72;17.85
base\fx\environment\destructibles\cardboard_box\cardboard_box_dest_white_fx.particle	non	5	11.72;11.72;17.85
base\fx\environment\destructibles\cardboard_box\cardboard_box_dest_white_fx_big.particle	non	5	12.02;12.02;18.15
base\fx\environment\destructibles\cardboard_box\cardboard_box_dest_white_fx_medium.particle	non	5	11.72;11.72;17.85
base\fx\environment\destructibles\cardboard_box\cardboard_cup_dest_orange_fx.particle	non	5	11.32;11.32;18.62
base\fx\environment\destructibles\cardboard_box\cardboard_cup_dest_orange_fx_medium.particle	non	5	11.32;11.32;18.62
base\fx\environment\destructibles\cardboard_box\cardboard_cup_dest_red_fx.particle	non	5	11.32;11.32;18.62
base\fx\environment\destructibles\cardboard_box\card_board_cup_dest_orange_fx.effect	non	4.96	11.32;11.32;18.62
base\fx\environment\destructibles\cardboard_box\card_board_cup_dest_orange_fx_medium.effect	non	4.96	11.32;11.32;18.62
base\fx\environment\destructibles\cardboard_box\card_board_cup_dest_red_fx.effect	non	4.96	11.32;11.32;18.62
base\fx\environment\destructibles\cardboard_box\card_board_dest_blue_fx.effect	non	4.96	11.72;11.72;17.85
base\fx\environment\destructibles\cardboard_box\card_board_dest_blue_fx_medium.effect	non	4.96	11.72;11.72;17.85
base\fx\environment\destructibles\cardboard_box\card_board_dest_fx.effect	non	4.96	11.72;11.72;17.85
base\fx\environment\destructibles\cardboard_box\card_board_dest_fx_medium.effect	non	4.96	11.72;11.72;17.85
base\fx\environment\destructibles\cardboard_box\card_board_dest_green_fx.effect	non	4.96	11.72;11.72;17.85
base\fx\environment\destructibles\cardboard_box\card_board_dest_green_fx_medium.effect	non	4.96	11.72;11.72;17.85
base\fx\environment\destructibles\cardboard_box\card_board_dest_grey_fx.effect	non	4.96	11.72;11.72;17.85
base\fx\environment\destructibles\cardboard_box\card_board_dest_red_fx.effect	non	4.96	11.72;11.72;17.85
base\fx\environment\destructibles\cardboard_box\card_board_dest_red_fx_medium.effect	non	4.96	11.72;11.72;17.85
base\fx\environment\destructibles\cardboard_box\card_board_dest_white_fx.effect	non	4.96	11.72;11.72;17.85
base\fx\environment\destructibles\cardboard_box\card_board_dest_white_fx_big.effect	non	4.96	12.02;12.02;18.15
base\fx\environment\destructibles\cardboard_box\card_board_dest_white_fx_medium.effect	non	4.96	11.72;11.72;17.85
base\fx\environment\destructibles\cardboard_box\card_board_small_fast_food.effect	non	26.17	6.4;6.4;11.3
base\fx\environment\destructibles\chinese_pottery\dest_chinese_pottery_a.effect	non	1.82	3.21;2.83;4.66
base\fx\environment\destructibles\chinese_pottery\dest_chinese_pottery_a.particle	non	1.7	3.21;2.83;4.66
base\fx\environment\destructibles\chinese_pottery\dest_chinese_pottery_a_cover.effect	non	1.82	2.04;2.04;3.08
base\fx\environment\destructibles\chinese_pottery\dest_chinese_pottery_a_cover.particle	non	1.2	2.04;2.04;3.08
base\fx\environment\destructibles\chinese_pottery\dest_chinese_pottery_d_jar.effect	non	3.03	5;5;9.7
base\fx\environment\destructibles\chinese_pottery\dest_chinese_pottery_d_jar.particle	non	1.5	5;5;9.7
base\fx\environment\destructibles\chinese_pottery\dest_chinese_pottery_e_jar.effect	non	3.03	5;5;9.7
base\fx\environment\destructibles\chinese_pottery\dest_chinese_pottery_e_jar.particle	non	1.5	5;5;9.7
base\fx\environment\destructibles\chinese_pottery\dest_chinese_pottery_incense_stick_a.effect	non	1.82	6;6;9
base\fx\environment\destructibles\chinese_pottery\dest_chinese_pottery_incense_stick_a.particle	non	1.5	6;6;9
base\fx\environment\destructibles\chinese_pottery\dest_chinese_pottery_incense_stick_b.effect	non	1.82	6;6;9
base\fx\environment\destructibles\chinese_pottery\dest_chinese_pottery_incense_stick_b.particle	non	1.5	6;6;9
base\fx\environment\destructibles\chinese_pottery\dest_chinese_sculpture_small_c.effect	non	6	10.99;10.99;21.38
base\fx\environment\destructibles\chinese_pottery\dest_chinese_sculpture_small_c.particle	non	10	10.99;10.99;21.38
base\fx\environment\destructibles\church_wooden_bench\dest_church_wooden_bench_01.effect	non	1.52	9.09;9.09;12.18
base\fx\environment\destructibles\church_wooden_bench\dest_church_wooden_bench_01.particle	non	1.5	9.09;9.09;12.18
base\fx\environment\destructibles\church_wooden_bench\dest_church_wooden_bench_02.effect	non	1.52	9.09;9.09;12.18
base\fx\environment\destructibles\church_wooden_bench\dest_church_wooden_bench_02.particle	non	1.5	9.09;9.09;12.18
base\fx\environment\destructibles\church_wooden_bench\dest_church_wooden_bench_03.effect	non	1.52	9.09;9.09;12.18
base\fx\environment\destructibles\church_wooden_bench\dest_church_wooden_bench_03.particle	non	1.5	9.09;9.09;12.18
base\fx\environment\destructibles\clothes\dest_blanket_c.effect	non	3.49	16.67;16.67;28.33
base\fx\environment\destructibles\clothes\dest_blanket_c.particle	non	5	16.67;16.67;28.33
base\fx\environment\destructibles\clothes\dest_cleaning_rag_c.effect	non	3.05	8.37;8.37;11.55
base\fx\environment\destructibles\clothes\dest_cleaning_rag_c.particle	non	2.5	8.37;8.37;11.55
base\fx\environment\destructibles\clothes\dest_clothes.effect	non	3.05	8.37;8.37;11.55
base\fx\environment\destructibles\clothes\dest_clothes.particle	non	2.5	8.37;8.37;11.55
base\fx\environment\destructibles\clothes\dest_clothes_folded_c.effect	non	3.05	8.37;8.37;11.55
base\fx\environment\destructibles\clothes\dest_clothes_folded_c.particle	non	2.5	8.37;8.37;11.55
base\fx\environment\destructibles\clothes\dest_clothes_folded_d.effect	non	3.05	8.37;8.37;11.55
base\fx\environment\destructibles\clothes\dest_clothes_folded_d.particle	non	2.5	8.37;8.37;11.55
base\fx\environment\destructibles\clothes\dest_clothes_folded_e.effect	non	3.05	8.37;8.37;11.55
base\fx\environment\destructibles\clothes\dest_clothes_folded_e.particle	non	2.5	8.37;8.37;11.55
base\fx\environment\destructibles\clothes\dest_clothes_folded_f.effect	non	3.05	8.37;8.37;11.55
base\fx\environment\destructibles\clothes\dest_clothes_folded_f.particle	non	2.5	8.37;8.37;11.55
base\fx\environment\destructibles\clothes\dest_clothes_folded_polo.effect	non	3.05	8.37;8.37;11.55
base\fx\environment\destructibles\clothes\dest_clothes_folded_polo.particle	non	2.5	8.37;8.37;11.55
base\fx\environment\destructibles\clothes\dest_clothes_hanging_female_a.effect	non	3.05	8.37;8.37;11.55
base\fx\environment\destructibles\clothes\dest_clothes_hanging_female_a.particle	non	2.5	8.37;8.37;11.55
base\fx\environment\destructibles\clothes\dest_clothes_hanging_female_a_hanger.effect	non	3.71	3.21;2.18;3.66
base\fx\environment\destructibles\clothes\dest_clothes_hanging_female_a_hanger.particle	non	3.7	3.21;2.18;3.66
base\fx\environment\destructibles\clothes\dest_clothes_hanging_female_b.effect	non	3.05	8.37;8.37;11.55
base\fx\environment\destructibles\clothes\dest_clothes_hanging_female_b.particle	non	6	8.37;8.37;11.55
base\fx\environment\destructibles\clothes\dest_clothes_hanging_female_d.effect	non	3.05	8.37;8.37;11.55
base\fx\environment\destructibles\clothes\dest_clothes_hanging_female_d.particle	non	2.5	8.37;8.37;11.55
base\fx\environment\destructibles\clothes\dest_clothes_hanging_female_e.effect	non	3.05	8.37;8.37;11.55
base\fx\environment\destructibles\clothes\dest_clothes_hanging_female_e.particle	non	6	8.37;8.37;11.55
base\fx\environment\destructibles\clothes\dest_clothes_hanging_male_a.effect	non	3.05	8.37;8.37;11.55
base\fx\environment\destructibles\clothes\dest_clothes_hanging_male_a.particle	non	2.5	8.37;8.37;11.55
base\fx\environment\destructibles\clothes\dest_clothes_hanging_male_d.effect	non	3.05	8.37;8.37;11.55
base\fx\environment\destructibles\clothes\dest_clothes_hanging_male_d.particle	non	2.5	8.37;8.37;11.55
base\fx\environment\destructibles\clothes\dest_clothes_hanging_male_e.effect	non	3.05	8.37;8.37;11.55
base\fx\environment\destructibles\clothes\dest_clothes_hanging_male_e.particle	non	2.5	8.37;8.37;11.55
base\fx\environment\destructibles\clothes\dest_clothes_scattered_a_tshirt.effect	non	3.05	8.37;8.37;11.55
base\fx\environment\destructibles\clothes\dest_clothes_scattered_a_tshirt.particle	non	2.5	8.37;8.37;11.55
base\fx\environment\destructibles\clothes\dest_clothes_scattered_d_bra.effect	non	3.05	8.37;8.37;11.55
base\fx\environment\destructibles\clothes\dest_clothes_scattered_d_bra.particle	non	2.5	8.37;8.37;11.55
base\fx\environment\destructibles\clothes\dest_clothes_scattered_e_beanie.effect	non	3.05	8.37;8.37;11.55
base\fx\environment\destructibles\clothes\dest_clothes_scattered_e_beanie.particle	non	2.5	8.37;8.37;11.55
base\fx\environment\destructibles\clothes\dest_clothes_scattered_f_pants.effect	non	3.05	8.37;8.37;11.55
base\fx\environment\destructibles\clothes\dest_clothes_scattered_f_pants.particle	non	2.5	8.37;8.37;11.55
base\fx\environment\destructibles\clothes\dest_clothes_scattered_i_boot.effect	non	5.11	11.72;11.72;17.85
base\fx\environment\destructibles\clothes\dest_clothes_scattered_i_boot.particle	non	5	11.72;11.72;17.85
base\fx\environment\destructibles\clothes\dest_clothes_scattered_k_boot.effect	non	5.11	11.72;11.72;17.85
base\fx\environment\destructibles\clothes\dest_clothes_scattered_k_boot.particle	non	5	11.72;11.72;17.85
base\fx\environment\destructibles\clothes\dest_clothes_scattered_m_slipper.effect	non	5.11	11.72;11.72;17.85
base\fx\environment\destructibles\clothes\dest_clothes_scattered_m_slipper.particle	non	5	11.72;11.72;17.85
base\fx\environment\destructibles\clothes\dest_clothes_scattered_v_panty.effect	non	3.05	8.37;8.37;11.55
base\fx\environment\destructibles\clothes\dest_clothes_scattered_v_panty.particle	non	2.5	8.37;8.37;11.55
base\fx\environment\destructibles\clothes\dest_clothes_scattered_w_baseball_cap.effect	non	3.05	8.37;8.37;11.55
base\fx\environment\destructibles\clothes\dest_clothes_scattered_w_baseball_cap.particle	non	2.5	8.37;8.37;11.55
base\fx\environment\destructibles\clothes\dest_gauze.effect	non	3.05	8.37;8.37;11.55
base\fx\environment\destructibles\clothes\dest_gauze.particle	non	2.5	8.37;8.37;11.55
base\fx\environment\destructibles\clothes\dest_hanging_lab_suit_a.effect	non	3.49	16.67;16.67;28.33
base\fx\environment\destructibles\clothes\dest_hanging_lab_suit_a.particle	non	5	16.67;16.67;28.33
base\fx\environment\destructibles\clothes\dest_laundry_b.effect	non	3.05	8.37;8.37;11.55
base\fx\environment\destructibles\clothes\dest_laundry_b.particle	non	2.5	8.37;8.37;11.55
base\fx\environment\destructibles\clothes\dest_laundry_f.effect	non	3.05	8.37;8.37;11.55
base\fx\environment\destructibles\clothes\dest_laundry_f.particle	non	2.5	8.37;8.37;11.55
base\fx\environment\destructibles\clothes\dest_medical_container_f_surgical_cloth.effect	non	3.05	8.37;8.37;11.55
base\fx\environment\destructibles\clothes\dest_medical_container_f_surgical_cloth.particle	non	2.5	8.37;8.37;11.55
base\fx\environment\destructibles\clothes\dest_shoe_trainers_a.effect	non	3.05	8.37;8.37;11.55
base\fx\environment\destructibles\clothes\dest_shoe_trainers_a.particle	non	2.5	8.37;8.37;11.55
base\fx\environment\destructibles\clothes\dest_shorts.effect	non	3.05	8.37;8.37;11.55
base\fx\environment\destructibles\clothes\dest_shorts.particle	non	2.5	8.37;8.37;11.55
base\fx\environment\destructibles\clothes\dest_silk_b.effect	non	3.05	8.37;8.37;11.55
base\fx\environment\destructibles\clothes\dest_silk_b.particle	non	2.5	8.37;8.37;11.55
base\fx\environment\destructibles\clothes\dest_surgical_tool_j_gauze.effect	non	3.05	5;5;9.7
base\fx\environment\destructibles\clothes\dest_surgical_tool_j_gauze.particle	non	2.5	5;5;9.7
base\fx\environment\destructibles\clothes\dest_towel_c.effect	non	3.05	8.37;8.37;11.55
base\fx\environment\destructibles\clothes\dest_towel_c.particle	non	2.5	8.37;8.37;11.55
base\fx\environment\destructibles\clothes\dest_towel_d.effect	non	3.05	8.37;8.37;11.55
base\fx\environment\destructibles\clothes\dest_towel_d.particle	non	2.5	8.37;8.37;11.55
base\fx\environment\destructibles\clothes\dest_wall_rack_glove_c.effect	non	3.05	8.37;8.37;11.55
base\fx\environment\destructibles\clothes\dest_wall_rack_glove_c.particle	non	2.5	8.37;8.37;11.55
base\fx\environment\destructibles\colorful_skulls\dest_colorful_mask_a.effect	non	3.99	3.21;2.24;3.66
base\fx\environment\destructibles\colorful_skulls\dest_colorful_mask_a.particle	non	1.7	3.21;2.24;3.66
base\fx\environment\destructibles\colorful_skulls\dest_colorful_mask_b.effect	non	3.99	3.21;2.24;3.66
base\fx\environment\destructibles\colorful_skulls\dest_colorful_mask_b.particle	non	1.7	3.21;2.24;3.66
base\fx\environment\destructibles\colorful_skulls\dest_colorful_mask_c.effect	non	3.99	3.21;2.24;3.66
base\fx\environment\destructibles\colorful_skulls\dest_colorful_mask_c.particle	non	1.7	3.21;2.24;3.66
base\fx\environment\destructibles\colorful_skulls\dest_colorful_mask_d.effect	non	3.99	3.21;2.24;3.66
base\fx\environment\destructibles\colorful_skulls\dest_colorful_mask_d.particle	non	1.7	3.21;2.24;3.66
base\fx\environment\destructibles\colorful_skulls\dest_colorful_mask_e.effect	non	3.99	3.21;2.24;3.66
base\fx\environment\destructibles\colorful_skulls\dest_colorful_mask_e.particle	non	1.7	3.21;2.24;3.66
base\fx\environment\destructibles\colorful_skulls\dest_colorful_mask_f.effect	non	3.99	3.21;2.24;3.66
base\fx\environment\destructibles\colorful_skulls\dest_colorful_mask_f.particle	non	1.7	3.21;2.24;3.66
base\fx\environment\destructibles\colorful_skulls\dest_colorful_skull_a.effect	non	3.99	3.21;2.04;3.66
base\fx\environment\destructibles\colorful_skulls\dest_colorful_skull_a.particle	non	1.7	3.21;2.04;3.66
base\fx\environment\destructibles\colorful_skulls\dest_colorful_skull_b.effect	non	3.99	3.21;2.04;3.66
base\fx\environment\destructibles\colorful_skulls\dest_colorful_skull_b.particle	non	1.7	3.21;2.04;3.66
base\fx\environment\destructibles\colorful_skulls\dest_colorful_skull_c.effect	non	3.99	3.21;2.04;3.66
base\fx\environment\destructibles\colorful_skulls\dest_colorful_skull_c.particle	non	1.7	3.21;2.04;3.66
base\fx\environment\destructibles\colorful_skulls\dest_colorful_skull_d.effect	non	3.99	3.21;2.04;3.66
base\fx\environment\destructibles\colorful_skulls\dest_colorful_skull_d.particle	non	1.7	3.21;2.04;3.66
base\fx\environment\destructibles\containers\dest_asian_chest_c.effect	non	1.51	6.85;6.85;9.7
base\fx\environment\destructibles\containers\dest_asian_chest_c.particle	non	1.5	6.85;6.85;9.7
base\fx\environment\destructibles\containers\dest_bucket.effect	non	1.31	2.32;2.32;3.55
base\fx\environment\destructibles\containers\dest_bucket.particle	non	1.2	2.32;2.32;3.55
base\fx\environment\destructibles\containers\dest_bucket_blue.effect	non	1.31	2.32;2.32;3.55
base\fx\environment\destructibles\containers\dest_bucket_blue.particle	non	1.2	2.32;2.32;3.55
base\fx\environment\destructibles\containers\dest_bucket_red.effect	non	1.31	2.32;2.32;3.55
base\fx\environment\destructibles\containers\dest_bucket_red.particle	non	1.2	2.32;2.32;3.55
base\fx\environment\destructibles\containers\dest_chinese_tea_cannister_a.effect	non	3.99	3.21;2.04;3.66
base\fx\environment\destructibles\containers\dest_chinese_tea_cannister_a.particle	non	2	3.21;2.04;3.66
base\fx\environment\destructibles\containers\dest_chinese_tea_cannister_b.effect	non	3.99	3.21;2.04;3.66
base\fx\environment\destructibles\containers\dest_chinese_tea_cannister_b.particle	non	2	3.21;2.04;3.66
base\fx\environment\destructibles\containers\dest_chinese_tea_cannister_d.effect	non	3.99	3.21;2.04;3.66
base\fx\environment\destructibles\containers\dest_chinese_tea_cannister_d.particle	non	2	3.21;2.04;3.66
base\fx\environment\destructibles\containers\dest_cigarette_d_pack.effect	non	3.99	2.04;2.04;3.08
base\fx\environment\destructibles\containers\dest_cigarette_d_pack.particle	non	2	2.04;2.04;3.08
base\fx\environment\destructibles\containers\dest_coffee_machine_a_pot.effect	non	25	2.61;2.61;4.62
base\fx\environment\destructibles\containers\dest_coffee_machine_a_pot.particle	non	1.2	2.61;2.61;4.62
base\fx\environment\destructibles\containers\dest_coffee_machine_a_pot_a.effect	non	25	2.61;2.61;4.62
base\fx\environment\destructibles\containers\dest_coffee_machine_a_pot_a.particle	non	1.2	2.61;2.61;4.62
base\fx\environment\destructibles\containers\dest_coffee_machine_b_pot.effect	non	25	2.61;2.61;4.62
base\fx\environment\destructibles\containers\dest_coffee_machine_b_pot.particle	non	1.2	2.61;2.61;4.62
base\fx\environment\destructibles\containers\dest_delivery_crate.effect	non	1.31	2.32;2.32;3.55
base\fx\environment\destructibles\containers\dest_delivery_crate.particle	non	1.2	2.32;2.32;3.55
base\fx\environment\destructibles\containers\dest_delivery_crate_grey.effect	non	1.31	2.32;2.32;3.55
base\fx\environment\destructibles\containers\dest_delivery_crate_grey.particle	non	1.2	2.32;2.32;3.55
base\fx\environment\destructibles\containers\dest_delivery_crate_medium.effect	non	1.31	2.57;2.04;3.2
base\fx\environment\destructibles\containers\dest_delivery_crate_medium.particle	non	1.2	2.57;2.04;3.2
base\fx\environment\destructibles\containers\dest_foam_box.effect	non	5.11	11.72;11.72;17.85
base\fx\environment\destructibles\containers\dest_foam_box.particle	non	5	11.72;11.72;17.85
base\fx\environment\destructibles\containers\dest_foam_box_lid.effect	non	5.11	11.72;11.72;17.85
base\fx\environment\destructibles\containers\dest_foam_box_lid.particle	non	5	11.72;11.72;17.85
base\fx\environment\destructibles\containers\dest_foam_box_trash.effect	non	5.11	11.72;11.72;17.85
base\fx\environment\destructibles\containers\dest_foam_box_trash.particle	non	5	11.72;11.72;17.85
base\fx\environment\destructibles\containers\dest_kitsch_flower_pot_f.effect	non	1.71	5;5;9.7
base\fx\environment\destructibles\containers\dest_kitsch_flower_pot_f.particle	non	1.7	5;5;9.7
base\fx\environment\destructibles\containers\dest_laundry_basket.effect	non	1.31	2.32;2.32;3.55
base\fx\environment\destructibles\containers\dest_laundry_basket.particle	non	1.2	2.32;2.32;3.55
base\fx\environment\destructibles\containers\dest_laundry_basket_full.effect	non	1.31	8.37;8.37;11.55
base\fx\environment\destructibles\containers\dest_medical_container_a.effect	non	3.71	3.21;2.31;3.66
base\fx\environment\destructibles\containers\dest_medical_container_a.particle	non	3.7	3.21;2.31;3.66
base\fx\environment\destructibles\containers\dest_medical_container_a_lid_a.effect	non	3.71	3.21;2.04;3.66
base\fx\environment\destructibles\containers\dest_medical_container_a_lid_a.particle	non	3.7	3.21;2.04;3.66
base\fx\environment\destructibles\containers\dest_poor_flower_pot_c.effect	non	1.71	5;5;9.7
base\fx\environment\destructibles\containers\dest_poor_flower_pot_c.particle	non	1.7	5;5;9.7
base\fx\environment\destructibles\containers\dest_poor_flower_pot_d.effect	non	1.71	5;5;9.7
base\fx\environment\destructibles\containers\dest_poor_flower_pot_d.particle	non	1.7	5;5;9.7
base\fx\environment\destructibles\containers\dest_rich_vase_gold.effect	non	3.99	3.21;2.04;3.66
base\fx\environment\destructibles\containers\dest_rich_vase_gold.particle	non	1.7	3.21;2.04;3.66
base\fx\environment\destructibles\containers\dest_rich_vase_orange.effect	non	3.99	3.21;2.04;3.66
base\fx\environment\destructibles\containers\dest_rich_vase_orange.particle	non	1.7	3.21;2.04;3.66
base\fx\environment\destructibles\containers\dest_rich_vase_small_d.effect	non	3.1	5;5;9.7
base\fx\environment\destructibles\containers\dest_rich_vase_small_d.particle	non	1.5	5;5;9.7
base\fx\environment\destructibles\containers\dest_rich_vase_white.effect	non	3.99	3.21;2.04;3.66
base\fx\environment\destructibles\containers\dest_rich_vase_white.particle	non	1.7	3.21;2.04;3.66
base\fx\environment\destructibles\containers\dest_spice_sack_a.effect	non	3.05	8.27;8.27;11.35
base\fx\environment\destructibles\containers\dest_spice_sack_a.particle	non	6	8.27;8.27;11.35
base\fx\environment\destructibles\containers\dest_spice_sack_d.effect	non	3.05	8.27;8.27;11.35
base\fx\environment\destructibles\containers\dest_spice_sack_d.particle	non	6	8.27;8.27;11.35
base\fx\environment\destructibles\containers\dest_spice_sack_e.effect	non	3.05	8.27;8.27;11.35
base\fx\environment\destructibles\containers\dest_spice_sack_e.particle	non	6	8.27;8.27;11.35
base\fx\environment\destructibles\containers\dest_spice_sack_f.effect	non	3.05	8.27;8.27;11.35
base\fx\environment\destructibles\containers\dest_spice_sack_f.particle	non	6	8.27;8.27;11.35
base\fx\environment\destructibles\containers\dest_water_container_small_c.effect	non	25	2.32;2.32;3.55
base\fx\environment\destructibles\containers\dest_water_container_small_c.particle	non	1.2	2.32;2.32;3.55
base\fx\environment\destructibles\containers\dest_water_container_small_d_red.effect	non	25	2.61;2.61;4.62
base\fx\environment\destructibles\containers\dest_water_container_small_d_red.particle	non	1.2	2.61;2.61;4.62
base\fx\environment\destructibles\containers\dest_water_container_small_d_white.effect	non	25	2.61;2.61;4.62
base\fx\environment\destructibles\containers\dest_water_container_small_d_white.particle	non	1.2	2.61;2.61;4.62
base\fx\environment\destructibles\containers\dest_water_container_small_e.effect	non	25	2.61;2.61;4.62
base\fx\environment\destructibles\containers\dest_water_container_small_e.particle	non	1.2	2.61;2.61;4.62
base\fx\environment\destructibles\containers\dest_water_container_small_f.effect	non	25	2.61;2.61;4.62
base\fx\environment\destructibles\containers\dest_water_container_small_f.particle	non	1.2	2.61;2.61;4.62
base\fx\environment\destructibles\dolphin_statue\fx_dolphin_destructible.effect	non	3.24	12.61;12.61;23.21
base\fx\environment\destructibles\dolphin_statue\fx_dolphin_destructible.particle	non	6	12.61;12.61;23.21
base\fx\environment\destructibles\electrical\fx_electrical_destruction.effect	non	8	3.24;3.24;5.48
base\fx\environment\destructibles\electrical\fx_electrical_destruction.particle	non	2	3.24;3.24;5.48
base\fx\environment\destructibles\electrical\fx_electrical_device_destruction.effect	non	8	3.24;3.24;5.48
base\fx\environment\destructibles\electrical\fx_electrical_device_destruction.particle	non	2	3.24;3.24;5.48
base\fx\environment\destructibles\electrical\fx_electrical_device_destruction_small.effect	non	8	2.77;2.77;5.37
base\fx\environment\destructibles\electrical\fx_electrical_device_destruction_small.particle	non	1.2	2.77;2.77;5.37
base\fx\environment\destructibles\fire_extinguisher\fire_extinguisher_destructible.particle	oui		11.5;11.5;22
base\fx\environment\destructibles\fire_extinguisher\fire_extinguisher_destructible_v02.particle	oui		23.5;23.5;46
base\fx\environment\destructibles\fire_extinguisher\fire_extinguisher_destructible_v03.particle	oui		23.5;23.5;46
base\fx\environment\destructibles\food\dest_asian_street_food.effect	non	15	9;9;12
base\fx\environment\destructibles\food\dest_asian_street_food.particle	non	4	9;9;12
base\fx\environment\destructibles\food\dest_fancy_food_1_c_leaf.effect	non	3.05	5;5;9.7
base\fx\environment\destructibles\food\dest_fancy_food_1_c_leaf.particle	non	2	5;5;9.7
base\fx\environment\destructibles\food\dest_fancy_food_1_e_pudding.effect	non	24.55	2.02;2.02;3.25
base\fx\environment\destructibles\food\dest_fancy_food_1_e_pudding.particle	non	1	2.02;2.02;3.25
base\fx\environment\destructibles\food\dest_fancy_food_1_g_redmeat.effect	non	24.59	11.72;11.72;17.85
base\fx\environment\destructibles\food\dest_fancy_food_1_g_redmeat.particle	non	5	11.72;11.72;17.85
base\fx\environment\destructibles\food\dest_food_asian_sauce_big.effect	non	24.55	2.02;2.02;3.25
base\fx\environment\destructibles\food\dest_food_asian_sauce_green.effect	non	15	0.93;0.93;1.71
base\fx\environment\destructibles\food\dest_food_asian_sauce_green.particle	non	0.7	0.93;0.93;1.71
base\fx\environment\destructibles\food\dest_food_i_sauce.effect	non	2	0;0;0
base\fx\environment\destructibles\food\dest_food_i_sauce.particle	non	0.7	0.93;0.93;1.71
base\fx\environment\destructibles\food\dest_food_j_sauce.effect	non	15	0;0;0
base\fx\environment\destructibles\food\dest_food_j_sauce.particle	non	0.7	0.93;0.93;1.71
base\fx\environment\destructibles\food\dest_food_k_sauce.effect	non	15	0.93;0.93;1.71
base\fx\environment\destructibles\food\dest_food_k_sauce.particle	non	0.7	0.93;0.93;1.71
base\fx\environment\destructibles\food\dest_food_m_sauce.effect	non	15	0.93;0.93;1.71
base\fx\environment\destructibles\food\dest_food_m_sauce.particle	non	0.7	0.93;0.93;1.71
base\fx\environment\destructibles\food\dest_food_rice_bun.effect	non	15	6.4;6.4;11.3
base\fx\environment\destructibles\food\dest_food_rice_bun.particle	non	4	6.4;6.4;11.3
base\fx\environment\destructibles\food\dest_fresh_fruit_a.effect	non	15	6.4;6.4;11.3
base\fx\environment\destructibles\food\dest_fresh_fruit_a.particle	non	4	6.4;6.4;11.3
base\fx\environment\destructibles\food\dest_fresh_fruit_b.effect	non	15	6.4;6.4;11.3
base\fx\environment\destructibles\food\dest_fresh_fruit_b.particle	non	4	6.4;6.4;11.3
base\fx\environment\destructibles\food\dest_fresh_fruit_c.effect	non	15	6.4;6.4;11.3
base\fx\environment\destructibles\food\dest_fresh_fruit_c.particle	non	4	6.4;6.4;11.3
base\fx\environment\destructibles\food\dest_fresh_fruit_e.effect	non	15	6.4;6.4;11.3
base\fx\environment\destructibles\food\dest_fresh_fruit_e.particle	non	4	6.4;6.4;11.3
base\fx\environment\destructibles\food\dest_f_fries_plate.effect	non	15	6.4;6.4;11.3
base\fx\environment\destructibles\food\dest_f_fries_plate.particle	non	4	6.4;6.4;11.3
base\fx\environment\destructibles\food\dest_g_fries_cone.effect	non	15	6.4;6.4;11.3
base\fx\environment\destructibles\food\dest_g_fries_cone.particle	non	4	6.4;6.4;11.3
base\fx\environment\destructibles\food\dest_ketchup.effect	non	24.59	4;4;7
base\fx\environment\destructibles\food\dest_ketchup.particle	non	1.6	4;4;7
base\fx\environment\destructibles\food\dest_mayo.effect	non	24.59	4;4;7
base\fx\environment\destructibles\food\dest_mayo.particle	non	1.6	4;4;7
base\fx\environment\destructibles\food\dest_milk.effect	non	24.59	2.31;2.31;4.03
base\fx\environment\destructibles\food\dest_milk.particle	non	1.2	2.31;2.31;4.03
base\fx\environment\destructibles\food\dest_milk_02.effect	non	24.59	2.31;2.31;4.03
base\fx\environment\destructibles\food\dest_milk_02.particle	non	1.2	2.31;2.31;4.03
base\fx\environment\destructibles\food\dest_milk_03.effect	non	24.59	2.31;2.31;4.03
base\fx\environment\destructibles\food\dest_milk_03.particle	non	1.2	2.31;2.31;4.03
base\fx\environment\destructibles\food\dest_milk_d.effect	non	24.59	2.31;2.31;4.03
base\fx\environment\destructibles\food\dest_milk_d.particle	non	1.2	2.31;2.31;4.03
base\fx\environment\destructibles\food\dest_milk_e.effect	non	24.59	2.31;2.31;4.03
base\fx\environment\destructibles\food\dest_milk_e.particle	non	1.2	2.31;2.31;4.03
base\fx\environment\destructibles\food\dest_milk_f.effect	non	24.59	2.31;2.31;4.03
base\fx\environment\destructibles\food\dest_milk_f.particle	non	1.2	2.31;2.31;4.03
base\fx\environment\destructibles\food\dest_mixed_fast_food_a_sandwich.effect	non	24.97	6.4;6.4;11.3
base\fx\environment\destructibles\food\dest_mixed_fast_food_a_sandwich.particle	non	4	6.4;6.4;11.3
base\fx\environment\destructibles\food\dest_mixed_fast_food_d_burger.effect	non	24.59	6.4;6.4;11.3
base\fx\environment\destructibles\food\dest_mixed_fast_food_d_burger.particle	non	4	6.4;6.4;11.3
base\fx\environment\destructibles\food\dest_mixed_fast_food_h_hotdog.effect	non	24.59	6.4;6.4;11.3
base\fx\environment\destructibles\food\dest_mixed_fast_food_h_hotdog.particle	non	4	6.4;6.4;11.3
base\fx\environment\destructibles\food\dest_mixed_fast_food_k_takeout.effect	non	15	6.4;6.4;11.3
base\fx\environment\destructibles\food\dest_mixed_fast_food_k_takeout.particle	non	4	6.4;6.4;11.3
base\fx\environment\destructibles\food\dest_mixed_street_food_a_cup_noodle.effect	non	24.59	6.4;6.4;11.3
base\fx\environment\destructibles\food\dest_mixed_street_food_a_cup_noodle.particle	non	4	6.4;6.4;11.3
base\fx\environment\destructibles\food\dest_mixed_street_food_b_tofu_fried.effect	non	24.74	6.4;6.4;11.3
base\fx\environment\destructibles\food\dest_mixed_street_food_b_tofu_fried.particle	non	4	6.4;6.4;11.3
base\fx\environment\destructibles\food\dest_mixed_street_food_d_noodles.effect	non	24.59	6.4;6.4;11.3
base\fx\environment\destructibles\food\dest_mixed_street_food_d_noodles.particle	non	4	6.4;6.4;11.3
base\fx\environment\destructibles\food\dest_mixed_street_food_e_sushi.effect	non	15	6.4;6.4;11.3
base\fx\environment\destructibles\food\dest_mixed_street_food_e_sushi.particle	non	4	6.4;6.4;11.3
base\fx\environment\destructibles\food\dest_mixed_street_food_i_pizza.effect	non	24.74	6.9;6.9;11.8
base\fx\environment\destructibles\food\dest_mixed_street_food_i_pizza.particle	non	4	6.9;6.9;11.8
base\fx\environment\destructibles\food\dest_mixed_street_food_i_pizza_quarter.effect	non	24.76	6.9;6.9;11.8
base\fx\environment\destructibles\food\dest_mixed_street_food_i_pizza_quarter.particle	non	4	6.9;6.9;11.8
base\fx\environment\destructibles\food\dest_mustard.effect	non	24.59	4;4;7
base\fx\environment\destructibles\food\dest_mustard.particle	non	1.6	4;4;7
base\fx\environment\destructibles\food\dest_poor_condiment_b.effect	non	15	25.55;25.55;50.7
base\fx\environment\destructibles\food\dest_poor_condiment_b.particle	non	5	25.55;25.55;50.7
base\fx\environment\destructibles\food\dest_poor_condiment_c.effect	non	15	4;4;7
base\fx\environment\destructibles\food\dest_poor_condiment_c.particle	non	1.6	4;4;7
base\fx\environment\destructibles\food\dest_poor_condiment_g.effect	non	15	4;4;7
base\fx\environment\destructibles\food\dest_poor_condiment_g.particle	non	1.6	4;4;7
base\fx\environment\destructibles\food\dest_poor_condiment_h.effect	non	15	4;4;7
base\fx\environment\destructibles\food\dest_poor_condiment_h.particle	non	1.6	4;4;7
base\fx\environment\destructibles\food\dest_ramen_bowl_a_full_a.effect	non	24.74	6.4;6.4;11.3
base\fx\environment\destructibles\food\dest_ramen_bowl_a_full_a.particle	non	4	6.4;6.4;11.3
base\fx\environment\destructibles\food\dest_synthetic_food_a_taco_a.effect	non	4.01	11.68;11.68;22.35
base\fx\environment\destructibles\food\dest_synthetic_food_a_taco_a.particle	non	4	11.68;11.68;22.35
base\fx\environment\destructibles\food\dest_synthetic_food_a_taco_b.effect	non	4.01	6.4;6.4;11.3
base\fx\environment\destructibles\food\dest_synthetic_food_a_taco_b.particle	non	4	6.4;6.4;11.3
base\fx\environment\destructibles\food\dest_tajine_a_bowl_full.effect	non	24.59	6.4;6.4;11.3
base\fx\environment\destructibles\food\dest_tajine_a_bowl_full.particle	non	4	6.4;6.4;11.3
base\fx\environment\destructibles\garbage_bag\dest_garbage_bag.effect	non	5	11.72;11.72;17.85
base\fx\environment\destructibles\garbage_bag\dest_garbage_bag.particle	non	5	11.72;11.72;17.85
base\fx\environment\destructibles\garbage_bag\dest_garbage_bag_big.effect	non	5	11.92;11.92;17.85
base\fx\environment\destructibles\garbage_bag\dest_garbage_bag_big.particle	non	5	11.92;11.92;17.85
base\fx\environment\destructibles\glass_bottle\e_destructibles_bottle_b_wine.effect	non	24.7	25.55;25.55;50.9
base\fx\environment\destructibles\glass_bottle\e_destructibles_bottle_b_wine.particle	non	5	25.55;25.55;50.9
base\fx\environment\destructibles\glass_bottle\e_destructibles_glass_bottle.effect	non	24.7	25.9;25.9;50.9
base\fx\environment\destructibles\glass_bottle\e_destructibles_glass_bottle.particle	non	5	25.9;25.9;50.9
base\fx\environment\destructibles\glass_bottle\e_destructibles_glass_bottle_blue.effect	non	24.67	25.55;25.55;50.9
base\fx\environment\destructibles\glass_bottle\e_destructibles_glass_bottle_blue.particle	non	5	25.55;25.55;50.9
base\fx\environment\destructibles\glass_bottle\e_destructibles_glass_bottle_dark.effect	non	25	25.55;25.55;50.9
base\fx\environment\destructibles\glass_bottle\e_destructibles_glass_bottle_dark.particle	non	5	25.55;25.55;50.9
base\fx\environment\destructibles\glass_bottle\e_destructibles_glass_bottle_dark_empty.effect	non	4.6	25.55;25.55;50.9
base\fx\environment\destructibles\glass_bottle\e_destructibles_glass_bottle_dark_empty.particle	non	5	25.55;25.55;50.9
base\fx\environment\destructibles\glass_bottle\e_destructibles_glass_bottle_default.effect	non	24.67	25.55;25.55;50.7
base\fx\environment\destructibles\glass_bottle\e_destructibles_glass_bottle_default.particle	non	5	25.55;25.55;50.7
base\fx\environment\destructibles\glass_bottle\e_destructibles_glass_bottle_empty.effect	non	4.52	25.55;25.55;50.7
base\fx\environment\destructibles\glass_bottle\e_destructibles_glass_bottle_empty.particle	non	5	25.55;25.55;50.7
base\fx\environment\destructibles\glass_bottle\e_destructibles_glass_bottle_empty_champagne.effect	non	4.6	25.55;25.55;50.7
base\fx\environment\destructibles\glass_bottle\e_destructibles_glass_bottle_empty_champagne.particle	non	5	25.55;25.55;50.7
base\fx\environment\destructibles\glass_bottle\e_destructibles_glass_bottle_green_beer.effect	non	25	25.9;25.9;50.9
base\fx\environment\destructibles\glass_bottle\e_destructibles_glass_bottle_green_beer.particle	non	5	25.9;25.9;50.9
base\fx\environment\destructibles\glass_bottle\e_destructibles_glass_bottle_orange.effect	non	24.66	25.55;25.55;50.7
base\fx\environment\destructibles\glass_bottle\e_destructibles_glass_bottle_orange.particle	non	5	25.55;25.55;50.7
base\fx\environment\destructibles\glass_bottle\e_destructibles_glass_champagne_a.effect	non	4.6	25.55;25.55;50.7
base\fx\environment\destructibles\glass_bottle\e_destructibles_glass_champagne_a.particle	non	5	25.55;25.55;50.7
base\fx\environment\destructibles\glass_bottle\e_destructibles_medicine_bottle.effect	non	24.72	25.55;25.55;50.7
base\fx\environment\destructibles\glass_bottle\e_destructibles_medicine_bottle.particle	non	5	25.55;25.55;50.7
base\fx\environment\destructibles\glass_bottle\e_destructibles_wiskey_glass_filled.effect	non	24.69	25.55;25.55;50.7
base\fx\environment\destructibles\glass_bottle\e_destructibles_wiskey_glass_filled.particle	non	5	25.55;25.55;50.7
base\fx\environment\destructibles\glass_vial\glass_vial_blood_destructible.particle	non	2	24.74;24.74;49.68
base\fx\environment\destructibles\glass_vial\glass_vial_destructible.particle	non	2	24.74;24.74;49.68
base\fx\environment\destructibles\glass_window\fx_glass_destruction.effect	non	8	13.74;13.74;26.73
base\fx\environment\destructibles\glass_window\fx_glass_destruction.particle	non	2	13.74;13.74;26.73
base\fx\environment\destructibles\glass_window\glass_tempered_destructible.particle	non	2	2.24;3.24;4.47
base\fx\environment\destructibles\glass_window\glass_window_falldown.particle	non	2	3.62;3.12;5.74
base\fx\environment\destructibles\glass_window\glass_window_impact.particle	non	2	6.16;4.16;9.32
base\fx\environment\destructibles\glass_window\shootingav_windowshatter.effect	non	3	6.16;4.16;9.32
base\fx\environment\destructibles\gym_accessories\dest_gym_accessories_b_boxing_gloves.effect	non	5.11	11.72;11.72;17.85
base\fx\environment\destructibles\gym_accessories\dest_gym_accessories_b_boxing_gloves.particle	non	5	11.72;11.72;17.85
base\fx\environment\destructibles\gym_accessories\dest_gym_accessories_jumping_rope.effect	non	3.71	12.31;12.31;24.55
base\fx\environment\destructibles\gym_accessories\dest_gym_accessories_jumping_rope.particle	non	3.7	12.31;12.31;24.55
base\fx\environment\destructibles\int_ent_industrial_a_floor\dest_int_ent_industrial_a_floor.effect	non	8	4.64;4.64;7.29
base\fx\environment\destructibles\int_ent_industrial_a_floor\dest_int_ent_industrial_a_floor.particle	non	5	4.64;4.64;7.29
base\fx\environment\destructibles\meatbag\meatbag_destructible.effect	non	5	6;5;9
base\fx\environment\destructibles\meatbag\meatbag_destructible.particle	non	7	6;5;9
base\fx\environment\destructibles\meatbag\meatbag_dripping_liquid_01.particle	non	0.8	2.12;2.12;2.04
base\fx\environment\destructibles\meatbag\meatbag_dripping_liquid_02.particle	non	1	2.13;2.13;2.05
base\fx\environment\destructibles\meatbag\meatbag_static.effect	non	2	0;0;0
base\fx\environment\destructibles\medicar_jar\dest_medical_jar_b.effect	non	24.78	25.55;25.55;50.7
base\fx\environment\destructibles\medicar_jar\dest_medical_jar_b.particle	non	5	25.55;25.55;50.7
base\fx\environment\destructibles\medicar_jar\dest_medical_jar_d.effect	non	24.78	25.55;25.55;50.7
base\fx\environment\destructibles\medicar_jar\dest_medical_jar_d.particle	non	5	25.55;25.55;50.7
base\fx\environment\destructibles\medicar_jar\dest_medical_jar_dd.effect	non	24.59	25.55;25.55;50.7
base\fx\environment\destructibles\medicar_jar\dest_medical_jar_dd.particle	non	5	25.55;25.55;50.7
base\fx\environment\destructibles\medicine_bottles\dest_medicine_bottle_c.effect	non	24.63	7.75;7.75;15
base\fx\environment\destructibles\medicine_bottles\dest_medicine_bottle_c.particle	non	6	7.75;7.75;15
base\fx\environment\destructibles\medicine_bottles\dest_medicine_bottle_c_small.effect	non	24.63	7.75;7.75;15
base\fx\environment\destructibles\medicine_bottles\dest_medicine_bottle_c_small.particle	non	6	7.75;7.75;15
base\fx\environment\destructibles\medicine_bottles\dest_medkit_stuff_bottle.effect	non	24.63	4;4;7
base\fx\environment\destructibles\medicine_bottles\dest_medkit_stuff_bottle.particle	non	1.6	4;4;7
base\fx\environment\destructibles\misc\dest_ashtray.effect	non	3.71	3.21;2.04;3.66
base\fx\environment\destructibles\misc\dest_ashtray.particle	non	3.7	3.21;2.04;3.66
base\fx\environment\destructibles\misc\dest_bar_mat_b.effect	non	1	7.45;7.45;10.2
base\fx\environment\destructibles\misc\dest_bar_mat_b.particle	non	1.5	7.45;7.45;10.2
base\fx\environment\destructibles\misc\dest_camping_bag_rolled_a.effect	non	5	12.87;12.87;24.53
base\fx\environment\destructibles\misc\dest_camping_bag_rolled_a.particle	non	5	12.87;12.87;24.53
base\fx\environment\destructibles\misc\dest_camping_bag_rolled_b.effect	non	5	12.87;12.87;24.53
base\fx\environment\destructibles\misc\dest_camping_bag_rolled_b.particle	non	5	12.87;12.87;24.53
base\fx\environment\destructibles\misc\dest_camping_bag_rolled_c.effect	non	5	12.87;12.87;24.53
base\fx\environment\destructibles\misc\dest_camping_bag_rolled_c.particle	non	5	12.87;12.87;24.53
base\fx\environment\destructibles\misc\dest_candle_b.effect	non	1	2.02;2.02;3.25
base\fx\environment\destructibles\misc\dest_candle_b.particle	non	1	2.02;2.02;3.25
base\fx\environment\destructibles\misc\dest_candle_c.effect	non	1	2.02;2.02;3.25
base\fx\environment\destructibles\misc\dest_candle_c.particle	non	1	2.02;2.02;3.25
base\fx\environment\destructibles\misc\dest_candle_simple_a.effect	non	2	2.2;2.2;3.25
base\fx\environment\destructibles\misc\dest_candle_simple_a.particle	non	2	2.2;2.2;3.25
base\fx\environment\destructibles\misc\dest_cigarette.effect	non	3.99	1.05;1.05;1.8
base\fx\environment\destructibles\misc\dest_cigarette.particle	non	2	1.05;1.05;1.8
base\fx\environment\destructibles\misc\dest_cigarette_c_pack.effect	non	6.4	6.4;6.4;11.59
base\fx\environment\destructibles\misc\dest_cigarette_c_pack.particle	non	6	6.4;6.4;11.59
base\fx\environment\destructibles\misc\dest_cigarette_f_pack.effect	non	6.4	6.4;6.4;11.59
base\fx\environment\destructibles\misc\dest_cigarette_f_pack.particle	non	6	6.4;6.4;11.59
base\fx\environment\destructibles\misc\dest_cigarette_g_pack.effect	non	6.4	6.4;6.4;11.59
base\fx\environment\destructibles\misc\dest_cigarette_g_pack.particle	non	6	6.4;6.4;11.59
base\fx\environment\destructibles\misc\dest_cinder_block.effect	non	8	5.84;5.84;9.69
base\fx\environment\destructibles\misc\dest_cinder_block.particle	non	6	5.84;5.84;9.69
base\fx\environment\destructibles\misc\dest_crane_sculpture.effect	non	3.71	3.21;2.76;3.66
base\fx\environment\destructibles\misc\dest_crane_sculpture.particle	non	3.7	3.21;2.76;3.66
base\fx\environment\destructibles\misc\dest_crane_sculpture_b_small.effect	non	3.71	3.21;2.04;3.66
base\fx\environment\destructibles\misc\dest_crane_sculpture_b_small.particle	non	3.7	3.21;2.04;3.66
base\fx\environment\destructibles\misc\dest_dream_catcher.effect	non	5	16.32;16.32;27.64
base\fx\environment\destructibles\misc\dest_dream_catcher.particle	non	5	16.32;16.32;27.64
base\fx\environment\destructibles\misc\dest_go_board_a.effect	non	1	7.45;7.45;10.2
base\fx\environment\destructibles\misc\dest_go_board_a.particle	non	1.5	7.45;7.45;10.2
base\fx\environment\destructibles\misc\dest_ice_cube_set.effect	non	24.58	3.08;3.08;4.95
base\fx\environment\destructibles\misc\dest_ice_cube_set.particle	non	2.5	3.08;3.08;4.95
base\fx\environment\destructibles\misc\dest_int_medical_002_infusion_bag.effect	non	24.59	4;4;7.34
base\fx\environment\destructibles\misc\dest_int_medical_002_infusion_bag.particle	non	1.6	4;4;7.34
base\fx\environment\destructibles\misc\dest_japanese_lantern_b_blue.effect	non	4	11.72;11.72;17.85
base\fx\environment\destructibles\misc\dest_japanese_lantern_b_blue.particle	non	5	11.72;11.72;17.85
base\fx\environment\destructibles\misc\dest_japanese_lantern_b_yellow.effect	non	4	11.72;11.72;17.85
base\fx\environment\destructibles\misc\dest_japanese_lantern_b_yellow.particle	non	5	11.72;11.72;17.85
base\fx\environment\destructibles\misc\dest_katana_stand.effect	non	1.51	6.85;6.85;9.7
base\fx\environment\destructibles\misc\dest_katana_stand.particle	non	1.5	6.85;6.85;9.7
base\fx\environment\destructibles\misc\dest_lighter_a.effect	non	2	3.56;3.56;7.08
base\fx\environment\destructibles\misc\dest_lighter_a.particle	non	1.5	3.56;3.56;7.08
base\fx\environment\destructibles\misc\dest_makeup_d_compact.effect	non	3.71	3.21;2.04;3.66
base\fx\environment\destructibles\misc\dest_makeup_d_compact.particle	non	3.7	3.21;2.04;3.66
base\fx\environment\destructibles\misc\dest_medical_electronic_small.effect	non	3.71	14.93;14.93;28.86
base\fx\environment\destructibles\misc\dest_medical_electronic_small.particle	non	3.7	14.93;14.93;28.86
base\fx\environment\destructibles\misc\dest_medkit_stuff_package_b.effect	non	3.71	3.21;2.04;3.66
base\fx\environment\destructibles\misc\dest_medkit_stuff_package_b.particle	non	3.7	3.21;2.04;3.66
base\fx\environment\destructibles\misc\dest_medkit_stuff_package_c.effect	non	3.71	3.21;2.04;3.66
base\fx\environment\destructibles\misc\dest_medkit_stuff_package_c.particle	non	3.7	3.21;2.04;3.66
base\fx\environment\destructibles\misc\dest_medkit_stuff_package_d.effect	non	3.71	3.21;2.04;3.66
base\fx\environment\destructibles\misc\dest_medkit_stuff_package_d.particle	non	3.7	3.21;2.04;3.66
base\fx\environment\destructibles\misc\dest_nightbar_sticker_04.effect	non	1.32	2.04;2.04;3.08
base\fx\environment\destructibles\misc\dest_nightbar_sticker_04.particle	non	1.2	2.04;2.04;3.08
base\fx\environment\destructibles\misc\dest_pandeiro_a.effect	non	1.51	14;14;27.93
base\fx\environment\destructibles\misc\dest_pandeiro_a.particle	non	2.5	14;14;27.93
base\fx\environment\destructibles\misc\dest_paper_crumple.effect	non	5	10.68;10.68;18.52
base\fx\environment\destructibles\misc\dest_paper_crumple.particle	non	5	10.68;10.68;18.52
base\fx\environment\destructibles\misc\dest_paper_document.effect	non	3	11.72;11.72;17.85
base\fx\environment\destructibles\misc\dest_paper_document.particle	non	5	11.72;11.72;17.85
base\fx\environment\destructibles\misc\dest_playing_cards_a.effect	non	4.96	12.12;12.12;18.25
base\fx\environment\destructibles\misc\dest_playing_cards_a.particle	non	5	12.12;12.12;18.25
base\fx\environment\destructibles\misc\dest_playing_cards_b.effect	non	4.96	12.12;12.12;18.25
base\fx\environment\destructibles\misc\dest_playing_cards_b.particle	non	5	12.12;12.12;18.25
base\fx\environment\destructibles\misc\dest_poker_chip_a.effect	non	3.71	3.21;2.47;3.94
base\fx\environment\destructibles\misc\dest_poker_chip_a.particle	non	3.7	3.21;2.47;3.94
base\fx\environment\destructibles\misc\dest_poster_n_geisha.effect	non	4.96	12.22;12.22;18.25
base\fx\environment\destructibles\misc\dest_poster_n_geisha.particle	non	5	12.22;12.22;18.25
base\fx\environment\destructibles\misc\dest_sake_a_cup_a.effect	non	3.71	3.21;2.31;3.66
base\fx\environment\destructibles\misc\dest_sake_a_cup_a.particle	non	3.7	3.21;2.31;3.66
base\fx\environment\destructibles\misc\dest_tableware_corpo_a_mug_b.effect	non	3.71	3.21;2.04;3.66
base\fx\environment\destructibles\misc\dest_tableware_corpo_a_mug_b.particle	non	3.7	3.21;2.04;3.66
base\fx\environment\destructibles\misc\dest_tableware_corpo_a_plate_a.effect	non	3.7	3.21;2.92;4.65
base\fx\environment\destructibles\misc\dest_tableware_corpo_a_plate_a.particle	non	3.7	3.21;2.92;4.65
base\fx\environment\destructibles\misc\dest_tableware_entropy_a_mug_a.effect	non	3.71	3.21;2.31;3.66
base\fx\environment\destructibles\misc\dest_tableware_entropy_a_mug_a.particle	non	3.7	3.21;2.31;3.66
base\fx\environment\destructibles\misc\dest_tableware_kitsch_a_mug_a.effect	non	3.71	3.21;2.31;3.66
base\fx\environment\destructibles\misc\dest_tableware_kitsch_a_mug_a.particle	non	3.7	3.21;2.31;3.66
base\fx\environment\destructibles\misc\dest_tableware_neokitsch_a_mug_a.effect	non	3.71	3.21;2.04;3.66
base\fx\environment\destructibles\misc\dest_tableware_neokitsch_a_mug_a.particle	non	3.7	3.21;2.04;3.66
base\fx\environment\destructibles\misc\dest_tableware_neokitsch_a_mug_b.effect	non	3.71	3.21;2.31;3.66
base\fx\environment\destructibles\misc\dest_tableware_neokitsch_a_mug_b.particle	non	3.7	3.21;2.31;3.66
base\fx\environment\destructibles\misc\dest_umbrella.effect	non	4.96	12.22;12.02;18.15
base\fx\environment\destructibles\misc\dest_umbrella.particle	non	5	12.22;12.02;18.15
base\fx\environment\destructibles\misc\dest_umbrella_blue.effect	non	4.96	12.22;12.02;18.15
base\fx\environment\destructibles\misc\dest_umbrella_blue.particle	non	5	12.22;12.02;18.15
base\fx\environment\destructibles\misc\dest_umbrella_green.effect	non	4.96	12.22;12.02;18.15
base\fx\environment\destructibles\misc\dest_umbrella_green.particle	non	5	12.22;12.02;18.15
base\fx\environment\destructibles\misc\dest_umbrella_purple.effect	non	4.96	12.22;12.02;18.15
base\fx\environment\destructibles\misc\dest_umbrella_purple.particle	non	5	12.22;12.02;18.15
base\fx\environment\destructibles\misc\dest_umbrella_red.effect	non	4.96	12.22;12.02;18.15
base\fx\environment\destructibles\misc\dest_umbrella_red.particle	non	5	12.22;12.02;18.15
base\fx\environment\destructibles\misc\dest_umbrella_white.effect	non	4.96	12.22;12.02;18.15
base\fx\environment\destructibles\misc\dest_umbrella_white.particle	non	5	12.22;12.02;18.15
base\fx\environment\destructibles\misc\dest_umbrella_yellow.effect	non	4.96	12.22;12.02;18.15
base\fx\environment\destructibles\misc\dest_umbrella_yellow.particle	non	5	12.22;12.02;18.15
base\fx\environment\destructibles\misc\dest_vinyl.effect	non	4.96	11.72;11.72;17.85
base\fx\environment\destructibles\misc\dest_vinyl.particle	non	5	11.72;11.72;17.85
base\fx\environment\destructibles\misc\dest_vinyl_record.effect	non	3.71	3.21;2.15;3.66
base\fx\environment\destructibles\misc\dest_vinyl_record.particle	non	3.7	3.21;2.15;3.66
base\fx\environment\destructibles\misc\dest_voodoo_craft_a_bowl.effect	non	5	12.72;12.72;18.85
base\fx\environment\destructibles\misc\dest_voodoo_craft_a_bowl.particle	non	5	12.72;12.72;18.85
base\fx\environment\destructibles\misc\dest_voodoo_craft_a_chaplet.effect	non	5	3.21;1.65;3.66
base\fx\environment\destructibles\misc\dest_voodoo_craft_a_chaplet.particle	non	5	3.21;1.65;3.66
base\fx\environment\destructibles\misc\dest_ziplock_drugs_a_pills_b.effect	non	5	11.72;11.72;17.85
base\fx\environment\destructibles\misc\dest_ziplock_drugs_a_pills_b.particle	non	5	11.72;11.72;17.85
base\fx\environment\destructibles\misc\dest_ziplock_drugs_b_pills_a.effect	non	5	11.72;11.72;17.85
base\fx\environment\destructibles\misc\dest_ziplock_drugs_b_pills_a.particle	non	5	11.72;11.72;17.85
base\fx\environment\destructibles\misc\dest_ziplock_drugs_b_pills_b.effect	non	5	11.72;11.72;17.85
base\fx\environment\destructibles\misc\dest_ziplock_drugs_b_pills_b.particle	non	5	11.72;11.72;17.85
base\fx\environment\destructibles\misc\dest_ziplock_drugs_c_cannabis_a.effect	non	3.49	11.72;11.72;17.85
base\fx\environment\destructibles\misc\dest_ziplock_drugs_c_cannabis_a.particle	non	5	11.72;11.72;17.85
base\fx\environment\destructibles\misc\dest_ziplock_drugs_c_cannabis_a_open.effect	non	5	11.72;11.72;17.85
base\fx\environment\destructibles\misc\dest_ziplock_drugs_c_cannabis_a_open.particle	non	5	11.72;11.72;17.85
base\fx\environment\destructibles\misc\dest_ziplock_drugs_c_pills_a.effect	non	5	11.72;11.72;17.85
base\fx\environment\destructibles\misc\dest_ziplock_drugs_c_pills_a.particle	non	5	11.72;11.72;17.85
base\fx\environment\destructibles\misc\dest_ziplock_drugs_c_pills_a_open.effect	non	5	11.72;11.72;17.85
base\fx\environment\destructibles\misc\dest_ziplock_drugs_c_pills_a_open.particle	non	5	11.72;11.72;17.85
base\fx\environment\destructibles\misc\dest_ziplock_drugs_c_pills_b.effect	non	5	11.72;11.72;17.85
base\fx\environment\destructibles\misc\dest_ziplock_drugs_c_pills_b.particle	non	5	11.72;11.72;17.85
base\fx\environment\destructibles\misc\dest_ziplock_drugs_powder.effect	non	3.49	11.72;11.72;17.85
base\fx\environment\destructibles\misc\dest_ziplock_drugs_powder.particle	non	5	11.72;11.72;17.85
base\fx\environment\destructibles\outdoor_bench\dest_megabuilding_bench.effect	non	3	2.47;2.47;3.94
base\fx\environment\destructibles\outdoor_bench\dest_megabuilding_bench.particle	non	1.2	2.47;2.47;3.94
base\fx\environment\destructibles\outdoor_bench\dest_outdoor_bench.effect	non	3	2.47;2.47;3.94
base\fx\environment\destructibles\outdoor_bench\dest_outdoor_bench.particle	non	1.2	2.47;2.47;3.94
base\fx\environment\destructibles\packaged_food\synthetic_meat.effect	non	24.59	11.72;11.72;17.85
base\fx\environment\destructibles\packaged_food\synthetic_meat.particle	non	5	11.72;11.72;17.85
base\fx\environment\destructibles\packaged_food\synthetic_meat_small.effect	non	24.59	11.72;11.72;17.85
base\fx\environment\destructibles\packaged_food\synthetic_meat_snack.effect	non	24.59	11.72;11.72;17.85
base\fx\environment\destructibles\packaged_food\synthetic_meat_snack.particle	non	5	11.72;11.72;17.85
base\fx\environment\destructibles\pillar\dest_int_ent_apartment_a_pillar.effect	non	8	5.84;5.84;9.69
base\fx\environment\destructibles\pillar\dest_int_ent_apartment_a_pillar.particle	non	6	5.84;5.84;9.69
base\fx\environment\destructibles\pillar\dest_meat_factory_pillar.effect	non	8	18.97;18.97;35.94
base\fx\environment\destructibles\pillar\dest_meat_factory_pillar.particle	non	12	18.97;18.97;35.94
base\fx\environment\destructibles\pillar\dest_meat_factory_pillar_01.effect	non	8	9.66;9.66;17.32
base\fx\environment\destructibles\pillar\dest_meat_factory_pillar_01.particle	non	6	9.66;9.66;17.32
base\fx\environment\destructibles\pillar\pillar_concrate.particle	non	6	2.6;2.6;3.2
base\fx\environment\destructibles\pillar\pillar_concrate_destructibles.effect	non	4	2.6;2.6;3.2
base\fx\environment\destructibles\pillows\dest_bed_pillow_a.effect	non	3.49	16.67;16.67;28.33
base\fx\environment\destructibles\pillows\dest_bed_pillow_a.particle	non	5	16.67;16.67;28.33
base\fx\environment\destructibles\pillows\dest_bed_pillow_b.effect	non	3.49	16.67;16.67;28.33
base\fx\environment\destructibles\pillows\dest_bed_pillow_b.particle	non	5	16.67;16.67;28.33
base\fx\environment\destructibles\pillows\dest_bed_pillow_c.effect	non	3.49	16.67;16.67;28.33
base\fx\environment\destructibles\pillows\dest_bed_pillow_c.particle	non	5	16.67;16.67;28.33
base\fx\environment\destructibles\pillows\dest_bed_pillow_d.effect	non	3.49	16.67;16.67;28.33
base\fx\environment\destructibles\pillows\dest_bed_pillow_d.particle	non	5	16.67;16.67;28.33
base\fx\environment\destructibles\pillows\dest_bed_pillow_gold.effect	non	3.49	16.67;16.67;28.33
base\fx\environment\destructibles\pillows\dest_bed_pillow_gold.particle	non	5	16.67;16.67;28.33
base\fx\environment\destructibles\pillows\dest_sofa_pillow_a.effect	non	3.49	16.67;16.67;28.33
base\fx\environment\destructibles\pillows\dest_sofa_pillow_a.particle	non	5	16.67;16.67;28.33
base\fx\environment\destructibles\pillows\dest_sofa_pillow_d.effect	non	3.49	16.67;16.67;28.33
base\fx\environment\destructibles\pillows\dest_sofa_pillow_d.particle	non	5	16.67;16.67;28.33
base\fx\environment\destructibles\pillows\dest_sofa_pillow_e.effect	non	3.49	16.67;16.67;28.33
base\fx\environment\destructibles\pillows\dest_sofa_pillow_e.particle	non	5	16.67;16.67;28.33
base\fx\environment\destructibles\pillows\dest_sofa_pillow_e_black.effect	non	3.49	16.67;16.67;28.33
base\fx\environment\destructibles\pillows\dest_sofa_pillow_e_black.particle	non	5	16.67;16.67;28.33
base\fx\environment\destructibles\plant\dest_joshua_tree.effect	non	5.01	26;26;51
base\fx\environment\destructibles\plant\dest_joshua_tree.particle	oui		26;26;51
base\fx\environment\destructibles\plant\dest_sagebrush_big.effect	non	5.01	26;26;51
base\fx\environment\destructibles\plant\dest_sagebrush_big.particle	non	5	26;26;51
base\fx\environment\destructibles\plant\fx_plant_destructible.effect	non	8	27;27;53
base\fx\environment\destructibles\plant\fx_plant_destructible.particle	non	5	27;27;53
base\fx\environment\destructibles\plastic_furniture\dest_poor_bathroom_furniture_j.effect	non	3.7	3.21;2.92;4.65
base\fx\environment\destructibles\plastic_furniture\dest_poor_bathroom_furniture_j.particle	non	3.7	3.21;2.92;4.65
base\fx\environment\destructibles\plastic_furniture\d_plastic_furniture.effect	non	3.99	3.21;2.04;3.66
base\fx\environment\destructibles\plastic_furniture\d_plastic_furniture.particle	non	3.7	3.21;2.04;3.66
base\fx\environment\destructibles\plastic_furniture\d_plastic_furniture_big.effect	non	3.99	2.2;2.2;3.4
base\fx\environment\destructibles\plastic_furniture\d_plastic_furniture_big.particle	non	1.5	2.2;2.2;3.4
base\fx\environment\destructibles\plastic_furniture\d_plastic_furniture_blue.effect	non	4	3.21;2.14;3.66
base\fx\environment\destructibles\plastic_furniture\d_plastic_furniture_blue.particle	non	3.7	3.21;2.14;3.66
base\fx\environment\destructibles\plastic_furniture\d_plastic_furniture_default.effect	non	3.99	2.04;2.04;3.08
base\fx\environment\destructibles\plastic_furniture\d_plastic_furniture_default.particle	non	3.7	2.04;2.04;3.08
base\fx\environment\destructibles\plastic_furniture\d_plastic_furniture_gray.effect	non	3.97	3.21;2.04;3.66
base\fx\environment\destructibles\plastic_furniture\d_plastic_furniture_gray.particle	non	3	3.21;2.04;3.66
base\fx\environment\destructibles\plastic_furniture\d_plastic_furniture_green.effect	non	3.97	3.21;2.04;3.66
base\fx\environment\destructibles\plastic_furniture\d_plastic_furniture_green.particle	non	3	3.21;2.04;3.66
base\fx\environment\destructibles\plastic_furniture\d_plastic_furniture_orange.effect	non	4	3.21;2.14;3.66
base\fx\environment\destructibles\plastic_furniture\d_plastic_furniture_orange.particle	non	3.7	3.21;2.14;3.66
base\fx\environment\destructibles\plastic_furniture\d_plastic_furniture_purple.effect	non	3.97	3.21;2.04;3.66
base\fx\environment\destructibles\plastic_furniture\d_plastic_furniture_purple.particle	non	3	3.21;2.04;3.66
base\fx\environment\destructibles\plastic_furniture\d_plastic_furniture_red.effect	non	3.97	3.21;2.04;3.66
base\fx\environment\destructibles\plastic_furniture\d_plastic_furniture_red.particle	non	3.7	3.21;2.04;3.66
base\fx\environment\destructibles\plastic_medicine_container\plastic_medicine_container.particle	non	2	3.95;3.95;6.4
base\fx\environment\destructibles\plate\dest.effect	non	1	0;0;0
base\fx\environment\destructibles\plate\dest_neokitsch_a_plate_a.effect	non	3.1	5;5;9.7
base\fx\environment\destructibles\plate\dest_neokitsch_a_plate_a.particle	non	1.5	5;5;9.7
base\fx\environment\destructibles\plate\dest_plate_a.effect	non	3.03	5;5;9.7
base\fx\environment\destructibles\plate\dest_plate_a.particle	non	1.5	5;5;9.7
base\fx\environment\destructibles\plate\dest_plate_a_white.effect	non	3.03	5;5;9.7
base\fx\environment\destructibles\plate\dest_plate_a_white.particle	non	1.5	5;5;9.7
base\fx\environment\destructibles\plate\dest_rich_vase_large_i.effect	non	3.1	5;5;9.7
base\fx\environment\destructibles\plate\dest_rich_vase_large_i.particle	non	1.5	5;5;9.7
base\fx\environment\destructibles\plate\dest_tajine_a_bowl.effect	non	3.03	5;5;9.7
base\fx\environment\destructibles\plate\dest_tajine_a_bowl.particle	non	1.5	5;5;9.7
base\fx\environment\destructibles\plate\dest_tea_set_01.effect	non	3.03	5;5;9.7
base\fx\environment\destructibles\plate\dest_tea_set_01.particle	non	1.5	5;5;9.7
base\fx\environment\destructibles\sandbags\dest_sandbag.effect	non	3	2.54;2.54;3.58
base\fx\environment\destructibles\sandbags\dest_sandbag.particle	non	1.2	2.54;2.54;3.58
base\fx\environment\destructibles\sextoys\dest_sextoy_a_dildo_a.effect	non	4.01	6.85;6.85;12.45
base\fx\environment\destructibles\sextoys\dest_sextoy_a_dildo_a.particle	non	4	6.85;6.85;12.45
base\fx\environment\destructibles\sextoys\dest_sextoy_a_dildo_b.effect	non	4.01	6.85;6.85;12.41
base\fx\environment\destructibles\sextoys\dest_sextoy_a_dildo_b.particle	non	4	6.85;6.85;12.41
base\fx\environment\destructibles\sextoys\dest_sextoy_a_dildo_double_b.effect	non	4.01	5.6;5.6;9.96
base\fx\environment\destructibles\sextoys\dest_sextoy_a_dildo_double_b.particle	non	4	5.6;5.6;9.96
base\fx\environment\destructibles\sextoys\dest_sextoy_a_sleeve_a.effect	non	4.01	6.85;6.85;12.35
base\fx\environment\destructibles\sextoys\dest_sextoy_a_sleeve_a.particle	non	4	6.85;6.85;12.35
base\fx\environment\destructibles\sextoys\dest_sextoy_a_sleeve_b.effect	non	4.01	8.01;8.01;14.68
base\fx\environment\destructibles\sextoys\dest_sextoy_a_sleeve_b.particle	non	4	8.01;8.01;14.68
base\fx\environment\destructibles\tools\dest_workshop_tool.effect	non	3.71	3.21;2.15;3.66
base\fx\environment\destructibles\tools\dest_workshop_tool.particle	non	3.7	3.21;2.15;3.66
base\fx\environment\destructibles\tools\dest_workshop_tool_big.effect	non	1	3.54;3.54;4.58
base\fx\environment\destructibles\tools\dest_workshop_tool_big.particle	non	3.7	3.54;3.54;4.58
base\fx\environment\destructibles\tools\dest_workshop_tool_big_02.effect	non	1	3.54;3.54;4.58
base\fx\environment\destructibles\tools\dest_workshop_tool_big_02.particle	non	3.7	3.54;3.54;4.58
base\fx\environment\destructibles\tools\dest_workshop_tool_blue.effect	non	1	3.21;2.04;3.66
base\fx\environment\destructibles\tools\dest_workshop_tool_blue.particle	non	3.7	3.21;2.04;3.66
base\fx\environment\destructibles\tools\dest_workshop_tool_green.effect	non	3.71	3.21;2.04;3.66
base\fx\environment\destructibles\tools\dest_workshop_tool_green.particle	non	3.7	3.21;2.04;3.66
base\fx\environment\destructibles\tools\dest_workshop_tool_medium.effect	non	1	3.54;3.54;4.58
base\fx\environment\destructibles\tools\dest_workshop_tool_medium.particle	non	3.7	3.54;3.54;4.58
base\fx\environment\destructibles\tools\dest_workshop_tool_medium_02.effect	non	3.75	3.54;3.54;4.58
base\fx\environment\destructibles\tools\dest_workshop_tool_medium_02.particle	non	3.7	3.54;3.54;4.58
base\fx\environment\destructibles\tools\dest_workshop_tool_medium_blue.effect	non	1	3.54;3.54;4.58
base\fx\environment\destructibles\tools\dest_workshop_tool_medium_blue.particle	non	3.7	3.54;3.54;4.58
base\fx\environment\destructibles\tools\dest_workshop_tool_orange.effect	non	3.71	3.21;2.04;3.66
base\fx\environment\destructibles\tools\dest_workshop_tool_orange.particle	non	3.7	3.21;2.04;3.66
base\fx\environment\destructibles\tools\dest_workshop_tool_small.effect	non	3.71	3.21;2.04;3.66
base\fx\environment\destructibles\tools\dest_workshop_tool_small.particle	non	3.7	3.21;2.04;3.66
base\fx\environment\destructibles\tools\dest_workshop_tool_yellow.effect	non	1	3.21;2.04;3.66
base\fx\environment\destructibles\tools\dest_workshop_tool_yellow.particle	non	3.7	3.21;2.04;3.66
base\fx\environment\destructibles\trash\dest_foil_bag_a.effect	non	3.49	13.36;13.36;19.49
base\fx\environment\destructibles\trash\dest_foil_bag_a.particle	non	5	13.36;13.36;19.49
base\fx\environment\destructibles\trash\dest_foil_bag_b.effect	non	3.49	13.42;13.42;19.55
base\fx\environment\destructibles\trash\dest_foil_bag_b.particle	non	5	13.42;13.42;19.55
base\fx\environment\destructibles\trash\dest_foil_bag_d.effect	non	3.49	13.42;13.42;19.55
base\fx\environment\destructibles\trash\dest_foil_bag_d.particle	non	5	13.42;13.42;19.55
base\fx\environment\destructibles\trash\dest_foil_bag_f.effect	non	3.49	11.72;11.72;17.85
base\fx\environment\destructibles\trash\dest_foil_bag_f.particle	non	5	11.72;11.72;17.85
base\fx\environment\destructibles\trash\dest_trash_can_small_a.effect	non	3	3.54;3.54;4.58
base\fx\environment\destructibles\trash\dest_trash_can_small_a.particle	non	3.7	3.54;3.54;4.58
base\fx\environment\destructibles\trash\dest_trash_can_small_b.effect	non	3	3.54;3.54;4.58
base\fx\environment\destructibles\trash\dest_trash_can_small_b.particle	non	3.7	3.54;3.54;4.58
base\fx\environment\destructibles\trash\dest_trash_can_small_c.effect	non	3	3.54;3.54;4.58
base\fx\environment\destructibles\trash\dest_trash_can_small_c.particle	non	3.7	3.54;3.54;4.58
base\fx\environment\destructibles\trash\dest_trash_can_small_d.effect	non	3	3.54;3.54;4.58
base\fx\environment\destructibles\trash\dest_trash_can_small_d.particle	non	3.7	3.54;3.54;4.58
base\fx\environment\destructibles\trash\dest_trash_packaging_a.effect	non	4.96	11.32;11.32;18.62
base\fx\environment\destructibles\trash\dest_trash_packaging_a.particle	non	5	11.32;11.32;18.62
base\fx\environment\destructibles\trash\dest_trash_packaging_b.effect	non	4.96	11.32;11.32;18.62
base\fx\environment\destructibles\trash\dest_trash_packaging_b.particle	non	5	11.32;11.32;18.62
base\fx\environment\destructibles\trash\dest_trash_packaging_c.effect	non	4.96	11.32;11.32;18.62
base\fx\environment\destructibles\trash\dest_trash_packaging_c.particle	non	5	11.32;11.32;18.62
base\fx\environment\destructibles\trash\dest_trash_packaging_d.effect	non	4.96	11.32;11.32;18.62
base\fx\environment\destructibles\trash\dest_trash_packaging_d.particle	non	5	11.32;11.32;18.62
base\fx\environment\destructibles\trash\dest_trash_packaging_e.effect	non	4.96	11.32;11.32;18.62
base\fx\environment\destructibles\trash\dest_trash_packaging_e.particle	non	5	11.32;11.32;18.62
base\fx\environment\destructibles\trash\dest_trash_packaging_f.effect	non	4.96	11.32;11.32;18.62
base\fx\environment\destructibles\trash\dest_trash_packaging_f.particle	non	5	11.32;11.32;18.62
base\fx\environment\destructibles\trash\dest_trash_packaging_g.effect	non	4.96	11.32;11.32;18.62
base\fx\environment\destructibles\trash\dest_trash_packaging_g.particle	non	5	11.32;11.32;18.62
base\fx\environment\destructibles\trash\takeout_cup_f_simple_empty.effect	non	4.96	11.32;11.32;18.62
base\fx\environment\destructibles\trash\takeout_cup_f_simple_empty.particle	non	5	11.32;11.32;18.62
base\fx\environment\destructibles\trophies\dest_trophy_small_gold.effect	non	3	3.21;2.04;3.66
base\fx\environment\destructibles\trophies\dest_trophy_small_silver.effect	non	3	3.21;2.04;3.66
base\fx\environment\destructibles\trophies\dest_trophy_small_silver.particle	non	1.7	3.21;2.04;3.66
base\fx\environment\destructibles\tunnel_gate\dest_tunnel_gate.effect	non	10	18.97;18.97;35.94
base\fx\environment\destructibles\tunnel_gate\dest_tunnel_gate.particle	non	12	18.97;18.97;35.94
base\fx\environment\destructibles\tunnel_gate\dest_tunnel_gate_dust.effect	non	10	8.12;8.12;11.24
base\fx\environment\destructibles\tunnel_gate\dest_tunnel_gate_dust.particle	non	10	6.54;6.54;10.08
base\fx\environment\destructibles\vase\dest_rich_vase_large_c.effect	non	3.1	5;5;9.7
base\fx\environment\destructibles\vase\dest_rich_vase_large_c.particle	non	1.5	5;5;9.7
base\fx\environment\destructibles\vase\dest_rich_vase_large_e.effect	non	3.1	5;5;9.7
base\fx\environment\destructibles\vase\dest_rich_vase_large_e.particle	non	1.5	5;5;9.7
base\fx\environment\destructibles\vase\dest_rich_vase_large_l.effect	non	3.1	5;5;9.7
base\fx\environment\destructibles\vase\dest_rich_vase_large_l.particle	non	1.5	5;5;9.7
base\fx\environment\destructibles\vase\dest_rich_vase_small_a.effect	non	3.1	5;5;9.7
base\fx\environment\destructibles\vase\dest_rich_vase_small_a.particle	non	1.5	5;5;9.7
base\fx\environment\destructibles\vase\dest_rich_vase_small_e.effect	non	3.1	5;5;9.7
base\fx\environment\destructibles\vase\dest_rich_vase_small_e.particle	non	1.5	5;5;9.7
base\fx\environment\destructibles\vase\dest_vase_pink.effect	non	5	25.29;25.29;50.18
base\fx\environment\destructibles\vase\dest_vase_pink.particle	non	5	25.29;25.29;50.18
base\fx\environment\destructibles\vase\dest_vase_pink_glow.effect	non	5	25.29;25.29;50.18
base\fx\environment\destructibles\vase\dest_vase_pink_glow.particle	non	5	25.29;25.29;50.18
base\fx\environment\destructibles\vase\dest_vase_red.effect	non	5	25.29;25.29;50.18
base\fx\environment\destructibles\vase\dest_vase_red.particle	non	5	25.29;25.29;50.18
base\fx\environment\destructibles\vase\dest_vase_red_glow.effect	non	5	25.29;25.29;50.18
base\fx\environment\destructibles\vase\dest_vase_red_glow.particle	non	5	25.29;25.29;50.18
base\fx\environment\destructibles\windows\dest_ext_arasaka_tower_bottom_window_c_h400_w300_dst.effect	non	4.52	10.21;10.21;20.23
base\fx\environment\destructibles\windows\dest_ext_arasaka_tower_bottom_window_c_h400_w300_dst.particle	non	5	10.21;10.21;20.23
base\fx\environment\destructibles\windows\dest_ext_arasaka_tower_bottom_window_c_h400_w300_dst_small.effect	non	3.28	10.19;10.19;20.21
base\fx\environment\destructibles\windows\dest_ext_arasaka_tower_bottom_window_c_h400_w300_dst_small.particle	non	1	10.19;10.19;20.21
base\fx\environment\destructibles\windows\dest_int_ent_industrial_a_skylight_ceiling_l100_w100_a_glass_dst.effect	non	4.52	10.21;10.21;20.23
base\fx\environment\destructibles\windows\dest_int_ent_industrial_a_skylight_ceiling_l100_w100_a_glass_dst.particle	non	5	10.21;10.21;20.23
base\fx\environment\destructibles\windows\dest_int_ent_industrial_a_skylight_ceiling_l100_w100_a_glass_dst_small.effect	non	4.52	10.19;10.19;20.21
base\fx\environment\destructibles\windows\dest_int_ent_industrial_a_skylight_ceiling_l100_w100_a_glass_dst_small.particle	non	1	10.19;10.19;20.21
base\fx\environment\destructibles\windows\dest_int_mlt_jp_arasaka_a_railing_a_bottom_w40_l300_glass_a_glass_l150_end_dst.effect	non	4.52	10.21;10.21;20.23
base\fx\environment\destructibles\windows\dest_int_mlt_jp_arasaka_a_railing_a_bottom_w40_l300_glass_a_glass_l150_end_dst.particle	non	5	10.21;10.21;20.23
base\fx\environment\destructibles\windows\dest_int_mlt_jp_arasaka_a_railing_a_bottom_w40_l300_glass_a_glass_l150_end_dst_small.effect	non	4.52	10.19;10.19;20.21
base\fx\environment\destructibles\windows\dest_int_mlt_jp_arasaka_a_railing_a_bottom_w40_l300_glass_a_glass_l150_end_dst_small.particle	non	1	10.19;10.19;20.21
base\fx\environment\destructibles\windows\dest_int_nkt_jp_apartment_a_handrail.effect	non	4.52	10.21;10.21;20.23
base\fx\environment\destructibles\windows\dest_int_nkt_jp_apartment_a_handrail.particle	non	5	10.21;10.21;20.23
base\fx\environment\destructibles\windows\dest_int_nkt_jp_apartment_a_handrail_black_tint.effect	non	4.52	10.21;10.21;20.23
base\fx\environment\destructibles\windows\dest_int_nkt_jp_apartment_a_handrail_black_tint.particle	non	5	10.21;10.21;20.23
base\fx\environment\destructibles\windows\dest_int_nkt_jp_apartment_a_handrail_black_tint_small.effect	non	4.52	10.19;10.19;20.21
base\fx\environment\destructibles\windows\dest_int_nkt_jp_apartment_a_handrail_black_tint_small.particle	non	1	10.19;10.19;20.21
base\fx\environment\destructibles\windows\dest_int_nkt_jp_apartment_a_handrail_small.effect	non	4.52	10.19;10.19;20.21
base\fx\environment\destructibles\windows\dest_int_nkt_jp_apartment_a_handrail_small.particle	non	1	10.19;10.19;20.21
base\fx\environment\destructibles\windows\dest_window_generic_w100_a_glass_dst.effect	non	4.52	10.21;10.21;20.23
base\fx\environment\destructibles\windows\dest_window_generic_w100_a_glass_dst.particle	non	5	10.21;10.21;20.23
base\fx\environment\destructibles\windows\dest_window_generic_w100_a_glass_dst_small.effect	non	3.28	10.19;10.19;20.21
base\fx\environment\destructibles\windows\dest_window_generic_w100_a_glass_dst_small.particle	non	1	10.19;10.19;20.21
base\fx\environment\destructibles\windows\dest_window_generic_w100_a_glass_frosted_dst.effect	non	4.52	10.21;10.21;20.23
base\fx\environment\destructibles\windows\dest_window_generic_w100_a_glass_frosted_dst.particle	non	5	10.21;10.21;20.23
base\fx\environment\destructibles\windows\dest_window_generic_w100_a_glass_frosted_dst_large.effect	non	4.52	7.48;7.48;14.56
base\fx\environment\destructibles\windows\dest_window_generic_w100_a_glass_frosted_dst_large.particle	non	2	7.48;7.48;14.56
base\fx\environment\destructibles\windows\dest_window_generic_w100_a_glass_frosted_dst_small.effect	non	4.52	10.19;10.19;20.21
base\fx\environment\destructibles\windows\dest_window_generic_w100_a_glass_frosted_dst_small.particle	non	1	10.19;10.19;20.21
base\fx\environment\destructibles\windows\dest_window_generic_w100_a_glass_yellow_dst.effect	non	4.52	10.21;10.21;20.23
base\fx\environment\destructibles\windows\dest_window_generic_w100_a_glass_yellow_dst.particle	non	5	10.21;10.21;20.23
base\fx\environment\destructibles\windows\dest_window_generic_w100_a_glass_yellow_dst_small.effect	non	4.52	10.19;10.19;20.21
base\fx\environment\destructibles\windows\dest_window_generic_w100_a_glass_yellow_dst_small.particle	non	1	10.19;10.19;20.21
base\fx\environment\destructibles\windows\int_mlt_jp_arasaka_a_wall_a_office_window_a_w300_dst.effect	non	4.52	10.21;10.21;20.23
base\fx\environment\destructibles\windows\int_mlt_jp_arasaka_a_wall_a_office_window_a_w300_dst.particle	non	5	10.21;10.21;20.23
base\fx\environment\destructibles\windows\int_mlt_jp_arasaka_a_wall_a_office_window_a_w300_dst_small.effect	non	3.28	10.19;10.19;20.21
base\fx\environment\destructibles\windows\int_mlt_jp_arasaka_a_wall_a_office_window_a_w300_dst_small.particle	non	1	10.19;10.19;20.21
base\fx\environment\dust\characters\dust_foot.particle	non	1	1.2;1.2;1
base\fx\environment\dust\characters\e_dust_cloud_impact.effect	non	4.99	12.61;12.61;23.21
base\fx\environment\dust\characters\e_dust_cloud_impact.particle	non	6	12.61;12.61;23.21
base\fx\environment\dust\characters\e_dust_foot.effect	non	1	1.2;1.2;1
base\fx\environment\dust\characters\e_dust_impact.effect	non	4.03	1;1;1
base\fx\environment\dust\characters\e_dust_impact.particle	non	1.25	1;1;1
base\fx\environment\dust\clouds_falling\e_dust_cloud_falling.particle	oui		1.65;1.45;1.7
base\fx\environment\dust\clouds_falling\e_dust_cloud_falling_02.particle	oui		8.12;8.12;11.24
base\fx\environment\dust\clouds_falling\e_dust_cloud_falling_02_sand.particle	oui		6.72;6.72;8.45
base\fx\environment\dust\clouds_falling\e_dust_cloud_falling_02_subtle.particle	oui		6.13;6.13;7.26
base\fx\environment\dust\clouds_falling\e_dust_cloud_falling_small_subtle.effect	non	5	5.57;5.57;6.15
base\fx\environment\dust\clouds_falling\e_dust_cloud_falling_small_subtle.particle	oui		5.57;5.57;6.15
base\fx\environment\dust\devices\dust_falling.particle	non	6	2.6;2.6;3.2
base\fx\environment\dust\devices\dust_friction.particle	oui		1.25;1.25;2
base\fx\environment\dust\devices\dust_friction_scratch.effect	oui		1.25;1.25;2
base\fx\environment\dust\devices\dust_friction_scratch.particle	oui		1;1;1
base\fx\environment\dust\exterior_atmosphere\dust_street.particle	oui		20.37;20.37;8.71
base\fx\environment\dust\exterior_atmosphere\e_dust_cloud_blowing_exterior.particle	oui		44;38;53.2
base\fx\environment\dust\exterior_atmosphere\e_dust_cloud_blowing_exterior_d2.effect	oui		44;38;53.2
base\fx\environment\dust\exterior_atmosphere\e_dust_cloud_blowing_exterior_subtle.effect	oui		44;38;53.2
base\fx\environment\dust\exterior_atmosphere\e_dust_exterior_blowing.particle	oui		19.62;17.82;33.95
base\fx\environment\dust\exterior_atmosphere\e_dust_exterior_blowing_strong.effect	oui		19.62;17.82;33.95
base\fx\environment\dust\exterior_atmosphere\e_dust_exterior_blowing_subtle.effect	oui		19.62;17.82;33.95
base\fx\environment\dust\exterior_atmosphere\e_dust_exterior_subtle_02_patch.particle	oui		22.07;22.07;37.33
base\fx\environment\dust\exterior_atmosphere\e_dust_floaters_blowing_exterior.particle	oui		16.7;26.5;34.5
base\fx\environment\dust\exterior_atmosphere\e_dust_vortex_3m.particle	oui		5;5;8
base\fx\environment\dust\exterior_atmosphere\e_dust_wisps_exterior.particle	oui		23.2;33;43.2
base\fx\environment\dust\exterior_atmosphere\e_dust_wisps_exterior_area_10x10.particle	oui		40;40;38.2
base\fx\environment\dust\exterior_atmosphere\e_dust_wisps_exterior_edge.particle	oui		15;13.2;25.2
base\fx\environment\dust\exterior_atmosphere\e_dust_wisps_exterior_edge_strong.effect	oui		15;13.2;25.2
base\fx\environment\dust\exterior_atmosphere\e_dust_wisps_exterior_subtle.particle	oui		50;37.5;52.7
base\fx\environment\dust\exterior_atmosphere\e_dust_wisps_exterior_subtle_02.particle	oui		28.4;38;53.3
base\fx\environment\dust\exterior_atmosphere\e_sand_stretched_by_wind_above_ground_02_structured_short_blackbody_patch.particle	oui		13.85;14.75;24.5
base\fx\environment\dust\motes\e_dust_motes_base.particle	oui		0.7;0.7;1.39
base\fx\environment\dust\motes\e_dust_motes_base_strong.particle	oui		0.7;0.7;1.39
base\fx\environment\dust\motes\e_dust_motes_base_swirling_02.particle	oui		0.5;0.5;0.99
base\fx\environment\dust\motes\e_dust_motes_ceiling_aligned.particle	oui		1.4;1.4;1.89
base\fx\environment\dust\motes\e_dust_motes_desk_lamp.particle	oui		0.28;0.28;0.35
base\fx\environment\dust\motes_and_atmosphere\e_dust_motes_and_atmosphere_base.particle	oui		0.7;0.7;1.39
base\fx\environment\dust\motes_and_thick_dust\e_dust_motes_and_thick_dust_2x1.particle	oui		5.02;2.7;3.39
base\fx\environment\dust\motes_and_thick_dust\e_dust_motes_and_thick_dust_base.particle	oui		2.02;2.02;2.04
base\fx\environment\dust\motes_and_thick_dust\e_dust_motes_and_thick_dust_distant_large.particle	oui		11.2;11.2;11.4
base\fx\environment\dust\motes_and_thick_dust\e_dust_motes_and_thick_dust_strong.effect	oui		2.02;2.02;2.04
base\fx\environment\electricity\e_electicity_arc_small_constant_01.particle	oui		1.43;1.33;1.47
base\fx\environment\electricity\e_electicity_arc_small_constant_02.particle	oui		1.2;1.2;1
base\fx\environment\electricity\e_electicity_fizzle_small.particle	oui		0.06;0.05;0.25
base\fx\environment\electricity\e_electicity_fizzle_small_concentric.particle	oui		0.06;0.05;0.07
base\fx\environment\electricity\e_electricity_arc_big_constant_02.particle	oui		2.13;2.13;1.26
base\fx\environment\electricity\e_explosion_emp_large.particle	non	0.6	1.1;1.1;1.1
base\fx\environment\electricity\e_explosion_emp_medium.particle	non	0.3	1.1;1.1;1.1
base\fx\environment\electricity\e_sq025_electricity_medium.effect	oui		1;1;1
base\fx\environment\electricity\toilet_electric_burst.effect	non	3.77	0;0;0
base\fx\environment\electricity\we_ep1_05_electricity_water_big.effect	oui		1;1;1
base\fx\environment\electricity\we_ep1_05_electricity_water_big.particle	oui		1;1;1
base\fx\environment\flares\ep1_trailer_only_flare.effect	oui		5;5;5
base\fx\environment\flares\ep1_trailer_only_flare.particle	oui		5;5;5
base\fx\environment\flares\maxtac_prevention_system_av_flare.effect	oui		10;10;10
base\fx\environment\flares\maxtac_prevention_system_av_flare.particle	oui		10;10;10
base\fx\environment\holograms\arrow.particle	oui		1.25;1.25;1.5
base\fx\environment\holograms\awacs_zone\e_awacs_zone.effect	oui		21;21;41
base\fx\environment\holograms\awacs_zone\e_awacs_zone_caution.particle	oui		1.15;1.15;1.3
base\fx\environment\holograms\awacs_zone\e_awacs_zone_do_not_cross.particle	oui		1;1;1
base\fx\environment\holograms\awacs_zone\e_awacs_zone_numbers.particle	oui		1;1;1
base\fx\environment\holograms\awacs_zone\e_awacs_zone_stay_back.particle	non	2	21;21;41
base\fx\environment\holograms\awacs_zone\e_awacs_zone_stay_back_loop.particle	oui		1;1;1
base\fx\environment\holograms\awacs_zone\e_awacs_zone_stay_warning_loop.particle	oui		1;1;1
base\fx\environment\holograms\cherry_blossom_tree\cherrry_blossom_tree_02.effect	oui		0;0;0
base\fx\environment\holograms\cherry_blossom_tree\e_cherry_blossom_petals_holo.particle	oui		6.66;6.66;12.31
base\fx\environment\holograms\cherry_blossom_tree\e_cherry_blossom_petals_holo_large.particle	oui		6.66;6.66;12.31
base\fx\environment\holograms\cherry_blossom_tree\e_cherry_blossom_petals_holo_longer.particle	oui		9.49;9.49;17.97
base\fx\environment\holograms\cherry_blossom_tree\e_cherry_blossom_petals_shorter.particle	oui		5.24;5.24;9.49
base\fx\environment\holograms\cityscape\e_hologram_light_large_01.particle	oui		29;29;54
base\fx\environment\holograms\cityscape\e_hologram_light_large_02.particle	oui		29;29;54
base\fx\environment\holograms\cityscape\e_hologram_light_large_02_censored.particle	oui		29;29;54
base\fx\environment\holograms\cityscape\e_hologram_light_large_03.particle	oui		29;29;54
base\fx\environment\holograms\cityscape\e_hologram_light_medium_01.particle	oui		215;215;230
base\fx\environment\holograms\cityscape\e_hologram_light_medium_02.particle	oui		215;215;230
base\fx\environment\holograms\cityscape\e_hologram_light_medium_02_censored.particle	oui		215;215;230
base\fx\environment\holograms\cityscape\e_hologram_light_medium_03.particle	oui		215;215;230
base\fx\environment\holograms\common\e_hologram_beams_blue.particle	oui		2.2;2.2;2.2
base\fx\environment\holograms\common\e_hologram_beams_impulse_blue.particle	oui		2.2;2.2;2.2
base\fx\environment\holograms\common\e_hologram_beams_impulse_red.particle	oui		2.2;2.2;2.2
base\fx\environment\holograms\common\e_hologram_beams_red.particle	oui		2.2;2.2;2.2
base\fx\environment\holograms\common\e_hologram_beam_flare_blue.particle	oui		26.3;26.3;51.3
base\fx\environment\holograms\common\e_hologram_beam_flare_red.particle	oui		26.3;26.3;51.3
base\fx\environment\holograms\e_hologram_beam_flare_blue.particle	oui		26.3;26.3;51.3
base\fx\environment\holograms\e_hologram_beam_flare_yellow.particle	oui		26.3;26.3;51.3
base\fx\environment\holograms\e_hologram_data_flow_01.particle	oui		2.5;2.5;3
base\fx\environment\holograms\e_music_store_green.particle	oui		0.72;0.72;1.22
base\fx\environment\holograms\e_music_store_green_01.particle	oui		16;16;21
base\fx\environment\holograms\e_music_store_red.particle	oui		0.72;0.72;1.22
base\fx\environment\holograms\e_music_store_red_01.particle	oui		0.72;0.72;1.22
base\fx\environment\holograms\e_music_store_red_02.particle	oui		16;16;21
base\fx\environment\holograms\fast_travel_points\e_hologram_beams_001.particle	oui		2.7;2.7;2.7
base\fx\environment\holograms\fast_travel_points\e_hologram_beams_002.particle	oui		2.7;2.7;2.7
base\fx\environment\holograms\fast_travel_points\e_hologram_beam_flare.particle	oui		26.3;26.3;51.3
base\fx\environment\holograms\japanese_lanterns\e_japanese_lanterns_hologram.particle	oui		26;26;51
base\fx\environment\holograms\n54_entrance\n54_entrance.particle	oui		3.55;3.55;3.55
base\fx\environment\holograms\police\police_line.particle	oui		2.1;2.1;3.65
base\fx\environment\holograms\police\police_line_green.particle	oui		2.1;2.1;3.65
base\fx\environment\holograms\vdr_soundwave_wall_effect_01.particle	oui		0.72;0.72;1.22
base\fx\environment\holograms\vdr_soundwave_wall_effect_02.particle	oui		0.72;0.72;1.22
base\fx\environment\holograms\vdr_soundwave_wall_effect_03.particle	oui		0.72;0.72;1.22
base\fx\environment\insects\cockroach.particle	oui		2.5;2.5;2.8
base\fx\environment\insects\cockroach_wall_01.particle	oui		5.5;1.5;4
base\fx\environment\insects\e_cockroach.particle	oui		2.17;2.17;1.13
base\fx\environment\insects\e_flies.effect	oui		0.02;0.02;0.02
base\fx\environment\insects\e_flies.particle	oui		0.02;0.02;0.02
base\fx\environment\insects\e_flies_area.particle	oui		7.53;7.53;15.03
base\fx\environment\insects\e_flies_grass_rare.particle	oui		1.33;1.33;0.63
base\fx\environment\insects\e_flies_water_wet_places_small_amount.particle	oui		1;1;1
base\fx\environment\insects\e_fly.particle	oui		0.02;0.02;0.02
base\fx\environment\insects\e_moths.particle	oui		0.08;0.08;0.08
base\fx\environment\insects\e_moths_small_amount.particle	oui		0.08;0.08;0.08
base\fx\environment\insects\flies.effect	oui		1.03;0.03;0.33
base\fx\environment\insects\flies.particle	oui		1.03;0.03;0.33
base\fx\environment\insects\flies_dense.particle	oui		3.02;3.02;5.22
base\fx\environment\insects\flies_sparse.particle	oui		5.42;5.42;10.41
base\fx\environment\lights_env\elevator_light_flare.effect	non	9	3.12;3.12;4.25
base\fx\environment\lights_env\elevator_light_flare.particle	non	9	3.12;3.12;4.25
base\fx\environment\lights_env\flare.particle	oui		35.5;46.5;36.6
base\fx\environment\lights_env\fx_fake_flare_simple_yellow.particle	oui		0.1;0.1;0.1
base\fx\environment\lights_env\fx_lasers_flat_cone_blue.particle	oui		2.5;2.5;2.5
base\fx\environment\lights_env\fx_lasers_green_red.particle	oui		2.5;2.5;2.5
base\fx\environment\lights_env\fx_lasers_green_red_narrow_cone.particle	oui		2;2;2
base\fx\environment\lights_env\fx_lighting_pollution_tower_streets.particle	oui		1;1;1
base\fx\environment\lights_env\fx_lighting_pollution_tower_streets_side.particle	oui		1;1;1
base\fx\environment\lights_env\fx_light_blinking_distant.particle	oui		1;1;1
base\fx\environment\lights_env\fx_light_blinking_small.particle	oui		1;1;1
base\fx\environment\lights_env\fx_light_flashing_flare.particle	oui		1;1;1
base\fx\environment\lights_env\fx_light_flashing_hrbase.effect	oui		1;1;1
base\fx\environment\lights_env\fx_light_pollution.particle	oui		2;2;2
base\fx\environment\lights_env\fx_light_pollution_ad.particle	oui		1;1;1
base\fx\environment\lights_env\fx_light_pollution_arasaka_streetglow.particle	oui		1;1;1
base\fx\environment\lights_env\fx_light_pollution_arr_fire.particle	oui		1;1;1
base\fx\environment\lights_env\fx_light_pollution_arr_highway.particle	oui		1;1;1
base\fx\environment\lights_env\fx_light_pollution_arr_large.particle	oui		1;1;1
base\fx\environment\lights_env\fx_light_pollution_arr_tower.particle	oui		1;1;1
base\fx\environment\lights_env\fx_light_pollution_bright_spots.particle	oui		1;1;1
base\fx\environment\lights_env\fx_light_pollution_cccp.particle	oui		2;2;2
base\fx\environment\lights_env\fx_light_pollution_cha_bright.particle	oui		1;1;1
base\fx\environment\lights_env\fx_light_pollution_cha_streetglow.particle	oui		1;1;1
base\fx\environment\lights_env\fx_light_pollution_coinspa.particle	oui		1;1;1
base\fx\environment\lights_env\fx_light_pollution_combat_tower.particle	oui		1;1;1
base\fx\environment\lights_env\fx_light_pollution_containerzone_market.particle	oui		1;1;1
base\fx\environment\lights_env\fx_light_pollution_dogtown_pyramid.particle	oui		1;1;1
base\fx\environment\lights_env\fx_light_pollution_dwtn_streetglow.particle	oui		1;1;1
base\fx\environment\lights_env\fx_light_pollution_dwtn_yellow.particle	oui		1;1;1
base\fx\environment\lights_env\fx_light_pollution_dwtn_yellow_large.particle	oui		1;1;1
base\fx\environment\lights_env\fx_light_pollution_dwtn_yellow_small.particle	oui		1;1;1
base\fx\environment\lights_env\fx_light_pollution_fire.particle	oui		1;1;1
base\fx\environment\lights_env\fx_light_pollution_fire_cz_small.particle	oui		1;1;1
base\fx\environment\lights_env\fx_light_pollution_fire_q301.particle	oui		1;1;1
base\fx\environment\lights_env\fx_light_pollution_fountain.particle	oui		1;1;1
base\fx\environment\lights_env\fx_light_pollution_gate.particle	oui		1;1;1
base\fx\environment\lights_env\fx_light_pollution_glen.particle	oui		2;2;2
base\fx\environment\lights_env\fx_light_pollution_holo_blue.particle	oui		1;1;1
base\fx\environment\lights_env\fx_light_pollution_holo_cyan.particle	oui		1;1;1
base\fx\environment\lights_env\fx_light_pollution_holo_orange.particle	oui		1;1;1
base\fx\environment\lights_env\fx_light_pollution_holo_pink.particle	oui		1;1;1
base\fx\environment\lights_env\fx_light_pollution_jenkins_vista.particle	oui		1;1;1
base\fx\environment\lights_env\fx_light_pollution_jpn.particle	oui		1;1;1
base\fx\environment\lights_env\fx_light_pollution_jpn_cyan.particle	oui		1;1;1
base\fx\environment\lights_env\fx_light_pollution_jpn_huge.particle	oui		1;1;1
base\fx\environment\lights_env\fx_light_pollution_jpn_sign_pink.particle	oui		1;1;1
base\fx\environment\lights_env\fx_light_pollution_jpn_small.particle	oui		1;1;1
base\fx\environment\lights_env\fx_light_pollution_jpn_statue_cyan.particle	oui		1;1;1
base\fx\environment\lights_env\fx_light_pollution_jpn_statue_purple.particle	oui		1;1;1
base\fx\environment\lights_env\fx_light_pollution_jpn_streets.particle	oui		1;1;1
base\fx\environment\lights_env\fx_light_pollution_kab_green_small.particle	oui		1;1;1
base\fx\environment\lights_env\fx_light_pollution_kab_main.particle	oui		1;1;1
base\fx\environment\lights_env\fx_light_pollution_kab_market.particle	oui		1;1;1
base\fx\environment\lights_env\fx_light_pollution_kab_yellow_small.particle	oui		1;1;1
base\fx\environment\lights_env\fx_light_pollution_lch_big.particle	oui		1;1;1
base\fx\environment\lights_env\fx_light_pollution_lch_highway.particle	oui		1;1;1
base\fx\environment\lights_env\fx_light_pollution_lch_large.particle	oui		1;1;1
base\fx\environment\lights_env\fx_light_pollution_lch_short.particle	oui		1;1;1
base\fx\environment\lights_env\fx_light_pollution_lch_streetglow.particle	oui		1;1;1
base\fx\environment\lights_env\fx_light_pollution_nid_big.particle	oui		1;1;1
base\fx\environment\lights_env\fx_light_pollution_nid_large.particle	oui		1;1;1
base\fx\environment\lights_env\fx_light_pollution_nid_medium.particle	oui		1;1;1
base\fx\environment\lights_env\fx_light_pollution_nid_small.particle	oui		1;1;1
base\fx\environment\lights_env\fx_light_pollution_northoaks.particle	oui		1;1;1
base\fx\environment\lights_env\fx_light_pollution_pacifica.particle	oui		2;2;2
base\fx\environment\lights_env\fx_light_pollution_pacifica_blue.particle	oui		1;1;1
base\fx\environment\lights_env\fx_light_pollution_pacifica_detail.particle	oui		2;2;2
base\fx\environment\lights_env\fx_light_pollution_pacifica_small.particle	oui		2;2;2
base\fx\environment\lights_env\fx_light_pollution_pacifica_wheel.particle	oui		1;1;1
base\fx\environment\lights_env\fx_light_pollution_particle_tower.particle	oui		1;1;1
base\fx\environment\lights_env\fx_light_pollution_powerplant.particle	oui		1;1;1
base\fx\environment\lights_env\fx_light_pollution_powerplant_antennas.particle	oui		1;1;1
base\fx\environment\lights_env\fx_light_pollution_proteinfarm.particle	oui		1;1;1
base\fx\environment\lights_env\fx_light_pollution_proteinfarm_close.particle	oui		1;1;1
base\fx\environment\lights_env\fx_light_pollution_proteinfarm_cz.particle	oui		1;1;1
base\fx\environment\lights_env\fx_light_pollution_proteinfarm_small.particle	oui		1;1;1
base\fx\environment\lights_env\fx_light_pollution_q301_ad.particle	oui		0.6;0.6;0.6
base\fx\environment\lights_env\fx_light_pollution_q301_before_crashsite.particle	oui		1;1;1
base\fx\environment\lights_env\fx_light_pollution_q301_blue.particle	oui		0.15;0.15;0.15
base\fx\environment\lights_env\fx_light_pollution_q301_green.particle	oui		0.05;0.05;0.05
base\fx\environment\lights_env\fx_light_pollution_q301_orange.particle	oui		0.05;0.05;0.05
base\fx\environment\lights_env\fx_light_pollution_q301_proteinfarm.particle	oui		1;1;1
base\fx\environment\lights_env\fx_light_pollution_q301_yellow.particle	oui		0.5;0.5;0.5
base\fx\environment\lights_env\fx_light_pollution_rancho_adtower.particle	oui		1;1;1
base\fx\environment\lights_env\fx_light_pollution_rancho_dam.particle	oui		1;1;1
base\fx\environment\lights_env\fx_light_pollution_rancho_ma_18.particle	oui		1;1;1
base\fx\environment\lights_env\fx_light_pollution_rancho_wheel.particle	oui		1;1;1
base\fx\environment\lights_env\fx_light_pollution_short_distance_ls.particle	oui		1;1;1
base\fx\environment\lights_env\fx_light_pollution_spaceport_shuttle.particle	oui		1;1;1
base\fx\environment\lights_env\fx_light_pollution_spaceport_tower_lights.particle	oui		1;1;1
base\fx\environment\lights_env\fx_light_pollution_spidertank_panel.particle	oui		1;1;1
base\fx\environment\lights_env\fx_light_pollution_spidertank_panel_front.particle	oui		1;1;1
base\fx\environment\lights_env\fx_light_pollution_spidertank_panel_side2.particle	oui		1;1;1
base\fx\environment\lights_env\fx_light_pollution_stadium.particle	oui		1;1;1
base\fx\environment\lights_env\fx_light_pollution_stadium_bright.particle	oui		1;1;1
base\fx\environment\lights_env\fx_light_pollution_stadium_city_glow.particle	oui		1;1;1
base\fx\environment\lights_env\fx_light_pollution_stadium_entrance.particle	oui		1;1;1
base\fx\environment\lights_env\fx_light_pollution_tower.particle	oui		1;1;1
base\fx\environment\lights_env\fx_light_pollution_tower_streets_short_side.particle	oui		1;1;1
base\fx\environment\lights_env\fx_light_pollution_trailer_cyan.particle	oui		1;1;1
base\fx\environment\lights_env\fx_light_pollution_trailer_violet.particle	oui		1;1;1
base\fx\environment\lights_env\fx_light_pollution_vdr_large.particle	oui		1;1;1
base\fx\environment\lights_env\fx_light_pollution_vdr_small.particle	oui		1;1;1
base\fx\environment\lights_env\fx_light_pollution_vdr_streetglow.particle	oui		1;1;1
base\fx\environment\lights_env\fx_light_pollution_vegas.particle	oui		1;1;1
base\fx\environment\lights_env\fx_light_pollution_warm.particle	oui		1;1;1
base\fx\environment\lights_env\fx_light_pollution_wellsprings_adtower.particle	oui		1;1;1
base\fx\environment\lights_env\fx_light_pollution_wellsprings_small.particle	oui		1;1;1
base\fx\environment\lights_env\fx_light_pollution_wellsprings_streetglow.particle	oui		1;1;1
base\fx\environment\lights_env\fx_light_pollution_wellsprings_streetglow_bright.particle	oui		1;1;1
base\fx\environment\lights_env\fx_light_vista_combat_tower.particle	oui		1;1;1
base\fx\environment\lights_env\fx_light_vista_longshorestacks.particle	oui		1;1;1
base\fx\environment\lights_env\fx_light_vista_luxorheights.particle	oui		1;1;1
base\fx\environment\lights_env\fx_light_vista_maingate_kurtz.particle	oui		1;1;1
base\fx\environment\lights_env\fx_light_vista_maingate_neutral.particle	oui		1;1;1
base\fx\environment\lights_env\fx_light_vista_maingate_orange.particle	oui		1;1;1
base\fx\environment\lights_env\fx_light_vista_mtdeoro.particle	oui		1;1;1
base\fx\environment\lights_env\fx_light_vista_mtdeoro_ep1.particle	oui		1;1;1
base\fx\environment\lights_env\fx_light_vista_mtdeoro_static_plane.particle	oui		1;1;1
base\fx\environment\lights_env\fx_light_vista_pyramid.particle	oui		1;1;1
base\fx\environment\lights_env\fx_light_vista_pyramid_ep1.particle	oui		1;1;1
base\fx\environment\lights_env\fx_light_vista_stadium.particle	oui		1;1;1
base\fx\environment\lights_env\fx_light_vista_terracognita.particle	oui		1;1;1
base\fx\environment\lights_env\fx_light_vista_terracognita_constructionsite.particle	oui		1;1;1
base\fx\environment\neons\neon_blink_sequence.effect	non	1	0;0;0
base\fx\environment\pyro\burning.effect	non	4	0.24;0.24;0.38
base\fx\environment\pyro\eye_sparks.particle	oui		0.24;0.24;0.38
base\fx\environment\pyro\e_candle_bottle_fire_idle.effect	oui		0.3;0.3;0.3
base\fx\environment\pyro\e_candle_bottle_fire_idle.particle	oui		0.3;0.3;0.3
base\fx\environment\pyro\e_candle_fire.particle	oui		0.3;0.3;0.3
base\fx\environment\pyro\e_candle_fire_idle.effect	oui		0.3;0.3;0.3
base\fx\environment\pyro\e_candle_fire_idle.particle	oui		0.3;0.3;0.3
base\fx\environment\pyro\e_candle_fire_idle_burned.effect	oui		0.3;0.3;0.3
base\fx\environment\pyro\e_candle_fire_idle_burned.particle	oui		0.3;0.3;0.3
base\fx\environment\pyro\e_candle_fire_idle_mid.effect	oui		0.3;0.3;0.3
base\fx\environment\pyro\e_candle_fire_idle_mid.particle	oui		0.3;0.3;0.3
base\fx\environment\pyro\e_candle_fire_idle_small.effect	oui		0.3;0.3;0.3
base\fx\environment\pyro\e_candle_fire_idle_small.particle	oui		0.3;0.3;0.3
base\fx\environment\pyro\e_explosion_emp_flash.particle	non	0.1	1;1;1
base\fx\environment\pyro\e_fire_big_02.effect	oui		8.5;8.5;16
base\fx\environment\pyro\e_fire_big_02.particle	oui		8.5;8.5;16
base\fx\environment\pyro\e_fire_chimney_gas_flare.particle	oui		20.25;20.25;39.95
base\fx\environment\pyro\e_fire_chimney_gas_flare_large.particle	oui		20.25;20.25;39.95
base\fx\environment\pyro\e_fire_chimney_gas_flare_small.particle	oui		20.25;20.25;39.95
base\fx\environment\pyro\e_fire_enormous.particle	oui		8.5;8.5;16
base\fx\environment\pyro\e_fire_gas_flare_small.particle	oui		1.76;1.76;2.51
base\fx\environment\pyro\e_fire_idle_small.effect	oui		3.67;3.67;5.33
base\fx\environment\pyro\e_fire_idle_small.particle	oui		3.67;3.67;5.33
base\fx\environment\pyro\e_fire_idle_small_barrel.effect	oui		3.29;3.29;4.58
base\fx\environment\pyro\e_fire_idle_small_barrel.particle	oui		3.29;3.29;4.58
base\fx\environment\pyro\e_fire_large.effect	oui		9;9;16.5
base\fx\environment\pyro\e_fire_large.particle	oui		9;9;16.5
base\fx\environment\pyro\e_fire_medium.effect	oui		3.5;3.5;6.5
base\fx\environment\pyro\e_fire_medium.particle	oui		3.5;3.5;6.5
base\fx\environment\pyro\e_fire_medium_directional.particle	oui		5.24;5.24;9.49
base\fx\environment\pyro\e_fire_medium_tall.effect	oui		3.5;3.5;6.5
base\fx\environment\pyro\e_fire_medium_tall.particle	oui		3.5;3.5;6.5
base\fx\environment\pyro\e_fire_path_medium.particle	oui		6.5;3.5;4
base\fx\environment\pyro\e_fire_small.particle	oui		2.5;2.5;4
base\fx\environment\pyro\e_fire_small_car_wreck_01.effect	oui		2.26;2.26;3.52
base\fx\environment\pyro\e_fire_small_cluster.particle	oui		4.52;4.52;8.24
base\fx\environment\pyro\e_fire_thin.particle	oui		2.5;2.5;4
base\fx\environment\pyro\e_fire_tiny_cluster.particle	oui		4.52;4.52;8.24
base\fx\environment\pyro\e_fire_tiny_cluster_pipe.particle	oui		7.5;1.9;1.7
base\fx\environment\pyro\e_food_sparks_heat.particle	oui		2.4;2.1;3.1
base\fx\environment\pyro\e_gas_flames_heat_haze_large.particle	oui		4.16;4.16;7.32
base\fx\environment\pyro\e_gas_flames_medium_01.effect	oui		2.66;2.66;4.18
base\fx\environment\pyro\e_gas_flames_medium_01.particle	oui		2.66;2.66;4.18
base\fx\environment\pyro\e_grill_smoke_sparks_heat.particle	oui		2.4;2.1;3.1
base\fx\environment\pyro\e_grill_smoke_sparks_heat_directional.particle	oui		2.4;2.1;3.1
base\fx\environment\pyro\e_nuclear_explosion.effect	non	70	0.62;0.62;1.15
base\fx\environment\pyro\e_nuclear_explosion.particle	non	200	0.62;0.62;1.15
base\fx\environment\pyro\e_nuclear_explosion_02.effect	non	80	0.4;0.4;0.7
base\fx\environment\pyro\e_nuclear_explosion_02.particle	non	200	0.4;0.4;0.7
base\fx\environment\pyro\e_oven_heat_haze.particle	oui		1.2;1.2;1.4
base\fx\environment\pyro\e_oven_heat_haze_large.particle	oui		3.01;3.01;4.02
base\fx\environment\pyro\e_oven_heat_haze_ring_large.particle	oui		6.04;6.04;10.08
base\fx\environment\pyro\e_oven_heat_haze_ring_medium.particle	oui		6.04;6.04;10.08
base\fx\environment\pyro\fire\e_fire_dense_car_wreck_01.particle	oui		8.68;8.68;14.87
base\fx\environment\pyro\fire\e_fire_medium_car_wreck_01.particle	oui		2.26;2.26;3.52
base\fx\environment\pyro\fire\e_fire_medium_car_wreck_oriented_01.particle	oui		1;1;1
base\fx\environment\pyro\fire\e_fire_small_car_wreck_01.particle	oui		2.5;2.5;4
base\fx\environment\pyro\fire\e_fire_small_mid_trash_01.particle	oui		3.66;3.66;5.63
base\fx\environment\pyro\fire\e_fire_small_trash_01.particle	oui		4.26;4.26;5.63
base\fx\environment\pyro\fire\e_fire_small_trash_02.particle	oui		4.35;4.35;4
base\fx\environment\pyro\fire\e_fire_small_trash_03.particle	oui		4.35;4.35;4
base\fx\environment\pyro\fire_idle_very_small.effect	oui		2.21;2.21;2.29
base\fx\environment\pyro\fire_idle_very_small.particle	oui		2.21;2.21;2.29
base\fx\environment\pyro\fire_idle_very_small_directional.effect	oui		2.32;2.32;2.44
base\fx\environment\pyro\fire_idle_very_small_directional.particle	oui		2.32;2.32;2.44
base\fx\environment\pyro\fire_very_small.particle	oui		2.21;2.21;2.23
base\fx\environment\pyro\sparks_welder.particle	oui		3.66;3.66;7.3
base\fx\environment\pyro\tire_pile\e_decoset_tires_burning_big_a_basic.particle	oui		24.44;22.84;42.63
base\fx\environment\pyro\tire_pile\e_decoset_tires_burning_big_a_basic_idle.effect	oui		28.5;26.7;87.5
base\fx\environment\pyro\tire_pile\e_decoset_tires_burning_big_a_idle.particle	oui		28.5;26.7;87.5
base\fx\environment\pyro\tire_pile\e_decoset_tires_burning_big_a_smoke_column_horizontal.particle	oui		28.5;38.63;67.5
base\fx\environment\pyro\tire_pile\e_decoset_tires_burning_big_a_smoke_column_vertical.particle	oui		29;27.2;87.5
base\fx\environment\smoke\detail\e_smoke_planter_decoset_large.particle	oui		1;1;2.2
base\fx\environment\smoke\e_cigarette_smoke.effect	oui		4.2;4.2;7.2
base\fx\environment\smoke\e_cigarette_smoke.particle	oui		4.2;4.2;7.2
base\fx\environment\smoke\e_cigarette_smoke_directional.particle	oui		4.2;4.2;7.2
base\fx\environment\smoke\e_cigarette_smoke_strong.effect	oui		4.2;4.2;7.2
base\fx\environment\smoke\e_fog_canyon.particle	oui		3;3;3
base\fx\environment\smoke\e_liquid_nitrogen_1m.particle	oui		1.7;1.7;2.6
base\fx\environment\smoke\e_liquid_nitrogen_1m_slow.particle	oui		1.36;1.36;1.92
base\fx\environment\smoke\e_liquid_nitrogen_1m_slow_floating.particle	oui		2.15;2.15;3.49
base\fx\environment\smoke\e_liquid_nitrogen_1m_subtle.particle	oui		2.04;2.04;3.27
base\fx\environment\smoke\e_liquid_nitrogen_floating.particle	oui		1.92;1.92;1.35
base\fx\environment\smoke\e_liquid_nitrogen_floating_1x1_directional.particle	oui		2.65;2.65;3.45
base\fx\environment\smoke\e_liquid_nitrogen_floating_1x1_directional_subtle.effect	oui		2.65;2.65;3.45
base\fx\environment\smoke\e_liquid_nitrogen_floating_1x8.particle	oui		3.1;3.1;4.35
base\fx\environment\smoke\e_liquid_nitrogen_floating_line.particle	oui		3.12;1.32;1.35
base\fx\environment\smoke\e_liquid_nitrogen_floating_subtle.effect	oui		1.92;1.92;1.35
base\fx\environment\smoke\e_liquid_nitrogen_pouring.particle	oui		2.42;1.72;2.47
base\fx\environment\smoke\e_liquid_nitrogen_pouring_spread_upwards.particle	oui		8.5;8.5;16
base\fx\environment\smoke\e_liquid_nitrogen_server_box.particle	oui		3.21;3.21;5.43
base\fx\environment\smoke\e_liquid_nitrogen_server_box_big.particle	oui		5.13;3.83;6.66
base\fx\environment\smoke\e_liquid_nitrogen_server_box_slow.effect	oui		3.21;3.21;5.43
base\fx\environment\smoke\e_liquid_nitrogen_server_box_slow_subtle.effect	oui		3.21;3.21;5.43
base\fx\environment\smoke\e_liquid_nitrogen_server_box_subtle.effect	oui		3.21;3.21;5.43
base\fx\environment\smoke\e_smoke_ambient_exterior.effect	oui		27.5;27.5;18.5
base\fx\environment\smoke\e_smoke_ambient_exterior_1x1.particle	oui		7;7;6.5
base\fx\environment\smoke\e_smoke_ambient_interior_025x025.particle	oui		3.4;2.3;2.2
base\fx\environment\smoke\e_smoke_ambient_interior_025x025_still.effect	oui		3.4;2.3;2.2
base\fx\environment\smoke\e_smoke_ambient_interior_025x025_strong.effect	oui		3.4;2.3;2.2
base\fx\environment\smoke\e_smoke_ambient_interior_025x025_stronger.effect	oui		3.4;2.3;2.2
base\fx\environment\smoke\e_smoke_ambient_interior_025x025_subtle.effect	oui		3.4;2.3;2.2
base\fx\environment\smoke\e_smoke_ambient_interior_05x05.particle	oui		3.5;3.5;3.5
base\fx\environment\smoke\e_smoke_ambient_interior_05x05_subtle.effect	oui		3.5;3.5;3.5
base\fx\environment\smoke\e_smoke_ambient_interior_cloud.particle	oui		4;4;4
base\fx\environment\smoke\e_smoke_ambient_interior_cloud_sharp.particle	oui		2.06;2.06;1.12
base\fx\environment\smoke\e_smoke_ambient_interior_cloud_sharp_subtle.effect	oui		2.06;2.06;1.12
base\fx\environment\smoke\e_smoke_ambient_interior_cloud_soft.particle	oui		3;3;3
base\fx\environment\smoke\e_smoke_ambient_interior_cloud_soft_subtle.effect	oui		3;3;3
base\fx\environment\smoke\e_smoke_ambient_interior_flat_5x5.particle	oui		8.5;8.5;3
base\fx\environment\smoke\e_smoke_ambient_interior_flat_5x5_subtle.effect	oui		8.5;8.5;3
base\fx\environment\smoke\e_smoke_ambient_interior_slow_rise_0p5x2.particle	oui		2.9;4.5;2.5
base\fx\environment\smoke\e_smoke_ambient_interior_slow_rise_0p5x2_strong.effect	oui		2.9;4.5;2.5
base\fx\environment\smoke\e_smoke_ambient_interior_slow_rise_0p5x2_strong_slow.effect	oui		2.9;4.5;2.5
base\fx\environment\smoke\e_smoke_ambient_interior_slow_rise_0p5x2_subtle.effect	oui		2.9;4.5;2.5
base\fx\environment\smoke\e_smoke_ambient_interior_slow_rise_0p5x2_subtle.particle	oui		2.7;2.7;4.5
base\fx\environment\smoke\e_smoke_ambient_interior_small_01.particle	oui		3.3;3.3;2.9
base\fx\environment\smoke\e_smoke_ambient_lampshade.particle	oui		2.5;2.5;2.5
base\fx\environment\smoke\e_smoke_burned_scattered_medium.particle	oui		8.07;8.07;12.05
base\fx\environment\smoke\e_smoke_burned_scattered_small.particle	oui		4.52;4.92;6.53
base\fx\environment\smoke\e_smoke_burned_small.particle	oui		1.4;1.4;2.55
base\fx\environment\smoke\e_smoke_burning_hanging_allfoods_q003.particle	oui		13.3;13.3;11.6
base\fx\environment\smoke\e_smoke_cigarette_cloud.particle	oui		2;2;2
base\fx\environment\smoke\e_smoke_cigarette_cloud_2x2.particle	oui		4;4;4
base\fx\environment\smoke\e_smoke_cigarette_cloud_sh0160.particle	oui		3.3;2.86;4.06
base\fx\environment\smoke\e_smoke_cigarette_cloud_sh_0690.effect	oui		3.5;3.5;4.7
base\fx\environment\smoke\e_smoke_cigarette_cloud_sh_0690.particle	oui		3.5;3.5;4.7
base\fx\environment\smoke\e_smoke_cigarette_cloud_strong.particle	oui		3.1;1.8;1.8
base\fx\environment\smoke\e_smoke_cigarette_cloud_subtle.particle	oui		2.2;2.2;2
base\fx\environment\smoke\e_smoke_cigar_hanging_1x1.particle	oui		2.7;2.7;2.7
base\fx\environment\smoke\e_smoke_cigar_hanging_1x1_subtle.effect	oui		2.7;2.7;2.7
base\fx\environment\smoke\e_smoke_cigar_hanging_2x2.particle	oui		6.5;6.5;3
base\fx\environment\smoke\e_smoke_cigar_hanging_2x2_strong.effect	oui		6.5;6.5;3
base\fx\environment\smoke\e_smoke_cigar_hanging_2x2_subtle.effect	oui		6.5;6.5;3
base\fx\environment\smoke\e_smoke_cigar_hanging_4x4.particle	oui		10.5;10.5;3.3
base\fx\environment\smoke\e_smoke_cigar_hanging_thick_2x2.particle	oui		6.5;6.5;3
base\fx\environment\smoke\e_smoke_column_thick_white.particle	oui		6.51;6.51;8.03
base\fx\environment\smoke\e_smoke_dark_pouring.particle	oui		3.74;4.14;6.48
base\fx\environment\smoke\e_smoke_exterior_vent_large.particle	oui		30;30;55
base\fx\environment\smoke\e_smoke_exterior_vent_large_sparse.particle	oui		30;30;55
base\fx\environment\smoke\e_smoke_flare.particle	oui		6.31;6.31;12.37
base\fx\environment\smoke\e_smoke_hanging_cigarette_smoke_small.particle	oui		2;2;2
base\fx\environment\smoke\e_smoke_interior_burning_4x4.particle	oui		11.62;11.62;20.75
base\fx\environment\smoke\e_smoke_interior_burning_ground.particle	oui		11.06;11.06;17.12
base\fx\environment\smoke\e_smoke_interior_burning_hanging.particle	oui		11.06;11.06;17.12
base\fx\environment\smoke\e_smoke_interior_burning_thick.particle	oui		11.62;11.62;20.75
base\fx\environment\smoke\e_smoke_interior_burning_thick_grey.particle	oui		14.67;14.67;26.83
base\fx\environment\smoke\e_smoke_interior_hanging_detail.particle	oui		6.5;6.5;2.7
base\fx\environment\smoke\e_smoke_medium.particle	oui		5.39;5.39;8.28
base\fx\environment\smoke\e_smoke_medium_smouldering_vehicle_01.particle	oui		10.28;10.28;18.57
base\fx\environment\smoke\e_smoke_medium_thick_car_wreck_01.particle	oui		20.24;20.24;35.48
base\fx\environment\smoke\e_smoke_medium_thick_car_wreck_02.particle	oui		5.28;5.28;8.3
base\fx\environment\smoke\e_smoke_medium_thick_sparse_01.particle	oui		27.59;27.59;41.18
base\fx\environment\smoke\e_smoke_medium_thin_car_wreck_01.particle	oui		22.83;22.83;40.26
base\fx\environment\smoke\e_smoke_medium_thin_trash_01.particle	oui		27;27;52
base\fx\environment\smoke\e_smoke_medium_thin_trash_01_long.particle	oui		29;29;54
base\fx\environment\smoke\e_smoke_medium_thin_trash_02.particle	oui		16.13;16.13;30.25
base\fx\environment\smoke\e_smoke_medium_thin_trash_03.particle	oui		2;2;2
base\fx\environment\smoke\e_smoke_medium_thin_trash_03_black.particle	oui		2;2;2
base\fx\environment\smoke\e_smoke_medium_thin_trash_idle.particle	oui		5.12;5.12;8.24
base\fx\environment\smoke\e_smoke_pipe.particle	oui		4.87;4.87;9.5
base\fx\environment\smoke\e_smoke_refridgerator.particle	oui		5.58;5.78;9.77
base\fx\environment\smoke\e_smoke_refridgerator_subtle.effect	oui		5.58;5.78;9.77
base\fx\environment\smoke\e_smoke_refridgerator_subtle.particle	oui		4.54;4.54;6.58
base\fx\environment\smoke\e_smoke_sheesha.effect	oui		4.2;4.2;7.2
base\fx\environment\smoke\e_smoke_sheesha.particle	oui		4.2;4.2;7.2
base\fx\environment\smoke\e_smoke_small_sparse_ground_01.particle	oui		16.79;22.79;20.59
base\fx\environment\smoke\e_smoke_small_vent.particle	oui		4.35;4.35;8.49
base\fx\environment\smoke\e_smoke_toxic_tank_industrial_large_light.particle	oui		26;26;46
base\fx\environment\smoke\e_smoke_wispy_incense.particle	oui		0.55;0.55;0.69
base\fx\environment\smoke\e_smoke_wispy_incense_idle.effect	oui		0.55;0.55;0.69
base\fx\environment\smoke\e_smoke_wispy_incense_idle.particle	oui		0.55;0.55;0.69
base\fx\environment\smoke\e_smoke_wispy_incense_subtle.particle	oui		0.75;0.75;0.89
base\fx\environment\smoke\e_smoke_wispy_small.particle	oui		0.54;0.54;0.88
base\fx\environment\smoke\e_steam_ac_unit_long.particle	oui		3.7;5.2;5.1
base\fx\environment\smoke\e_steam_ac_unit_small.particle	oui		2.42;2.82;3.14
base\fx\environment\smoke\e_steam_ac_unit_small_2.particle	oui		2.42;2.82;3.14
base\fx\environment\smoke\e_steam_ambient_rise_0p5x1m.particle	oui		1.29;1.59;1.78
base\fx\environment\smoke\e_steam_ambient_rise_0p5x1m_slow.effect	oui		1.29;1.59;1.78
base\fx\environment\smoke\e_steam_column_dense_2x2x3m.particle	oui		3.25;3.25;5.5
base\fx\environment\smoke\e_steam_column_sideways.particle	oui		16.75;16.75;29.5
base\fx\environment\smoke\e_steam_column_thick_large.particle	oui		6.75;6.75;8.5
base\fx\environment\smoke\e_steam_cooker.effect	oui		0.99;0.99;1.38
base\fx\environment\smoke\e_steam_cooker.particle	oui		0.99;0.99;1.38
base\fx\environment\smoke\e_steam_cooker_slow.particle	oui		1.29;2.49;1.78
base\fx\environment\smoke\e_steam_cooker_slow_big.particle	oui		1.29;2.49;1.78
base\fx\environment\smoke\e_steam_fan_vents.particle	oui		11.57;11.57;19.15
base\fx\environment\smoke\e_steam_floor_spread.particle	oui		2.24;2.24;3.47
base\fx\environment\smoke\e_steam_floor_spread_subtle.particle	oui		6.01;6.01;11.01
base\fx\environment\smoke\e_steam_furnace_large.particle	oui		26;26.4;51
base\fx\environment\smoke\e_steam_interior_grate.particle	oui		4.63;6.43;5.07
base\fx\environment\smoke\e_steam_interior_grate_short.particle	oui		8.08;5.28;6.35
base\fx\environment\smoke\e_steam_interior_grate_strong.particle	oui		8.08;5.28;6.35
base\fx\environment\smoke\e_steam_interior_vapour_rising.particle	oui		8.08;5.28;6.35
base\fx\environment\smoke\e_steam_interior_vapour_rising_slow.particle	oui		5.28;5.28;6.35
base\fx\environment\smoke\e_steam_jet_medium.particle	oui		0.33;0.33;0.4
base\fx\environment\smoke\e_steam_jet_small.particle	oui		0.33;0.33;0.4
base\fx\environment\smoke\e_steam_jet_small_2.particle	oui		0.35;0.35;0.45
base\fx\environment\smoke\e_steam_line_ambient.particle	oui		12.5;2.7;2.7
base\fx\environment\smoke\e_steam_manhole_cover_dense.particle	oui		6.5;6.5;9
base\fx\environment\smoke\e_steam_manhole_cover_dense_subtle.particle	oui		6.5;6.5;9
base\fx\environment\smoke\e_steam_manhole_cover_flat.particle	oui		4;4;4
base\fx\environment\smoke\e_steam_manhole_cover_high.particle	oui		5.07;5.07;8.94
base\fx\environment\smoke\e_steam_manhole_cover_high_subtle.particle	oui		5.07;5.07;8.94
base\fx\environment\smoke\e_steam_manhole_cover_medium.particle	oui		7.5;7.5;11
base\fx\environment\smoke\e_steam_manhole_cover_slow.particle	oui		11.5;11.5;19
base\fx\environment\smoke\e_steam_manhole_cover_sparse.particle	oui		6.5;6.5;9
base\fx\environment\smoke\e_steam_manhole_cover_sparse_subtle.particle	oui		6.5;6.5;9
base\fx\environment\smoke\e_steam_manhole_directional.particle	oui		6.8;6.8;9.6
base\fx\environment\smoke\e_steam_manhole_subtle.particle	oui		0.56;0.56;0.62
base\fx\environment\smoke\e_steam_pipe_rising_large.particle	oui		19;19;34
base\fx\environment\smoke\e_steam_pipe_rising_large_dense.particle	oui		14;14;24
base\fx\environment\smoke\e_steam_pipe_rising_large_dense_dark.particle	oui		19;19;34
base\fx\environment\smoke\e_steam_pipe_rising_large_slow.particle	oui		19;19;34
base\fx\environment\smoke\e_steam_pipe_rising_large_subtle.particle	oui		19;19;34
base\fx\environment\smoke\e_steam_pipe_small.particle	oui		3.74;4.14;4.28
base\fx\environment\smoke\e_steam_pot.particle	oui		0.8;0.8;1.1
base\fx\environment\smoke\e_steam_pouring.effect	oui		4.57;4.97;8.14
base\fx\environment\smoke\e_steam_pouring.particle	oui		4.57;4.97;8.14
base\fx\environment\smoke\e_steam_pouring_2.particle	oui		4.04;4.04;7.07
base\fx\environment\smoke\e_steam_pouring_2_strong.effect	oui		4.04;4.04;7.07
base\fx\environment\smoke\e_steam_pouring_2_subtle.effect	oui		4.04;4.04;7.07
base\fx\environment\smoke\e_steam_pouring_curtain.particle	oui		3.74;4.14;6.48
base\fx\environment\smoke\e_steam_pouring_curtain_subtle.particle	oui		3.74;4.14;6.48
base\fx\environment\smoke\e_steam_pouring_curtain_super_subtle.particle	oui		3.74;4.14;6.48
base\fx\environment\smoke\e_steam_pouring_floor_spread.particle	oui		8.65;8.65;16.3
base\fx\environment\smoke\e_steam_pouring_floor_spread_subtle.effect	oui		8.65;8.65;16.3
base\fx\environment\smoke\e_steam_pouring_floor_spread_subtle.particle	oui		8.65;8.65;16.3
base\fx\environment\smoke\e_steam_pouring_opaque.particle	oui		4.57;4.97;8.14
base\fx\environment\smoke\e_steam_pouring_pipe_medium.particle	oui		2.1;2.1;3.19
base\fx\environment\smoke\e_steam_pouring_pipe_medium_subtle.particle	oui		2.1;2.1;3.19
base\fx\environment\smoke\e_steam_pouring_short.particle	oui		1.3;1.5;1.5
base\fx\environment\smoke\e_steam_pouring_slow.effect	oui		5.54;5.94;10.07
base\fx\environment\smoke\e_steam_pouring_slow.particle	oui		5.54;5.94;10.07
base\fx\environment\smoke\e_steam_pouring_slower.effect	oui		4.57;4.97;8.14
base\fx\environment\smoke\e_steam_pouring_slow_floor_spread.particle	oui		1.7;1.7;2.6
base\fx\environment\smoke\e_steam_pouring_spread.particle	oui		13.69;14.09;26.17
base\fx\environment\smoke\e_steam_pouring_spread_short.particle	oui		5.62;5.62;10.02
base\fx\environment\smoke\e_steam_pouring_strong.effect	oui		4.57;4.97;8.14
base\fx\environment\smoke\e_steam_pouring_strong.particle	oui		3.64;3.84;6.48
base\fx\environment\smoke\e_steam_pouring_strong_short.particle	oui		2.27;2.47;3.74
base\fx\environment\smoke\e_steam_pouring_strong_slow.particle	oui		3.55;3.75;6.3
base\fx\environment\smoke\e_steam_pouring_subtle.effect	oui		4.57;4.97;8.14
base\fx\environment\smoke\e_steam_pouring_subtle.particle	oui		3.74;4.14;6.48
base\fx\environment\smoke\e_steam_pouring_wispy_medium.particle	oui		0.96;0.56;0.92
base\fx\environment\smoke\e_steam_pouring_wispy_small.particle	oui		0.56;0.56;0.72
base\fx\environment\smoke\e_steam_pouring_wispy_small_subtle.effect	oui		0.56;0.56;0.72
base\fx\environment\smoke\e_steam_power_plant_cooling_a_core.particle	oui		51.54;51.54;73.08
base\fx\environment\smoke\e_steam_power_plant_cooling_b_edge.particle	oui		37.07;37.07;44.14
base\fx\environment\smoke\e_steam_power_plant_cooling_b_overloaded.particle	oui		55;55;80
base\fx\environment\smoke\e_steam_power_plant_cooling_c_core_small.particle	oui		34;34;38
base\fx\environment\smoke\e_steam_power_plant_cooling_walkway.particle	oui		31;31;32
base\fx\environment\smoke\e_steam_sea_2x2.particle	oui		6.5;6.5;6.5
base\fx\environment\smoke\e_steam_sewer.particle	oui		6.65;6.65;9.3
base\fx\environment\smoke\e_steam_sewer_cinematic.particle	oui		17;13.2;22.2
base\fx\environment\smoke\e_steam_sewer_cinematic_dark.particle	oui		17;13.2;22.2
base\fx\environment\smoke\e_steam_sewer_cinematic_dark_small.effect	oui		17;13.2;22.2
base\fx\environment\smoke\e_steam_sewer_cinematic_dense.particle	oui		17;13.2;22.2
base\fx\environment\smoke\e_steam_sewer_cinematic_subtle.effect	oui		17;13.2;22.2
base\fx\environment\smoke\e_steam_sewer_detail.particle	oui		6.65;6.65;9.3
base\fx\environment\smoke\e_steam_sewer_grate.particle	oui		9.3;9.3;14.61
base\fx\environment\smoke\e_steam_sewer_grate_short.particle	oui		6.17;6.17;8.33
base\fx\environment\smoke\e_steam_sewer_grate_short_subtle.effect	oui		6.17;6.17;8.33
base\fx\environment\smoke\e_steam_sewer_grate_strong.effect	oui		9.3;9.3;14.61
base\fx\environment\smoke\e_steam_sewer_small.particle	oui		5.53;5.53;8.05
base\fx\environment\smoke\e_steam_sewer_spouting_4_holes.particle	oui		5;5;6
base\fx\environment\smoke\e_steam_spouting_01.particle	oui		26.5;26.5;61.1
base\fx\environment\smoke\e_steam_vent_long.particle	oui		2.21;3.71;2.62
base\fx\environment\smoke\e_steam_wok.effect	oui		1.45;1.45;2.2
base\fx\environment\smoke\e_steam_wok.particle	oui		1.45;1.45;2.2
base\fx\environment\smoke\e_steam_wok_idle.particle	oui		1.45;1.45;2.2
base\fx\environment\smoke\e_steam_wok_subtle.effect	oui		1.45;1.45;2.2
base\fx\environment\smoke\e_steam_wok_subtle.particle	oui		1.45;1.45;2.2
base\fx\environment\smoke\e_steam_wok_subtle_idle.particle	oui		1.45;1.45;2.2
base\fx\environment\smoke\e_steam_wok_v2.particle	oui		1.45;1.45;2.2
base\fx\environment\smoke\e_vapour_fridge.particle	oui		1.15;1.15;1.5
base\fx\environment\smoke\huge\e_liquid_nitrogen_pouring_big.particle	oui		19.3;18.6;36.02
base\fx\environment\smoke\huge\e_smoke_ambient_interior_20x20x10.particle	oui		27.5;27.5;18.5
base\fx\environment\smoke\huge\e_smoke_ambient_interior_20x20x10_strong.effect	oui		27.5;27.5;18.5
base\fx\environment\smoke\huge\e_smoke_ambient_interior_20x20x10_subtle.effect	oui		27.5;27.5;18.5
base\fx\environment\smoke\huge\e_smoke_chimney_large_01.particle	oui		34;34;59
base\fx\environment\smoke\huge\e_smoke_chimney_large_light_01.particle	oui		26;26;46
base\fx\environment\smoke\huge\e_smoke_chimney_large_light_subtle.effect	oui		26;26;46
base\fx\environment\smoke\huge\e_smoke_chimney_medium_01.particle	oui		28.5;28.5;51
base\fx\environment\smoke\huge\e_smoke_chimney_medium_light_01.particle	oui		9;9;12
base\fx\environment\smoke\huge\e_smoke_chimney_medium_slow.particle	oui		28.5;28.5;51
base\fx\environment\smoke\huge\e_smoke_exterior_column_black_5x5x50.particle	oui		28;28;53
base\fx\environment\smoke\huge\e_smoke_exterior_column_black_5x5x50_d2.effect	oui		28;28;53
base\fx\environment\smoke\huge\e_smoke_exterior_column_dark_5x5x50.particle	oui		28;28;53
base\fx\environment\smoke\huge\e_smoke_exterior_column_dark_5x5x50_strong.effect	oui		28;28;53
base\fx\environment\smoke\huge\e_smoke_large_thick_01.particle	oui		22.83;22.83;99.26
base\fx\environment\smoke\huge\e_smoke_large_thick_dark.particle	oui		22.83;22.83;99.26
base\fx\environment\smoke\huge\e_smoke_large_thick_sparse_01.particle	oui		37.59;37.59;53.18
base\fx\environment\smoke\huge\e_steam_column_5x5x65.particle	oui		27.5;27.5;52.5
base\fx\environment\smoke\huge\e_steam_column_5x5x65_alpha_d4.effect	oui		27.5;27.5;52.5
base\fx\environment\smoke\huge\e_steam_exterior_column_5x5x50.particle	oui		28;28;53
base\fx\environment\smoke\huge\e_steam_exterior_column_5x5x50_slow.particle	oui		27.5;27.5;52.5
base\fx\environment\smoke\huge\e_steam_exterior_column_5x5x50_slow_subtle.effect	oui		27.5;27.5;52.5
base\fx\environment\smoke\huge\e_steam_exterior_column_5x5x50_subtle.effect	oui		28;28;53
base\fx\environment\smoke\huge\e_steam_exterior_column_5x5x50_subtle_d4.effect	oui		28;28;53
base\fx\environment\smoke\huge\e_steam_pouring_10x10x50.particle	oui		31;31;53.2
base\fx\environment\smoke\huge\e_steam_power_plant_cooling_a_overload.particle	oui		55;55;80
base\fx\environment\smoke\interiors\suspended\e_smoke_int_suspended_1x1m_base.particle	oui		9.59;9.59;11.67
base\fx\environment\smoke\interiors\suspended\e_smoke_int_suspended_1x1m_strong.effect	oui		9.59;9.59;11.67
base\fx\environment\smoke\interiors\suspended\e_smoke_int_suspended_2x1m_base.particle	oui		11.59;9.59;11.67
base\fx\environment\smoke\interiors\suspended\e_smoke_int_suspended_2x1m_base_soft.particle	oui		11.59;9.59;11.67
base\fx\environment\smoke\interiors\suspended\e_smoke_int_suspended_2x1m_base_thick.particle	oui		11.59;9.59;11.67
base\fx\environment\smoke\interiors\suspended\e_smoke_int_suspended_2x1m_strong.effect	oui		11.59;9.59;11.67
base\fx\environment\smoke\interiors\suspended\e_smoke_int_suspended_2x1m_subtle.effect	oui		11.59;9.59;11.67
base\fx\environment\smoke\interiors\suspended\e_smoke_int_suspended_2x1m_super_subtle.effect	oui		11.59;9.59;11.67
base\fx\environment\smoke\interiors\suspended\e_smoke_int_suspended_2x1m_super_subtle_x2.effect	oui		11.59;9.59;11.67
base\fx\environment\smoke\interiors\suspended\e_smoke_int_suspended_4x2m_base.particle	oui		15.59;11.59;12.17
base\fx\environment\smoke\large\e_smoke_burned_scattered_big.particle	oui		11.41;13.41;20.32
base\fx\environment\smoke\large\e_smoke_column_dark_3x3x20m.particle	oui		29;29;54
base\fx\environment\smoke\large\e_smoke_column_dark_3x3x20_d2.effect	oui		29;29;54
base\fx\environment\smoke\large\e_smoke_column_dark_3x3x20_m2.effect	oui		29;29;54
base\fx\environment\smoke\large\e_smoke_column_dark_4x4x35.particle	oui		28;28;53
base\fx\environment\smoke\large\e_smoke_column_dark_4x4x35_d2.effect	oui		28;28;53
base\fx\environment\smoke\large\e_smoke_column_dark_4x4x35_m2.effect	oui		28;28;53
base\fx\environment\smoke\large\e_smoke_column_thick_large.particle	oui		6.51;6.51;8.03
base\fx\environment\smoke\large\e_smoke_column_thick_large_noprewarm.particle	oui		6.51;6.51;8.03
base\fx\environment\smoke\large\e_steam_column_3x3x10m.particle	oui		16.5;16.5;29
base\fx\environment\smoke\large\e_steam_column_3x3x20m.particle	oui		29;29;54
base\fx\environment\smoke\large\e_steam_column_3x3x20m_dense.particle	oui		29;29;54
base\fx\environment\smoke\large\e_steam_column_3x3x20m_directional.particle	oui		24;24;44
base\fx\environment\smoke\large\e_steam_column_3x3x20m_puffs.particle	oui		14;14;24
base\fx\environment\smoke\large\e_steam_column_3x3x20m_puffs_dense.particle	oui		16.5;16.5;29
base\fx\environment\smoke\large\e_steam_column_3x3x20m_slow.particle	oui		24;24;44
base\fx\environment\smoke\large\e_steam_column_3x3x20m_strong.effect	oui		29;29;54
base\fx\environment\smoke\large\e_steam_column_3x3x20m_subtle.effect	oui		24;24;44
base\fx\environment\smoke\large\e_steam_column_4x4x35.particle	oui		28;28;53
base\fx\environment\smoke\large\e_steam_column_4x4x35_alpha_d4.effect	oui		28;28;53
base\fx\environment\smoke\large\e_steam_pouring_4x4x10.particle	oui		25.05;25.05;43.1
base\fx\environment\smoke\large\e_steam_pouring_4x4x10_slow.particle	oui		25.05;25.05;43.1
base\fx\environment\smoke\large\e_steam_pouring_4x4x10_subtle.effect	oui		25.05;25.05;43.1
base\fx\environment\smoke\large\e_steam_pouring_4x4x20.particle	oui		31;31;53.2
base\fx\environment\smoke\large\e_steam_pouring_4x4x20_strong.effect	oui		31;31;53.2
base\fx\environment\smoke\large\e_steam_pouring_4x4x20_subtle.effect	oui		31;31;53.2
base\fx\environment\smoke\large\e_steam_power_plant_cooling_d_overload.particle	oui		39;39;49
base\fx\environment\smoke\medium\e_liquid_nitrogen_cover_large.particle	oui		4.87;6.27;5.04
base\fx\environment\smoke\medium\e_liquid_nitrogen_floor_cover_6x6m.particle	oui		4.8;4.8;7.59
base\fx\environment\smoke\medium\e_liquid_nitrogen_floor_cover_6x6m_subtle.particle	oui		4.24;4.24;6.47
base\fx\environment\smoke\medium\e_smoke_lampost_atmosphere.particle	oui		7.32;7.32;5.14
base\fx\environment\smoke\medium\e_steam_column_2x2x6m.particle	oui		10;10;16
base\fx\environment\smoke\medium\e_steam_column_2x2x6m_slow.particle	oui		10;10;16
base\fx\environment\smoke\medium\e_steam_column_2x2x6m_slow_sparse.particle	oui		10;10;16
base\fx\environment\smoke\medium\e_steam_column_2x2x6m_subtle.effect	oui		10;10;16
base\fx\environment\smoke\medium\e_steam_pouring_large.particle	oui		6.92;7.32;12.83
base\fx\environment\smoke\medium\e_steam_pouring_large_floor_spread.particle	oui		9.49;9.49;17.97
base\fx\environment\smoke\medium\e_steam_pouring_large_slow.particle	oui		6.3;6.3;11.65
base\fx\environment\smoke\medium\e_steam_pouring_large_strong.effect	oui		6.92;7.32;12.83
base\fx\environment\smoke\medium\e_steam_pouring_large_subtle.effect	oui		6.92;7.32;12.83
base\fx\environment\smoke\medium\e_steam_power_plant_cooling_c_overload.particle	oui		34;34;38
base\fx\environment\smoke\small\e_liquid_nitrogen_floating_2x2.particle	oui		4.07;4.07;3.35
base\fx\environment\smoke\small\e_liquid_nitrogen_floating_2x2_strong.effect	oui		4.07;4.07;3.35
base\fx\environment\smoke\small\e_liquid_nitrogen_pouring_spread_upwards_big.particle	oui		3.67;3.67;6.33
base\fx\environment\smoke\small\e_smoke_ambient_exterior.particle	oui		9;9;7
base\fx\environment\smoke\small\e_smoke_ambient_exterior_drift.particle	oui		6;6;6
base\fx\environment\smoke\small\e_smoke_ambient_exterior_large.particle	oui		8;12;6
base\fx\environment\smoke\small\e_smoke_ambient_exterior_strong.particle	oui		10;10;8
base\fx\environment\smoke\small\e_smoke_ambient_exterior_subtle.effect	oui		10;10;8
base\fx\environment\smoke\small\e_smoke_ambient_exterior_subtle.particle	oui		10;10;8
base\fx\environment\smoke\small\e_smoke_ambient_fall_slow_1x2.particle	oui		5.92;3.92;4.96
base\fx\environment\smoke\small\e_smoke_ambient_fall_slow_1x2_strong.effect	oui		5.92;3.92;4.96
base\fx\environment\smoke\small\e_smoke_ambient_interior_1x1.particle	oui		3;3;3
base\fx\environment\smoke\small\e_smoke_ambient_interior_1x1_strong.effect	oui		3;3;3
base\fx\environment\smoke\small\e_smoke_ambient_interior_1x1_subtle.effect	oui		3;3;3
base\fx\environment\smoke\small\e_smoke_ambient_interior_2x1.particle	oui		6.5;3.7;3
base\fx\environment\smoke\small\e_smoke_ambient_interior_2x1_slow.particle	oui		6.5;3.5;2.7
base\fx\environment\smoke\small\e_smoke_ambient_interior_2x1_strong.effect	oui		6.5;3.7;3
base\fx\environment\smoke\small\e_smoke_ambient_interior_2x1_stronger.effect	oui		6.5;3.7;3
base\fx\environment\smoke\small\e_smoke_ambient_interior_2x1_subtle.effect	oui		6.5;3.7;3
base\fx\environment\smoke\small\e_smoke_ambient_interior_2x2.particle	oui		6.5;6.5;3
base\fx\environment\smoke\small\e_smoke_ambient_interior_2x2_dense.effect	oui		6.5;6.5;3
base\fx\environment\smoke\small\e_smoke_ambient_interior_2x2_dispersed.particle	oui		6.5;6.5;3
base\fx\environment\smoke\small\e_smoke_ambient_interior_2x2_still.particle	oui		4.5;4.5;2.5
base\fx\environment\smoke\small\e_smoke_ambient_interior_2x2_strong.effect	oui		6.5;6.5;3
base\fx\environment\smoke\small\e_smoke_ambient_interior_2x2_stronger.effect	oui		6.5;6.5;3
base\fx\environment\smoke\small\e_smoke_ambient_interior_2x2_stronger.particle	oui		6.5;6.5;3
base\fx\environment\smoke\small\e_smoke_ambient_interior_2x2_subtle.effect	oui		6.5;6.5;3
base\fx\environment\smoke\small\e_smoke_ambient_interior_4x4x2.particle	oui		8.5;8.5;4.5
base\fx\environment\smoke\small\e_smoke_ambient_interior_4x4x2_dense.particle	oui		8.5;8.5;4.5
base\fx\environment\smoke\small\e_smoke_ambient_interior_4x4x2_dispersed.particle	oui		10.5;10.5;6.5
base\fx\environment\smoke\small\e_smoke_ambient_interior_4x4x2_soft.particle	oui		8.5;8.5;5.5
base\fx\environment\smoke\small\e_smoke_ambient_interior_4x4x2_soft_d2.effect	oui		8.5;8.5;5.5
base\fx\environment\smoke\small\e_smoke_ambient_interior_4x4x2_strong.effect	oui		8.5;8.5;4.5
base\fx\environment\smoke\small\e_smoke_ambient_interior_4x4x2_stronger.effect	oui		8.5;8.5;4.5
base\fx\environment\smoke\small\e_smoke_ambient_interior_4x4x2_subtle.effect	oui		8.5;8.5;4.5
base\fx\environment\smoke\small\e_smoke_ambient_interior_4x4x2_subtle.particle	oui		8.5;8.5;5.5
base\fx\environment\smoke\small\e_smoke_ambient_interior_big.particle	oui		3.2;3.2;3
base\fx\environment\smoke\small\e_smoke_ambient_interior_slow_rise_2x2.particle	oui		6.5;6.5;2.5
base\fx\environment\smoke\small\e_smoke_ambient_interior_slow_rise_2x2_strong.effect	oui		6.5;6.5;2.5
base\fx\environment\smoke\small\e_smoke_ambient_interior_slow_rise_2x2_subtle.effect	oui		6.5;6.5;2.5
base\fx\environment\smoke\small\e_smoke_ambient_interior_slow_rise_3x3.particle	oui		6.5;6.5;5.5
base\fx\environment\smoke\small\e_smoke_ambient_interior_slow_rise_3x3_strong.effect	oui		6.5;6.5;5.5
base\fx\environment\smoke\small\e_smoke_ambient_interior_slow_rise_3x3_subtle.particle	oui		6.5;6.5;5.5
base\fx\environment\smoke\small\e_smoke_ambient_intertior_2x2_super_strong.particle	oui		6.5;6.5;3
base\fx\environment\smoke\small\e_steam_ambient_rise_2x1m.particle	oui		2.09;1.29;1.78
base\fx\environment\smoke\small\e_steam_column_0p5x2m.particle	oui		6.25;6.25;8.5
base\fx\environment\smoke\small\e_steam_column_0p5x2m_slow.particle	oui		10;10;16
base\fx\environment\smoke\small\e_steam_column_0p5x2m_strong.effect	oui		6.25;6.25;8.5
base\fx\environment\smoke\small\e_steam_column_1x1x2m.particle	oui		6.25;6.25;8.5
base\fx\environment\smoke\small\e_steam_column_2x2x3m.particle	oui		8;8;12
base\fx\environment\smoke\small\e_steam_column_2x2x3_slow.effect	oui		8;8;12
base\fx\environment\smoke\small\e_steam_column_2x2x3_slow_strong.effect	oui		8;8;12
base\fx\environment\smoke\small\e_steam_column_2x2x3_subtle.effect	oui		8;8;12
base\fx\environment\smoke\small\e_steam_pouring_4x4x4.particle	oui		5.03;5.03;8.06
base\fx\environment\smoke_steam\ambient\smoke_hanging_01.particle	oui		12.8;10.8;17.3
base\fx\environment\smoke_steam\e_manhole_sides_steam.particle	oui		0.56;0.56;0.62
base\fx\environment\smoke_steam\e_smoke_cigarette_ashtray.particle	oui		4.16;4.16;7.28
base\fx\environment\smoke_steam\e_smoke_cigarette_ashtray_strong.particle	oui		5.1;5.1;10.1
base\fx\environment\smoke_steam\e_smoke_cigarette_ashtray_subtle.particle	oui		4.16;4.16;7.28
base\fx\environment\smoke_steam\e_steam_explosion.effect	non	35.44	33.25;33.25;53.25
base\fx\environment\smoke_steam\e_steam_explosion.particle	non	5	33.25;33.25;53.25
base\fx\environment\smoke_steam\e_steam_explosion_ceiling.particle	non	3	33.25;33.25;53.25
base\fx\environment\smoke_steam\e_steam_explosion_horizontal.effect	non	15	33.25;33.25;53.25
base\fx\environment\smoke_steam\e_steam_explosion_horizontal.particle	non	5	33.25;33.25;53.25
base\fx\environment\smoke_steam\e_steam_explosion_vertical.effect	non	15	33.25;33.25;53.25
base\fx\environment\smoke_steam\e_steam_explosion_vertical.particle	non	3	33.25;33.25;53.25
base\fx\environment\smoke_steam\e_steam_fallout.particle	non		0;0;0
base\fx\environment\smoke_steam\e_steam_stream_01.effect	oui		2;2;3
base\fx\environment\smoke_steam\e_steam_stream_01.particle	oui		2;2;3
base\fx\environment\smoke_steam\poison_gas_5s.effect	non	12	19.99;19.99;32.58
base\fx\environment\smoke_steam\poison_gas_5s.particle	non	6	19.99;19.99;32.58
base\fx\environment\smoke_steam\poison_gas_big.effect	non	60	3.5;3.5;8.5
base\fx\environment\smoke_steam\poison_gas_big.particle	non	55	3.5;3.5;8.5
base\fx\environment\smoke_steam\power_plant\cooling_system\cooling_smoke_power_plant.particle	oui		37.97;37.97;2.55
base\fx\environment\smoke_steam\power_plant\cooling_system\e_power_plant_cooling_heated.particle	oui		37.07;37.07;44.14
base\fx\environment\smoke_steam\smoke_broken_ac.particle	oui		2.06;2.06;2.12
base\fx\environment\smoke_steam\smoke_vent_slow.particle	oui		2.79;2.79;3.58
base\fx\environment\smoke_steam\steam_coffeecup.particle	oui		0.16;0.16;0.19
base\fx\environment\smoke_steam\steam_line.particle	oui		12.5;2.7;2.7
base\fx\environment\smoke_steam\steam_pan.effect	non	15	0.91;0.91;1.33
base\fx\environment\smoke_steam\steam_wok.effect	oui		0.91;0.91;1.33
base\fx\environment\smoke_steam\steam_wok.particle	oui		0.91;0.91;1.33
base\fx\environment\sparks\e_industrial_sparks_electric_loop_001.effect	oui		3.28;3.28;6.4
base\fx\environment\sparks\e_sparks_burst_big_collision.particle	non	4	25.18;25.18;50.01
base\fx\environment\sparks\e_sparks_burst_bugzap.particle	oui		1.1;1;1
base\fx\environment\sparks\e_sparks_burst_cable_small.particle	oui		2.11;2.11;4.06
base\fx\environment\sparks\e_sparks_cable_electric_failure_medium.particle	non	2.5	2.9;2.9;5.55
base\fx\environment\sparks\e_sparks_cable_electric_failure_medium_01.effect	oui		2.9;2.9;5.55
base\fx\environment\sparks\e_sparks_cable_electric_failure_medium_02.effect	oui		2.9;2.9;5.55
base\fx\environment\sparks\e_sparks_cable_electric_failure_medium_03.effect	oui		2.9;2.9;5.55
base\fx\environment\sparks\e_sparks_cable_electric_failure_medium_constant_falling.effect	oui		5.02;5.02;9.44
base\fx\environment\sparks\e_sparks_cable_electric_failure_medium_constant_falling.particle	oui		5.02;5.02;9.44
base\fx\environment\sparks\e_sparks_cable_electric_failure_medium_constant_falling_delayed.effect	oui		5.02;5.02;9.44
base\fx\environment\sparks\e_sparks_cable_electric_failure_medium_loop.particle	oui		7.65;7.65;15.15
base\fx\environment\sparks\e_sparks_cable_electric_failure_opaque.effect	oui		2.9;2.9;5.55
base\fx\environment\sparks\e_sparks_cable_electric_failure_opaque.particle	oui		2.9;2.9;5.55
base\fx\environment\sparks\e_sparks_cable_electric_failure_small_01.effect	oui		3.4;3.4;6.65
base\fx\environment\sparks\e_sparks_cable_electric_failure_small_01.particle	non	2.5	3.4;3.4;6.65
base\fx\environment\sparks\e_sparks_cable_electric_failure_small_02.effect	oui		3.4;3.4;6.65
base\fx\environment\sparks\e_sparks_cable_electric_failure_small_03.effect	oui		3.25;3.25;6.38
base\fx\environment\sparks\e_sparks_cable_electric_failure_small_03.particle	non	2.5	3.25;3.25;6.38
base\fx\environment\sparks\e_sparks_cable_electric_failure_small_opaque.effect	oui		2.9;2.9;5.55
base\fx\environment\sparks\e_sparks_electrical_burst_loop_01.effect	oui		25.1;25.1;50.1
base\fx\environment\sparks\e_sparks_electrical_burst_loop_01.particle	non	6	25.1;25.1;50.1
base\fx\environment\sparks\e_sparks_medium_burst.effect	non	0.4	0.21;0.21;0.38
base\fx\environment\sparks\e_sparks_medium_burst.particle	oui		0.21;0.21;0.38
base\fx\environment\sparks\e_sparks_medium_burst_02.particle	oui		25.15;25.15;50.15
base\fx\environment\sparks\e_sparks_small_burst.effect	oui		0.21;0.21;0.38
base\fx\environment\sparks\e_sparks_small_burst.particle	oui		0.21;0.21;0.38
base\fx\environment\sparks\e_sparks_small_burst_01.effect	oui		0.21;0.21;0.38
base\fx\environment\sparks\e_sparks_small_burst_02.effect	oui		0.21;0.21;0.38
base\fx\environment\sparks\e_sparks_small_burst_long.particle	oui		1.22;1.22;2.34
base\fx\environment\sparks\e_sparks_surface_hit_small.effect	oui		4;4;7.75
base\fx\environment\sparks\e_sparks_surface_hit_small.particle	oui		4;4;7.75
base\fx\environment\sparks\sparks_burst_big.particle	non	4	25.18;25.18;50.01
base\fx\environment\sparks\sparks_burst_electric.particle	oui		0.68;0.68;1.31
base\fx\environment\sparks\sparks_burst_medium.particle	oui		4.62;4.62;9.12
base\fx\environment\sparks\sparks_burst_medium_02.particle	non	2	0.2;0.2;0.2
base\fx\environment\sparks\sparks_burst_medium_random.effect	oui		4.62;4.62;9.12
base\fx\environment\sparks\sparks_constant.effect	non	5	0;0;0
base\fx\environment\sparks\sparks_electrical_trap.effect	non	3.12	24.36;24.36;48.62
base\fx\environment\sparks\sparks_electrical_trap.particle	non	2	24.36;24.36;48.62
base\fx\environment\sparks\sparks_electrical_trap_loop.particle	oui		25.1;25.1;50.1
base\fx\environment\sparks\sparks_gate_power_plant.effect	oui		19.48;19.48;38.86
base\fx\environment\sparks\sparks_gate_power_plant.particle	non	2	19.48;19.48;38.86
base\fx\environment\sparks\sparks_repeater.particle	oui		25.1;25.1;50.1
base\fx\environment\sparks\sparks_tank_projectile_hit.particle	non	2	25.8;25.8;50.8
base\fx\environment\vegetation\e_conifer_tree.particle	oui		4;4;4
base\fx\environment\vegetation\e_conifer_tree_few.effect	oui		4;4;4
base\fx\environment\vegetation\e_foliage_floor_debris.particle	oui		25.99;25.99;50.99
base\fx\environment\vegetation\e_foliage_leaf.particle	oui		3.96;3.96;7.63
base\fx\environment\vegetation\e_foliage_palm.effect	oui		26;26;51
base\fx\environment\vegetation\e_foliage_palm.particle	oui		26;26;51
base\fx\environment\vegetation\e_foliage_palm_subtle.particle	oui		26;26;51
base\fx\environment\vegetation\e_foliage_small_debris.particle	oui		0.5;0.5;0.5
base\fx\environment\vegetation\e_foliage_small_debris_big_area.particle	oui		1.35;1.35;1.35
base\fx\environment\vegetation\e_foliage_small_debris_grass_big_area.particle	oui		1.45;1.45;0.85
base\fx\environment\vegetation\e_foliage_underwater_seaweed.particle	oui		25.45;25.45;47.9
base\fx\environment\vegetation\foliage_citrus.particle	oui		1;1;1.1
base\fx\environment\water\e_bubbles_aquarium_01.particle	oui		5.02;2.42;4.35
base\fx\environment\water\e_bubbles_aquarium_02.particle	oui		4;2.4;4.3
base\fx\environment\water\e_bubbles_aquarium_03.particle	oui		3.78;3.08;5.65
base\fx\environment\water\e_bubbles_aquarium_04.particle	oui		6.6;3;5.5
base\fx\environment\water\e_bubbles_underwater_3m_constant_01.particle	oui		4;4;7.5
base\fx\environment\water\e_bubbles_underwater_streak_constant_01.particle	oui		1.3;1.3;2.3
base\fx\environment\water\e_bubbles_underwater_streak_constant_02.particle	oui		2.3;2.3;4.3
base\fx\environment\water\e_caustics.particle	oui		6;6;11
base\fx\environment\water\e_caustics_aquarium_01.particle	oui		7.97;7.97;12.97
base\fx\environment\water\e_caustics_aquarium_02.particle	oui		5.85;5.85;10.85
base\fx\environment\water\e_caustics_aquarium_03.particle	oui		6.97;6.97;11.97
base\fx\environment\water\e_caustics_aquarium_04.particle	oui		7.75;7.75;12.75
base\fx\environment\water\e_caustics_aquarium_05.particle	oui		7.72;7.72;12.72
base\fx\environment\water\e_caustics_aquarium_06.particle	oui		8.4;8.4;13.4
base\fx\environment\water\e_fluid_stream.particle	oui		0.6;0.6;1.1
base\fx\environment\water\e_fountain_2m.particle	oui		2.1;2.1;3.21
base\fx\environment\water\e_liquid_dripping_big.particle	oui		0.61;0.11;0.01
base\fx\environment\water\e_liquid_dripping_medium.particle	oui		0.61;0.11;0.01
base\fx\environment\water\e_liquid_dripping_narrow.particle	oui		0.11;0.11;0.01
base\fx\environment\water\e_liquid_dripping_narrow_offset1.effect	non	14.98	0.11;0.11;0.01
base\fx\environment\water\e_liquid_dripping_narrow_offset2.effect	non	17.33	0.11;0.11;0.01
base\fx\environment\water\e_waterfall_1m.particle	oui		2;2.85;2
base\fx\environment\water\e_waterfall_splashes_1m.particle	oui		2.3;4.65;2.3
base\fx\environment\water\e_water_bubbles_stream_tank.particle	oui		1;1;1.5
base\fx\environment\water\e_water_bubbles_tank.particle	oui		1.18;1.18;2.05
base\fx\environment\water\e_water_drips_small.particle	oui		0.1;0.1;0.1
base\fx\environment\water\e_water_drips_small_coll.particle	oui		4;4;4.25
base\fx\environment\water\e_water_drips_tap.particle	oui		0.01;0.01;0.01
base\fx\environment\water\e_water_drips_tap_long.particle	oui		0.01;0.01;0.01
base\fx\environment\water\e_water_drip_splashing.particle	oui		0.43;0.43;0.31
base\fx\environment\water\e_water_drip_splashing_gentle.particle	oui		0.4;0.4;0.2
base\fx\environment\water\e_water_pour_sheet_narrow.particle	oui		7;7;13.1
base\fx\environment\water\e_water_splashes_small.particle	oui		5;5;4.02
base\fx\environment\water\e_water_stream.particle	oui		3.05;3.05;3.8
base\fx\environment\water\e_water_stream_splashing.particle	oui		2.35;2.35;2.69
base\fx\environment\water\e_water_stream_splashing_small.particle	oui		3.1;3.1;4.7
base\fx\environment\water\e_water_stream_thin.particle	oui		0.7;0.7;1.3
base\fx\environment\water\e_water_stream_wide.particle	oui		2.9;2.9;3.5
base\fx\environment\water\hydrant\e_hydrant_blow.effect	oui		8.5;8.5;14.51
base\fx\environment\water\hydrant\e_hydrant_blow.particle	oui		8.5;8.5;14.51
base\fx\environment\water\hydrant\e_hydrant_leak.effect	oui		1.88;1.88;2.76
base\fx\environment\water\hydrant\e_hydrant_leak.particle	oui		1.88;1.88;2.76
base\fx\environment\water\rain.particle	oui		28;28;17.5
base\fx\environment\water\rain_roof_stream_01.effect	oui		2.1;2.1;3.2
base\fx\environment\water\rain_roof_stream_01.particle	oui		2.1;2.1;3.2
base\fx\environment\water\rain_roof_stream_02.particle	oui		2.1;2.1;3.2
base\fx\environment\water\rain_roof_stream_03.particle	oui		2.1;2.1;3.2
base\fx\environment\water\waterfall\e_waterfall_4x8.particle	oui		8;8.7;8
base\fx\environment\water\waterfall\e_waterfall_4x8_splash.particle	oui		8.58;16.58;13.17
base\fx\environment\water\waterfall\e_waterfall_4x8_waves.particle	oui		8;8;8
base\fx\environment\water\waterfall\e_waterfall_dirty_4x16_tall.particle	oui		2.5;2.5;2.5
base\fx\environment\water\waterfall\e_waterfall_dirty_4x8.particle	oui		2.5;2.5;2.5
base\fx\environment\water\waterfall\e_waterfall_dirty_4x8_splash.particle	oui		8.58;16.58;13.17
base\fx\environment\water\waterfall\e_waterfall_dirty_4x8_waves.particle	oui		8;8;8
base\fx\environment\water\waterfall\e_waterfall_splash_small.particle	oui		4.29;4.29;7.43
base\fx\environment\water\water_bubbles_stream.particle	oui		3;3;5.5
base\fx\environment\water\water_drips_small_line.particle	oui		0.02;0.02;0.02
base\fx\environment\water\water_drip_hydro_pod.particle	oui		0.43;0.43;0.62
base\fx\environment\water\water_drip_hyrdo_small.particle	oui		0.02;0.02;0.02
base\fx\environment\water\water_drip_tap.effect	oui		0.27;0.27;0.5
base\fx\environment\water\water_drip_tap.particle	oui		0.27;0.27;0.5
base\fx\environment\water\water_splash_big.particle	oui		7.25;7.25;13.5
base\fx\environment\water\water_splash_elongated.particle	oui		4.13;4.13;7.26
base\fx\environment\water\water_splash_elongated_small.particle	non	1	3.28;3.28;4.96
base\fx\environment\water\water_splash_medium.particle	non	2	1.11;1.11;2.11
base\fx\environment\water\water_splash_tap.particle	oui		0.27;0.27;0.5
base\fx\environment\water\water_sprinkler_stream.effect	oui		6.85;13.85;3.3
base\fx\environment\water\water_sprinkler_stream.particle	oui		6.85;13.85;3.3
base\fx\environment\water\water_tank_bubbles.particle	oui		4.5;4.5;8.5
base\fx\environment\water\water_waterfall_14x7.particle	oui		14;27.85;14
base\fx\environment\water\water_waterfall_3x3.particle	oui		3.5;7.25;3.5
base\fx\environment\weather\clear_weather\heavy_rain.particle	non		0;0;0
base\fx\environment\weather\clear_weather\rain.particle	oui		1;1;1
base\fx\environment\weather\clear_weather\rain_ground_line_splash.particle	oui		26;26;51
base\fx\environment\weather\clear_weather\rain_ground_splash.particle	oui		13;17;1
base\fx\environment\weather\clear_weather\rain_lamp.particle	non		0;0;0
base\fx\environment\weather\clear_weather\rain_line_location.particle	oui		2.25;0.25;0.25
base\fx\environment\weather\clear_weather\rain_point_location.particle	oui		0.91;0.25;0.25
base\fx\environment\weather\clear_weather\rain_umbrella.particle	oui		2.3;0.3;0.3
base\fx\environment\weather\clear_weather\weather_effects.particle	non	1222	25.2;25.2;50.2
base\fx\environment\weather\clear_weather\w_rain_effect.effect	oui		1;1;1
base\fx\environment\weather\sandstorm\e_desert_sand.effect	oui		85.4;85.4;56.4
base\fx\environment\weather\sandstorm\e_desert_sand.particle	oui		85.4;85.4;56.4
base\fx\environment\weather\sandstorm\e_sandstorm_horizon.particle	oui		205;4095;320
base\fx\environment\weather\sandstorm\e_sandstorm_horizon_lightning.effect	oui		13;13;13
base\fx\environment\weather\sandstorm\e_sandstorm_horizon_lightning.particle	oui		13;13;13
base\fx\environment\weather\sandstorm\e_sandstorm_horizon_oriented.particle	oui		155;695;230
base\fx\environment\weather\sandstorm\e_sandstorm_inside.particle	oui		85.4;85.4;56.4
base\fx\environment\weather\sandstorm\e_sandstorm_transition.effect	oui		85.4;85.4;56.4
base\fx\environment\weather\sandstorm\e_sandstorm_transition.particle	oui		85.4;85.4;56.4
base\fx\environment\weather\sandstorm\e_weather_sandstorm.effect	oui		85.4;85.4;56.4
base\fx\environment\weather\sandstorm\e_weather_sandstorm_horizon.effect	oui		205;4095;320
base\fx\environment\weather\toxic_rain\toxic_rain.effect	oui		35.33;35.33;59.66
base\fx\environment\weather\toxic_rain\toxic_rain.particle	oui		35.33;35.33;59.66
base\fx\gameplay\containers\fx_checked.effect	non	1.5	0;0;0
base\fx\gameplay\containers\fx_empty.effect	non	1.5	0;0;0
base\fx\gameplay\containers\fx_locked.effect	non	1.5	0;0;0
base\fx\gameplay\containers\fx_open.effect	non	1.5	0;0;0
base\fx\gameplay\doors\gates\gate_force_open.effect	oui		2.6;2.6;3.2
base\fx\gameplay\netrunner_npc_hack\blackwall_hacking.effect	oui		4.24;2.24;2.29
base\fx\gameplay\netrunner_npc_hack\blackwall_hacking_big.particle	oui		4.24;2.24;2.29
base\fx\gameplay\netrunner_npc_hack\blackwall_hacking_small.particle	oui		4.12;2.12;2.25
base\fx\gameplay\netrunner_npc_hack\d_netrunner_hacking.effect	non	7	1.3;1.3;1.3
base\fx\gameplay\netrunner_npc_hack\d_netrunner_hacking.particle	non	5	1.3;1.3;1.3
base\fx\gameplay\netrunner_virus\ch_netrunner_virus.effect	non	10.09	2.78;2.78;5.28
base\fx\gameplay\netrunner_virus\ch_netrunner_virus_big.effect	non	20	5.53;5.53;9.86
base\fx\gameplay\netrunner_virus\ch_netrunner_virus_ears_smoke.particle	oui		0.24;0.24;0.37
base\fx\gameplay\netrunner_virus\ch_netrunner_virus_fire.particle	oui		1.46;1.46;1.72
base\fx\gameplay\netrunner_virus\ch_netrunner_virus_fire_point.particle	oui		1.06;1.06;1.32
base\fx\gameplay\netrunner_virus\ch_netrunner_virus_head_smoke.particle	non	5	4.53;4.53;8.86
base\fx\gameplay\netrunner_virus\ch_netrunner_virus_hole_smoke.particle	oui		0.34;0.34;0.37
base\fx\gameplay\netrunner_virus\ch_netrunner_virus_lightnings.particle	oui		1.3;1.3;1
base\fx\gameplay\netrunner_virus\ch_netrunner_virus_lightnings_small.particle	oui		1.2;1.2;1
base\fx\gameplay\netrunner_virus\ch_netrunner_virus_shortcircuit.particle	non	3	2.78;2.78;5.28
base\fx\gameplay\netrunner_virus\ch_netrunner_virus_sparks_constant.particle	oui		3.17;3.17;6.17
base\fx\gameplay\netrunner_virus\ch_netrunner_virus_sparks_point_constant.particle	oui		1.86;1.86;3.43
base\fx\gameplay\netrunner_virus\netrunner_virus.effect	oui		12.22;12.22;24.24
base\fx\gameplay\netrunner_virus\netrunner_virus_device_electric_explosion.particle	oui		5.53;5.53;9.86
base\fx\gameplay\netrunner_virus\netrunner_virus_fire.particle	non	1	1.63;1.81;3.31
base\fx\gameplay\netrunner_virus\netrunner_virus_fire_low.particle	oui		1.71;1.71;2.22
base\fx\gameplay\netrunner_virus\netrunner_virus_sparks.effect	non	2.97	12.22;12.22;24.24
base\fx\gameplay\netrunner_virus\netrunner_virus_sparks.particle	non	3	12.22;12.22;24.24
base\fx\gameplay\netrunner_virus\netrunner_virus_spark_end.particle	oui		0.7;0.7;1.2
base\fx\gameplay\perks\body_slam\body_slam_impact.effect	non	1.57	9.65;9.65;19.28
base\fx\gameplay\perks\body_slam\body_slam_impact.particle	non	1.5	9.65;9.65;19.28
base\fx\gameplay\perks\chain_lightning\chaing_lightning_character_hit.particle	non	1.7	2;2;3.9
base\fx\gameplay\perks\chain_lightning\chaing_lightning_character_hit_02.particle	non	1	3.25;3.25;5
base\fx\gameplay\perks\chain_lightning\chaing_lightning_hit.particle	non	0.5	0.39;0.39;0.47
base\fx\gameplay\perks\chain_lightning\chain_lightning.effect	non	0.79	2.32;2.32;3.64
base\fx\gameplay\perks\chain_lightning\chain_lightning.particle	non	0.22	2.32;2.32;3.64
base\fx\gameplay\perks\chain_lightning\chain_lightning_character_hit.effect	non	1.04	3.25;3.25;5
base\fx\gameplay\perks\chain_lightning\chain_lightning_hit.effect	non	0.21	0.39;0.39;0.47
base\fx\gameplay\perks\cyberware_explosion\cyberware_explosion.effect	non	6.48	26;26;51
base\fx\gameplay\perks\cyberware_explosion\cyberware_explosion.particle	non	3	25.3;25.3;50.3
base\fx\gameplay\perks\cyberware_explosion\cyberware_explosion_ground.particle	non	8	26;26;51
base\fx\gameplay\perks\dash\perk_dash.effect	non	0.69	0;0;0
base\fx\gameplay\perks\dash\perk_dash_fx.particle	non		0;0;0
base\fx\gameplay\perks\edgerunner\edgerunner.effect	oui		26;26;51
base\fx\gameplay\perks\edgerunner\edgerunner_new.effect	oui		26;26;51
base\fx\gameplay\perks\edgerunner\edgerunner_screen.particle	oui		26;26;51
base\fx\gameplay\perks\edgerunner\edgerunner_screen_new.particle	oui		26;26;51
base\fx\gameplay\perks\focused\perk_focused.effect	oui		0.55;0.55;0.8
base\fx\gameplay\perks\focused\perk_focused.particle	oui		0.55;0.55;0.8
base\fx\gameplay\perks\ground_slam\ground_slam_chemical.effect	non	4.04	2.32;2.32;4.55
base\fx\gameplay\perks\ground_slam\ground_slam_chemical.particle	non	2	2.32;2.32;4.55
base\fx\gameplay\perks\ground_slam\ground_slam_earthquake_lv1.effect	non	4.96	10.79;10.79;21.18
base\fx\gameplay\perks\ground_slam\ground_slam_earthquake_lv2.effect	non	4.96	10.79;10.79;21.18
base\fx\gameplay\perks\ground_slam\ground_slam_earth_quake.particle	non	2	10.79;10.79;21.18
base\fx\gameplay\perks\ground_slam\ground_slam_earth_quake_lv2.particle	non	2	10.79;10.79;21.18
base\fx\gameplay\perks\ground_slam\ground_slam_electric.effect	non	4.04	8.83;8.83;16.65
base\fx\gameplay\perks\ground_slam\ground_slam_electric.particle	non	0.7	8.83;8.83;16.65
base\fx\gameplay\perks\ground_slam\ground_slam_main.effect	non	10.56	26;26;51
base\fx\gameplay\perks\ground_slam\ground_slam_main.particle	non	10	26;26;51
base\fx\gameplay\perks\ground_slam\ground_slam_main_02.particle	non	8	26;26;51
base\fx\gameplay\perks\ground_slam\ground_slam_thermal.effect	non	4.04	2.32;2.32;4.55
base\fx\gameplay\perks\ground_slam\ground_slam_thermal.particle	non	2	2.32;2.32;4.55
base\fx\gameplay\perks\ground_slam\ground_slam_water.effect	non	2.95	26;26;51
base\fx\gameplay\perks\ground_slam\ground_slam_water.particle	non	3	26;26;51
base\fx\gameplay\perks\overclocked_smart_weapon\overclocked_smart.effect	non	2.1	25.3;25.3;50.3
base\fx\gameplay\perks\overclocked_smart_weapon\overclocked_smart.particle	non	1.7	5.02;5.02;9.95
base\fx\gameplay\perks\overclock\perk_overclock.effect	oui		3;3;4.01
base\fx\gameplay\perks\overclock\perk_overclock.particle	oui		3;3;4.01
base\fx\gameplay\perks\perfect_charge\perfect_charge_hit.effect	non	1.69	25.2;25.2;50.2
base\fx\gameplay\perks\perfect_charge\perfect_charge_hit_fx.particle	non	4	25.2;25.2;50.2
base\fx\gameplay\perks\rip_and_tear\rip_and_tear.particle	oui		0.6;0.6;1.1
base\fx\gameplay\perks\special_finishers\special_finishers_impact.effect	non	2.01	7.87;7.87;15.85
base\fx\gameplay\perks\special_finishers\special_finishers_impact_fx.particle	non	1.33	7.87;7.87;15.85
base\fx\gameplay\perks_ep1\monowire\monowire_spy_impact_impact.effect	non	5.02	25.2;25.2;50.2
base\fx\gameplay\perks_ep1\monowire\monowire_spy_impact_impact_low.effect	non	5.02	25.2;25.2;50.2
base\fx\gameplay\perks_ep1\monowire\monowire_spy_impact_npc.particle	non	6	25.2;25.2;50.2
base\fx\gameplay\perks_ep1\monowire\monowire_spy_impact_npc_low.particle	non	1.5	25.2;25.2;50.2
base\fx\gameplay\player\breach_emp_explosion.particle	non	3	17.62;17.62;34.94
base\fx\gameplay\player\breach_emp_explosion_big.effect	non	6.85	17.62;17.62;34.94
base\fx\gameplay\player\camera_mask.effect	oui		0.92;0.92;0.8
base\fx\gameplay\player\camera_mask.particle	oui		0.92;0.92;0.8
base\fx\gameplay\player\landing_attack_hard.effect	non	2	25.35;25.35;50.35
base\fx\gameplay\player\landing_attack_hard.particle	non	8	25.35;25.35;50.35
base\fx\gameplay\player\landing_death.effect	non	59.09	5.2;5.2;9.7
base\fx\gameplay\player\landing_regular.effect	non	2	2.95;2.95;5.2
base\fx\gameplay\player\landing_regular.particle	non	1.5	2.95;2.95;5.2
base\fx\gameplay\player\landing_screen_blur.particle	non	15	1;1;1
base\fx\gameplay\player\landing_very_hard.effect	non	59.09	5.2;5.2;9.7
base\fx\gameplay\player\landing_very_hard.particle	non	3	5.2;5.2;9.7
base\fx\gameplay\player\landing_very_hard_hand.particle	non	1	1.61;1.61;2.22
base\fx\gameplay\player\melee_block.effect	non	1	3.12;3.12;3.25
base\fx\gameplay\player\melee_block.particle	non	0.5	3.12;3.12;3.25
base\fx\gameplay\player\player_strong_arms_block_default.effect	non	2	11.76;11.76;23.12
base\fx\gameplay\player\player_strong_arms_block_default.particle	non	2	11.76;11.76;23.12
base\fx\gameplay\player\quick_melee_hit.effect	non	1	1.1;1.1;1.6
base\fx\gameplay\player\quick_melee_hit.particle	non	1	1.1;1.1;1.6
base\fx\gameplay\player\vault_dust_body.effect	non	2	7.31;7.31;14.23
base\fx\gameplay\player\vault_dust_body.particle	non	1.5	7.31;7.31;14.23
base\fx\gameplay\player\vault_dust_feet.effect	non	2	0.4;0.4;0.4
base\fx\gameplay\player\vault_dust_feet.particle	non	2	0.4;0.4;0.4
base\fx\gameplay\poison_gas\poison_gas_5x5.effect	oui		27.59;27.59;33.18
base\fx\gameplay\poison_gas\poison_gas_5x5.particle	oui		27.59;27.59;33.18
base\fx\gameplay\poison_gas\poison_gas_from_vents.particle	non	3	8.79;8.79;16.99
base\fx\items\johnny_shard\i_johnny_shard.effect	oui		5.75;5.75;5.75
base\fx\items\johnny_shard\i_johnny_shard.particle	oui		5.75;5.75;5.75
base\fx\materials\holograms\cityscape\cityscape_b_holo_achilles_beams.particle	oui		0.1;0.1;0.1
base\fx\materials\holograms\mercenary_target\hologram_mercenary_target_beams.particle	oui		0.1;0.1;0.1
base\fx\meshes\cyberparticles\cyberparticles_dissolve.effect	non	15	0;0;0
base\fx\meshes\cyberparticles\cyberparticles_reveal.effect	non	12	0;0;0
base\fx\meshes\cyberparticles\cyberparticles_unreveal.effect	non	12	0;0;0
base\fx\meshes\cyberparticles\cyberparticles_warp.effect	non	15	0;0;0
base\fx\meshes\cyberparticles\cyberparticles_warp_in.effect	non	1	0;0;0
base\fx\meshes\cyberparticles\cyberparticles_warp_out.effect	non	14.93	0;0;0
base\fx\meshes\cyberparticles\q110_blackwall_disturb.effect	oui		0;0;0
base\fx\meshes\cyberparticles\q110_blackwall_warp.effect	non	9.91	0;0;0
base\fx\meshes\cyberparticles\q110_cyberplaforms_reveal.effect	non	14.02	0;0;0
base\fx\meshes\cyberparticles\q110_cyberplaforms_translate.effect	non	10	0;0;0
base\fx\player\cyberware\berserk\p_berserk.effect	oui		1;1;1
base\fx\player\cyberware\berserk\p_berserk.particle	non	0.8	1;1;1
base\fx\player\cyberware\berserk\p_berserk_end.particle	non	1.2	1;1;1
base\fx\player\cyberware\catch_me\catch_me_loop.particle	oui		1.5;1.5;1.5
base\fx\player\cyberware\catch_me\p_catch_me.effect	oui		1.5;1.5;1.5
base\fx\player\cyberware\catch_me\p_catch_me.particle	non	1	1.5;1.5;1.5
base\fx\player\cyberware\iconic_cyberware_ready\p_iconic_cyberware_ready.effect	non	0.55	1;1;1
base\fx\player\cyberware\iconic_cyberware_ready\p_iconic_cyberware_ready.particle	non	0.4	1;1;1
base\fx\player\cyberware\leeeroy_jenkins\leeroy_jenkins.effect	oui		1.5;1.5;1.5
base\fx\player\cyberware\leeeroy_jenkins\leeroy_jenkins_speed.particle	oui		1.5;1.5;1.5
base\fx\player\cyberware\nano_tech_plates\damage_back_nano.effect	non	2.19	1.2;1.2;1.4
base\fx\player\cyberware\nano_tech_plates\damage_back_nano.particle	non	0.4	1.2;1.2;1.4
base\fx\player\cyberware\nano_tech_plates\damage_front_nano.effect	non	2.19	1.2;1.2;1.4
base\fx\player\cyberware\nano_tech_plates\damage_front_nano.particle	non	0.4	1.2;1.2;1.4
base\fx\player\cyberware\nano_tech_plates\damage_high_nano.effect	non	1.57	1.4;1.4;1.8
base\fx\player\cyberware\nano_tech_plates\damage_high_nano.particle	non	0.8	1.4;1.4;1.8
base\fx\player\cyberware\nano_tech_plates\damage_left_down_nano.effect	non	1	1.4;1.4;1.8
base\fx\player\cyberware\nano_tech_plates\damage_left_down_nano.particle	non	0.8	1.4;1.4;1.8
base\fx\player\cyberware\nano_tech_plates\damage_left_nano.effect	non	2.19	2.2;2.2;2.4
base\fx\player\cyberware\nano_tech_plates\damage_left_nano.particle	non	0.4	2.2;2.2;2.4
base\fx\player\cyberware\nano_tech_plates\damage_left_up_nano.effect	non	2.19	1.4;1.4;1.8
base\fx\player\cyberware\nano_tech_plates\damage_left_up_nano.particle	non	0.8	1.4;1.4;1.8
base\fx\player\cyberware\nano_tech_plates\damage_low_nano.effect	non	1.57	1.4;1.4;1.8
base\fx\player\cyberware\nano_tech_plates\damage_medium_nano.effect	non	1.57	1.4;1.4;1.8
base\fx\player\cyberware\nano_tech_plates\damage_right_down_nano.effect	non	1	1.4;1.4;1.8
base\fx\player\cyberware\nano_tech_plates\damage_right_down_nano.particle	non	0.8	1.4;1.4;1.8
base\fx\player\cyberware\nano_tech_plates\damage_right_nano.effect	non	2.19	2.2;2.2;2.4
base\fx\player\cyberware\nano_tech_plates\damage_right_nano.particle	non	0.4	2.2;2.2;2.4
base\fx\player\cyberware\nano_tech_plates\damage_right_up_nano.effect	non	1	1.4;1.4;1.8
base\fx\player\cyberware\nano_tech_plates\damage_right_up_nano.particle	non	0.8	1.4;1.4;1.8
base\fx\player\cyberware\nano_tech_plates\nano_tech_plates.effect	oui		1.4;1.4;1.8
base\fx\player\cyberware\nano_tech_plates\nano_tech_plates.particle	non	0.8	1.4;1.4;1.8
base\fx\player\cyberware\smart_storage\damage_back_nano.particle	oui		0.6;0.6;1.1
base\fx\player\cyberware\smart_storage\smart_storage.effect	non	1.48	1.8;1.8;2.6
base\fx\player\cyberware\smart_storage\smart_storage.particle	non	1.6	1.8;1.8;2.6
base\fx\player\cyberware\sudden_aid\sudden_aid.effect	non	5.99	2.92;2.92;5.42
base\fx\player\cyberware\sudden_aid\sudden_aid.particle	non	5	2.92;2.92;5.42
base\fx\player\cyberware\time_bank\p_time_bank.effect	non	1	1.95;1.95;2
base\fx\player\cyberware\time_bank\p_time_bank.particle	non	0.5	1.95;1.95;2
base\fx\player\footsteps\water\p_foot_water.effect	non	1	2.08;2.08;3.15
base\fx\player\footsteps\water\p_foot_water.particle	non	0.75	2.08;2.08;3.15
base\fx\player\footsteps\water\p_foot_water_deep.effect	non	1	0.78;0.78;1.07
base\fx\player\footsteps\water\p_foot_water_deep.particle	non	0.4	0.78;0.78;1.07
base\fx\player\footsteps\water\p_foot_water_jog.effect	non	1	2.89;2.89;4.77
base\fx\player\footsteps\water\p_foot_water_jog.particle	non	1	2.89;2.89;4.77
base\fx\player\noctovision_mode\noctovision_mode.effect	oui		26;26;51
base\fx\player\noctovision_mode\noctovision_mode.particle	oui		26;26;51
base\fx\player\p_afterimage_glitch\p_afterimage_glitch.effect	non	15.19	0;0;0
base\fx\player\p_afterimage_glitch\p_afterimage_glitch.particle	oui		6;6;11
base\fx\player\p_badlands_floaters\p_badlands_air_floaters.effect	oui		6.92;6.92;5.67
base\fx\player\p_badlands_floaters\p_badlands_air_floaters.particle	oui		6.92;6.92;5.67
base\fx\player\p_badlands_floaters\p_badlands_ground_floaters.effect	oui		6.92;6.92;5.67
base\fx\player\p_badlands_floaters\p_badlands_ground_floaters.particle	oui		6.92;6.92;5.67
base\fx\player\p_blackout\p_blackout.effect	oui		3.55;3.55;4.1
base\fx\player\p_blackout\p_blackout_glich.particle	non	1.55	3.55;3.55;4.1
base\fx\player\p_blackout\p_blackout_glitches_black_screen.particle	oui		1.5;1.5;2
base\fx\player\p_blackout\p_blackout_organic.effect	oui		1.45;1.45;1.9
base\fx\player\p_blackout\p_blackout_organic.particle	non	0.9	1.45;1.45;1.9
base\fx\player\p_braindance_entering\p_braindance_entering.effect	non	6	1;1;1
base\fx\player\p_braindance_entering\p_braindance_entering.particle	non	6	1;1;1
base\fx\player\p_braindance_entering\p_braindance_entering_notxaa.effect	non	6	1;1;1
base\fx\player\p_braindance_entering\p_braindance_entering_notxaa.particle	non	6	1;1;1
base\fx\player\p_braindance_fpp\p_braindance_fpp.effect	oui		1;1;1
base\fx\player\p_braindance_fpp\p_braindance_fpp.particle	non	4	1;1;1
base\fx\player\p_braindance_snapout\p_braindance_snapout.effect	non	6.5	1;1;1
base\fx\player\p_braindance_snapout\p_braindance_snapout.particle	non	6.5	1;1;1
base\fx\player\p_breath\p_breath_cold.effect	oui		1.9;1.9;3.4
base\fx\player\p_breath\p_breath_cold.particle	non	3	1.9;1.9;3.4
base\fx\player\p_burnout_glitch\p_burnout_glitch.effect	non	1.9	1.4;1.4;1.8
base\fx\player\p_burnout_glitch\p_burnout_glitch.particle	non	0.8	1.4;1.4;1.8
base\fx\player\p_cybermask\p_cybermask.effect	non	3	1;1;1
base\fx\player\p_cybermask\p_cybermask.particle	non	2	1;1;1
base\fx\player\p_cybermask\p_cybermask_swap.particle	oui		1;1;1
base\fx\player\p_cyberspace_teleport\p_cyberspace_teleport_fullscreen_effect.effect	non	1.55	0;0;0
base\fx\player\p_cyberspace_teleport\p_cyberspace_teleport_fullscreen_effect.particle	non	1.2	1;1;1
base\fx\player\p_cyberspace_warp\p_cyberspace_warp.effect	non	2.79	1.6;1.6;2.2
base\fx\player\p_cyberspace_warp\p_cyberspace_warp.particle	oui		1.6;1.6;2.2
base\fx\player\p_damage\p_damage_back.effect	non	1	2.2;2.2;2.4
base\fx\player\p_damage\p_damage_back.particle	non	0.4	2.2;2.2;2.4
base\fx\player\p_damage\p_damage_front.effect	non	1	2.4;2.4;2.8
base\fx\player\p_damage\p_damage_front.particle	non	0.8	2.4;2.4;2.8
base\fx\player\p_damage\p_damage_high.effect	non	0.59	2.4;2.4;2.8
base\fx\player\p_damage\p_damage_high.particle	non	0.37	2.05;2.05;2.1
base\fx\player\p_damage\p_damage_left.effect	non	1	0.62;0.62;0.82
base\fx\player\p_damage\p_damage_left.particle	non	0.4	0.62;0.62;0.82
base\fx\player\p_damage\p_damage_left_down.effect	non	1	0.75;0.75;0.95
base\fx\player\p_damage\p_damage_left_down.particle	non	0.4	0.75;0.75;0.95
base\fx\player\p_damage\p_damage_left_up.effect	non	1	0.7;0.7;0.9
base\fx\player\p_damage\p_damage_left_up.particle	non	0.4	0.7;0.7;0.9
base\fx\player\p_damage\p_damage_low.effect	non	1	2.4;2.4;2.8
base\fx\player\p_damage\p_damage_low.particle	non	0.37	2.05;2.05;2.1
base\fx\player\p_damage\p_damage_medium.effect	non	0.58	2.4;2.4;2.8
base\fx\player\p_damage\p_damage_medium.particle	non	0.8	2.4;2.4;2.8
base\fx\player\p_damage\p_damage_right.effect	non	1	0.62;0.62;0.82
base\fx\player\p_damage\p_damage_right.particle	non	0.4	0.62;0.62;0.82
base\fx\player\p_damage\p_damage_right_down.effect	non	1	0.75;0.75;0.95
base\fx\player\p_damage\p_damage_right_down.particle	non	0.4	0.75;0.75;0.95
base\fx\player\p_damage\p_damage_right_up.effect	non	1	0.7;0.7;0.9
base\fx\player\p_damage\p_damage_right_up.particle	non	0.4	0.7;0.7;0.9
base\fx\player\p_damage\p_health_low.effect	oui		26;26;51
base\fx\player\p_damage\p_health_low.particle	oui		26;26;51
base\fx\player\p_damage\p_health_low_emission_rate.particle	oui		0.6;0.6;1
base\fx\player\p_damage\p_pain.effect	non	1	1.5;1.5;2
base\fx\player\p_damage\p_pain.particle	oui		1.5;1.5;2
base\fx\player\p_digital_sickness\p_digital_sickness.effect	oui		0;0;0
base\fx\player\p_digital_sickness\p_digital_sickness.particle	oui		1;1;1
base\fx\player\p_disabling_connectivity\p_disabling_connectivity.effect	non	1	1.25;1.25;1.5
base\fx\player\p_disabling_connectivity\p_disabling_connectivity.particle	non	0.5	1.25;1.25;1.5
base\fx\player\p_disabling_connectivity\p_disabling_connectivity_red.effect	non	1	1.25;1.25;1.5
base\fx\player\p_disabling_connectivity\p_disabling_connectivity_red.particle	non	0.5	1.25;1.25;1.5
base\fx\player\p_drunk_effect\p_drunk_effect_level_00.effect	oui		0;0;0
base\fx\player\p_drunk_effect\p_drunk_effect_level_01.effect	oui		0;0;0
base\fx\player\p_drunk_effect\p_drunk_effect_level_01.particle	non		0;0;0
base\fx\player\p_drunk_effect\p_drunk_effect_level_02.effect	oui		0;0;0
base\fx\player\p_drunk_effect\p_drunk_effect_level_02.particle	non		0;0;0
base\fx\player\p_drunk_effect\p_drunk_effect_level_03.effect	oui		26;26;51
base\fx\player\p_drunk_effect\p_drunk_effect_level_03.particle	oui		26;26;51
base\fx\player\p_drunk_effect\p_drunk_effect_short.effect	oui		0;0;0
base\fx\player\p_dying\p_dying.effect	oui		3.5;3.5;6
base\fx\player\p_dying\p_dying.particle	non	5	3.5;3.5;6
base\fx\player\p_eyes_blinking\p_blink_fast.effect	non	0.5	1;1;1
base\fx\player\p_eyes_blinking\p_blink_fast.particle	non	0.25	1;1;1
base\fx\player\p_eyes_blinking\p_blink_slow.effect	non	2	1;1;1
base\fx\player\p_eyes_blinking\p_blink_slow.particle	non	2	1;1;1
base\fx\player\p_eyes_blinking\p_eyes_blinking.effect	non	1.52	2.5;2.5;3
base\fx\player\p_eyes_blinking\p_eyes_blinking.particle	non	1	2.5;2.5;3
base\fx\player\p_eyes_blinking\p_eyes_blinking_loop.effect	oui		25.1;25.1;50.1
base\fx\player\p_eyes_blinking\p_eyes_closing.particle	oui		25.1;25.1;50.1
base\fx\player\p_eyes_blinking\p_eyes_closing_fast.effect	oui		25.1;25.1;50.1
base\fx\player\p_eyes_blinking\p_eyes_closing_instant.effect	oui		27;27;52
base\fx\player\p_eyes_blinking\p_eyes_closing_instant.particle	non	1800	27;27;52
base\fx\player\p_eyes_blinking\p_eyes_closing_instant_opening_slow.effect	oui		25.1;25.1;50.1
base\fx\player\p_eyes_blinking\p_eyes_closing_slow.effect	oui		25.1;25.1;50.1
base\fx\player\p_eyes_blinking\p_eyes_closing_slow_3s.effect	oui		25.1;25.1;50.1
base\fx\player\p_eyes_closing\dust_leaves.particle	oui		0.6;0.6;1.1
base\fx\player\p_eyes_closing\p_eyes_closed_loop.effect	oui		1;1;1
base\fx\player\p_eyes_closing\p_eyes_closing.effect	non	6.26	1;1;1
base\fx\player\p_eyes_closing\p_eyes_closing.particle	non	1800	1;1;1
base\fx\player\p_eyes_closing\p_eyes_closing_05s.effect	non	1	27;27;52
base\fx\player\p_eyes_closing\p_eyes_closing_30s.effect	oui		1;1;1
base\fx\player\p_eyes_closing\p_eyes_closing_30s.particle	non	400	1;1;1
base\fx\player\p_focus_mode\p_focus_mode.effect	oui		26;26;51
base\fx\player\p_focus_mode\p_focus_mode.particle	oui		26;26;51
base\fx\player\p_hacking_glitch\p_hacking_glitch_heavy.effect	oui		6;6;11
base\fx\player\p_hacking_glitch\p_hacking_glitch_heavy.particle	oui		6;6;11
base\fx\player\p_hacking_glitch\p_hacking_glitch_low.effect	oui		2.06;2.06;2.12
base\fx\player\p_hacking_glitch\p_hacking_glitch_low.particle	oui		2.06;2.06;2.12
base\fx\player\p_hacking_glitch\p_hacking_glitch_medium.effect	oui		6;6;11
base\fx\player\p_hacking_glitch\p_hacking_glitch_medium.particle	oui		6;6;11
base\fx\player\p_hacking_interference_glitch\p_hacking_interference.effect	non	2.99	2.04;2.04;2.2
base\fx\player\p_hacking_interference_glitch\p_hacking_interference.particle	non	1.2	2.04;2.04;2.2
base\fx\player\p_hacking_interference_glitch\p_hacking_interference_light.effect	non	2.79	2.04;2.04;2.07
base\fx\player\p_hacking_interference_glitch\p_hacking_interference_light.particle	non	0.9	2.04;2.04;2.07
base\fx\player\p_hands_pixelsorted\p_hands_pixelsorted.effect	oui		4.8;4.8;6.6
base\fx\player\p_hands_pixelsorted\p_hands_pixelsorted.particle	oui		4.8;4.8;6.6
base\fx\player\p_johnny_gave_back_control\p_johnny_gave_back_control.effect	non	3.95	1;1;1
base\fx\player\p_johnny_gave_back_control\p_johnny_gave_back_control.particle	non	2.66	1;1;1
base\fx\player\p_johnny_sickness_symptoms\p_johnny_sickness_symptoms_blackout.effect	non	8.21	1.1;1.1;1.2
base\fx\player\p_johnny_sickness_symptoms\p_johnny_sickness_symptoms_blackout_short.effect	non	2.18	1.1;1.1;1.2
base\fx\player\p_johnny_sickness_symptoms\p_johnny_sickness_symptoms_heavy.effect	oui		1;1;1
base\fx\player\p_johnny_sickness_symptoms\p_johnny_sickness_symptoms_light.effect	oui		1;1;1
base\fx\player\p_johnny_sickness_symptoms\p_johnny_sickness_symptoms_light.particle	oui		1;1;1
base\fx\player\p_johnny_sickness_symptoms\p_johnny_sickness_symptoms_medium.effect	oui		1;1;1
base\fx\player\p_johnny_sickness_symptoms\p_johnny_sickness_symptoms_medium.particle	oui		1;1;1
base\fx\player\p_johnny_sickness_symptoms\p_johnny_sickness_symptom_burnout.particle	non	3	1.1;1.1;1.2
base\fx\player\p_johnny_sickness_symptoms\p_johnny_sickness_symptom_heavy.particle	oui		1;1;1
base\fx\player\p_johnny_sickness_teleport\p_johnny_sickness_teleport.effect	non	0.35	1;1;1
base\fx\player\p_johnny_sickness_teleport\p_johnny_sickness_teleport.particle	non	0.3	1;1;1
base\fx\player\p_johnny_took_control\johnny_took_control.effect	non	3.95	1;1;1
base\fx\player\p_johnny_took_control\johnny_took_control.particle	non	2.66	1;1;1
base\fx\player\p_pain\p_pain.effect	non	1	1.5;1.5;2
base\fx\player\p_pain\p_pain.particle	oui		1.5;1.5;2
base\fx\player\p_pain\p_pain_long.effect	non	1.06	1.5;1.5;2
base\fx\player\p_pain\p_pain_long.particle	oui		1.5;1.5;2
base\fx\player\p_personal_link_glitch\p_personal_link_glitch.effect	non	1.29	1.25;1.25;1.5
base\fx\player\p_personal_link_glitch\p_personal_link_glitch.particle	non	0.5	1.25;1.25;1.5
base\fx\player\p_personal_silencer\p_personal_silencer.effect	non	1.5	1;1;1
base\fx\player\p_personal_silencer\p_personal_silencer.particle	non	1500	1;1;1
base\fx\player\p_reboot_glitch\p_reboot_glitch.effect	non	3.1	16;16;31
base\fx\player\p_reboot_glitch\p_reboot_glitch.particle	oui		16;16;31
base\fx\player\p_rezoagwe_connection_glitch\p_rezoagwe_connection_glitch.effect	non	3.38	1.75;1.75;2.5
base\fx\player\p_rezoagwe_connection_glitch\p_rezoagwe_connection_glitch.particle	non	1.5	1.75;1.75;2.5
base\fx\player\p_security_scan\p_security_scan.effect	non	7	1;1;1
base\fx\player\p_security_scan\p_security_scan.particle	non	6.37	1;1;1
base\fx\player\p_security_scan\p_security_scan_loop.effect	oui		1;1;1
base\fx\player\p_security_scan\p_security_scan_loop_red.effect	oui		1;1;1
base\fx\player\p_soulkiller\p_soulkiller.effect	non	1.03	1.4;1.4;1.8
base\fx\player\p_soulkiller\p_soulkiller.particle	non	0.8	1.4;1.4;1.8
base\fx\player\p_stamina\p_stamina.effect	oui		26;26;51
base\fx\player\p_stamina\p_stamina.particle	oui		26;26;51
base\fx\player\p_stealth_mode\p_stealth_mode.effect	oui		0;0;0
base\fx\player\p_sunglasses\p_sunglasses.effect	non	5	0;0;0
base\fx\player\p_sunglasses\p_sunglasses.particle	oui		26.1;26.1;51.1
base\fx\player\p_target_laser\p_target_laser.effect	non	2	1;1;1
base\fx\player\p_target_laser\p_target_laser.particle	oui		1;1;1
base\fx\player\p_waking_up\p_waking_up.effect	non	6.57	4.12;4.12;6.25
base\fx\player\p_waking_up\p_waking_up.particle	non	4.25	4.12;4.12;6.25
base\fx\player\p_waking_up\p_waking_up_05s.effect	non	1	1;1;1
base\fx\player\p_waking_up\p_waking_up_10s.effect	non	15.12	9.5;9.5;17
base\fx\player\p_waking_up\p_waking_up_10s.particle	non	15	9.5;9.5;17
base\fx\player\p_waking_up\p_waking_up_30s.effect	non	30	9.5;9.5;17
base\fx\player\p_waking_up\p_waking_up_30s.particle	non	32	18;18;34
base\fx\player\p_waking_up\p_waking_up_instant.effect	non	1.01	1;1;1
base\fx\player\status_effects\bleeding\p_bleeding.effect	oui		2.19;2.19;3.38
base\fx\player\status_effects\bleeding\p_bleeding.particle	oui		2.19;2.19;3.38
base\fx\player\status_effects\blindness\p_blindness.effect	non	4	0;0;0
base\fx\player\status_effects\blindness\p_blindness.particle	oui		0.1;0.1;0.1
base\fx\player\status_effects\burning\p_burning.effect	oui		2.5;2.5;4
base\fx\player\status_effects\burning\p_burning_aditionals.particle	oui		2.5;2.5;4
base\fx\player\status_effects\burning\p_burning_flames.particle	oui		1.7;1.7;2.4
base\fx\player\status_effects\dizziness\p_dizziness.effect	oui		0;0;0
base\fx\player\status_effects\dizziness\p_dizziness_light.effect	oui		0;0;0
base\fx\player\status_effects\doused_with_acid\p_doused_with_acid.effect	oui		0;0;0
base\fx\player\status_effects\drugged\p_drugged_heavy.effect	oui		0;0;0
base\fx\player\status_effects\drugged\p_drugged_low.effect	oui		0;0;0
base\fx\player\status_effects\drugged\p_drugged_medium.effect	oui		0;0;0
base\fx\player\status_effects\electrocuted\p_electrocuted.effect	oui		25.7;25.7;50.7
base\fx\player\status_effects\electrocuted\p_electrocuted.particle	oui		25.7;25.7;50.7
base\fx\player\status_effects\emp_disabled_cyberware\p_emp_disabled_cyberware.effect	oui		2.06;2.06;2.12
base\fx\player\status_effects\emp_disabled_cyberware\p_emp_disabled_cyberware.particle	oui		2.06;2.06;2.12
base\fx\player\status_effects\emp_disabled_cyberware\p_emp_disabled_cyberware_intro.particle	non	0.12	2.04;2.04;2.07
base\fx\player\status_effects\poisoned\p_poisoned.effect	oui		26;26;51
base\fx\player\status_effects\poisoned\p_poisoned.particle	non	3660	26;26;51
base\fx\quest\ma_std_rcr_11_02\ma_rcr_explosion.effect	non	12.04	25.3;25.3;50.3
base\fx\quest\minor_quests\mq000\mq000_shower_fx.effect	oui		2.95;2.95;6.45
base\fx\quest\minor_quests\mq000\q000_shower_water.particle	oui		2.95;2.95;6.45
base\fx\quest\minor_quests\mq007\mq007_skippy_projector.particle	oui		16.3;0.3;0.45
base\fx\quest\minor_quests\mq007\mq007_skippy_projector_reggie.particle	oui		16.3;0.3;0.45
base\fx\quest\minor_quests\mq012\mq012_stud_explosion.effect	oui		25.3;25.3;50.3
base\fx\quest\minor_quests\mq012\mq012_stud_explosion.particle	non	10	25.3;25.3;50.3
base\fx\quest\minor_quests\mq012\mq012_stud_smoke.effect	oui		1.85;1.85;2.45
base\fx\quest\minor_quests\mq012\mq012_stud_smoke.particle	oui		1.85;1.85;2.45
base\fx\quest\minor_quests\mq014\mq014_waterfall.particle	oui		15;15;15
base\fx\quest\minor_quests\mq025\mq025_ozob_weakspot_hit.effect	non	1.35	1;1;1
base\fx\quest\minor_quests\mq025\mq025_ozob_weakspot_kill.effect	non	3	9.06;9.06;15.5
base\fx\quest\minor_quests\mq025\mq025_steam_ac_rooftop.particle	oui		3.5;3.5;6
base\fx\quest\minor_quests\mq028\cellphone_flashing_light.effect	non	0.4	2.05;2.05;2.1
base\fx\quest\minor_quests\mq040\mq_040_drink_shot.effect	non	2	0;0;0
base\fx\quest\minor_quests\mq052\mq052_meteor_shower.effect	oui		400;400;3.33
base\fx\quest\minor_quests\mq052\mq052_meteor_shower.particle	oui		400;400;3.33
base\fx\quest\minor_quests\mq052\mq052_meteor_shower_fast.particle	oui		400;400;2.01
base\fx\quest\mq016\mq016_bath_tub_smoke.effect	oui		4.73;3.93;6.66
base\fx\quest\mq016\mq016_coffin_steam.effect	oui		6.27;5.87;10.9
base\fx\quest\mq016\mq016_coffin_steam_edge.particle	non	3	0.35;2.35;0.35
base\fx\quest\mq016\mq016_coffin_steam_inside.particle	oui		6.27;5.87;10.9
base\fx\quest\mq019\mq019_arm_sparks.effect	non	5	1.66;1.66;3.31
base\fx\quest\mq019\mq019_arm_sparks.particle	non	0.2	1.66;1.66;3.31
base\fx\quest\mq037\mq037_vending_machine_brendan_emissive.effect	oui		2.55;2.55;2.55
base\fx\quest\mq037\mq037_vending_machine_brendan_emissive.particle	oui		2.55;2.55;2.55
base\fx\quest\mws_arr_01\mws_arr_01_av_firing.particle	oui		5.4;5.4;10.59
base\fx\quest\mws_arr_01\mws_arr_01_explosions.effect	oui		55;55;80
base\fx\quest\placeholders\q000_alarm_light.effect	oui		0.9;0.9;1.4
base\fx\quest\placeholders\q000_car_explosion.effect	non	4	26;26;51
base\fx\quest\placeholders\q000_car_smoke.effect	oui		4.2;4.2;3.2
base\fx\quest\placeholders\q000_car_smoke.particle	oui		4.2;4.2;3.2
base\fx\quest\placeholders\q000_explosion.effect	non	1.98	0;0;0
base\fx\quest\placeholders\q000_green_laser.particle	non	3600	4.8;4.8;6.6
base\fx\quest\placeholders\q000_holoviewer.effect	oui		2.5;2.5;3
base\fx\quest\placeholders\q000_holoviewer.particle	oui		2.5;2.5;3
base\fx\quest\placeholders\q000_screen_scan_red.effect	oui		2;2;2
base\fx\quest\placeholders\q000_screen_scan_red.particle	oui		2;2;2
base\fx\quest\placeholders\q000_tailor_scan.particle	oui		5.02;8.82;5
base\fx\quest\placeholders\q000_tailor_scanning.effect	oui		6;8.82;6
base\fx\quest\placeholders\q000_tailor_scan_grid.particle	oui		6;6;6
base\fx\quest\placeholders\q000_tailor_scan_grid_edges.particle	oui		3;3;3
base\fx\quest\placeholders\q000_tailor_scan_lasers.particle	oui		0.6;0.6;0.6
base\fx\quest\placeholders\q000_tailor_scan_lasers_down.particle	oui		1.2;1.2;1.2
base\fx\quest\placeholders\q000_tailor_scan_lasers_med.particle	oui		2.5;2.5;2.5
base\fx\quest\placeholders\q005_spiderbot_camera_distortion.particle	oui		2.5;2.5;4
base\fx\quest\placeholders\q005_spiderbot_camera_fx.effect	oui		2.5;2.5;4
base\fx\quest\placeholders\q104_av_smoke.particle	oui		25.75;25.75;50.75
base\fx\quest\placeholders\q104_microwave_shock.particle	oui		0.1;0.1;0.1
base\fx\quest\placeholders\q110_blue_glitch.effect	non	3	2.5;2.5;4
base\fx\quest\placeholders\q110_blue_glitch.particle	non	3	2.5;2.5;4
base\fx\quest\placeholders\q111_looting_sparks.effect	non	3	5.15;5.15;5.3
base\fx\quest\placeholders\q111_looting_sparks.particle	non	2	5.15;5.15;5.3
base\fx\quest\placeholders\q113_container_fall_dust.effect	non	4.31	4.5;4.5;6
base\fx\quest\placeholders\q113_container_fall_dust.particle	non	1	4.5;4.5;6
base\fx\quest\placeholders\q114_boss_force_long.effect	non	2.03	25.6;25.6;50.6
base\fx\quest\placeholders\q114_boss_force_long.particle	non	1	25.6;25.6;50.6
base\fx\quest\placeholders\q115_halo_jump_clouds.particle	oui		22.7;22.7;41.39
base\fx\quest\placeholders\q115_water_tank_bubbles.effect	oui		4.5;4.5;8.5
base\fx\quest\placeholders\q116_cyberninja_eye.effect	oui		134.15;118.15;118.3
base\fx\quest\placeholders\q116_cyberninja_eye.particle	oui		134.15;118.15;118.3
base\fx\quest\placeholders\sq009_drone_crash.particle	oui		5;5;8
base\fx\quest\placeholders\sq009_drone_electric_short.effect	oui		3;3;3
base\fx\quest\placeholders\sq009_drone_fire.effect	oui		2.53;2.75;4.14
base\fx\quest\placeholders\sq009_drone_smoke.effect	oui		5;5;8
base\fx\quest\placeholders\sq010_debris_dust.effect	non	29	26.2;26.2;51.2
base\fx\quest\q000\disable_window_screen.effect	non	0.25	0;0;0
base\fx\quest\q000\q000_arasaka_tower_sec_gate_scan.particle	oui		1;1;1.2
base\fx\quest\q000\q000_border_helicopter_dust.effect	oui		7.5;7.5;12
base\fx\quest\q000\q000_border_helicopter_dust.particle	oui		7.5;7.5;12
base\fx\quest\q000\q000_cargo_av_light.particle	non		0;0;0
base\fx\quest\q000\q000_cargo_av_main_engine.effect	oui		10.5;10.5;11
base\fx\quest\q000\q000_cargo_av_thruster.effect	oui		28;28;28
base\fx\quest\q000\q000_corpo_01_security_gate\q000_corpo_pain.particle	oui		1;1;1
base\fx\quest\q000\q000_corpo_01_security_gate\q000_corpo_water_drip.effect	non	6	1.36;1.36;1.81
base\fx\quest\q000\q000_corpo_01_security_gate\q000_corpo_water_drip.particle	non	0.5	1.36;1.36;1.81
base\fx\quest\q000\q000_corpo_01_security_gate\q000_water_stream.effect	non	15	0.71;0.57;0.85
base\fx\quest\q000\q000_corpo_01_security_gate\q000_water_stream.particle	oui		0.71;0.57;0.85
base\fx\quest\q000\q000_corpo_01_security_gate\vomit.effect	non	5	1.2;1.2;1.4
base\fx\quest\q000\q000_corpo_01_security_gate\vomit.particle	non	1.3	1.2;1.2;1.4
base\fx\quest\q000\q000_corpo_01_security_gate\vomit_decal.effect	oui		0;0;0
base\fx\quest\q000\q000_corpo_01_security_gate\vomit_stain.particle	non	3	1.4;1.4;1.7
base\fx\quest\q000\q000_corpo_03b_fly_to_lizzies\q000_corpo_champagne_bubbles.effect	oui		0.36;0.36;0.41
base\fx\quest\q000\q000_corpo_04_lizzies_club\q000_corpo_hacking.effect	non	1.03	2.04;2.04;2.07
base\fx\quest\q000\q000_corpo_04_lizzies_club\q000_corpo_hacking.particle	non	0.45	2.04;2.04;2.07
base\fx\quest\q000\q000_corpo_04_lizzies_club\q000_lizzy_bar_hanging_smoke.effect	oui		6.5;6.5;3
base\fx\quest\q000\q000_corpo_conf_room_glass.effect	non	3	0;0;0
base\fx\quest\q000\q000_hym\q000_imp_concrete_refl.effect	non	10	15.35;15.35;30.5
base\fx\quest\q000\q000_hym\q000_imp_concrete_refl.particle	non	10	15.35;15.35;30.5
base\fx\quest\q000\q000_hym\q000_metal_refl.effect	non	2	3.14;3.14;6.26
base\fx\quest\q000\q000_hym\q000_metal_refl.particle	non	0.3	3.14;3.14;6.26
base\fx\quest\q000\q000_hym\q000_smoke_ambient_interior_2x1_strong.particle	oui		5.15;2.75;2.25
base\fx\quest\q000\q000_hym\q000_smoke_ambient_interior_cloud_sharp.effect	oui		2.06;2.06;1.12
base\fx\quest\q000\q000_hym\q000_smoke_ambient_interior_cloud_sharp_strong.effect	oui		2.06;2.06;1.12
base\fx\quest\q000\q000_hym\q000_sq100_wall_hit_dust.effect	non	3	2.43;2.43;4.16
base\fx\quest\q000\q000_hym\q000_sq100_wall_hit_dust.particle	non	2	2.43;2.43;4.16
base\fx\quest\q000\q000_hym\q000_sq225_blood_on_leg.effect	oui		0;0;0
base\fx\quest\q000\q000_hym\q000_steam_column_4x4x35.particle	oui		28;28;53
base\fx\quest\q000\q000_hym\q000_steam_floor_spread.effect	oui		6.01;6.01;11.01
base\fx\quest\q000\q000_hym\q000_steam_floor_spread_strong.effect	oui		6.01;6.01;11.01
base\fx\quest\q000\q000_hym\q000_steam_floor_spread_subtle.effect	oui		6.01;6.01;11.01
base\fx\quest\q000\q000_hym\q000_steam_pouring_spread.effect	oui		13.69;14.09;26.17
base\fx\quest\q000\q000_imp_character_flesh_long.effect	non	60	4.73;4.73;7.96
base\fx\quest\q000\q000_imp_character_flesh_long.particle	non	0.6	4.73;4.73;7.96
base\fx\quest\q000\q000_imp_character_flesh_small.effect	non	3	4.73;4.73;7.96
base\fx\quest\q000\q000_imp_character_flesh_small.particle	non	0.6	4.73;4.73;7.96
base\fx\quest\q000\q000_kid_01b_meet_your_fixer\q000_cigarette_ember.effect	non	4.1	0;0;0
base\fx\quest\q000\q000_kid_01b_meet_your_fixer\q000_cigarette_ember_constant.effect	oui		0;0;0
base\fx\quest\q000\q000_kid_02a_confront_jackie\q000_car_smoke_looped.effect	oui		26.8;30.4;51.6
base\fx\quest\q000\q000_kid_02a_confront_jackie\q000_car_smoke_looped.particle	oui		26.8;30.4;51.6
base\fx\quest\q000\q000_kid_02a_confront_jackie\q000_kid_jammer_hacking.effect	oui		0;0;0
base\fx\quest\q000\q000_kid_02a_confront_jackie\q000_kid_jammer_shortcircuit.effect	non	5	8.3;8.3;16.3
base\fx\quest\q000\q000_kid_02a_confront_jackie\q000_kid_jammer_shortcircuit.particle	non	8	8.3;8.3;16.3
base\fx\quest\q000\q000_mirror_off.effect	non	1.5	0;0;0
base\fx\quest\q000\q000_mirror_on.effect	non	4	0;0;0
base\fx\quest\q000\q000_nomad_01_garage\e_sparks_cable_electric_failure_small_04.particle	non	1.75	0.76;0.76;1.11
base\fx\quest\q000\q000_nomad_01_garage\e_sparks_cable_electric_failure_small_single.effect	non	3	0.76;0.76;1.11
base\fx\quest\q000\q000_nomad_01_garage\q000_nomad_01_garage_mirror_swipe.effect	non	1.89	0;0;0
base\fx\quest\q000\q000_nomad_01_garage\q000_nomad_01_garage_sparks_engine.effect	oui		0.81;0.81;1.36
base\fx\quest\q000\q000_nomad_01_garage\q000_nomad_01_garage_sparks_engine.particle	oui		0.81;0.81;1.36
base\fx\quest\q000\q000_nomad_02_fixer\q000_dust_car.effect	oui		12.37;12.37;23.34
base\fx\quest\q000\q000_nomad_02_fixer\q000_dust_falling_open_fuse_box.effect	non	3.67	5.57;5.57;6.15
base\fx\quest\q000\q000_nomad_02_fixer\q000_gate_kick_dust\q000_gate_kick_dust.effect	non	5	3.31;4.11;6.61
base\fx\quest\q000\q000_nomad_02_fixer\q000_gate_kick_dust\q000_gate_kick_dust.particle	non	6	3.31;4.11;6.61
base\fx\quest\q000\q000_nomad_02_fixer\q00_dust_car.particle	oui		12.37;12.37;23.34
base\fx\quest\q000\q000_nomad_02_fixer\q00_dust_car_front.particle	oui		6.7;6.7;12
base\fx\quest\q000\q000_nomad_05_border_crossing\d_cigarette_smoke_exhaust_q000.effect	non	5.01	3.4;3.4;6.4
base\fx\quest\q000\q000_nomad_05_border_crossing\d_cigarette_smoke_exhaust_q000.particle	non	5	3.4;3.4;6.4
base\fx\quest\q000\q000_nomad_05_border_crossing\e_smoke_cigarette_ashtray_q000.particle	oui		5.1;5.1;10.1
base\fx\quest\q000\q000_nomad_05_border_crossing\e_smoke_cigarette_cloud_q000.particle	oui		3;3;3
base\fx\quest\q000\q000_nomad_06_chase\e_debris_bush_nomad_chase_q000.effect	non	5	27;27;52
base\fx\quest\q000\q000_nomad_06_chase\e_debris_bush_nomad_chase_q000.particle	non	6	27;27;52
base\fx\quest\q000\q000_nomad_06_chase\e_debris_impact_garage_nomad_chase_q000.effect	non	10	8.01;9.61;15.02
base\fx\quest\q000\q000_nomad_06_chase\e_debris_impact_garage_nomad_chase_q000.particle	non	7	8.01;9.61;15.02
base\fx\quest\q000\q000_nomad_06_chase\e_steam_jet_large_q000.particle	oui		26.5;26.5;61.1
base\fx\quest\q000\q000_nomad_06_chase\e_steam_pouring_large_floor_spread_q000.particle	oui		9.49;9.49;17.97
base\fx\quest\q000\q000_nomad_06_chase\veh_collision_sparks_corner_q000.effect	non	2	28;28;53
base\fx\quest\q000\q000_nomad_06_chase\veh_collision_sparks_corner_q000.particle	non	12	28;28;53
base\fx\quest\q000\q000_nomad_06_chase\veh_suv_headlight_lens_flare_l.effect	oui		26;26;51
base\fx\quest\q000\q000_nomad_06_chase\veh_suv_headlight_lens_flare_l.particle	oui		26;26;51
base\fx\quest\q000\q000_nomad_06_chase\veh_suv_headlight_lens_flare_r.effect	oui		1;1;1
base\fx\quest\q000\q000_nomad_06_chase\veh_suv_headlight_lens_flare_r.particle	oui		1;1;1
base\fx\quest\q000\q000_nomad_06_chase\v_damage_explode_car_sparks_q000.particle	non	12	28;28;51
base\fx\quest\q000\q000_nomad_06_chase\v_damage_explode_car_suv_01_q000.effect	non	5	8.75;8.75;16.25
base\fx\quest\q000\q000_nomad_06_chase\v_damage_explode_car_suv_01_q000.particle	non	1.25	8.75;8.75;16.25
base\fx\quest\q000\q000_nomad_06_chase\v_damage_explode_car_suv_02_q000.effect	non	10	28;28.75;52.5
base\fx\quest\q000\q000_nomad_06_chase\v_damage_explode_car_suv_02_q000.particle	non	12	28;28.75;52.5
base\fx\quest\q000\q000_nomad_06_chase\v_sparks_roof_q000.effect	non	3	13.03;13.03;25.84
base\fx\quest\q000\q000_nomad_06_chase\v_sparks_roof_q000.particle	non	2	13.03;13.03;25.84
base\fx\quest\q000\q000_nomad_06_chase\v_suv_headlight_lens_flare.effect	oui		26;26;51
base\fx\quest\q000\q000_nomad_tower\q000_dust_floaters_blowing_exterior.particle	oui		16.5;26.3;34.3
base\fx\quest\q000\q000_prologue_mirror_fast_on.effect	non	1.6	0;0;0
base\fx\quest\q000\q000_sec_gate_scan.effect	oui		3.5;3.5;4
base\fx\quest\q000\q000_sec_gate_scan.particle	oui		3.5;3.5;4
base\fx\quest\q000\q000_smoke_ambient_occluding.particle	oui		8;8;6
base\fx\quest\q000\q000_smoke_ambient_occluding_large.particle	oui		10;10;6
base\fx\quest\q000\q000_smoke_ambient_occluding_subtle.particle	oui		8;8;6
base\fx\quest\q000\q000_steam_column_0p5x2m_slow.particle	oui		10;10;16
base\fx\quest\q000\q000_steam_column_2x2x3m.particle	oui		8;8;12
base\fx\quest\q000\q000_steam_column_2x2x6m.particle	oui		10;10;16
base\fx\quest\q000\q000_steam_crate.effect	oui		6.27;5.87;10.9
base\fx\quest\q000\q000_steam_crate_edge.particle	non	3	0.35;0.5;0.35
base\fx\quest\q000\q000_steam_crate_inside.particle	oui		6.27;5.87;10.9
base\fx\quest\q000\q000_street_kid_cd_warning.effect	oui		1;1;1.75
base\fx\quest\q000\q000_street_kid_cd_warning.particle	oui		1;1;1.75
base\fx\quest\q000\q000_vr_tutorial_glitch_fail.effect	oui		1.25;1.25;1.5
base\fx\quest\q000\q000_vr_tutorial_glitch_fail.particle	oui		1.25;1.25;1.5
base\fx\quest\q000\q000_vr_tutorial_glitch_shot.effect	non	0.53	1.25;1.25;1.5
base\fx\quest\q000\q000_vr_tutorial_glitch_success.effect	oui		1.25;1.25;1.5
base\fx\quest\q000\q000_vr_tutorial_glitch_success.particle	oui		1.25;1.25;1.5
base\fx\quest\q000\q00_kid_01c_car\q000_ground_dust.effect	non	3.48	6.5;7.3;10.9
base\fx\quest\q000\q00_kid_01c_car\q000_ground_dust.particle	non	3.2	6.5;7.3;10.9
base\fx\quest\q000\q00_kid_01c_car\q000_trash_dust.effect	non	3.48	5;6.76;8.73
base\fx\quest\q000\q00_kid_01c_car\q000_trash_dust.particle	non	3.2	5;6.76;8.73
base\fx\quest\q001\00cc_boss\boss_blood_ground.effect	non	39.96	0;0;0
base\fx\quest\q001\00cc_boss\boss_blood_wall.effect	non	41.85	0;0;0
base\fx\quest\q001\00cc_boss\flak_cannon_workspot_fx.effect	non	3	0;0;0
base\fx\quest\q001\00cc_boss\hit_blood.effect	non	2.04	1.55;1.55;2.17
base\fx\quest\q001\00cc_boss\hit_blood.particle	non	1	1.55;1.55;2.17
base\fx\quest\q001\00cc_boss\hit_wall.effect	non	20.27	11;11;20.01
base\fx\quest\q001\00cc_boss\hit_wall.particle	non	7	11;11;20.01
base\fx\quest\q001\00cc_boss\hit_wall_jackie.particle	non	3	6.81;6.81;12.21
base\fx\quest\q001\00cc_boss\q001_wall_destruction_dust.effect	non	60	12.27;12.27;24.33
base\fx\quest\q001\00cc_boss\q001_wall_destruction_dust.particle	non	7	12.27;12.27;24.33
base\fx\quest\q001\00cc_boss\q001_wall_destruction_dust_02.particle	non	7	12.27;12.27;24.33
base\fx\quest\q001\00cc_boss\q001_wall_destruction_low_spawn_rate.effect	non	8	9.66;9.66;17.32
base\fx\quest\q001\00cc_boss\q001_wall_destruction_low_spawn_rate.particle	non	6	9.66;9.66;17.32
base\fx\quest\q001\00cc_boss\q001_wall_dust_on_the_ground.particle	oui		4.21;4.21;2.17
base\fx\quest\q001\00cc_boss\wall_jackie_destroy.effect	non	4.86	6.81;6.81;12.21
base\fx\quest\q001\00c_rescuing_girl\bathtub_ice_sim_02.effect	non	11.17	0;0;0
base\fx\quest\q001\00c_rescuing_girl\e_av_cloud_break_q001.effect	non	10	4;4;4
base\fx\quest\q001\00c_rescuing_girl\e_av_cloud_break_q001.particle	non	2	4;4;4
base\fx\quest\q001\00c_rescuing_girl\e_steam_sewer_cinematic_dense_q001.particle	oui		17;13.2;22.2
base\fx\quest\q001\00c_rescuing_girl\q001_av_dust_kickup.effect	non	10	26;26;51
base\fx\quest\q001\00c_rescuing_girl\q001_av_dust_kickup.particle	oui		5.29;5.29;7.59
base\fx\quest\q001\00c_rescuing_girl\q001_av_dust_loop.effect	oui		8.67;8.67;17.15
base\fx\quest\q001\00c_rescuing_girl\q001_av_dust_loop.particle	oui		8.67;8.67;17.15
base\fx\quest\q001\00c_rescuing_girl\q001_av_trash_kickup.particle	oui		26;26;51
base\fx\quest\q001\00c_rescuing_girl\q001_bathtub_water_splash.effect	non	2.46	22.19;22.19;43.18
base\fx\quest\q001\00c_rescuing_girl\q001_bathtub_water_splash.particle	non	1.2	22.19;22.19;43.18
base\fx\quest\q001\00c_rescuing_girl\q001_body_water_droplets.effect	non	4	0.85;0.85;1.1
base\fx\quest\q001\00c_rescuing_girl\q001_body_water_droplets.particle	non	0.5	0.85;0.85;1.1
base\fx\quest\q001\00c_rescuing_girl\q001_body_water_droplet_splashes.effect	non	4	3.54;3.54;6.48
base\fx\quest\q001\00c_rescuing_girl\q001_body_water_droplet_splashes.particle	non	1.2	3.54;3.54;6.48
base\fx\quest\q001\00c_rescuing_girl\q001_body_water_trickles.effect	oui		1.4;1.2;1.4
base\fx\quest\q001\00c_rescuing_girl\q001_body_water_trickles.particle	oui		0.3;0.35;0.5
base\fx\quest\q001\00c_rescuing_girl\q001_body_water_trickles_droplets.particle	oui		1.62;1.62;2.05
base\fx\quest\q001\00c_rescuing_girl\q001_body_water_trickles_droplets_coll.particle	non	5	1.4;1.2;1.4
base\fx\quest\q001\00c_rescuing_girl\q001_body_water_trickles_droplets_coll_2.particle	non	5	1.4;1.2;1.4
base\fx\quest\q001\00c_rescuing_girl\q001_smoke_column_20m.effect	oui		24;24;44
base\fx\quest\q001\00c_rescuing_girl\q001_smoke_column_50m.effect	oui		28;28;53
base\fx\quest\q001\00c_rescuing_girl\q001_smoke_column_80m.effect	oui		27.5;27.5;52.5
base\fx\quest\q001\00c_rescuing_girl\q001_smoke_suspended_scavengers.particle	oui		1.5;0.7;1.3
base\fx\quest\q001\01_wakeup\q001_wakeup_blur.effect	non	10	1;1;1
base\fx\quest\q001\01_wakeup\q001_wakeup_blur.particle	oui		1;1;1
base\fx\quest\q001\01_wakeup\room_light.effect	oui		0;0;0
base\fx\quest\q001\chase\car_on_fire.effect	oui		7;7;12
base\fx\quest\q001\chase\car_on_fire.particle	oui		7;7;12
base\fx\quest\q001\chase\car_on_fire_screenshot.particle	oui		7;7;12
base\fx\quest\q001\chase\car_on_fire_screenshot02.particle	oui		7;7;12
base\fx\quest\q001\chase\crash_car.effect	non	5.35	33;33;33
base\fx\quest\q001\chase\crash_car_01.particle	non	3	33;33;33
base\fx\quest\q001\chase\q001_car_collision.effect	non	3	3.09;3.29;6.35
base\fx\quest\q001\chase\q001_van_exhaust_smoke.effect	oui		0.78;0.78;1.15
base\fx\quest\q001\chase\q001_van_exhaust_smoke.particle	oui		0.78;0.78;1.15
base\fx\quest\q001\chase\q001_van_tire_smoke.effect	non	50	6.76;6.76;12.11
base\fx\quest\q001\chase\q001_van_tire_smoke.particle	oui		6.76;6.76;12.11
base\fx\quest\q001\chase\q001_van_tire_smoke_big.particle	oui		2.43;2.43;2.87
base\fx\quest\q001\chase\q001_van_tire_smoke_const.particle	oui		1.94;1.94;2.67
base\fx\quest\q001\chase\q001_van_tire_smoke_medium.particle	oui		2.43;2.43;2.87
base\fx\quest\q001\chase\v_impact_concrete.effect	non	10.07	25.44;25.44;50.44
base\fx\quest\q001\chase\v_impact_concrete.particle	non	3.5	25.44;25.44;50.44
base\fx\quest\q001\crime_scene_holograms\q001_hologram_beams_01.effect	oui		0.1;0.1;0.1
base\fx\quest\q001\crime_scene_holograms\q001_hologram_beams_01.particle	oui		0.1;0.1;0.1
base\fx\quest\q001\crime_scene_holograms\q001_hologram_beams_02.effect	oui		0.1;0.1;0.1
base\fx\quest\q001\crime_scene_holograms\q001_hologram_beams_02.particle	oui		0.1;0.1;0.1
base\fx\quest\q001\crime_scene_holograms\q001_hologram_beams_big_01.particle	oui		0.03;0.03;0.03
base\fx\quest\q001\crime_scene_holograms\q001_hologram_beams_big_02.particle	oui		0.03;0.03;0.03
base\fx\quest\q001\crime_scene_holograms\q001_hologram_beams_lasers_01.particle	oui		0.03;0.03;0.03
base\fx\quest\q001\crime_scene_holograms\q001_hologram_beams_lasers_02.particle	oui		0.03;0.03;0.03
base\fx\quest\q001\megabuilding\q001_steam_inside_megabuilding_huge.particle	oui		18.75;18.75;31.5
base\fx\quest\q001\q001_av_dust.effect	non	7.8	8.74;8.74;17.22
base\fx\quest\q001\q001_av_dust.particle	oui		8.74;8.74;17.22
base\fx\quest\q001\q001_av_dust_penthause.particle	oui		8.74;8.74;17.22
base\fx\quest\q001\q001_boot_cs.effect	non	1.37	10;10;10.25
base\fx\quest\q001\q001_dust_av_scene.effect	oui		8.74;8.74;17.22
base\fx\quest\q001\q001_dust_av_scene_penthause.effect	non	15.16	8.74;8.74;17.22
base\fx\quest\q001\q001_dust_v1.particle	oui		0.6;0.6;1.1
base\fx\quest\q001\q001_food_steam.effect	oui		2.2;2.2;4.2
base\fx\quest\q001\q001_food_steam.particle	oui		2.2;2.2;4.2
base\fx\quest\q001\q001_ripperdoc\q001_link_screen.effect	non	9	0;0;0
base\fx\quest\q001\q001_ripperdoc\q001_repperdoc_print_sparks_fx.particle	non	2	1.25;1.25;2.48
base\fx\quest\q001\q001_ripperdoc\q001_ripperdoc_hand_operation.effect	non	25	0;0;0
base\fx\quest\q001\q001_ripperdoc\q001_ripperdoc_print_glow_fx.particle	oui		1.1;1.1;1.1
base\fx\quest\q001\q001_ripperdoc\q001_ripperdoc_print_hand_fx.effect	oui		1.25;1.25;2.48
base\fx\quest\q001\q001_ripperdoc\q001_ripperdoc_print_hand_fx.particle	oui		1.03;1.03;1.05
base\fx\quest\q001\q001_van_crash.effect	non	6	25.3;25.3;50.3
base\fx\quest\q001\q001_van_crash.particle	non	6	25.3;25.3;50.3
base\fx\quest\q001\q001_van_crash_sparks.particle	non	2	0.3;0.3;0.3
base\fx\quest\q001\q001_window_light.effect	oui		0;0;0
base\fx\quest\q001\repeater\q001_sparks_cable_electric_failure_medium_scaled_01.effect	oui		2.9;2.9;5.55
base\fx\quest\q001\repeater\q001_sparks_cable_electric_failure_medium_scaled_02.effect	oui		2.9;2.9;5.55
base\fx\quest\q001\repeater\q001_sparks_cable_electric_failure_small_scaled_01.effect	oui		3.4;3.4;6.65
base\fx\quest\q001\repeater\q001_sparks_cable_electric_failure_small_scaled_02.effect	oui		3.4;3.4;6.65
base\fx\quest\q001\scavenger_bath_tub\q001_scavenger_bath_tub_ice.effect	non	9.7	0;0;0
base\fx\quest\q001\scavenger_bath_tub\q001_scavenger_bath_tub_smoke.effect	oui		4.73;3.93;6.66
base\fx\quest\q002\ac_vent.particle	oui		0.85;0.85;0.9
base\fx\quest\q002\ac_vent_smaller.particle	oui		0.55;0.55;0.6
base\fx\quest\q002\big_vent_steam_1.particle	oui		11;11;14
base\fx\quest\q002\cold_vapor.particle	oui		4.24;5.64;7.97
base\fx\quest\q002\q003_02_mealstorm_corridor\mine_armed.effect	oui		8;19;8.6
base\fx\quest\q002\q003_02_mealstorm_corridor\mine_armed.particle	oui		3;14;3.6
base\fx\quest\q002\q003_02_mealstorm_corridor\mine_cross.particle	oui		8;19;8.6
base\fx\quest\q002\q003_02_mealstorm_corridor\mine_cross_unarmed.particle	oui		8;19;8.6
base\fx\quest\q002\q003_02_mealstorm_corridor\mine_unarmed.effect	oui		8;19;8.6
base\fx\quest\q002\q003_02_mealstorm_corridor\mine_unarmed.particle	oui		3;14;3.6
base\fx\quest\q002\random_spark_burst.effect	oui		8.65;8.65;17.26
base\fx\quest\q002\random_spark_burst_bigger.effect	oui		8.65;8.65;17.26
base\fx\quest\q002\sparks_burst.particle	non	3	8.65;8.65;17.26
base\fx\quest\q002\sparks_burst_bigger.particle	non	3	8.65;8.65;17.26
base\fx\quest\q003\boss\glass_roof\glass_roof_falling.effect	non	8	10.05;10.05;12.07
base\fx\quest\q003\boss\glass_roof\glass_roof_falling.particle	non	12	10.05;10.05;12.07
base\fx\quest\q003\boss\groundhits\plazma_ground_decal.effect	non	9.6	12.03;12.03;24.03
base\fx\quest\q003\boss\groundhits\plazma_ground_stack.effect	non	4.87	5.98;5.98;11.41
base\fx\quest\q003\boss\groundhits\q003_boss_concrate_hit.effect	oui		5.98;5.98;11.41
base\fx\quest\q003\boss\groundhits\q003_boss_concrate_hit_ground.particle	oui		1.6;1.6;3.1
base\fx\quest\q003\boss\groundhits\q003_boss_concrate_hit_ground_alt.particle	oui		2.68;2.68;5.25
base\fx\quest\q003\boss\groundhits\q003_boss_concrate_hit_ground_v02.particle	oui		0.6;0.6;1.1
base\fx\quest\q003\boss\groundhits\q003_boss_concrete_hit.particle	non	10	5.98;5.98;11.41
base\fx\quest\q003\boss\groundhits\q003_boss_concrete_hit_v02.particle	oui		1.3;1.3;1.96
base\fx\quest\q003\boss\groundhits\q003_boss_concrete_hit_v03.particle	oui		4.09;4.09;4.18
base\fx\quest\q003\boss\groundhits\q003_boss_concrete_hit_v04.particle	oui		2.16;2.16;2.5
base\fx\quest\q003\boss\groundhits\q003_boss_concrete_stack.particle	non	10	5.98;5.98;11.41
base\fx\quest\q003\boss\groundhits\q003_boss_metal_hit.particle	oui		4.03;4.03;4.05
base\fx\quest\q003\boss\groundhits\q003_boss_metal_hit_molten.particle	non	24	12.03;12.03;24.03
base\fx\quest\q003\boss\groundhits\q003_decal_sparks.particle	non	1	0.25;0.25;0.48
base\fx\quest\q003\boss\locomotion\boss_concrete_walk.particle	non	1.5	3.58;3.58;6.76
base\fx\quest\q003\boss\locomotion\boss_concrete_walk_02.particle	non	1.5	3.58;3.58;6.76
base\fx\quest\q003\boss\locomotion\boss_locomotion.effect	non	2.25	3.58;3.58;6.76
base\fx\quest\q003\boss\locomotion\boss_walk_l.effect	non	2.52	3.58;3.58;6.76
base\fx\quest\q003\boss\overload\boss_broken_weapon.effect	non	11.89	26.5;26.5;51.5
base\fx\quest\q003\boss\overload\broken_weapon.particle	non	0.15	1;1;1
base\fx\quest\q003\boss\overload\overload.particle	oui		0.6;0.6;1.1
base\fx\quest\q003\boss\overload\overload_glow_01.particle	oui		0.2;0.2;0.3
base\fx\quest\q003\boss\overload\overload_reload_weapon.effect	oui		4.12;4.33;5.45
base\fx\quest\q003\boss\overload\overload_smoke_02.particle	oui		4.12;4.33;5.45
base\fx\quest\q003\boss\overload\overload_smoke_detail.particle	non		0;0;0
base\fx\quest\q003\boss\overload\overload_sparks.particle	non	4	2.5;2.7;4.5
base\fx\quest\q003\boss\overload\overload_weapon.effect	oui		4.12;4.33;5.45
base\fx\quest\q003\boss\overload\q003_boss_concrete_hit_v03.particle	oui		4.09;4.09;4.18
base\fx\quest\q003\boss\overload\weakspot_damage_stages.effect	oui		4.12;4.33;5.45
base\fx\quest\q003\boss\plazma_beam\beam_charge.effect	non	1.29	0.3;0.3;0.3
base\fx\quest\q003\boss\plazma_beam\beam_charge_01.particle	non	0.9	0.05;0.05;0.05
base\fx\quest\q003\boss\plazma_beam\beam_ground_dust.particle	non	2	2.13;2.13;4.25
base\fx\quest\q003\boss\plazma_beam\beam_ground_plazma.particle	non	1.2	2.29;2.29;2.58
base\fx\quest\q003\boss\plazma_beam\beam_trace.particle	non	6	1;1;1
base\fx\quest\q003\boss\plazma_beam\beam_trace_boss.effect	non	6.39	1.26;1.26;2.28
base\fx\quest\q003\boss\plazma_beam\beam_trace_boss_cs.effect	non	6	1.26;1.26;2.28
base\fx\quest\q003\boss\plazma_beam\plazma_beam.effect	oui		0;0;0
base\fx\quest\q003\boss\plazma_beam\plazma_beam_gameplay.particle	non		0;0;0
base\fx\quest\q003\boss\plazma_beam\plazma_force.particle	non	1.2	0.72;0.72;1.35
base\fx\quest\q003\boss\plazma_beam\plazma_hit.particle	oui		0.45;0.45;0.79
base\fx\quest\q003\boss\plazma_beam\plazma_hit_point.effect	non	1.62	16.93;16.93;33.56
base\fx\quest\q003\boss\plazma_beam\plazma_lava.particle	non		0;0;0
base\fx\quest\q003\boss\plazma_beam\plazma_shot.effect	non	1.49	9.15;9.15;17.47
base\fx\quest\q003\boss\plazma_beam\sparks_plazma.particle	non	2	16.93;16.93;33.56
base\fx\quest\q003\boss\plazma_beam\sparks_shot.particle	non	4	9.15;9.15;17.47
base\fx\quest\q003\boss\plazma_force\boss_force.effect	non	2.03	4.73;4.73;8.85
base\fx\quest\q003\boss\plazma_force\boss_force_short.effect	non	2.03	0;0;0
base\fx\quest\q003\boss\plazma_force\boss_force_trail.particle	non	1	1.7;1.7;3.2
base\fx\quest\q003\boss\plazma_force\boss_force_trail_test.particle	oui		1.35;1.35;4.5
base\fx\quest\q003\boss\plazma_force\plazma_explode.effect	non	3.77	25.45;25.45;50.45
base\fx\quest\q003\boss\plazma_force\plazma_explode.particle	non		0;0;0
base\fx\quest\q003\boss\plazma_force\plazma_explode_trail.particle	non	1.4	1.21;1.21;2.43
base\fx\quest\q003\boss\plazma_force\plazma_force_charge.particle	non	1	0.1;0.1;0.1
base\fx\quest\q003\boss\plazma_force\plazma_force_charged.effect	non	1.3	7.12;7.12;13.1
base\fx\quest\q003\boss\plazma_force\plazma_force_charged_fast.effect	non	0.69	7.12;7.12;13.1
base\fx\quest\q003\boss\plazma_force\plazma_force_charged_loop.effect	oui		7.12;7.12;13.1
base\fx\quest\q003\boss\plazma_force\plazma_force_charge_fast.particle	non	2	13.1;13.1;25.2
base\fx\quest\q003\boss\plazma_force\plazma_force_charging.effect	oui		13.2;13.2;25.3
base\fx\quest\q003\boss\plazma_force\plazma_force_charging.particle	oui		13.2;13.2;25.3
base\fx\quest\q003\boss\plazma_force\plazma_force_charging_smasher.effect	oui		13.2;13.2;25.3
base\fx\quest\q003\boss\plazma_force\plazma_force_charg_02.particle	non	0.1	1.45;1.05;1.1
base\fx\quest\q003\boss\plazma_force\plazma_force_charg_04.particle	non	0.1	1.45;1.05;1.1
base\fx\quest\q003\boss\plazma_force\plazma_force_fast.particle	oui		7.12;7.12;13.1
base\fx\quest\q003\boss\plazma_force\plazma_force_normal.particle	oui		7.12;7.12;13.1
base\fx\quest\q003\boss\plazma_force\plazma_force_short.particle	non	1	2;2;3.5
base\fx\quest\q003\boss\plazma_force\plazma_force_start.particle	non	2.5	1.26;1.26;2.28
base\fx\quest\q003\boss\plazma_force\plazma_force_targeting.particle	non		0;0;0
base\fx\quest\q003\boss\plazma_force\plazma_force_targeting_beam.particle	non	0.9	0.3;0.3;0.3
base\fx\quest\q003\boss\plazma_force\plazma_force_trail_02.particle	non	0.15	4.73;4.73;8.85
base\fx\quest\q003\boss\plazma_force\plazma_force_trail_03.particle	non	2.5	1.9;1.9;3.15
base\fx\quest\q003\boss\plazma_force\plazma_force_trail_04.particle	non	0.2	1.9;1.9;3.1
base\fx\quest\q003\boss\plazma_force\plazma_projectile.effect	oui		0.7;0.7;0.7
base\fx\quest\q003\boss\plazma_force\plazma_trail_default.particle	oui		0.5;0.5;0.5
base\fx\quest\q003\boss\plazma_force\plazma_trail_up.particle	oui		0.7;0.7;0.7
base\fx\quest\q003\boss\plazma_force\projectile_front.particle	non		0;0;0
base\fx\quest\q003\boss\scenes\aftermath\boss_death_sparks.effect	oui		0.87;0.87;1.74
base\fx\quest\q003\boss\scenes\aftermath\cut_car_smoke.particle	oui		2.79;3.59;4.82
base\fx\quest\q003\boss\scenes\aftermath\plazma_destroyed_car.effect	oui		2.79;3.59;4.82
base\fx\quest\q003\boss\scenes\aftermath\sparks.particle	non	0.1	0.87;0.87;1.74
base\fx\quest\q003\boss\scenes\bose_lose_control\lose_control_beam_loop.effect	non	4.11	1.26;1.26;2.28
base\fx\quest\q003\boss\scenes\boss_jump\boss_sparks.effect	non	4.97	7.35;7.35;14.08
base\fx\quest\q003\boss\scenes\boss_jump\boss_sparks_cs.particle	non	4	7.35;7.35;14.08
base\fx\quest\q003\boss\scenes\boss_jump\car_crash_smoke.effect	non	2.48	6.36;6.36;10.72
base\fx\quest\q003\boss\scenes\boss_jump\crash_glass_car.effect	non	3.12	8.04;9.04;16.08
base\fx\quest\q003\boss\scenes\boss_jump\dust_crash_car.particle	non	2	6.36;6.36;10.72
base\fx\quest\q003\boss\scenes\boss_jump\dust_crush_sparks.particle	non	1.5	4.08;4.08;8.06
base\fx\quest\q003\boss\scenes\boss_jump\glass_crash.particle	oui		6.41;8.41;13.41
base\fx\quest\q003\boss\scenes\boss_jump\glass_cutscene.particle	non	1.5	8.04;9.04;16.08
base\fx\quest\q003\boss\scenes\boss_jump\sparks_crash_car.effect	non	2.66	8.04;9.04;16.08
base\fx\quest\q003\boss\scenes\lose_control\lose_control_beam_loop.effect	non	1.94	1.26;1.26;2.28
base\fx\quest\q003\boss\scenes\q003_p2_corridor\cutter_sparks.effect	oui		2.68;2.68;5.13
base\fx\quest\q003\boss\scenes\q003_p2_corridor\cutter_sparks.particle	oui		2.68;2.68;5.13
base\fx\quest\q003\boss\scenes\q003_p2_corridor\cutter_sparks_smoke.particle	oui		1.99;1.99;2.99
base\fx\quest\q003\boss\targeting\boss_targeting_line.particle	non	1	0.3;0.3;0.3
base\fx\quest\q003\boss\targeting\force_targeting.effect	non	0.49	0.3;0.3;0.3
base\fx\quest\q003\boss\weakspot\weakspot.effect	non	1.35	1;1;1
base\fx\quest\q003\boss\weakspot\weakspot_add_fuel.particle	non		0;0;0
base\fx\quest\q003\boss\weakspot\weakspot_fuel.effect	non	4	25.35;25.35;50.35
base\fx\quest\q003\boss\weakspot\weakspot_fuel_steam.particle	non	4	25.35;25.35;50.35
base\fx\quest\q003\boss\weakspot\weakspot_hit_02.particle	non	1.2	0.45;0.45;0.79
base\fx\quest\q003\boss_centaur\death\death_lava_small.particle	oui		3.23;3.23;6.33
base\fx\quest\q003\boss_centaur\death\death_sparks.effect	non	2.64	25.35;25.35;50.35
base\fx\quest\q003\boss_centaur\death\death_sparks.particle	non	4	25.35;25.35;50.35
base\fx\quest\q003\boss_centaur\death\death_sparks_small.effect	oui		4.12;4.33;6.33
base\fx\quest\q003\boss_centaur\death\death_sparks_small.particle	non	1	1.89;1.89;3.77
base\fx\quest\q003\boss_centaur\force_attack\force_trail.effect	oui		0;0;0
base\fx\quest\q003\boss_centaur\force_attack\force_trail.particle	non		0;0;0
base\fx\quest\q003\boss_centaur\locomotion\boss_centaur_jump_impact.effect	non	4.98	8.25;7.1;11.21
base\fx\quest\q003\boss_centaur\locomotion\boss_centaur_jump_impact.particle	non	4	8.25;7.1;11.21
base\fx\quest\q003\boss_centaur\locomotion\boss_centaur_jump_start.effect	non	4.98	8.25;6.65;11.21
base\fx\quest\q003\boss_centaur\locomotion\boss_centaur_jump_start.particle	non	2.5	8.25;6.65;11.21
base\fx\quest\q003\boss_centaur\locomotion\boss_centaur_run.effect	non	1.99	5.95;5.75;9.1
base\fx\quest\q003\boss_centaur\locomotion\boss_centaur_run.particle	non	1.1	5.95;5.75;9.1
base\fx\quest\q003\boss_centaur\locomotion\boss_dust_melee_shield.effect	non	2.43	10.81;9.21;16.31
base\fx\quest\q003\boss_centaur\locomotion\boss_dust_melee_shield.particle	non	2.5	10.81;9.21;16.31
base\fx\quest\q003\boss_centaur\plazma_beam\beam_test.particle	non	2	12.2;12.2;24.2
base\fx\quest\q003\boss_centaur\plazma_beam\glow_plazma.particle	non	12	3;3;3
base\fx\quest\q003\boss_centaur\plazma_beam\plama_shot_cs.particle	non	0.12	2.98;2.98;4.96
base\fx\quest\q003\boss_centaur\plazma_beam\plasma_targeting_laser.effect	oui		1;1;1
base\fx\quest\q003\boss_centaur\plazma_beam\plazma_beam.effect	oui		3;3;3
base\fx\quest\q003\boss_centaur\plazma_beam\plazma_beam.particle	non	12	1;1;1
base\fx\quest\q003\boss_centaur\plazma_beam\plazma_beam_shot.effect	non	5.01	18.94;18.94;37.68
base\fx\quest\q003\boss_centaur\plazma_beam\plazma_beam_shot_fx.particle	non	4.5	18.94;18.94;37.68
base\fx\quest\q003\boss_centaur\plazma_beam\plazma_ground_fx.effect	non	10.11	12.03;12.03;24.03
base\fx\quest\q003\boss_centaur\plazma_beam\plazma_impact_default.effect	non	8.46	12.03;12.03;24.03
base\fx\quest\q003\boss_centaur\plazma_beam\plazma_projectile_01.effect	non	2.02	27.64;27.64;30.28
base\fx\quest\q003\boss_centaur\plazma_beam\plazma_projectile_cs_01.particle	non	0.22	27.64;27.64;30.28
base\fx\quest\q003\boss_centaur\plazma_beam\plazma_targeting_line_laser.particle	non	12	1;1;1
base\fx\quest\q003\boss_centaur\plazma_beam\plazma_target_explode.effect	non	24.86	25.3;25.3;50.3
base\fx\quest\q003\boss_centaur\plazma_beam\plazma_target_explode_main.particle	non	7	25.3;25.3;50.3
base\fx\quest\q003\boss_centaur\plazma_beam\plazma_target_explosion.effect	non	12.04	25.3;25.3;50.3
base\fx\quest\q003\boss_centaur\plazma_beam\s_impact_default_decal.effect	non	24.76	16.93;16.93;33.56
base\fx\quest\q003\boss_centaur\shield\shield_glich.effect	non	0.29	0;0;0
base\fx\quest\q003\boss_centaur\swipe_attack_charge\plazma_flame.particle	oui		1.05;1.65;1.1
base\fx\quest\q003\boss_centaur\swipe_attack_charge\plazma_flame_cgarged.particle	oui		1.1;1.1;1.34
base\fx\quest\q003\boss_centaur\swipe_attack_charge\swipe_charge.effect	oui		1.26;1.26;2.28
base\fx\quest\q003\boss_centaur\swipe_attack_charge\swipe_charge.particle	oui		1.1;1.1;1.34
base\fx\quest\q003\boss_centaur\swipe_attack_charge\swipe_charge_blue.particle	oui		1.1;1.1;1.34
base\fx\quest\q003\boss_centaur\swipe_attack_charge\swipe_charge_orange.particle	oui		1.1;1.1;1.34
base\fx\quest\q003\boss_centaur\swipe_attack_charge\swipe_charge_plane.particle	non		0;0;0
base\fx\quest\q003\boss_centaur\swipe_attack_charge\swipe_charge_screenshot.effect	oui		1;1;1.24
base\fx\quest\q003\boss_centaur\swipe_attack_charge\swipe_charge_screenshot.particle	oui		1;1;1.24
base\fx\quest\q003\boss_centaur\weakspot_compensating\shield_blink.effect	non	2.56	0;0;0
base\fx\quest\q003\boss_centaur\weakspot_compensating\shield_blink.particle	non		0;0;0
base\fx\quest\q003\boss_centaur\weakspot_compensating\weakspot_compensating.effect	non	3.04	1.66;1.66;3.08
base\fx\quest\q003\boss_centaur\weakspot_compensating\weakspot_compensating.particle	non	2	1.66;1.66;3.08
base\fx\quest\q003\boss_centaur\weakspot_compensating\weakspot_compensating_hit.effect	non	3.04	0.33;0.33;0.4
base\fx\quest\q003\boss_centaur\weakspot_compensating\weakspot_compensating_hit.particle	non	0.75	0.33;0.33;0.4
base\fx\quest\q003\boss_centaur\weakspot_compensating\weakspot_explode.particle	non	6	26.5;26.5;51.5
base\fx\quest\q003\boss_centaur\weakspot_compensating\weakspot_reload.particle	oui		1.66;1.66;3.08
base\fx\quest\q003\boss_centaur\weakspot_compensating\weakspot_reload_recharge.effect	oui		2.77;2.77;5.37
base\fx\quest\q003\boss_centaur\weakspot_compensating\weakspot_reload_recharge_cs.effect	oui		2.77;2.77;5.37
base\fx\quest\q003\boss_centaur\weakspot_compensating\weakspot_takedown.effect	non	5.07	4.02;4.02;8.03
base\fx\quest\q003\boss_centaur\weakspot_compensating\weakspot_takedown_sparks.effect	non	6.07	10.36;10.36;19.92
base\fx\quest\q003\boss_centaur\weakspot_compensating\weakspot_takedown_sparks_loop.particle	oui		4.02;4.02;8.03
base\fx\quest\q003\boss_centaur\weakspot_compensating\weakspot_takedown_steam_01.particle	non	2	3;3;5
base\fx\quest\q003\boss_centaur\weakspot_compensating\weakspot_takedown_steam_puff.particle	oui		3;3;5
base\fx\quest\q003\boss_centaur\weakspot_explode\plazma_explode.particle	non	4	25.45;25.45;50.45
base\fx\quest\q003\boss_centaur\weakspot_explode\weakspots_parks_damage_stage_01.particle	non	0.3	2.77;2.77;5.37
base\fx\quest\q003\boss_centaur\weakspot_explode\weakspots_parks_loop.particle	non	0.3	2.77;2.77;5.37
base\fx\quest\q003\boss_centaur\weakspot_explode\weakspots_parks_weapon_loop.particle	non	0.3	2.77;2.77;5.37
base\fx\quest\q003\boss_centaur\weakspot_explode\weakspot_damage_stage_fire.particle	oui		1.73;1.73;2.77
base\fx\quest\q003\boss_centaur\weakspot_explode\weakspot_explode_decal.particle	non	6	3.03;3.03;6.03
base\fx\quest\q003\boss_centaur\weakspot_explode\weakspot_explode_fire.particle	oui		1.73;1.73;2.77
base\fx\quest\q003\cctv_deal_screens\cctv_jackie_fuckyou.effect	oui		0;0;0
base\fx\quest\q003\cctv_deal_screens\jacky_doors_sneak_play.effect	oui		1.6;1.6;1.6
base\fx\quest\q003\cctv_deal_screens\jacky_doors_sneak_play.particle	non	20	1.6;1.6;1.6
base\fx\quest\q003\cctv_deal_screens\jacky_doors_sneak_start.effect	oui		1.6;1.6;1.6
base\fx\quest\q003\cctv_deal_screens\jacky_doors_sneak_start.particle	oui		1.6;1.6;1.6
base\fx\quest\q003\cctv_deal_screens\jacky_doors_sneak_stop.particle	oui		1.6;1.6;1.6
base\fx\quest\q003\cctv_deal_screens\jacky_garage_idle.effect	oui		1.6;1.6;1.6
base\fx\quest\q003\cctv_deal_screens\jacky_garage_idle.particle	oui		1.6;1.6;1.6
base\fx\quest\q003\cctv_deal_screens\jacky_garage_play.effect	oui		1.6;1.6;1.6
base\fx\quest\q003\cctv_deal_screens\jacky_garage_play.particle	non	20	1.6;1.6;1.6
base\fx\quest\q003\cctv_deal_screens\jacky_garage_start.effect	oui		1.6;1.6;1.6
base\fx\quest\q003\cctv_deal_screens\jacky_garage_start.particle	oui		1.6;1.6;1.6
base\fx\quest\q003\cctv_deal_screens\jacky_garage_stop.particle	oui		1.6;1.6;1.6
base\fx\quest\q003\cctv_deal_screens\jacky_sit_play.effect	oui		1.6;1.6;1.6
base\fx\quest\q003\cctv_deal_screens\jacky_sit_play.particle	non	20	1.6;1.6;1.6
base\fx\quest\q003\cctv_deal_screens\jacky_sit_start.effect	oui		1.6;1.6;1.6
base\fx\quest\q003\cctv_deal_screens\jacky_sit_start.particle	oui		1.6;1.6;1.6
base\fx\quest\q003\cctv_deal_screens\jacky_sit_stop.particle	oui		1.6;1.6;1.6
base\fx\quest\q003\fight_gore\blood_trickle.effect	non	2.48	1.9;1.9;2
base\fx\quest\q003\fight_gore\blood_trickle.particle	non	0.4	1.9;1.9;2
base\fx\quest\q003\fight_gore\eye_rip.effect	non	3	5.02;5.02;10.02
base\fx\quest\q003\fight_gore\eye_rip.particle	non	1	1.12;1.12;1.25
base\fx\quest\q003\intro\q003_diode.effect	oui		0;0;0
base\fx\quest\q003\intro\q003_diode_idle.effect	oui		0;0;0
base\fx\quest\q003\intro\q003_fake_loading_screen.effect	oui		1;1;1
base\fx\quest\q003\intro\q003_fake_loading_screen.particle	non	99999	1;1;1
base\fx\quest\q003\intro\q003_hologram_particles.effect	oui		40.9;40.9;41.8
base\fx\quest\q003\intro\q003_hologram_particles.particle	oui		40.9;40.9;41.8
base\fx\quest\q003\intro\q003_hologram_particles_johnny.particle	oui		28.2;28.2;53.5
base\fx\quest\q003\intro\q003_intercom_diode.effect	oui		0;0;0
base\fx\quest\q003\intro\q003_intro_screen_scanning.effect	non	4	2.5;2.5;4
base\fx\quest\q003\intro\q003_intro_screen_scanning.particle	non	6	2.5;2.5;4
base\fx\quest\q003\intro\q003_sentry_scan.effect	non	3	2;2;3
base\fx\quest\q003\intro\sentry_scan.particle	oui		2;2;3
base\fx\quest\q003\intro_01_diner\q003_intro_blackscreen.effect	oui		1.5;1.5;2
base\fx\quest\q003\intro_01_diner\q003_intro_blackscreen.particle	oui		1.5;1.5;2
base\fx\quest\q003\intro_01_diner\q003_intro_blackscreen_fade.particle	oui		1.5;1.5;2
base\fx\quest\q003\intro_01_diner\q003_intro_diner_transition.particle	non	1	1.5;1.5;2
base\fx\quest\q003\intro_01_diner\q003_intro_diner_transition_dim.particle	non	0.6	1.3;1.3;1.6
base\fx\quest\q003\intro_01_diner\q003_intro_transition.effect	non	1	1.5;1.5;2
base\fx\quest\q003\intro_01_diner\q003_intro_transition_dim.effect	non	1	1.3;1.3;1.6
base\fx\quest\q003\q003_03_deal\destroy_monitor.effect	non	2.49	25.3;25.3;50.3
base\fx\quest\q003\q003_03_deal\destroy_monitor_sparks_burst.particle	non	3	5.48;5.48;9.47
base\fx\quest\q003\q003_03_deal\destroy_screen.particle	non	0.15	0.18;0.18;0.25
base\fx\quest\q003\q003_03_deal\destroy_screen_sparks.particle	non	2.5	25.3;25.3;50.3
base\fx\quest\q003\q003_03_deal\drug_exhale.effect	non	6	3.25;3.25;6.25
base\fx\quest\q003\q003_03_deal\drug_exhale.particle	non	4	3.25;3.25;6.25
base\fx\quest\q003\q003_03_deal\electric_burst.effect	non	4.08	5.48;5.48;9.47
base\fx\quest\q003\q003_03_deal\electric_burst.particle	non	0.35	3;3;3
base\fx\quest\q003\q003_03_deal\electric_burst_big.particle	oui		12.01;12.01;12.01
base\fx\quest\q003\q003_03_deal\electric_fx.effect	non	2.07	3;3;3
base\fx\quest\q003\q003_03_deal\e_smoke_pouring_conveyor_exhaust_q003.effect	oui		17.73;17.73;32.97
base\fx\quest\q003\q003_03_deal\e_smoke_pouring_conveyor_exhaust_q003.particle	oui		17.73;17.73;32.97
base\fx\quest\q003\q003_03_deal\e_smoke_pouring_conveyor_pipe_q003.particle	oui		1.71;1.71;2.43
base\fx\quest\q003\q003_03_deal\e_steam_pouring_techie_den_q003.particle	oui		3.74;3.74;6.48
base\fx\quest\q003\q003_03_deal\e_vapour_radioactive_q003.particle	oui		5.62;5.62;9.75
base\fx\quest\q003\q003_03_deal\q003_box_dust_impact.particle	non	1.25	1;1;1
base\fx\quest\q003\q003_03_deal\q003_cigar_smoke_normal_speed.effect	oui		6.03;6.03;11.01
base\fx\quest\q003\q003_03_deal\q003_cigar_smoke_normal_speed.particle	oui		6.03;6.03;11.01
base\fx\quest\q003\q003_03_deal\q003_cig_smoke_ambient.particle	oui		13.36;13.36;23.96
base\fx\quest\q003\q003_03_deal\q003_e_dust_impact.effect	non	2	1;1;1
base\fx\quest\q003\q003_03_deal\q003_e_dust_impact.particle	non	1.25	1;1;1
base\fx\quest\q003\q003_03_deal\q003_e_dust_rust_meat_machine.effect	oui		42.29;21.29;28.78
base\fx\quest\q003\q003_03_deal\q003_e_dust_rust_meat_machine.particle	oui		42.29;21.29;28.78
base\fx\quest\q003\q003_03_deal\q003_e_dust_rust_meat_machine_small.effect	oui		22.29;21.29;28.78
base\fx\quest\q003\q003_03_deal\q003_e_dust_rust_meat_machine_small.particle	oui		22.29;21.29;28.78
base\fx\quest\q003\q003_03_deal\q003_e_dust_slide.effect	non	2	1.31;1.31;1.62
base\fx\quest\q003\q003_03_deal\q003_e_dust_slide.particle	non	1.25	1.31;1.31;1.62
base\fx\quest\q003\q003_03_deal\q003_headshot.effect	non	3.01	10.33;10.33;20.31
base\fx\quest\q003\q003_03_deal\q003_headshot.particle	non	9	7.06;7.06;13.12
base\fx\quest\q003\q003_03_deal\q003_headshot_trail.particle	non	1.8	10.33;10.33;20.31
base\fx\quest\q003\q003_03_deal\q003_skif_exhale.effect	non	4	2.65;2.65;5.05
base\fx\quest\q003\q003_03_deal\q003_skif_exhale.particle	non	4	2.65;2.65;5.05
base\fx\quest\q003\q003_06a_boss_combat\cs_fire.particle	oui		4.82;4.82;8.13
base\fx\quest\q003\q003_06a_boss_combat\cs_plazma_explode.particle	non	4	25.3;25.3;50.3
base\fx\quest\q003\q003_06a_boss_combat\cs_q003_fire_car.effect	oui		4.82;4.82;8.13
base\fx\quest\q003\q003_06a_boss_combat\q003_06a_plasma_explode_car.effect	non	11.94	25.3;25.3;50.3
base\fx\quest\q003\q003_07_final\q003_v_av_dust_kickup.particle	oui		26;26;51
base\fx\quest\q003\q003_brick_room\q003_brick_room_blood_driping.particle	oui		0.61;0.11;0.01
base\fx\quest\q003\q003_brick_room\q003_brick_room_blood_droplet_splash.particle	oui		0.6;0.6;0.8
base\fx\quest\q003\q003_corridor\flare_lamp.particle	non		0;0;0
base\fx\quest\q003\q003_corridor\lamp_light.particle	oui		0.6;0.6;1.1
base\fx\quest\q003\q003_corridor\light_flare.effect	oui		0;0;0
base\fx\quest\q003\q003_mealstorm_corridor\flash_light.effect	non	3.97	0.1;0.1;0.1
base\fx\quest\q003\q003_mealstorm_corridor\flash_light.particle	non	1.8	0.1;0.1;0.1
base\fx\quest\q003\q003_p2_04a_before_shootout\terminal_bullet_hits.effect	oui		5.02;5.02;10.02
base\fx\quest\q003\q003_p2_04a_before_shootout\terminal_sparks_and_smoke.particle	oui		4.74;4.74;9.59
base\fx\quest\q003\q003_p2_04_shootout\q003_short_circuit.effect	non	5	6.01;6.01;12.01
base\fx\quest\q003\q003_p2_04_shootout\q003_short_circuit.particle	non	2	6.01;6.01;12.01
base\fx\quest\q003\q003_p2_04_shootout\q003_short_circuit_02.particle	non	2	0.88;0.88;1.36
base\fx\quest\q003\q003_p2_06_escape\q003_steam_pouring.particle	oui		11;11.4;21
base\fx\quest\q003\q003_p2_06_escape\q003_truck_smash.effect	oui		0.87;0.87;1.72
base\fx\quest\q003\q003_p2_06_escape\truck_glass_break.particle	oui		0.12;0.12;0.12
base\fx\quest\q003\q003_p2_06_escape\truck_smash_sparks.particle	non	0.6	0.87;0.87;1.72
base\fx\quest\q003\q003_p2_07_aftermath\q003_av_dust.effect	oui		26;26;51
base\fx\quest\q003\q003_p2_07_aftermath\q003_av_dust.particle	non	2.8	3.5;3.5;3.5
base\fx\quest\q003\q003_p2_07_aftermath\q003_av_dust_static.particle	non	3	27.5;27.5;3.7
base\fx\quest\q003\q003_p2_07_aftermath\v_bike_burnout.effect	oui		3.75;3.75;6.25
base\fx\quest\q003\q003_p2_07_aftermath\v_bike_burnout.particle	oui		3.75;3.75;6.25
base\fx\quest\q003\q003_p2__doors\terminal_bullet_hits.effect	non	12	5.02;5.02;10.02
base\fx\quest\q003\q003_p2__doors\terminal_bullet_hits.particle	non	2	5.02;5.02;10.02
base\fx\quest\q003\q003_trip_mine_brick\q003_mine_laser_red_brick.effect	oui		1.89;1.89;3.69
base\fx\quest\q003\q003_trip_mine_brick\q003_mine_laser_red_brick.particle	non	3600	1.89;1.89;3.69
base\fx\quest\q003\q003_\corpo_smoking.effect	oui		4.2;4.2;7.2
base\fx\quest\q003\q003_\corpo_smoking.particle	oui		4.2;4.2;7.2
base\fx\quest\q003\q003_\q003_limo.particle	oui		1.32;1.32;1.44
base\fx\quest\q003\q003_\q003_water_splash.effect	non	3.75	13.23;13.23;25.96
base\fx\quest\q003\q003_\q003_water_splash.particle	non	2	13.23;13.23;25.96
base\fx\quest\q004\cctv_screens\cam_stairs_play.effect	oui		1.6;1.6;1.6
base\fx\quest\q004\cctv_screens\cam_stairs_play.particle	non	15	1.6;1.6;1.6
base\fx\quest\q004\cctv_screens\cam_stairs_start.effect	oui		1.6;1.6;1.6
base\fx\quest\q004\cctv_screens\cam_stairs_start.particle	oui		1.6;1.6;1.6
base\fx\quest\q004\cctv_screens\cam_stairs_stop.particle	oui		1.6;1.6;1.6
base\fx\quest\q004\cctv_screens\door_v1_play.effect	oui		1.6;1.6;1.6
base\fx\quest\q004\cctv_screens\door_v1_play.particle	non	15	1.6;1.6;1.6
base\fx\quest\q004\cctv_screens\door_v1_start.effect	oui		1.6;1.6;1.6
base\fx\quest\q004\cctv_screens\door_v1_start.particle	oui		1.6;1.6;1.6
base\fx\quest\q004\cctv_screens\door_v2_play.effect	oui		1.6;1.6;1.6
base\fx\quest\q004\cctv_screens\door_v2_play.particle	non	15	1.6;1.6;1.6
base\fx\quest\q004\cctv_screens\door_v2_start.effect	oui		1.6;1.6;1.6
base\fx\quest\q004\cctv_screens\door_v2_start.particle	oui		1.6;1.6;1.6
base\fx\quest\q004\laerscan_looped.particle	oui		2;2;3
base\fx\quest\q004\laserscan.particle	non	2	2;2;3
base\fx\quest\q004\projection\empathy_red_projection.particle	oui		4;4;4
base\fx\quest\q004\projection\q004_lizzies_projections_noise_01.particle	oui		4;4;4
base\fx\quest\q004\projection\q004_lizzies_projections_noise_02.particle	oui		4;4;4
base\fx\quest\q004\projection\q004_lizzies_projections_noise_03.particle	oui		4;4;4
base\fx\quest\q004\projection\q004_lizzies_projections_noise_04.particle	oui		4;4;4
base\fx\quest\q004\q004_braindance_calibration\q004_braindance_calibration_tingling.effect	non	4	1;1;1
base\fx\quest\q004\q004_braindance_calibration\q004_braindance_calibration_tingling.particle	non	4	1;1;1
base\fx\quest\q004\q004_braindance_calibration\q004_braindance_device_calibration.effect	non	5.49	1.01;1;1.01
base\fx\quest\q004\q004_braindance_calibration\q004_braindance_device_calibration_l.particle	non	0.65	1;1;1.01
base\fx\quest\q004\q004_braindance_calibration\q004_braindance_device_calibration_r.particle	non	0.65	1;1;1.01
base\fx\quest\q004\q004_braindance_tutorial\q004_ac_outisde_shop.particle	oui		6.8;6.8;9.6
base\fx\quest\q004\q004_braindance_tutorial\q004_bd_ac_smoke.effect	oui		6.8;6.8;9.6
base\fx\quest\q004\q004_braindance_tutorial\q004_bd_diode.particle	oui		0.1;0.1;0.1
base\fx\quest\q004\q004_braindance_tutorial\q004_bd_light_blinking.effect	oui		0.1;0.1;0.1
base\fx\quest\q004\q004_braindance_tutorial\q004_bd_onscreen_glitch.particle	oui		2.06;2.06;2.12
base\fx\quest\q004\q004_braindance_tutorial\q004_blackout.effect	non	3	3.55;3.55;5
base\fx\quest\q004\q004_braindance_tutorial\q004_blackout_glitch.particle	non	4	3.55;3.55;5
base\fx\quest\q004\q004_braindance_tutorial\q004_blood_burst.effect	non	3	6.64;6.64;10.42
base\fx\quest\q004\q004_braindance_tutorial\q004_blood_burst.particle	non	1.5	6.64;6.64;10.42
base\fx\quest\q004\q004_braindance_tutorial\q004_blood_decal.effect	oui		0;0;0
base\fx\quest\q004\q004_braindance_tutorial\q004_blood_decal_02.effect	oui		0;0;0
base\fx\quest\q004\q004_braindance_tutorial\q004_braindance_clue_scanable.effect	oui		0;0;0
base\fx\quest\q004\q004_braindance_tutorial\q004_braindance_clue_scanable.particle	oui		0;0;0
base\fx\quest\q004\q004_braindance_tutorial\q004_braindance_glitch.effect	oui		1.3;1;1.3
base\fx\quest\q004\q004_braindance_tutorial\q004_braindance_glitch.particle	oui		1.3;1;1.3
base\fx\quest\q004\q004_braindance_tutorial\q004_braindance_glitch_2m.effect	oui		1.9;1.3;2
base\fx\quest\q004\q004_braindance_tutorial\q004_braindance_glitch_2m.particle	oui		1.9;1.3;2
base\fx\quest\q004\q004_braindance_yorinobu\q004_braindance_glitch_small.effect	oui		1;1;1
base\fx\quest\q004\q004_braindance_yorinobu\q004_braindance_glitch_small.particle	oui		1;1;1
base\fx\quest\q004\q004_lizzys_main\q004_cherry_blossom_petals_holo_lizzy.particle	oui		6.66;6.66;12.31
base\fx\quest\q004\q004_lizzys_main\q004_lasers_violet.particle	oui		2;2;2
base\fx\quest\q004\q004_lizzys_main\q004_npc_vomit.effect	non	30	1.2;1.2;1.4
base\fx\quest\q004\q004_lizzys_main\q004_npc_vomit.particle	non	0.4	1.2;1.2;1.4
base\fx\quest\q004\q004_lizzys_main\q004_npc_vomit_splash.particle	non	0.5	1.15;1.15;1.2
base\fx\quest\q004\q004_meeting_evelyn\q004_pouring_tequila.particle	non	0.2	0.17;0.17;0.24
base\fx\quest\q004\q004_shades_default.effect	non	0.1	0;0;0
base\fx\quest\q004\q004_shades_off.effect	non	5	0;0;0
base\fx\quest\q004\q004_shades_on.effect	non	5	0;0;0
base\fx\quest\q004\q004_vip_room\q004_wall_flowing.particle	oui		2;2;2
base\fx\quest\q004\simulation\pour_wine.effect	non	0.7	0;0;0
base\fx\quest\q004\simulation\stand_bar_lean0__2h_on_bar_wide__01_serve_two_drinks__01__sim_fx.effect	non	4.9	0;0;0
base\fx\quest\q005\e_steam_pouring_al_entrance_q005.particle	oui		2.11;2.11;3.42
base\fx\quest\q005\fx_falling_through_roof.effect	non	6	27;27;51.2
base\fx\quest\q005\fx_falling_through_roof.particle	non	12	27;27;51.2
base\fx\quest\q005\q0005_spiderbot\q005_spiderbot_link.effect	oui		1.25;1.25;1.5
base\fx\quest\q005\q0005_spiderbot\q005_spiderbot_link.particle	non	0.5	1.25;1.25;1.5
base\fx\quest\q005\q005_00_jackie_afterlife_chat\e_smoke_cigarette_ashtray_q005.particle	oui		5.1;5.1;10.1
base\fx\quest\q005\q005_00_jackie_afterlife_chat\e_smoke_cigarette_cloud_q005.particle	oui		3.9;3.3;4.9
base\fx\quest\q005\q005_00_jackie_afterlife_chat\e_steam_pouring_curtain_q005.particle	oui		2.64;3.04;4.29
base\fx\quest\q005\q005_00_jackie_afterlife_chat\e_steam_pouring_strong_q005.particle	oui		2.27;2.47;3.74
base\fx\quest\q005\q005_01_plan\e_smoke_cigarette_bar_q005.particle	oui		3.5;2.7;3.1
base\fx\quest\q005\q005_01_plan\e_steam_pouring_curtain_q005.particle	oui		2.64;2.64;4.29
base\fx\quest\q005\q005_03_entrance\q005_hand_scanner.effect	oui		0;0;0
base\fx\quest\q005\q005_03_entrance\q005_hand_scanner.particle	oui		1.19;1.19;1.39
base\fx\quest\q005\q005_03_entrance\q005_security_gate.particle	oui		1;1;1.2
base\fx\quest\q005\q005_03_entrance\q005_security_gate_alarm.effect	oui		1;1;1.2
base\fx\quest\q005\q005_03_entrance\q005_security_gate_blue.particle	oui		1;1;1.2
base\fx\quest\q005\q005_03_entrance\q005_security_gate_red.particle	oui		1;1;1.2
base\fx\quest\q005\q005_03_entrance\q005_security_scanline.particle	oui		26;26;51
base\fx\quest\q005\q005_03_entrance\q005_security_scanline_notxaa.particle	oui		26;26;51
base\fx\quest\q005\q005_07_vip_apartment\q005_av_dust.effect	oui		8.74;8.74;17.22
base\fx\quest\q005\q005_07_vip_apartment\q005_av_dust.particle	oui		8.74;8.74;17.22
base\fx\quest\q005\q005_07_vip_apartment\q005_glass_crack.effect	oui		1;1;1
base\fx\quest\q005\q005_07_vip_apartment\q005_glass_crack.particle	oui		1;1;1
base\fx\quest\q005\q005_07_vip_apartment\q005_hacking_safe.effect	oui		0;0;0
base\fx\quest\q005\q005_07_vip_apartment\q005_hacking_safe_light.effect	oui		1;1;1
base\fx\quest\q005\q005_07_vip_apartment\q005_red_light_on.effect	oui		0;0;0
base\fx\quest\q005\q005_07_vip_apartment\q005_saburos_head_blood.effect	oui		1;1;1
base\fx\quest\q005\q005_07_vip_apartment\q005_saburos_head_blood.particle	oui		1;1;1
base\fx\quest\q005\q005_07_vip_apartment\q005_safe_smoke.particle	non	6	1;1;1
base\fx\quest\q005\q005_09_attack\d_syringe_heal_q005.effect	non	6	11.74;11.74;22.47
base\fx\quest\q005\q005_09_attack\d_syringe_heal_q005.particle	non	2	11.74;11.74;22.47
base\fx\quest\q005\q005_09_attack\q005_av_fake_light.particle	oui		1.44;1.42;1.6
base\fx\quest\q005\q005_09_attack\q005_av_glow.effect	oui		1.44;1.42;1.6
base\fx\quest\q005\q005_09_attack\q005_av_hostile.effect	oui		1.15;1.15;1.3
base\fx\quest\q005\q005_09_attack\q005_av_muzzle_flash.effect	oui		5.4;5.4;10.59
base\fx\quest\q005\q005_09_attack\q005_av_scan.effect	oui		5;5;5
base\fx\quest\q005\q005_09_attack\q005_av_shot.particle	non	2	5.4;5.4;10.59
base\fx\quest\q005\q005_09_attack\q005_av_weapon_trail.effect	non	1.25	8;8;8.01
base\fx\quest\q005\q005_09_attack\q005_av_weapon_trail.particle	non	1	8;8;8.01
base\fx\quest\q005\q005_09_attack\q005_blood_suitcase.effect	oui		0;0;0
base\fx\quest\q005\q005_09_attack\q005_broken_chip.effect	oui		3.11;3.11;5.91
base\fx\quest\q005\q005_09_attack\q005_character_impact_smoke.effect	non	4.92	5.8;6;11.5
base\fx\quest\q005\q005_09_attack\q005_character_impact_smoke.particle	non	4	5.8;6;11.5
base\fx\quest\q005\q005_09_attack\q005_chip_broken.effect	oui		1.65;1.65;2
base\fx\quest\q005\q005_09_attack\q005_chip_broken.particle	oui		1.05;1.05;1
base\fx\quest\q005\q005_09_attack\q005_chip_broken_smoke.particle	oui		1.65;1.65;2
base\fx\quest\q005\q005_09_attack\q005_chip_remove.particle	non	0.65	1.52;1.52;3.04
base\fx\quest\q005\q005_09_attack\q005_damaged_suitcase.effect	non	20.24	3.11;3.11;5.91
base\fx\quest\q005\q005_09_attack\q005_damaged_suitcase.particle	oui		1.05;1.05;1
base\fx\quest\q005\q005_09_attack\q005_damaged_suitcase_smoke.particle	non	1.5	3.11;3.11;5.91
base\fx\quest\q005\q005_09_attack\q005_drone_scan_player.particle	non	1.8	0.1;0.1;0.1
base\fx\quest\q005\q005_09_attack\q005_engine.effect	oui		23;23;23
base\fx\quest\q005\q005_09_attack\q005_engine_fx.particle	oui		23;23;23
base\fx\quest\q005\q005_09_attack\q005_glass_hit.particle	non	0.5	6.24;5.04;9.72
base\fx\quest\q005\q005_09_attack\q005_impact_metal_panel.effect	non	34.9	13.02;13.02;25.04
base\fx\quest\q005\q005_09_attack\q005_impact_solar_decal.effect	non	60	0;0;0
base\fx\quest\q005\q005_09_attack\q005_impact_solar_panel.effect	non	34.9	13.02;13.02;25.04
base\fx\quest\q005\q005_09_attack\q005_impact_suitcase.effect	non	1.35	6.19;6.19;12.23
base\fx\quest\q005\q005_09_attack\q005_jackie_blood.effect	non	3.36	12.66;12.66;23.31
base\fx\quest\q005\q005_09_attack\q005_jackie_blood.particle	non	3.5	12.66;12.66;23.31
base\fx\quest\q005\q005_09_attack\q005_light_control.effect	oui		0;0;0
base\fx\quest\q005\q005_09_attack\q005_metal_impact.particle	non	0.4	3.14;3.14;6.27
base\fx\quest\q005\q005_09_attack\q005_panel_solar_impact.particle	non	2	13.02;13.02;25.04
base\fx\quest\q005\q005_09_attack\q005_rain_location.particle	oui		9.55;6.95;11.95
base\fx\quest\q005\q005_09_attack\q005_rain_location2.particle	oui		13.63;21.63;18.95
base\fx\quest\q005\q005_09_attack\q005_rain_location3.particle	oui		2.97;0.97;1.64
base\fx\quest\q005\q005_09_attack\q005_rain_location4.particle	oui		1.7;1.7;1.1
base\fx\quest\q005\q005_09_attack\q005_rain_location5.particle	oui		2.25;0.25;0.25
base\fx\quest\q005\q005_09_attack\q005_remove_chip.effect	non	20.24	1.52;1.52;3.04
base\fx\quest\q005\q005_09_attack\q005_scan.particle	oui		5;5;5
base\fx\quest\q005\q005_09_attack\q005_scan_av_player.effect	non	1.5	0.1;0.1;0.1
base\fx\quest\q005\q005_09_attack\q005_scan_effect_fpp.effect	non	9	0;0;0
base\fx\quest\q005\q005_09_attack\q005_smoke_ambient.particle	oui		14.85;18.31;26.97
base\fx\quest\q005\q005_09_attack\q005_spot_light_texture.particle	oui		10;10;16
base\fx\quest\q005\q005_09_attack\q005_suitcase_hit.particle	non	2	6.19;6.19;12.23
base\fx\quest\q005\q005_14_after_escape\q005_blood_hit.effect	non	4.31	11.61;11.61;22.21
base\fx\quest\q005\q005_14_after_escape\q005_car_door_hit.particle	non	1	5.8;5.8;11.4
base\fx\quest\q005\q005_14_after_escape\q005_car_sparks_impact.effect	non	2.68	25.44;25.44;50.44
base\fx\quest\q005\q005_14_after_escape\q005_car_sparks_impact.particle	non	1	25.44;25.44;50.44
base\fx\quest\q005\q005_14_after_escape\q005_chip_glitch.effect	non	3.01	2.5;2.5;4
base\fx\quest\q005\q005_14_after_escape\q005_chip_glitch.particle	non	3	2.5;2.5;4
base\fx\quest\q005\q005_14_after_escape\q005_delamain_blood_decal_01.effect	oui		0;0;0
base\fx\quest\q005\q005_14_after_escape\q005_destro_blood_hit.particle	non	3.5	11.61;11.61;22.21
base\fx\quest\q005\q005_14_after_escape\q005_destro_first_baricade.effect	non	9.07	28;27;61
base\fx\quest\q005\q005_14_after_escape\q005_destro_first_baricade.particle	non	12	28;27;61
base\fx\quest\q005\q005_14_after_escape\q005_destro_first_baricade_car.particle	non	12	28;27;61
base\fx\quest\q005\q005_14_after_escape\q005_destro_gate.effect	non	9.07	29;30;61
base\fx\quest\q005\q005_14_after_escape\q005_destro_gate.particle	non	12	29;30;61
base\fx\quest\q005\q005_14_after_escape\q005_destro_glass.particle	non	5	25.45;25.45;50.65
base\fx\quest\q005\q005_14_after_escape\q005_destro_glass_impact.particle	non	2.5	2.06;2.06;3.22
base\fx\quest\q005\q005_14_after_escape\q005_destro_last_baricade.effect	non	9.07	28;27;61
base\fx\quest\q005\q005_14_after_escape\q005_destro_last_baricade.particle	non	12	28;27;61
base\fx\quest\q005\q005_14_after_escape\q005_firt_baricade_car.effect	non	3.49	28;27;61
base\fx\quest\q005\q005_14_after_escape\q005_glass_decal_fake.particle	oui		0.6;0.6;1.1
base\fx\quest\q005\q005_14_after_escape\q005_glass_impact.effect	non	34.82	5.8;5.8;11.4
base\fx\quest\q005\q005_14_after_escape\q005_glass_impact.particle	non	2	3.14;3.14;6.27
base\fx\quest\q005\q005_14_after_escape\q005_impact_hit_weapon_metal.effect	non	34.82	3.14;3.14;6.27
base\fx\quest\q005\q005_14_after_escape\q005_jackie_heartbeat_blackout.effect	oui		1;1;1
base\fx\quest\q005\q005_14_after_escape\q005_jackie_heartbeat_lights.effect	oui		0;0;0
base\fx\quest\q005\q005_14_after_escape\q005_jackie_heartbeat_lights2.effect	oui		0;0;0
base\fx\quest\q005\q005_14_after_escape\q005_jackie_heartbeat_lights3.effect	non	6	0;0;0
base\fx\quest\q005\q005_14_after_escape\q005_jakie_heartbeat_blackout.particle	oui		1;1;1
base\fx\quest\q005\q005_14_after_escape\q005_metal_hit.particle	non	0.3	3.14;3.14;6.27
base\fx\quest\q005\q005_14_after_escape\q005_smasher_car_impact.effect	non	6.55	25.45;25.45;50.65
base\fx\quest\q005\q005_14_after_escape\q005_smasher_impact.particle	non	5	25.3;25.3;50.3
base\fx\quest\q005\q005_14_after_escape\q005_smasher_land.effect	non	15	13.47;13.47;26.73
base\fx\quest\q005\q005_14_after_escape\q005_smasher_land.ground.particle	non	8	13.47;13.47;26.73
base\fx\quest\q005\q005_14_after_escape\q005_smasher_smoke_ambient.effect	non	17.84	25.3;25.3;50.3
base\fx\quest\q005\q005_14_after_escape\q005_smasher_smoke_ambient.particle	non	12	25.3;25.3;50.3
base\fx\quest\q005\q005_14_after_escape\q005_smoke_breake.effect	non	7.85	26.5;26.5;51.5
base\fx\quest\q005\q005_14_after_escape\q005_smoke_breake.particle	oui		26.5;26.5;51.5
base\fx\quest\q005\q005_14_after_escape\q005_wheel_smoke.effect	oui		4.11;4.11;6.81
base\fx\quest\q005\q005_14_after_escape\q005_wheel_smoke.particle	oui		4.11;4.11;6.81
base\fx\quest\q005\q005_15_no_tell_motel\q005_dizziness.effect	non	15	0;0;0
base\fx\quest\q005\q005_15_no_tell_motel\q005_hands_drip.effect	non	6	0.96;0.96;1.31
base\fx\quest\q005\q005_15_no_tell_motel\q005_hands_drip.particle	non	0.4	0.96;0.96;1.31
base\fx\quest\q005\q005_15_no_tell_motel\q005_hand_blood.effect	non	5	0;0;0
base\fx\quest\q005\q005_15_no_tell_motel\q005_hand_blood_loop.effect	oui		0;0;0
base\fx\quest\q005\q005_15_no_tell_motel\q005_head_blood_loop.effect	oui		0;0;0
base\fx\quest\q005\q005_15_no_tell_motel\q005_pain.particle	oui		1;1;1
base\fx\quest\q005\q005_15_no_tell_motel\q005_pistol_liberty_dex_muzzle_custom.effect	non	5.05	5.86;5.86;10.72
base\fx\quest\q005\q005_15_no_tell_motel\q005_pistol_liberty_dex_muzzle_custom.particle	non	0.8	5.03;5.03;9.87
base\fx\quest\q005\q005_15_no_tell_motel\q005_plan_smoke_ambient.particle	oui		13.36;13.36;23.96
base\fx\quest\q005\q005_15_no_tell_motel\q005_smoke_ambient.particle	oui		13.36;13.36;23.96
base\fx\quest\q005\q005_15_no_tell_motel\q005_wash_face.effect	non	6	0;0;0
base\fx\quest\q005\q005_15_no_tell_motel\q005_wash_face.particle	oui		7.25;7.25;13.5
base\fx\quest\q005\q005_15_no_tell_motel\q005_water_stream.effect	non	6	2.5;2.5;2.5
base\fx\quest\q005\q005_15_no_tell_motel\q005_water_stream.particle	oui		2.5;2.5;2.5
base\fx\quest\q005\q005_drone_turret.particle	oui		5.4;5.4;10.59
base\fx\quest\q005\q005_jigjig_street\q005_jigjig_street_manhole_steam.particle	oui		6.42;6.42;8.85
base\fx\quest\q101\elevator_falling_smoke.effect	non	2.72	30.9;30.9;51.7
base\fx\quest\q101\elevator_falling_smoke.particle	non	12	30.9;30.9;51.7
base\fx\quest\q101\elevator_falling_smoke__special.particle	non	4	14.35;14.35;27
base\fx\quest\q101\elevator_falling_sparks.effect	oui		12.75;12.75;25.25
base\fx\quest\q101\elevator_falling_sparks.particle	non	2.5	12.75;12.75;25.25
base\fx\quest\q101\elevator_hit_sparks.effect	non	4.96	20.7;20.7;40.9
base\fx\quest\q101\elevator_hit_sparks.particle	non	3	20.7;20.7;40.9
base\fx\quest\q101\e_smoke_cloud_detail_q101.particle	oui		1.5;1.5;1.5
base\fx\quest\q101\e_smoke_pipe_slow_q101.particle	oui		0.78;0.78;1.26
base\fx\quest\q101\e_smoke_pouring_slow_q101.particle	oui		1.02;1.02;1.74
base\fx\quest\q101\q101nuclear_explosion_shockwave.effect	non	200	15.94;13.57;9.48
base\fx\quest\q101\q101nuclear_explosion_shockwave_02.effect	non	200	15.94;13.57;9.48
base\fx\quest\q101\q101_02_vision_and_sobchuk\p_johnny_sickness_symptoms_medium_lighter.effect	oui		1;1;1
base\fx\quest\q101\q101_05_after_crash\q101_car_smoke.effect	oui		4.04;4.14;6.98
base\fx\quest\q101\q101_05_after_crash\q101_gas_spill_burning.particle	oui		1.06;1.06;1.12
base\fx\quest\q101\q101_05_after_crash\q101_v_damage_engine_car.particle	oui		4.04;4.04;6.98
base\fx\quest\q101\q101_06c_memories_p2\e_fire_large_distant_q101.particle	oui		31;31;56
base\fx\quest\q101\q101_06c_memories_p2\q101_armed_bomb_diode.effect	non	0.99	0;0;0
base\fx\quest\q101\q101_06c_memories_p2\q101_blood_hit_helicopter_outside.effect	non	59.52	14.49;14.49;28.78
base\fx\quest\q101\q101_06c_memories_p2\q101_blood_hit_npc_helicopter.effect	non	3.53	7.06;7.06;13.12
base\fx\quest\q101\q101_06c_memories_p2\q101_breake_barrier.effect	non	15	23.65;23.65;35.23
base\fx\quest\q101\q101_06c_memories_p2\q101_breake_barrier.particle	non	14	23.65;23.65;35.23
base\fx\quest\q101\q101_06c_memories_p2\q101_breake_door.effect	non	15	26.65;26.65;51.65
base\fx\quest\q101\q101_06c_memories_p2\q101_breake_door.particle	non	12	26.65;26.65;51.65
base\fx\quest\q101\q101_06c_memories_p2\q101_breake_door_impact.particle	non	2	14.49;14.49;28.78
base\fx\quest\q101\q101_06c_memories_p2\q101_destro_smoke_ambient.particle	oui		15.16;15.16;18.82
base\fx\quest\q101\q101_06c_memories_p2\q101_destro_smoke_ambient02.particle	non	6	2.6;2.6;3.2
base\fx\quest\q101\q101_06c_memories_p2\q101_electric_hand.effect	non	5.89	2.18;2.18;2.16
base\fx\quest\q101\q101_06c_memories_p2\q101_impact_blood_npc_helicopter.particle	non	9	7.06;7.06;13.12
base\fx\quest\q101\q101_06c_memories_p2\q101_impact_concrete.effect	non	59.99	11.06;11.06;21.93
base\fx\quest\q101\q101_06c_memories_p2\q101_impact_concrete.particle	non	10	11.06;11.06;21.93
base\fx\quest\q101\q101_06c_memories_p2\q101_impact_electric_hand.particle	non	0.15	2.18;2.18;2.16
base\fx\quest\q101\q101_06c_memories_p2\q101_impact_helicopter_hmg.particle	non	2	14.49;14.49;28.78
base\fx\quest\q101\q101_06c_memories_p2\q101_impact_hit.effect	non	59.99	28;27;61
base\fx\quest\q101\q101_06c_memories_p2\q101_impact_hit_helicopter.effect	non	59.52	3.5;3.5;6.8
base\fx\quest\q101\q101_06c_memories_p2\q101_impact_hit_smasher.effect	non	6.07	10.36;10.36;19.92
base\fx\quest\q101\q101_06c_memories_p2\q101_impact_sparks.particle	non	12	28;27;61
base\fx\quest\q101\q101_06c_memories_p2\q101_impact_sparks_helicopter.particle	non	2.5	3.5;3.5;6.8
base\fx\quest\q101\q101_06c_memories_p2\q101_impact_sparks_helicopter_outside.particle	non	1.6	3.5;3.5;6.8
base\fx\quest\q101\q101_06c_memories_p2\q101_impact_sparks_smasher.particle	non	0.8	10.36;10.36;19.92
base\fx\quest\q101\q101_06c_memories_p2\q101_player_landing.effect	non	15	15.79;15.79;29.93
base\fx\quest\q101\q101_06c_memories_p2\q101_smasher_landing.effect	non	15	15.79;15.79;29.93
base\fx\quest\q101\q101_06c_memories_p2\q101_smasher_landing.particle	oui		15.79;15.79;29.93
base\fx\quest\q101\q101_06c_memories_p2\v_helicopter_dust_kickup_q101.effect	oui		8.74;8.74;17.22
base\fx\quest\q101\q101_06c_memories_p2\v_helicopter_dust_kickup_q101.particle	oui		8.74;8.74;17.22
base\fx\quest\q101\q101_06c_memories_p2\v_helicopter_rooftop_kickup_q101.effect	oui		8.74;8.74;17.22
base\fx\quest\q101\q101_06c_memories_p2\v_helicopter_rooftop_kickup_q101.particle	oui		8.74;8.74;17.22
base\fx\quest\q101\q101_07c_johnny_triggers\q101_blood_hit_01.particle	non	1.1	3.55;3.55;6.1
base\fx\quest\q101\q101_07c_johnny_triggers\q101_hitting_head_blood.effect	oui		6.25;6.25;11.5
base\fx\quest\q101\q101_07c_johnny_triggers\q101_pills_spill.effect	non	2	2.47;2.47;3.95
base\fx\quest\q101\q101_07c_johnny_triggers\q101_pills_spill.particle	non	2	2.47;2.47;3.95
base\fx\quest\q101\q101_07c_shower\q101_07c_shower.effect	oui		4;4;6.45
base\fx\quest\q101\q101_07c_shower\q101_07c_shower.particle	oui		4;4;6.45
base\fx\quest\q101\q101_07c_shower\q101_blood_on_hands.effect	non	8	0;0;0
base\fx\quest\q101\q101_chase\car_shoot_hit.effect	non	2.68	3.52;3.52;6.6
base\fx\quest\q101\q101_chase\q101_bike_dust_fast.particle	oui		1.87;1.87;2.49
base\fx\quest\q101\q101_chase\q101_bike_explosion.effect	non	10	26;26;51
base\fx\quest\q101\q101_chase\q101_bike_explosion.particle	non	10	26;26;51
base\fx\quest\q101\q101_chase\q101_bike_trail_roll.effect	oui		6.68;6.68;9.57
base\fx\quest\q101\q101_chase\q101_blood.effect	non	3.53	7.06;7.06;13.12
base\fx\quest\q101\q101_chase\q101_blood_troy_crash.effect	oui		28;27;61
base\fx\quest\q101\q101_chase\q101_car_impact_front.effect	non	30	28;27;61
base\fx\quest\q101\q101_chase\q101_car_impact_windshield.effect	non	30	27;27;51.6
base\fx\quest\q101\q101_chase\q101_debris_land.particle	non	7	13.19;12.89;24.78
base\fx\quest\q101\q101_chase\q101_fire_trail_bike.particle	oui		6.68;6.68;9.57
base\fx\quest\q101\q101_chase\q101_glass_hit.particle	non	4	2.22;2.22;4.1
base\fx\quest\q101\q101_chase\q101_hit_body.particle	non	12	28;27;61
base\fx\quest\q101\q101_chase\q101_impact_smoke.particle	non	1.2	1.18;1.18;2.12
base\fx\quest\q101\q101_chase\q101_impact_sparks.particle	non	1.2	26.04;26.04;50.64
base\fx\quest\q101\q101_chase\q101_mantis_plastic.particle	non	10	25.65;25.65;50.65
base\fx\quest\q101\q101_chase\q101_motobike_smoke_tires.effect	oui		3.74;3.74;6.22
base\fx\quest\q101\q101_chase\q101_motobike_smoke_tires_02.effect	oui		1.87;1.87;2.49
base\fx\quest\q101\q101_chase\q101_motobike_smoke_tires_weak.effect	oui		2.72;2.72;4.04
base\fx\quest\q101\q101_chase\q101_smoke_bike.particle	oui		2.72;2.72;4.04
base\fx\quest\q101\q101_chase\q101_smoke_large.particle	oui		26;26;46
base\fx\quest\q101\q101_chase\q101_smoke_tire_drift.effect	oui		22.04;22.04;24.68
base\fx\quest\q101\q101_chase\q101_smoke_tire_drift.particle	oui		22.04;22.04;24.68
base\fx\quest\q101\q101_chase\q101_sparkss_car_front.particle	non	12	28;27;61
base\fx\quest\q101\q101_chase\q101_sparkss_car_front_02.particle	non	12	28;27;61
base\fx\quest\q101\q101_chase\q101_sparkss_debris.particle	non	2.5	13.19;12.89;24.78
base\fx\quest\q101\q101_chase\q101_sparkss_hit_car.particle	non	1	3.52;3.52;6.6
base\fx\quest\q101\q101_chase\q101_sparkss_hit_car_last.particle	non	12	28;27;61
base\fx\quest\q101\q101_chase\q101_sparkss_land.particle	non	12	28;27;61
base\fx\quest\q101\q101_chase\q101_sparkss_mantis.particle	non	12	28;27;61
base\fx\quest\q101\q101_chase\q101_sparks_mantis.effect	non	2.02	28;27;61
base\fx\quest\q101\q101_chase\q101_steam_drifting.particle	oui		16.06;16.06;28.12
base\fx\quest\q101\q101_chase\q101_steam_drifting_front.particle	oui		2.18;2.18;2.86
base\fx\quest\q101\q101_chase\q101_stone_impact.particle	non	2	13.81;13.81;27.32
base\fx\quest\q101\q101_chase\q101_test.particle	oui		0.6;0.6;1.1
base\fx\quest\q101\q101_chase\q101_traffic_car_impact.effect	non	15	27;27;51.6
base\fx\quest\q101\q101_chase\q101_troy_bike_flare.effect	oui		1.6;1.6;1.6
base\fx\quest\q101\q101_chase\q101_troy_bike_flare.particle	oui		1.6;1.6;1.6
base\fx\quest\q101\q101_chase\q101_troy_car_hit.effect	non	4.28	28;27;61
base\fx\quest\q101\q101_chase\q101_troy_car_hit_02.effect	non	4.28	28;27;61
base\fx\quest\q101\q101_chase\q101_troy_car_hit_03.effect	non	4.28	28;27;61
base\fx\quest\q101\q101_chase\q101_troy_car_hit_04.effect	non	4.28	28;27;61
base\fx\quest\q101\q101_chase\q101_troy_car_hit_05.effect	non	4.28	28;27;61
base\fx\quest\q101\q101_chase\q101_troy_car_hit_06.effect	non	4.28	28;27;61
base\fx\quest\q101\q101_chase\q101_troy_car_hit_last.effect	non	4.28	28;27;61
base\fx\quest\q101\q101_chase\q101_troy_car_stone_hit.effect	non	30	28;27;61
base\fx\quest\q101\q101_chase\q101_troy_hit_body.effect	non	3	28;27;61
base\fx\quest\q101\q101_chase\q101_troy_land_car.effect	non	30	28;27;61
base\fx\quest\q101\q101_chase\q101_troy_mantis_hit_plastic.effect	non	15	25.65;25.65;50.65
base\fx\quest\q101\q101_chase\q101_troy_sparks_carr.particle	non	12	28;27;61
base\fx\quest\q101\q101_chase\q101_truck_smoke_tires.effect	oui		2.87;2.87;4.34
base\fx\quest\q101\q101_chase\q101_truck_tires_smoke.particle	oui		2.37;2.37;3.49
base\fx\quest\q101\q101_chase\q101_truck_tires_smoke_weak.particle	oui		2.87;2.87;4.34
base\fx\quest\q101\q101_chase\q101_windshield_destro.effect	non	5	26.04;26.04;50.64
base\fx\quest\q101\q101_chase\q101_windshield_impact.particle	non	0.8	9.35;9.35;17.27
base\fx\quest\q101\q101_chase\q101_wind_shield_destro.particle	non	5	26.04;26.04;50.64
base\fx\quest\q101\q101_chopper_smoke.effect	non	15	25.8;25.8;50.8
base\fx\quest\q101\q101_chopper_smoke.particle	oui		25.8;25.8;50.8
base\fx\quest\q101\q101_crushed_cyborg.effect	oui		3.72;3.72;5.45
base\fx\quest\q101\q101_crushed_cyborg_v002.effect	oui		2;2;2.5
base\fx\quest\q101\q101_cyborg_bleeding.particle	oui		2;2;2.5
base\fx\quest\q101\q101_cyborg_bleeding_light.particle	oui		0.04;0.04;0.04
base\fx\quest\q101\q101_cyborg_blood_decal.effect	oui		0;0;0
base\fx\quest\q101\q101_cyborg_smoke_eye.particle	oui		0.24;0.24;0.37
base\fx\quest\q101\q101_cyborg_smoke_head.particle	oui		1.32;1.32;2.44
base\fx\quest\q101\q101_dex_blood_ground.effect	non	58.24	0;0;0
base\fx\quest\q101\q101_dex_headshot.effect	non	3.53	11.61;11.61;22.21
base\fx\quest\q101\q101_dex_headshot.particle	non	7	11.61;11.61;22.21
base\fx\quest\q101\q101_dex_headshot_back.particle	non	0.3	1.35;1.35;1.8
base\fx\quest\q101\q101_dex_mud_fall.effect	non	3.53	3.98;4.98;4.47
base\fx\quest\q101\q101_escape\q101_escape_dust_env.particle	oui		116.79;116.79;79.54
base\fx\quest\q101\q101_escape\q101_escape_dust_env_02.particle	oui		30.79;30.79;101.54
base\fx\quest\q101\q101_escape\q101_escape_smoke_particle.particle	oui		27.5;27.5;52.5
base\fx\quest\q101\q101_escape\q101_escape_smoke_up.particle	oui		27.5;27.5;52.5
base\fx\quest\q101\q101_falling_fire_dust.particle	oui		69.06;91.06;114.06
base\fx\quest\q101\q101_fire_large.particle	oui		3.55;3.55;6.55
base\fx\quest\q101\q101_fire_tower_01.particle	oui		28;56.15;53
base\fx\quest\q101\q101_fire_tower_02.particle	oui		41.06;57.5;52.5
base\fx\quest\q101\q101_johnny_badly_wounded.effect	oui		26;26;51
base\fx\quest\q101\q101_mud_dex_fall.particle	non	0.7	3.98;4.98;4.47
base\fx\quest\q101\q101_nuclear_explo_shockwave.effect	non	200	15.94;13.57;9.48
base\fx\quest\q101\q101_nuclear_explo_shockwave_02.particle	oui		15.94;13.57;9.48
base\fx\quest\q101\q101_nuclear_explo_shockwave_03.particle	oui		15.94;13.57;9.48
base\fx\quest\q101\q101_p_johnny_sickness_dark.effect	oui		1;1;1
base\fx\quest\q101\q101_p_johnny_sickness_variant.effect	oui		1;1;1
base\fx\quest\q101\q101_p_johnny_sickness_variant.particle	oui		1;1;1
base\fx\quest\q101\q101_spasm_sparks.effect	non	3	2.7;2.7;5.2
base\fx\quest\q101\q101_spasm_sparks.particle	non	2.5	2.7;2.7;5.2
base\fx\quest\q103\e_battery_explode.effect	non	15	5.94;5.94;11.72
base\fx\quest\q103\e_battery_explode.particle	non	2	5.63;5.63;11.16
base\fx\quest\q103\e_battery_explode_second.particle	non	2.5	5.94;5.94;11.72
base\fx\quest\q103\e_battery_loop.effect	oui		6.03;6.03;11.01
base\fx\quest\q103\e_battery_sparks_loop.particle	oui		6.03;6.03;11.01
base\fx\quest\q103\e_sparks_spark_plug.effect	non	2	1.02;1.02;1.58
base\fx\quest\q103\e_sparks_spark_plug.particle	non	2	1.02;1.02;1.58
base\fx\quest\q103\ghost_town_fx\q103_gt_sparks_01.effect	oui		2.9;2.9;5.55
base\fx\quest\q103\ghost_town_fx\q103_gt_sparks_01_large.effect	non	16.18	25.18;25.18;50.15
base\fx\quest\q103\ghost_town_fx\q103_gt_sparks_01_medium.effect	oui		4.62;4.62;9.12
base\fx\quest\q103\ghost_town_fx\q103_gt_sparks_01_small.effect	oui		3.25;3.25;6.38
base\fx\quest\q103\ghost_town_fx\q103_gt_sparks_02.effect	oui		3.4;3.4;6.65
base\fx\quest\q103\ghost_town_fx\q103_gt_sparks_02_large.effect	non	16.16	25.18;25.18;50.15
base\fx\quest\q103\q103_car_breaking_dust.effect	non	10.5	26.19;26.19;50.37
base\fx\quest\q103\q103_car_breaking_dust.particle	non	6	26.19;26.19;50.37
base\fx\quest\q104\av_chase\q104_av_crash_explosion.effect	non	2	27.5;26.5;52.5
base\fx\quest\q104\av_chase\q104_av_crash_explosion.particle	non	10	27.5;26.5;52.5
base\fx\quest\q104\av_chase\q104_panam_hit_blood_decal.effect	non	59.95	0;0;0
base\fx\quest\q104\av_chase\q104_panam_hit_mist.effect	non	3.5	2.19;2.19;4.02
base\fx\quest\q104\av_chase\q104_panam_hit_trail.effect	non	1.25	8;8;8.01
base\fx\quest\q104\av_chase\q104_panam_hit_trail.particle	non	1	8;8;8.01
base\fx\quest\q104\av_chase\q104_panam_ricochet.effect	non	1	3.14;3.14;6.27
base\fx\quest\q104\av_crashsite\e_smoke_interior_burning_hanging_crawl_q104.particle	oui		6.6;7;8.2
base\fx\quest\q104\av_crashsite\e_smoke_interior_burning_hanging_q104.particle	oui		13.12;10.12;13.25
base\fx\quest\q104\av_crashsite\e_smoke_interior_burning_q104.particle	oui		1.94;1.94;2.89
base\fx\quest\q104\av_crashsite\q104_av_warning_zone.effect	oui		0.5;0.5;1
base\fx\quest\q104\av_crashsite\q104_decal_streaming_workaround.particle	non	1	0.5;0.5;1
base\fx\quest\q104\av_crashsite\q104_smoke_big.particle	oui		10.25;10.25;15.5
base\fx\quest\q104\av_explosion\q104_av_damage_smoke.effect	oui		1.25;1.25;1.25
base\fx\quest\q104\av_explosion\q104_av_damage_smoke.particle	oui		1.25;1.25;1.25
base\fx\quest\q104\av_explosion\q104_av_explosion.effect	non	15.02	28;28;53
base\fx\quest\q104\av_explosion\q104_av_explosion.particle	non	12	28;28;53
base\fx\quest\q104\detonator\q104_detonator.effect	non	1	0;0;0
base\fx\quest\q104\d_flare_smoke_q104.effect	oui		18.76;18.76;35.53
base\fx\quest\q104\d_flare_smoke_q104.particle	oui		18.76;18.76;35.53
base\fx\quest\q104\emp_blackout\q104_emp_blackout_area.effect	non	5	0;0;0
base\fx\quest\q104\e_fire_tiny_cluster_q104.effect	oui		4.92;4.92;8.64
base\fx\quest\q104\e_fire_tiny_cluster_q104.particle	oui		4.92;4.92;8.64
base\fx\quest\q104\e_power_plant_receiver_glare.particle	oui		151.5;151.5;153
base\fx\quest\q104\e_sparks_terminal_malfunction_q104.particle	oui		7.6;7.6;15.1
base\fx\quest\q104\e_sparks_terminal_malfunction_small_q104.particle	oui		1.18;1.18;2.21
base\fx\quest\q104\e_terminal_malfunction_large_burst_q104.particle	oui		10.6;10.6;21.1
base\fx\quest\q104\imp_haru_blood_mouth.effect	non	3	3.15;3.15;4.8
base\fx\quest\q104\imp_haru_blood_mouth.particle	non	0.75	3.15;3.15;4.8
base\fx\quest\q104\panam_sniper_rifle\turret_broken_q104.effect	oui		4.02;4.02;8.03
base\fx\quest\q104\panam_sniper_rifle\w_rifles_panam_sniper_rifle_laser_q104.effect	oui		1.9;1.9;3.7
base\fx\quest\q104\panam_sniper_rifle\w_rifles_panam_sniper_rifle_laser_q104.particle	non	3600	1.9;1.9;3.7
base\fx\quest\q104\panam_sniper_rifle\w_turret_broken_q104.particle	oui		4.02;4.02;8.03
base\fx\quest\q104\q104_av_emp.effect	non	24.94	25.3;25.3;50.3
base\fx\quest\q104\q104_av_emp.particle	oui		25.3;25.3;50.3
base\fx\quest\q104\q104_av_explode.effect	non	12.21	27.5;26.5;52.5
base\fx\quest\q104\q104_av_smoke.effect	oui		8.75;8.75;15
base\fx\quest\q104\q104_av_smoke.particle	oui		8.75;8.75;15
base\fx\quest\q104\q104_av_thrusters.effect	oui		8;8;8
base\fx\quest\q104\q104_av_thrusters.particle	oui		8;8;8
base\fx\quest\q104\q104_bazooka_missle_explosion.effect	non	16.41	27.5;26.5;52.5
base\fx\quest\q104\q104_bazooka_missle_explosion.particle	non	10	27.5;26.5;52.5
base\fx\quest\q104\q104_bazooka_missle_trail.effect	non	7	7.5;7.5;13.5
base\fx\quest\q104\q104_bazooka_missle_trail.particle	non	4	7.5;7.5;13.5
base\fx\quest\q104\q104_bazooka_smoke.effect	non	6	25.6;25.6;50.6
base\fx\quest\q104\q104_bazooka_smoke.particle	non	5	25.6;25.6;50.6
base\fx\quest\q104\q104_calibration_explode.effect	non	43.94	27;27;51
base\fx\quest\q104\q104_chase_car_impacts.effect	non	34.9	13.02;13.02;25.04
base\fx\quest\q104\q104_chase_car_impacts.particle	non	2	13.02;13.02;25.04
base\fx\quest\q104\q104_panam_gate_destruction.effect	non	5	27;27;52
base\fx\quest\q104\q104_panam_gate_destruction.particle	non	5	27;27;52
base\fx\quest\q104\q104_power_plant_explosion.effect	non	22	27.5;27;52.5
base\fx\quest\q104\q104_power_plant_explosion_01.particle	non	25	27;27;52
base\fx\quest\q104\q104_rocket_trail.effect	oui		1.02;1.02;1.05
base\fx\quest\q104\q104_rocket_trail.particle	oui		1.02;1.02;1.05
base\fx\quest\q105\netrunner_death\netrunner_death_simulation.effect	non	16.33	3.55;3.55;4.1
base\fx\quest\q105\netrunner_death\q105_cloth_pieces_001.particle	non	30	4.15;4.15;7.9
base\fx\quest\q105\netrunner_death\q105_netrunner_death_blackout.particle	non	0.8	3.55;3.55;4.1
base\fx\quest\q105\q105_03d_dollhouse_evelyn_attack\q105_blood_burst.effect	non	3	1.91;1.91;2.82
base\fx\quest\q105\q105_03d_dollhouse_evelyn_attack\q105_blood_burst.particle	non	0.5	1.91;1.91;2.82
base\fx\quest\q105\q105_03d_dollhouse_evelyn_attack\q105_hologram_beams_big_corpo.particle	oui		0.03;0.03;0.03
base\fx\quest\q105\q105_03d_dollhouse_evelyn_attack\q105_hologram_beams_big_evelyn.particle	oui		0.03;0.03;0.03
base\fx\quest\q105\q105_03d_dollhouse_evelyn_attack\q105_hologram_beams_corpo.effect	oui		0.1;0.1;0.1
base\fx\quest\q105\q105_03d_dollhouse_evelyn_attack\q105_hologram_beams_corpo.particle	oui		0.1;0.1;0.1
base\fx\quest\q105\q105_03d_dollhouse_evelyn_attack\q105_hologram_beams_corpo_lasers.particle	oui		0.03;0.03;0.03
base\fx\quest\q105\q105_03d_dollhouse_evelyn_attack\q105_hologram_beams_evelyn.effect	oui		0.1;0.1;0.1
base\fx\quest\q105\q105_03d_dollhouse_evelyn_attack\q105_hologram_beams_evelyn.particle	oui		0.1;0.1;0.1
base\fx\quest\q105\q105_03d_dollhouse_evelyn_attack\q105_hologram_beams_evelyn_lasers.particle	oui		0.03;0.03;0.03
base\fx\quest\q105\q105_03d_dollhouse_evelyn_attack\q105_hologram_fake_pointcloud.particle	oui		26;26;51
base\fx\quest\q105\q105_06a_fingers_escape\q105_blood_punch.effect	non	45.1	7.58;7.58;14.16
base\fx\quest\q105\q105_06a_fingers_escape\q105_blood_punch.particle	non	1.5	7.58;7.58;14.16
base\fx\quest\q105\q105_06a_fingers_escape\q105_blood_small_punch.effect	non	45.33	6.25;6.25;11.5
base\fx\quest\q105\q105_06a_fingers_escape\q105_blood_small_punch.particle	non	1.5	6.25;6.25;11.5
base\fx\quest\q105\q105_06a_fingers_escape\q105_hands_wash.particle	non	0.5	0.63;0.63;1.08
base\fx\quest\q105\q105_06a_fingers_escape\q105_wash_hands.effect	non	6	0.63;0.63;1.08
base\fx\quest\q105\q105_12a_braindance_voodooqueen\q105_queen_glitch.effect	oui		0.92;0.92;0.8
base\fx\quest\q105\q105_12a_braindance_voodooqueen\q105_queen_glitch.particle	oui		0.92;0.92;0.8
base\fx\quest\q105\q105_12a_braindance_voodooqueen\q105_queen_glitch_head.particle	oui		0.35;0.35;0.35
base\fx\quest\q105\q105_12a_braindance_voodooqueen\q105_queen_head_mask.effect	oui		9.73;9.73;10.11
base\fx\quest\q105\q105_12a_braindance_voodooqueen\q105_queen_head_mask.particle	oui		9.73;9.73;10.11
base\fx\quest\q105\q105_braindance_evelyn\q105_evelyn_eyes_flashing.effect	oui		1;1;1
base\fx\quest\q105\q105_braindance_evelyn\q105_evelyn_failed_cable_pull.effect	non	5	8.3;8.3;16.3
base\fx\quest\q105\q105_braindance_evelyn\q105_evelyn_failed_cable_pull.particle	non	8	8.3;8.3;16.3
base\fx\quest\q105\q105_fingers_enter\q105_fingers_tool_fx.particle	oui		2;2;2
base\fx\quest\q105\q105_fingers_enter\q105_fingers_tool_hit.particle	non	0.7	5.66;5.66;10.91
base\fx\quest\q105\q105_fingers_enter\q105_fingers_tool_sparks.particle	non	1	2.07;2.07;4.13
base\fx\quest\q105\q105_fingers_enter\q105_fingers_tool_sparks_shoot.particle	non	0.9	5.66;5.66;10.91
base\fx\quest\q105\q105_fingers_enter\q115_fingers_tool_fx.effect	non	2.96	2.07;2.07;4.13
base\fx\quest\q105\q105_fingers_enter\q115_fingers_tool_shoot_fx.effect	non	1.6	5.66;5.66;10.91
base\fx\quest\q105\q105_fingers_enter\q115_fingers_tool_short_fx.effect	non	1.6	2.07;2.07;4.13
base\fx\quest\q108\02_backstage\q108_spin_blur.effect	oui		0;0;0
base\fx\quest\q108\02_backstage\q108_taking_glasses_color.particle	non		0;0;0
base\fx\quest\q108\02_backstage\q108_taking_glasses_exposure.effect	non	4	0;0;0
base\fx\quest\q108\02_backstage\q108_whiskey_pour.effect	non	6	2.3;2.3;3.6
base\fx\quest\q108\02_backstage\q108_whiskey_pour.particle	non	0.6	2.3;2.3;3.6
base\fx\quest\q108\04_exit\q108_cigarette_smoke_exhaust_fpp.effect	non	4.56	1.6;1.6;2.8
base\fx\quest\q108\04_exit\q108_cigarette_smoke_exhaust_fpp.particle	non	2	1.6;1.6;2.8
base\fx\quest\q108\09_taken\q108_blood_on_mantisblades.effect	oui		0;0;0
base\fx\quest\q108\09_taken\q108_mantis_blades_backstab.effect	non	15.05	6.7;6.7;12.4
base\fx\quest\q108\09_taken\q108_mantis_blades_backstab.particle	non	3	3.5;3.5;6.01
base\fx\quest\q108\14_rogue\q108_tequila_bottle_destruction.effect	non	4	4.45;4.25;6.7
base\fx\quest\q108\14_rogue\q108_tequila_bottle_destruction.particle	non	2	4.45;4.25;6.7
base\fx\quest\q108\d_flare_smoke_lit_q108.effect	oui		4.03;4.03;7.89
base\fx\quest\q108\d_flare_smoke_lit_q108.particle	oui		4.03;4.03;7.89
base\fx\quest\q108\d_flare_smoke_lit_start_q108.particle	oui		1.25;1.25;1.86
base\fx\quest\q108\e_liquid_nitrogen_atlantis_bar_q108.particle	oui		1.25;1.25;1.25
base\fx\quest\q108\e_smoke_ambient_exterior_subtle_q108.particle	oui		10;10;8
base\fx\quest\q108\q108_13_atlantis_memory\q108_dancefloor_low_nitrogen.effect	oui		7.51;7.51;6.02
base\fx\quest\q108\q108_13_atlantis_memory\q108_dancefloor_low_nitrogen.particle	oui		7.51;7.51;6.02
base\fx\quest\q108\q108_13_atlantis_memory\q108_vending_machine_punch.effect	non	5	1.61;1.61;3.22
base\fx\quest\q108\q108_13_atlantis_memory\q108_vending_machine_punch.particle	non	0.2	1.61;1.61;3.22
base\fx\quest\q108\q108_17_riots\q108_molotov_explosion.effect	non	61.17	3.55;3.55;6.55
base\fx\quest\q108\q108_17_riots\q108_molotov_explosion.particle	oui		3.55;3.55;6.55
base\fx\quest\q108\q108_17_riots\q108_molotov_trail.effect	oui		0.63;0.63;0.86
base\fx\quest\q108\q108_17_riots\q108_molotov_trail.particle	oui		0.63;0.63;0.86
base\fx\quest\q108\q108_17_riots\q108_riots_smoke_aerial.particle	oui		31.59;31.59;99.26
base\fx\quest\q108\q108_17_riots\q108_riots_smoke_aerial_sparse.particle	oui		31.59;31.59;47.18
base\fx\quest\q108\q108_17_riots\q108_riots_smoke_small.particle	oui		4.11;4.11;8.04
base\fx\quest\q108\q108_17_riots\q108_riots_smoke_small_spread.particle	oui		4.8;4.8;9.41
base\fx\quest\q108\q108_c4_explosion.effect	non	10	28;36.65;57.65
base\fx\quest\q108\q108_c4_explosion.particle	non	12	28;28;51
base\fx\quest\q108\q108_ceiling_smoke.particle	non	12	26.85;36.65;57.65
base\fx\quest\q108\q108_gate_impact_sparks.effect	non	1	0.95;1.15;1.88
base\fx\quest\q108\q108_gate_impact_sparks.particle	non	0.3	0.95;1.15;1.88
base\fx\quest\q108\q108_helicopter_muzzle_flash.particle	oui		5.4;5.4;10.59
base\fx\quest\q108\simulation\pants_play_simulation.effect	non	8.07	0;0;0
base\fx\quest\q108\simulation\tanktop_play_simulation.effect	non	10.1	0;0;0
base\fx\quest\q108\soulkiller\q108_blood_decal.effect	non	15.25	0;0;0
base\fx\quest\q110\agent\q110_netwatch_agent_burnout.effect	oui		0.24;0.24;0.37
base\fx\quest\q110\agent\q110_netwatch_agent_burnout_spark.effect	non	1	1.2;1.2;1
base\fx\quest\q110\agent\q110_netwatch_agent_burnout_spark.particle	non	0.5	1.49;1.49;2.92
base\fx\quest\q110\animal_boss\temp\q110_weakspot_placeholder.effect	oui		0;0;0
base\fx\quest\q110\animal_boss\temp\q110_weakspot_placeholder.particle	non		0;0;0
base\fx\quest\q110\butcher_scan\q110_butcher_camera_firendly_red.effect	oui		1.9;1.9;2.5
base\fx\quest\q110\cyberspace\q110_alt_intro.effect	non	1	1;1;1
base\fx\quest\q110\cyberspace\q110_alt_intro.particle	oui		1;1;1
base\fx\quest\q110\cyberspace\q110_cyberspace_netrunner_link.effect	oui		0;0;0
base\fx\quest\q110\cyberspace\q110_cyberspace_netrunner_link.particle	oui		0.93;0.93;1.25
base\fx\quest\q110\cyberspace\q110_cyberspace_netrunner_link_default.effect	non	0.5	0;0;0
base\fx\quest\q110\elders_lair\e_light_flicker_01.effect	non	26.96	0;0;0
base\fx\quest\q110\elders_lair\sparks_burst_large_train.effect	non	3	0.35;0.35;0.35
base\fx\quest\q110\elders_lair\sparks_burst_small_train.effect	non	3	0.3;0.3;0.3
base\fx\quest\q110\e_smoke_pouring_dark_q110.particle	oui		2.37;2.77;3.74
base\fx\quest\q110\e_steam_floor_spread_q110.particle	oui		5.37;5.37;9.5
base\fx\quest\q110\glitches\q110_voodoo_08a_agent_scene_heavy_glitch.effect	non	1	1.35;1.35;1.7
base\fx\quest\q110\glitches\q110_voodoo_08a_agent_scene_heavy_glitch.particle	non	0.7	1.35;1.35;1.7
base\fx\quest\q110\netrunner_burning_cyberspace\q110_netrunner_burning_cyberspace.effect	non	5.28	0.1;0.1;0.1
base\fx\quest\q110\netrunner_burning_cyberspace\q110_netrunner_burning_cyberspace.particle	non	2	0.1;0.1;0.1
base\fx\quest\q110\netrunner_burning_cyberspace\q110_netrunner_burning_the_rest.particle	non	2	0.1;0.1;0.1
base\fx\quest\q110\netrunner_burning_cyberspace\q110_netwatch_agent_logo.effect	oui		0.1;0.1;0.1
base\fx\quest\q110\netrunner_burning_cyberspace\q110_netwatch_agent_logo.particle	oui		0.1;0.1;0.1
base\fx\quest\q110\pacifica_warzone\q110_building_explosion.effect	non	10	12.13;12.13;22.25
base\fx\quest\q110\pacifica_warzone\q110_building_explosion.particle	non	1.35	12.13;12.13;22.25
base\fx\quest\q110\projector_cinema\q110_projector_dust_thick.particle	oui		4.78;1.78;1.82
base\fx\quest\q110\projector_cinema\q110_projector_lens_flare.particle	oui		2;2;2
base\fx\quest\q110\projector_cinema\q110_projector_light.effect	oui		20;20;20
base\fx\quest\q110\projector_cinema\q110_projector_light_glitch1.effect	oui		20;20;20
base\fx\quest\q110\projector_cinema\q110_projector_light_glitch2.effect	oui		20;20;20
base\fx\quest\q110\projector_cinema\q110_projector_light_glitch3.effect	oui		20;20;20
base\fx\quest\q110\projector_cinema\q110_projector_light_shaft.particle	oui		20;20;20
base\fx\quest\q110\projector_cinema\q110_projector_screen_failures_overlay.particle	oui		8;8;8
base\fx\quest\q110\projector_cinema\q110_projector_screen_overlay.particle	non		0;0;0
base\fx\quest\q110\q110_13_alt_intro\q110_cyberspace_warp_glitch.effect	non	0.5	1.12;1.12;1.25
base\fx\quest\q110\q110_13_alt_intro\q110_cyberspace_warp_glitch.particle	non	0.25	1.12;1.12;1.25
base\fx\quest\q110\q110_av_shooting_muzzle.effect	oui		2.25;2.25;3.6
base\fx\quest\q110\q110_av_shooting_muzzle.particle	oui		2.25;2.25;3.6
base\fx\quest\q110\q110_burning_netrunners_glitch.effect	non	8.72	0;0;0
base\fx\quest\q110\q110_burning_netrunners_glitch.particle	oui		5.5;5.5;6
base\fx\quest\q110\q110_chicken_head_blood.particle	non	0.85	5.25;5.25;9.5
base\fx\quest\q110\q110_dust_hotel_briefing.particle	oui		0.02;0.02;0.04
base\fx\quest\q110\q110_helicopter_hit.effect	oui		55;55;80
base\fx\quest\q110\q110_helicopter_hit.particle	non	2	55;55;80
base\fx\quest\q110\q110_helicopter_hit_explosion.effect	non	7.97	55;55;80
base\fx\quest\q110\q110_helicopter_hit_explosion.particle	non	8	55;55;80
base\fx\quest\q110\q110_heli_gattling.particle	oui		5.4;5.4;10.59
base\fx\quest\q110\q110_screen_turn_off.effect	non	1	0;0;0
base\fx\quest\q110\q110_screen_turn_off.particle	oui		1;1;1
base\fx\quest\q110\q110_smoke_exhaust_kiosk.particle	oui		4.28;4.28;4.55
base\fx\quest\q110\q110_steam_pouring.effect	oui		2.77;3.17;4.59
base\fx\quest\q110\q110_steam_pouring_meatbags.particle	oui		2.77;3.17;4.59
base\fx\quest\q110\q110_van_gate_hit_sparks.effect	non	1	25.1;25.1;50.1
base\fx\quest\q110\q110_van_gate_hit_sparks.particle	non	6	25.1;25.1;50.1
base\fx\quest\q110\robot_boxing\q110_blood_mouth.effect	non	5	5.03;5.03;9.31
base\fx\quest\q110\robot_boxing\q110_blood_mouth.particle	non	1	5.03;5.03;9.31
base\fx\quest\q110\robot_boxing\q110_blood_spit.effect	non	5	4.74;4.74;6.64
base\fx\quest\q110\robot_boxing\q110_blood_spit.particle	non	1.5	4.74;4.74;6.64
base\fx\quest\q110\robot_boxing\q110_sparks_shutdown.effect	non	5	1.81;1.81;3.47
base\fx\quest\q110\robot_boxing\q110_sparks_shutdown_a.effect	non	3	1.81;1.81;3.47
base\fx\quest\q110\robot_boxing\q110_sparks_shutdown_a.particle	non	0.5	1.81;1.81;3.47
base\fx\quest\q110\simulation\npc_adds_ice_cubes__sim_bathtub_effect.effect	non	9.2	0;0;0
base\fx\quest\q110\simulation\npc_adds_ice_cubes__sim_bathtub_second.effect	non	12.07	0;0;0
base\fx\quest\q110\transition_glitch_fx_intro_outro.effect	non	3	2.5;2.5;4
base\fx\quest\q110\transition_glitch_fx_intro_outro.particle	non	3	2.5;2.5;4
base\fx\quest\q110\transition_glitch_fx_loop.effect	oui		1.5;1.5;2
base\fx\quest\q110\transition_glitch_fx_loop.particle	oui		1.5;1.5;2
base\fx\quest\q110\voodoo_boys_graffiti\q110_voodoo_boys_graffiti_01.effect	oui		0.1;0.1;0.1
base\fx\quest\q110\voodoo_boys_graffiti\q110_voodoo_boys_graffiti_01.particle	oui		0.1;0.1;0.1
base\fx\quest\q110\voodoo_boys_graffiti\q110_voodoo_boys_graffiti_02.effect	oui		0.1;0.1;0.1
base\fx\quest\q110\voodoo_boys_graffiti\q110_voodoo_boys_graffiti_02.particle	oui		0.1;0.1;0.1
base\fx\quest\q110\voodoo_boys_graffiti\q110_voodoo_boys_graffiti_03.effect	oui		0.1;0.1;0.1
base\fx\quest\q110\voodoo_boys_graffiti\q110_voodoo_boys_graffiti_03.particle	oui		0.1;0.1;0.1
base\fx\quest\q110\voodoo_boys_graffiti\q110_voodoo_boys_graffiti_04.effect	oui		0.1;0.1;0.1
base\fx\quest\q110\voodoo_boys_graffiti\q110_voodoo_boys_graffiti_04.particle	oui		0.1;0.1;0.1
base\fx\quest\q110\voodoo_boys_graffiti\q110_voodoo_boys_graffiti_05.effect	oui		0.1;0.1;0.1
base\fx\quest\q110\voodoo_boys_graffiti\q110_voodoo_boys_graffiti_05.particle	oui		0.1;0.1;0.1
base\fx\quest\q110\voodoo_boys_graffiti\q110_voodoo_boys_graffiti_06.effect	oui		0.1;0.1;0.1
base\fx\quest\q110\voodoo_boys_graffiti\q110_voodoo_boys_graffiti_06.particle	oui		0.1;0.1;0.1
base\fx\quest\q110\voodoo_boys_graffiti\q110_voodoo_boys_graffiti_07.effect	oui		0.1;0.1;0.1
base\fx\quest\q110\voodoo_boys_graffiti\q110_voodoo_boys_graffiti_07.particle	oui		0.1;0.1;0.1
base\fx\quest\q110\voodoo_boys_graffiti\q110_voodoo_boys_graffiti_08.effect	oui		0.1;0.1;0.1
base\fx\quest\q110\voodoo_boys_graffiti\q110_voodoo_boys_graffiti_08.particle	oui		0.1;0.1;0.1
base\fx\quest\q110\voodoo_projections\q110_chapel_projections_glitch_01.particle	oui		0.54;0.54;0.58
base\fx\quest\q110\voodoo_projections\q110_chapel_projections_noise_01.particle	oui		4;4;4
base\fx\quest\q110\voodoo_projections\q110_chapel_projections_noise_02.particle	oui		4;4;4
base\fx\quest\q110\voodoo_projections\q110_chapel_projections_noise_03.particle	oui		4;4;4
base\fx\quest\q110\voodoo_projections\q110_chapel_projections_noise_04.particle	oui		4;4;4
base\fx\quest\q110\voodoo_projections\q110_projector_a_chapel.effect	oui		5;5;5
base\fx\quest\q110\voodoo_projections\q110_projector_a_chapel.particle	oui		5;5;5
base\fx\quest\q112\e_debris_confetti_q112.effect	oui		30;30;30
base\fx\quest\q112\e_debris_confetti_q112.particle	oui		30;30;30
base\fx\quest\q112\e_dust_concrete_kickup_q112.effect	non	10	8.29;8.29;16.09
base\fx\quest\q112\e_dust_concrete_kickup_q112.particle	non	9	8.29;8.29;16.09
base\fx\quest\q112\q112_10_safe_house\ch_flash_blind_q112.effect	non	6	0;0;0
base\fx\quest\q112\q112_10_safe_house\d_flare_smoke_q112.particle	oui		10.54;10.54;19.09
base\fx\quest\q112\q112_10_safe_house\e_dust_impact_q112.effect	non	4	25.44;25.44;50.44
base\fx\quest\q112\q112_10_safe_house\e_dust_impact_q112.particle	non	3.5	25.44;25.44;50.44
base\fx\quest\q112\q112_10_safe_house\e_steam_jet_hot_q112.effect	oui		1.4;1.4;2
base\fx\quest\q112\q112_10_safe_house\e_steam_jet_hot_q112.particle	oui		1.4;1.4;2
base\fx\quest\q112\q112_10_safe_house\e_steam_jet_hot_small_q112.effect	oui		1.1;1.1;1.4
base\fx\quest\q112\q112_10_safe_house\e_steam_jet_hot_small_q112.particle	oui		1.1;1.1;1.4
base\fx\quest\q112\q112_10_safe_house\q112_ceiling_sparks.particle	non	3	19.39;19.39;38.43
base\fx\quest\q112\q112_10_safe_house\q112_flash_grenade.effect	non	4.44	25.3;25.3;50.3
base\fx\quest\q112\q112_10_safe_house\q112_flash_grenade_trail.effect	oui		1.06;1.06;1.67
base\fx\quest\q112\q112_10_safe_house\q112_grenade_trail.particle	oui		1.06;1.06;1.67
base\fx\quest\q112\q112_10_safe_house\q112_shooting_light.effect	non	0.5	0;0;0
base\fx\quest\q112\q112_10_safe_house\q112_shooting_through_wall.particle	non	10	13.66;12.86;25.51
base\fx\quest\q112\q112_10_safe_house\v_av_dust_kickup_q112.effect	oui		6;6;9
base\fx\quest\q112\q112_10_safe_house\v_av_dust_kickup_q112.particle	oui		6;6;9
base\fx\quest\q112\q112_av_fire.particle	oui		6.05;6.05;6.1
base\fx\quest\q112\q112_av_parade_barge_thruster.effect	oui		10.5;10.5;11
base\fx\quest\q112\q112_av_parade_barge_thruster.particle	oui		10.5;10.5;11
base\fx\quest\q112\q112_barge_projector.effect	oui		26.3;26.3;51.3
base\fx\quest\q112\q112_barge_thruster.particle	oui		6.3;6.3;6.35
base\fx\quest\q112\q112_candle_light.effect	oui		0.3;0.3;0.3
base\fx\quest\q112\q112_candle_light_lightup.effect	oui		1.66;1.66;2.97
base\fx\quest\q112\q112_ceiling_destruction.effect	oui		28;28;51
base\fx\quest\q112\q112_ceiling_destruction.particle	non	16	28;28;51
base\fx\quest\q112\q112_firework_01.effect	non	7	25.1;25.1;50.1
base\fx\quest\q112\q112_firework_01.particle	oui		25.1;25.1;50.1
base\fx\quest\q112\q112_firework_02.effect	non	7	25.1;25.1;50.1
base\fx\quest\q112\q112_firework_02.particle	oui		25.1;25.1;50.1
base\fx\quest\q112\q112_firework_03.effect	non	5	5;5;8
base\fx\quest\q112\q112_firework_03.particle	non	6	5;5;8
base\fx\quest\q112\q112_firework_04.effect	non	5	5;5;8
base\fx\quest\q112\q112_firework_04.particle	oui		0.7;0.7;0.7
base\fx\quest\q112\q112_firework_04_2.particle	non	6	5;5;8
base\fx\quest\q112\q112_firework_05.effect	oui		0.7;0.7;0.7
base\fx\quest\q112\q112_firework_05.particle	oui		0.7;0.7;0.7
base\fx\quest\q112\q112_firework_sequence_01.effect	oui		25.1;25.1;50.1
base\fx\quest\q112\q112_firework_sequence_02.effect	oui		25.1;25.1;50.1
base\fx\quest\q112\q112_firework_sequence_03.effect	oui		25.1;25.1;50.1
base\fx\quest\q112\q112_flash_exposure.effect	non	3.25	0;0;0
base\fx\quest\q112\q112_floor_collapse.effect	oui		11.29;11.29;16.49
base\fx\quest\q112\q112_floor_collapse.particle	non	9	11.29;11.29;16.49
base\fx\quest\q112\q112_hanako_hit.effect	non	10.09	5.66;5.66;10.91
base\fx\quest\q112\q112_holo_petals.effect	non	13.69	9.49;9.49;17.97
base\fx\quest\q112\q112_holo_petals.particle	non	12	7.36;7.36;13.73
base\fx\quest\q112\q112_holo_petals_hand.particle	non	12	9.49;9.49;17.97
base\fx\quest\q112\q112_wall_destruction.effect	oui		9.69;8.95;17.49
base\fx\quest\q112\q112_wall_destruction_2.particle	non	9	9.69;8.95;17.49
base\fx\quest\q112\v_cargo_ship_surf_q112.effect	oui		25.8;25.8;50.8
base\fx\quest\q112\v_cargo_ship_surf_q112.particle	oui		25.8;25.8;50.8
base\fx\quest\q113\q113_04_hanako_estate\v_av_dust_kickup_q113.effect	oui		4.88;4.88;6.75
base\fx\quest\q113\q113_04_hanako_estate\v_av_dust_kickup_q113.particle	oui		4.88;4.88;6.75
base\fx\quest\q113\q113_04_hanako_estate\v_av_dust_kickup_side_q113.effect	oui		4.88;4.88;6.75
base\fx\quest\q113\q113_04_hanako_estate\v_av_dust_kickup_side_q113.particle	oui		4.88;4.88;6.75
base\fx\quest\q113\q113_atrium\q113_fake_shoots.effect	oui		33;33;33.01
base\fx\quest\q113\q113_atrium\q113_fake_shoots.particle	non	1	33;33;33.01
base\fx\quest\q113\q113_atrium\q113_fake_shoots_02.effect	oui		33;33;33.01
base\fx\quest\q113\q113_atrium\q113_fake_shoots_03.effect	oui		33;33;33.01
base\fx\quest\q113\q113_blood_burst.particle	non	1.5	6.98;6.98;11.11
base\fx\quest\q113\q113_blood_decal.particle	oui		1;1;1
base\fx\quest\q113\q113_car_crush_guard.effect	oui		7.12;7.12;13.25
base\fx\quest\q113\q113_car_crush_guard.particle	non	10	7.12;7.12;13.25
base\fx\quest\q113\q113_jungle_start\q113_blood.particle	non	3.5	3.55;3.55;6.26
base\fx\quest\q113\q113_jungle_start\q113_blood_impact.effect	non	3.53	3.55;3.55;6.26
base\fx\quest\q113\q113_jungle_start\q113_weapon_impact.effect	oui		15.35;15.35;30.5
base\fx\quest\q113\q113_jungle_start\q113_weapon_trail.effect	non	1.25	8.5;8.5;8.5
base\fx\quest\q113\q113_jungle_start\q113_weapon_trail.particle	non	1.2	8.5;8.5;8.5
base\fx\quest\q113\q113_mikoshi\q113_saburo_chip_container.effect	oui		25.1;25.1;50.1
base\fx\quest\q113\q113_mikoshi\q113_saburo_chip_container.particle	non	1000	25.1;25.1;50.1
base\fx\quest\q113\q113_mikoshi\q113_smoke_small_sparse_ground_01.particle	oui		24.59;30.59;36.18
base\fx\quest\q113\q113_smasher\q113_dust_land.particle	non	12	28;27;61
base\fx\quest\q113\q113_smasher\q113_smasher_land_effect.effect	non	15	28;27;61
base\fx\quest\q113\q113_windshield_blood_decal.effect	oui		1;1;1
base\fx\quest\q113\waterfall\q113_waterfall.effect	non	13	0;0;0
base\fx\quest\q113\waterfall\q113_waterfall.particle	oui		2.6;4.65;2.6
base\fx\quest\q113\waterfall\q113_waterfall_big.particle	oui		31.5;38.5;51.7
base\fx\quest\q113\waterfall\q113_waterfall_big_foam.particle	oui		7.57;8.86;11.64
base\fx\quest\q113\waterfall\q113_waterfall_surface.particle	oui		9;9;9
base\fx\quest\q114\after_cyberspace\q114_sparks_loop.effect	oui		2.73;2.73;5.18
base\fx\quest\q114\cockpit_damage\q114_cockpit_damage.effect	oui		13.06;13.06;23.26
base\fx\quest\q114\cockpit_damage\q114_cockpit_damage_ambient_smoke.particle	oui		13.06;13.06;23.26
base\fx\quest\q114\cockpit_damage\q114_cockpit_damage_fire.particle	oui		3.35;3.35;2.7
base\fx\quest\q114\cockpit_damage\q114_cockpit_damage_smoke.particle	oui		4.2;4.2;7.2
base\fx\quest\q114\cockpit_damage\q114_cockpit_damage_sparks_burst1.particle	non	1.5	2.78;2.78;5.28
base\fx\quest\q114\cockpit_damage\q114_cockpit_damage_sparks_burst2.particle	non	1.5	2.78;2.78;5.28
base\fx\quest\q114\cockpit_damage\q114_cockpit_damage_sparks_burst3.particle	non	2	3.76;3.76;7.51
base\fx\quest\q114\cockpit_damage\q114_cockpit_damage_sparks_loop.particle	oui		3.79;3.79;7.32
base\fx\quest\q114\driller_destroyed_water\q114_waterfall_small.particle	oui		2;4.65;2
base\fx\quest\q114\driller_destroyed_water\q114_water_dripping_wide.particle	oui		2.01;3.01;0.01
base\fx\quest\q114\driller_destroyed_water\q114_water_falling.particle	oui		2.51;2.51;4.01
base\fx\quest\q114\driller_destroyed_water\q114_water_falling_side.particle	oui		2.01;2.01;3.01
base\fx\quest\q114\driller_destroyed_water\q114_water_puddle.particle	oui		1;1;1
base\fx\quest\q114\driller_destroyed_water\q114_water_shower.particle	oui		4;4;4
base\fx\quest\q114\enviromental_dust\q114_around_player_dust.effect	oui		85.4;85.4;56.4
base\fx\quest\q114\enviromental_dust\q114_around_player_dust.particle	oui		85.4;85.4;56.4
base\fx\quest\q114\enviromental_dust\q114_valley_dust.particle	oui		165;825;200
base\fx\quest\q114\e_driller_override_q114.effect	oui		9.51;9.51;10.21
base\fx\quest\q114\e_driller_override_q114.particle	oui		9.51;9.51;10.21
base\fx\quest\q114\e_sparks_failure_burst_q114.particle	oui		0.5;0.5;0.5
base\fx\quest\q114\q114_cars_dust_trail.effect	oui		19.35;18.95;36.81
base\fx\quest\q114\q114_cars_dust_trail.particle	oui		19.35;18.95;36.81
base\fx\quest\q114\q114_cars_dust_trail_background.effect	oui		11.63;11.63;21.87
base\fx\quest\q114\q114_cars_dust_trail_background.particle	oui		11.63;11.63;21.87
base\fx\quest\q114\q114_cars_dust_trail_front.particle	non		0;0;0
base\fx\quest\q114\q114_car_dust_cloud.effect	oui		29.41;39.21;50.63
base\fx\quest\q114\q114_car_dust_cloud.particle	oui		29.41;39.21;50.63
base\fx\quest\q114\q114_cyberspace_warp.effect	non	2.79	1.6;1.6;2.2
base\fx\quest\q114\q114_cyberspace_warp.particle	oui		1.6;1.6;2.2
base\fx\quest\q114\q114_dakota_equipment_burning.effect	oui		0;0;0
base\fx\quest\q114\q114_dakota_equipment_smoke_thick.effect	oui		0.45;0.45;0.61
base\fx\quest\q114\q114_driller_override_debris.effect	non	8	16.6;16.6;27.8
base\fx\quest\q114\q114_driller_override_debris.particle	non	8	16.6;16.6;27.8
base\fx\quest\q114\q114_driller_override_opaque_smoke.particle	oui		5.15;5.65;4.8
base\fx\quest\q114\q114_driller_smoke_hiding_panam.effect	oui		6;6;8
base\fx\quest\q114\q114_driller_smoke_hiding_panam.particle	oui		6;6;8
base\fx\quest\q114\q114_e_smoke_netrunner_nest_fried.particle	oui		4.64;4.64;6.79
base\fx\quest\q114\q114_fire_medium.particle	oui		3.5;3.5;6.5
base\fx\quest\q114\q114_leaving_cyberspace.effect	non	11.4	0;0;0
base\fx\quest\q114\q114_missile_barage_explosion.effect	non	10.12	27;27;52
base\fx\quest\q114\q114_missile_barage_explosion.particle	non	7	27;27;52
base\fx\quest\q114\q114_missile_barage_indicator.effect	oui		0.3;0.3;0.3
base\fx\quest\q114\q114_missile_barage_trail.effect	oui		1;1;1
base\fx\quest\q114\q114_missile_barage_trail.particle	non	2	1;1;1
base\fx\quest\q114\q114_panzer_breakdown_electric.particle	oui		1.6;1.6;1.26
base\fx\quest\q114\q114_panzer_postprocess.effect	oui		0;0;0
base\fx\quest\q114\q114_panzer_postprocess.particle	non		0;0;0
base\fx\quest\q114\q114_panzer_pouring_steam.particle	oui		7.8;7.8;14.8
base\fx\quest\q114\q114_smoke_ambiant_burning.particle	oui		6.5;3.7;3
base\fx\quest\q114\q114_smoke_ambient_interior_2x1_arasaka.particle	oui		7;4.2;3.7
base\fx\quest\q114\q114_smoke_burning_electronic.particle	oui		0.45;0.45;0.61
base\fx\quest\q114\q114_steam_column_2x2x6m.effect	oui		10;10;16
base\fx\quest\q114\q114_tunnel_gate_blast.effect	non	15.02	28;28;53
base\fx\quest\q114\q114_tunnel_gate_blast.particle	non	14	28;28;53
base\fx\quest\q114\q114_water_puddle.effect	oui		0;0;0
base\fx\quest\q114\q114_water_splash.effect	non	1	21.12;21.12;41.25
base\fx\quest\q114\q114_water_splash.particle	non	1.2	21.12;21.12;41.25
base\fx\quest\q114\simulation\leave_cyberspace_bathtub_sim_effect.effect	non	8.53	0;0;0
base\fx\quest\q114\tower_explosion\q114_smoke_exterior_column_dark_5x5x50.particle	oui		28;28;53
base\fx\quest\q114\tower_explosion\q114_sparks_spike_curved_large_01.particle	non	3	0.35;0.35;0.35
base\fx\quest\q114\tower_explosion\q114_sparks_spike_curved_large_02.particle	non	3	0.35;0.35;0.35
base\fx\quest\q114\tower_explosion\q114_sparks_spike_large_01.particle	non	4	1;1;1
base\fx\quest\q114\tower_explosion\q114_sparks_spike_large_02.particle	non	4	1;1;1
base\fx\quest\q114\tower_explosion\q114_tower_explosion.effect	non	10	28;28;53
base\fx\quest\q114\tower_explosion\q114_tower_explosion.particle	non	15	28;28;53
base\fx\quest\q114\tower_explosion\q114_tower_smoke.effect	oui		28;28;53
base\fx\quest\q114\truck_crash\q114_truck_crash.effect	non	3.78	28;28;52.5
base\fx\quest\q114\truck_crash\q114_truck_crash_explode.particle	non	12	28;28;52.5
base\fx\quest\q114\truck_crash\q114_truck_crash_sparks.particle	non	2.5	25.25;25.25;50.25
base\fx\quest\q114\truck_crash\q114_truck_crash_sparks_spike.particle	non	3	0.35;0.35;0.35
base\fx\quest\q115\115_tower_jungle\q115_av.effect	non	16.18	24.88;24.88;49.71
base\fx\quest\q115\115_tower_jungle\q115_av_dust.effect	oui		8.74;8.74;17.22
base\fx\quest\q115\115_tower_jungle\q115_av_dust.particle	oui		8.74;8.74;17.22
base\fx\quest\q115\115_tower_jungle\q115_av_explode_location.effect	non	43.94	25.3;25.3;50.3
base\fx\quest\q115\115_tower_jungle\q115_av_explode_location.particle	non	7	25.3;25.3;50.3
base\fx\quest\q115\115_tower_jungle\q115_av_fire.effect	oui		15.04;15.04;28.57
base\fx\quest\q115\115_tower_jungle\q115_av_fire_engine.particle	oui		6.94;6.94;13.03
base\fx\quest\q115\115_tower_jungle\q115_av_fire_engine_front.particle	oui		15.04;15.04;28.57
base\fx\quest\q115\115_tower_jungle\q115_av_fire_inside.effect	oui		4.32;4.32;8.45
base\fx\quest\q115\115_tower_jungle\q115_av_fire_inside.particle	oui		4.32;4.32;8.45
base\fx\quest\q115\115_tower_jungle\q115_av_fire_inside_big.particle	oui		2.4;2.4;3.44
base\fx\quest\q115\115_tower_jungle\q115_av_sparks.effect	non	59.52	3.5;3.5;6.8
base\fx\quest\q115\115_tower_jungle\q115_door_water_blast.effect	non	3.53	24.59;24.59;48.69
base\fx\quest\q115\115_tower_jungle\q115_rocket_trail.particle	oui		1;1;1
base\fx\quest\q115\115_tower_jungle\q115_tower_av_door_blast.particle	non	4	24.88;24.88;49.71
base\fx\quest\q115\115_tower_jungle\q115_tower_door_water_blast.particle	non	4	24.59;24.59;48.69
base\fx\quest\q115\q115_00b_hanako\q115_e_liquid_glass_full.effect	non	1	0;0;0
base\fx\quest\q115\q115_00b_hanako\q115_e_liquid_glass_full_to_mid.effect	non	1	0;0;0
base\fx\quest\q115\q115_00b_hanako\q115_e_liquid_glass_low.effect	non	1	0;0;0
base\fx\quest\q115\q115_00b_hanako\q115_e_liquid_glass_low_to_none.effect	non	5	0;0;0
base\fx\quest\q115\q115_00b_hanako\q115_e_liquid_glass_mid.effect	non	1	0;0;0
base\fx\quest\q115\q115_00b_hanako\q115_e_liquid_glass_mid_to_low.effect	non	3	0;0;0
base\fx\quest\q115\q115_00b_hanako\q115_e_liquid_glass_mid_to_none.effect	non	4	0;0;0
base\fx\quest\q115\q115_00b_hanako\q115_e_liquid_glass_no_shake.effect	non	0.5	0;0;0
base\fx\quest\q115\q115_00b_hanako\q115_e_liquid_glass_shake.effect	non	0.5	0;0;0
base\fx\quest\q115\q115_02_b_rooftop\e_steam_column_2x2x6m_long_distance.particle	oui		10;10;16
base\fx\quest\q115\q115_02_b_rooftop\e_steam_exterior_column_5x5x50_slower_subtle.particle	oui		28;28;53
base\fx\quest\q115\q115_02_b_rooftop\e_steam_exterior_column_5x5x50_slow_sublte.particle	oui		28;28;53
base\fx\quest\q115\q115_02_b_rooftop\e_steam_exterior_column_5x5x50_slow_sublte_white.particle	oui		28;28;53
base\fx\quest\q115\q115_03_rogue\q115_liquid_pour.effect	non	6	1.67;1.67;1.85
base\fx\quest\q115\q115_03_rogue\q115_liquid_pour.particle	non	0.7	1.67;1.67;1.85
base\fx\quest\q115\q115_afterlife\q115_av_engine_explosion.effect	non	5	25.15;25.15;50.15
base\fx\quest\q115\q115_afterlife\q115_av_engine_explosion.particle	non	2	25.15;25.15;50.15
base\fx\quest\q115\q115_afterlife\q115_av_explosion.effect	non	5	10.14;10.14;18.62
base\fx\quest\q115\q115_afterlife\q115_av_explosion.particle	non	2	10.14;10.14;18.62
base\fx\quest\q115\q115_afterlife\q115_av_explosion_inside.effect	non	5	25.15;25.15;50.15
base\fx\quest\q115\q115_afterlife\q115_av_explosion_inside.particle	non	2	25.15;25.15;50.15
base\fx\quest\q115\q115_afterlife\q115_av_inside_smoke.effect	oui		0.7;0.7;0.7
base\fx\quest\q115\q115_afterlife\q115_av_inside_smoke.particle	oui		0.7;0.7;0.7
base\fx\quest\q115\q115_afterlife\q115_av_lasting_smoke.particle	non	1	0.3;0.3;0.35
base\fx\quest\q115\q115_afterlife\q115_av_smoke_ambient.effect	oui		13.26;13.26;23.86
base\fx\quest\q115\q115_afterlife\q115_av_smoke_ambient.particle	oui		13.26;13.26;23.86
base\fx\quest\q115\q115_afterlife\q115_av_sparks_directional.effect	oui		3.76;3.76;7.51
base\fx\quest\q115\q115_afterlife\q115_av_sparks_directional.particle	oui		3.76;3.76;7.51
base\fx\quest\q115\q115_afterlife\q115_e_falling_satelite.effect	non	35	30;30;55
base\fx\quest\q115\q115_afterlife\q115_e_falling_satelite.particle	oui		30;30;55
base\fx\quest\q115\q115_afterlife\q115_front_smoke.effect	non	2	5.86;5.86;11.37
base\fx\quest\q115\q115_afterlife\q115_front_smoke_left.particle	non	1.5	5.86;5.86;11.37
base\fx\quest\q115\q115_afterlife\q115_rocket_explosion.effect	non	10	27.5;26.5;52.5
base\fx\quest\q115\q115_afterlife\q115_rocket_explosion.particle	non	8	27.5;26.5;52.5
base\fx\quest\q115\q115_afterlife\q115_rocket_trails.effect	non	16.5	5;5;7
base\fx\quest\q115\q115_afterlife\q115_rocket_trails.particle	oui		5;5;7
base\fx\quest\q115\q115_afterlife\q115_sparks_ground.effect	non	2	27.45;27.45;52.05
base\fx\quest\q115\q115_afterlife\q115_sparks_ground.particle	oui		27.45;27.45;52.05
base\fx\quest\q115\q115_afterlife\q115_sparks_long.effect	non	1	3.76;3.76;7.51
base\fx\quest\q115\q115_afterlife\q115_sparks_long.particle	non	2	3.76;3.76;7.51
base\fx\quest\q115\q115_afterlife\q115_wind.effect	oui		2.5;2.5;3
base\fx\quest\q115\q115_afterlife\q115_wind.particle	oui		2.5;2.5;3
base\fx\quest\q116\mikoshi_rooftop_transition.effect	non	5	1;1;1
base\fx\quest\q116\mikoshi_rooftop_transition_mat.particle	oui		1;1;1
base\fx\quest\q116\q116_01_adam_smasher\q116_adam_blood_roque.particle	oui		7.36;7.36;13.73
base\fx\quest\q116\q116_01_adam_smasher\q116_adam_destro_gate1.effect	non	9.07	30.65;28;61
base\fx\quest\q116\q116_01_adam_smasher\q116_adam_destro_gate1.particle	non	12	30.65;28;61
base\fx\quest\q116\q116_01_adam_smasher\q116_adam_destro_gate2.effect	non	25.09	31.65;28.65;55.65
base\fx\quest\q116\q116_01_adam_smasher\q116_adam_destro_gate2.particle	non	22	31.65;27.45;52.25
base\fx\quest\q116\q116_01_adam_smasher\q116_adam_destro_lamp.effect	non	3	4.45;4.45;8.7
base\fx\quest\q116\q116_01_adam_smasher\q116_adam_destro_lamp_01.particle	non	3	4.45;4.45;8.7
base\fx\quest\q116\q116_01_adam_smasher\q116_adam_destro_sparks.effect	non	6.42	7.75;7.75;15.25
base\fx\quest\q116\q116_01_adam_smasher\q116_adam_grenade_bip.particle	non	32	16.9;16.9;32.92
base\fx\quest\q116\q116_01_adam_smasher\q116_adam_grenade_explode.effect	non	17	27;27;52
base\fx\quest\q116\q116_01_adam_smasher\q116_adam_grenade_explode.particle	non	12	27;27;52
base\fx\quest\q116\q116_01_adam_smasher\q116_adam_grenade_explode_takedown.effect	non	17	27;27;52
base\fx\quest\q116\q116_01_adam_smasher\q116_adam_grenade_explode_takedown.particle	non	12	27;27;52
base\fx\quest\q116\q116_01_adam_smasher\q116_adam_smasher_blood_decal.effect	non	10.03	0;0;0
base\fx\quest\q116\q116_01_adam_smasher\q116_adam_smasher_blood_decal_drop.effect	non	10.03	4.6;4.6;8.19
base\fx\quest\q116\q116_01_adam_smasher\q116_adam_smasher_blood_roque.effect	non	8.07	7.36;7.36;13.73
base\fx\quest\q116\q116_01_adam_smasher\q116_adam_smasher_blood_saul.effect	oui		7.06;7.06;13.12
base\fx\quest\q116\q116_01_adam_smasher\q116_adam_smasher_blood_splash.particle	non	9	4.6;4.6;8.19
base\fx\quest\q116\q116_01_adam_smasher\q116_adam_smasher_fire_bigger.particle	oui		2.7;2.7;3.9
base\fx\quest\q116\q116_01_adam_smasher\q116_adam_smasher_fire_gore.particle	oui		3.25;3.25;5.1
base\fx\quest\q116\q116_01_adam_smasher\q116_adam_smasher_grenade_bip.effect	oui		16.9;16.9;32.92
base\fx\quest\q116\q116_01_adam_smasher\q116_adam_smasher_smoke_ambient.particle	non	20	30.65;28.65;55.65
base\fx\quest\q116\q116_01_adam_smasher\q116_adam_smasher_smoke_back.particle	non	6	23;22.4;44.34
base\fx\quest\q116\q116_01_adam_smasher\q116_adam_smasher_smoke_floor.particle	oui		20.86;19.06;23.06
base\fx\quest\q116\q116_01_adam_smasher\q116_adam_smasher_sparks.particle	non	2.5	7.75;7.75;15.25
base\fx\quest\q116\q116_01_adam_smasher\q116_adam_smash_head_blood_.particle	non	9	7.06;7.06;13.12
base\fx\quest\q116\q116_04_mikoshi_intro\q116_04_mikoshi_intro_port.effect	oui		3.2;3.2;3.2
base\fx\quest\q116\q116_04_mikoshi_intro\q116_04_mikoshi_intro_port.particle	oui		3.2;3.2;3.2
base\fx\quest\q116\q116_04_mikoshi_intro\q116_alt_background.effect	oui		2.75;2.75;2.75
base\fx\quest\q116\q116_04_mikoshi_intro\q116_alt_background.particle	oui		2.75;2.75;2.75
base\fx\quest\q116\q116_04_mikoshi_intro\q116_alt_default.effect	non	0.2	0;0;0
base\fx\quest\q116\q116_04_mikoshi_intro\q116_alt_fade.effect	oui		2.75;2.75;2.75
base\fx\quest\q116\q116_04_mikoshi_intro\q116_alt_fade_3x.effect	oui		2.75;2.75;2.75
base\fx\quest\q116\q116_04_mikoshi_intro\q116_alt_fade_8x.effect	oui		2.75;2.75;2.75
base\fx\quest\q116\q116_04_mikoshi_intro\q116_caustics.particle	oui		6;6;11
base\fx\quest\q116\q116_04_mikoshi_intro\q116_cold_breath.effect	non	4	1.9;1.9;3.4
base\fx\quest\q116\q116_04_mikoshi_intro\q116_cold_breath.particle	non	3	1.9;1.9;3.4
base\fx\quest\q116\q116_04_mikoshi_intro\q116_mikoshi_caustics.effect	oui		6;6;11
base\fx\quest\q116\q116_04_mikoshi_intro\q116_mikoshi_smoke_pouring.particle	oui		25;25;35
base\fx\quest\q116\q116_05_mikoshi\q116_v_disintegration.effect	non	20	25.17;25.17;50.17
base\fx\quest\q116\q116_05_mikoshi\q116_v_disintegration.particle	non	20	25.17;25.17;50.17
base\fx\quest\q116\q116_05_mikoshi\q116_v_disintegration_fade.effect	non	20	20.47;20.47;40.79
base\fx\quest\q116\q116_05_mikoshi\q116_v_disintegration_fade.particle	non	20	20.47;20.47;40.79
base\fx\quest\q116\q116_05_mikoshi\q116_v_disintegration_sides.effect	non	20	0.17;0.17;0.17
base\fx\quest\q116\q116_05_mikoshi\q116_v_disintegration_sides.particle	non	20	0.17;0.17;0.17
base\fx\quest\q116\q116_rainbow_rift_03.particle	oui		0.6;0.6;1.1
base\fx\quest\q116\q116_rainbow_rift_reveal.effect	non	19.9	1.8;1.8;1.8
base\fx\quest\q116\q116_rift_cover.effect	non	5	3.5;3.5;6
base\fx\quest\q116\q116_rift_cover.particle	non	5	3.5;3.5;6
base\fx\quest\q116\q116_rift_expansion.effect	oui		1025;1025;1050
base\fx\quest\q116\q116_rift_expansion.particle	oui		1025;1025;1050
base\fx\quest\q116\q116_rift_reveal_around_camera.effect	non	24	1.8;1.8;1.8
base\fx\quest\q116\q116_rift_reveal_around_camera.particle	non	5	1.8;1.8;1.8
base\fx\quest\q201\anesthesia\anesthesia_hard.effect	oui		0;0;0
base\fx\quest\q201\anesthesia\anesthesia_light.effect	oui		0;0;0
base\fx\quest\q201\anesthesia\anesthesia_medium.effect	oui		0;0;0
base\fx\quest\q201\q201_e_liquid_nitrogen_ground_floating_mikoshi_core.particle	oui		8.97;9.97;16.95
base\fx\quest\q201\q201_e_liquid_nitrogen_pouring_mikoshi_core.particle	oui		9.49;9.49;17.88
base\fx\quest\q201\q201_e_liquid_nitrogen_pouring_mikoshi_core_long.particle	oui		14.63;14.63;27.85
base\fx\quest\q201\q201_e_liquid_nitrogen_pouring_mikoshi_core_long_strong.effect	oui		0;0;0
base\fx\quest\q201\q201_e_steam_mikoshi_core.particle	oui		20.3;20.3;20.6
base\fx\quest\q201\q201_e_steam_mikoshi_core_ambient.particle	oui		16;16;17.01
base\fx\quest\q201\q201_e_steam_mikoshi_core_pool.particle	oui		35;35;50
base\fx\quest\q201\q201_e_steam_mikoshi_core_pool_bridge.particle	oui		12.5;9.5;14
base\fx\quest\q201\q201_e_steam_mikoshi_wispy.particle	oui		4.3;4.3;8.2
base\fx\quest\q201\q201_e_steam_mikoshi_wispy_strong.effect	oui		4.3;4.3;8.2
base\fx\quest\q201\q201_space_station_room_sparks_impact.effect	non	3	1.51;1.51;2.94
base\fx\quest\q201\q201_space_station_room_sparks_impact.particle	non	0.5	1.51;1.51;2.94
base\fx\quest\q201\q201_v_dying.effect	non	11	0;0;0
base\fx\quest\q202\ending_ride\q202_ending_ride_panzer_dust.effect	oui		25.3;45.1;58.1
base\fx\quest\q202\ending_ride\q202_ending_ride_panzer_dust.particle	oui		25.3;45.1;58.1
base\fx\quest\q202\q202_exit_tunnel_debris.particle	non	8	30;32;54.2
base\fx\quest\q202\q202_exit_tunnel_wall_debris.effect	non	10	30;32;54.2
base\fx\quest\q202\q202_smahing_tunnel_wall.effect	non	20	37.5;37.5;54.2
base\fx\quest\q202\q202_smashing_tunnel_wall.particle	non	6	37.5;37.5;54.2
base\fx\quest\q203\cosmos\d_door_level_open_a_q203.particle	oui		5.32;5.32;5.64
base\fx\quest\q203\cosmos\d_door_level_open_b_q203.particle	oui		5.24;5.24;5.48
base\fx\quest\q203\cosmos\d_door_level_open_c_q203.particle	oui		5.5;5.3;5.6
base\fx\quest\q203\cosmos\d_door_lever_open_a_q203.effect	non	5	5.32;5.32;5.64
base\fx\quest\q203\cosmos\d_door_lever_open_b_q203.effect	non	5	5.24;5.24;5.48
base\fx\quest\q203\cosmos\d_door_lever_open_c_q203.effect	non	5	5.5;5.3;5.6
base\fx\quest\q203\cosmos\d_helmet_seal_vapour_q203.effect	non	5	1.37;1.37;1.74
base\fx\quest\q203\cosmos\d_helmet_seal_vapour_q203.particle	non	0.9	1.37;1.37;1.74
base\fx\quest\q203\cosmos\q203_character_lights.effect	oui		0;0;0
base\fx\quest\q203\cosmos\q203_decompresion_smoke1.particle	non	4	55;55;80
base\fx\quest\q203\cosmos\q203_jetpack_steam.effect	oui		1.22;1.22;1.45
base\fx\quest\q203\cosmos\q203_jetpack_steam.particle	oui		0.34;0.34;0.37
base\fx\quest\q203\cosmos\q203_jetpack_steam_burst.particle	non	0.9	1.22;1.22;1.45
base\fx\quest\q203\cosmos\q203_space_dust.effect	oui		0.66;0.56;1.62
base\fx\quest\q203\cosmos\q203_space_dust.particle	oui		0.66;0.56;1.62
base\fx\quest\q203\cosmos\q203_space_shuttle_airlock_debris.effect	non	45	25;25;50
base\fx\quest\q203\cosmos\q203_space_shuttle_airlock_debris.particle	oui		25;25;50
base\fx\quest\q203\cosmos\q203_space_shuttle_airlock_steam.particle	non	3	4.05;4.05;7.09
base\fx\quest\q203\cosmos\q207_decompresion.effect	non	6.58	55;55;80
base\fx\quest\q203\q203_av_dust_kickup.effect	oui		4.2;4.2;5.4
base\fx\quest\q203\q203_av_dust_kickup.particle	oui		4.2;4.2;5.4
base\fx\quest\q203\q203_av_dust_kickup_takeoff.effect	oui		8;8;12.5
base\fx\quest\q203\q203_av_dust_kickup_takeoff.particle	oui		8;8;12.5
base\fx\quest\q203\q203_blood_driping.particle	oui		0.22;0.24;0.12
base\fx\quest\q203\q203_blood_driping_hand.effect	non	1.56	0.22;0.24;0.12
base\fx\quest\q203\q203_camera_fx.particle	non	8	1.21;1.21;1.22
base\fx\quest\q203\q203_camera_vfx.effect	non	10	1.21;1.21;1.22
base\fx\quest\q203\q203_cristal_palace.particle	oui		1;1;1
base\fx\quest\q203\q203_shower.particle	oui		4;4;6.45
base\fx\quest\q203\q203_shower_body_impact.effect	oui		0.2;0.2;0.2
base\fx\quest\q203\q203_shower_body_impact.particle	oui		0.2;0.2;0.2
base\fx\quest\q203\q203_shower_body_impact_head.particle	oui		0.2;0.2;0.2
base\fx\quest\q203\q203_shower_mist.particle	oui		2.11;2.11;3.53
base\fx\quest\q203\q203_shower_reaction.particle	oui		2.1;2.1;5.45
base\fx\quest\q203\q203_space_shuttle_decompressed_air.effect	oui		1.54;1.54;2.15
base\fx\quest\q203\q203_space_shuttle_decompressed_air.particle	non	0.6	1.54;1.54;2.15
base\fx\quest\q203\q203_space_shuttle_decompressed_air_strong.effect	oui		1.54;1.54;2.15
base\fx\quest\q203\q203_water_floor.particle	oui		1.05;1.05;1.1
base\fx\quest\q203\v_av_rayfield_dust_kickup.effect	oui		4.88;4.88;6.75
base\fx\quest\q203\v_av_rayfield_excalibur_thruster_ground.effect	oui		2.35;2.35;2.6
base\fx\quest\q203\v_av_rayfield_excalibur_thruster_ground.particle	oui		2.35;2.35;2.6
base\fx\quest\q204\q204_full_screen_blinding_light.effect	non	14	0;0;0
base\fx\quest\q301\stadium_av\q301_dust_av.effect	oui		4.88;4.88;6.75
base\fx\quest\q301\stadium_av\q301_dust_av.particle	oui		4.88;4.88;6.75
base\fx\quest\q301\stadium_av\q301_dust_truck.effect	oui		12.37;14.37;23.34
base\fx\quest\q301\stadium_av\q301_dust_truck.particle	oui		12.37;14.37;23.34
base\fx\quest\q304\q304_car_damage_particle.particle	non		0;0;0
base\fx\quest\q305\outter_bunker\q305_elevator_blackwall_aberration_large.particle	oui		1;1;1
base\fx\quest\q305\outter_bunker\q305_elevator_blackwall_aberration_small.particle	oui		1;1;1
base\fx\quest\q305\outter_bunker\q305_elevator_blackwall_electricity_arc_bursts.particle	oui		1.37;1.37;1.35
base\fx\quest\q305\outter_bunker\q305_elevator_blackwall_electric_small.particle	oui		1.2;1.2;1
base\fx\quest\q305\outter_bunker\q305_elevator_blackwall_malfunction.effect	oui		1.37;1.37;1.35
base\fx\quest\q305\outter_bunker\q305_elevator_malfunction.effect	non	10	20.7;20.7;40.9
base\fx\quest\q305\outter_bunker\q305_elevator_malfunction_sparks.particle	non	3	20.7;20.7;40.9
base\fx\quest\q305\outter_bunker\q305_elevator_monitor_sparks_burst.effect	non	15	5.48;5.48;9.47
base\fx\quest\q305\outter_bunker\q305_elevator_monitor_sparks_burst.particle	non	2	0.3;0.3;0.3
base\fx\quest\q305\outter_bunker\q305_elevator_monitor_sparks_burst_core.particle	non	3	5.48;5.48;9.47
base\fx\quest\q306\black_wall_activate_npc_v1.effect	non	3.91	32.2;32.2;32.2
base\fx\quest\q306\black_wall_activate_npc_v2.effect	non	3.91	32.2;32.2;32.2
base\fx\quest\q306\q306_blackwall_npc_upload_big.particle	oui		3.8;3.8;3.8
base\fx\quest\q306\q306_blackwall_npc_upload_small.particle	oui		2.2;3.2;2.2
base\fx\quest\q306\q306_black_black_wall_fx_red.particle	non	0.2	2;2;2
base\fx\quest\q306\q306_black_character_sparks.particle	non	1.5	32.2;32.2;32.2
base\fx\quest\q306\q306_black_character_sparks02.particle	non	2	32.2;32.2;32.2
base\fx\quest\q306\q306_black_wall_character.effect	non	14.94	3.8;3.8;3.8
base\fx\quest\q306\q306_black_wall_character_upload.effect	oui		3.8;3.8;3.8
base\fx\quest\q306\q306_control_tower_blackwall_character.particle	non	9	3.8;3.8;3.8
base\fx\quest\q306\q306_control_tower_blackwall_character_small.particle	non	1	2.2;3.2;2.2
base\fx\quest\q307\q307_exposure_control.effect	oui		0;0;0
base\fx\quest\q307\q307_light_animated.effect	non	180	0;0;0
base\fx\quest\sound_clue\sound_clue.particle	oui		1;1;1
base\fx\quest\sound_clue\sound_clue_fx.effect	oui		1;1;1
base\fx\quest\sq004\sq004_sandstorm_box.particle	oui		187.5;147.5;50.4
base\fx\quest\sq004\sq004_sandstorm_box_only_top.particle	oui		187.5;147.5;30
base\fx\quest\sq004\sq004_weather_sandstorm_inside_farmhousefix.effect	oui		85.4;85.4;56.4
base\fx\quest\sq004\sq004_weather_sandstorm_inside_farmhousefix.particle	oui		85.4;85.4;56.4
base\fx\quest\sq006\d_tv_screen_art.effect	oui		0.08;0.08;0.08
base\fx\quest\sq006\d_tv_screen_art.particle	oui		0.08;0.08;0.08
base\fx\quest\sq006\d_tv_test_screen.effect	non	8	1;1;1
base\fx\quest\sq006\d_tv_test_screen.particle	non	8	1;1;1
base\fx\quest\sq011\sq011_dust_cloud_blowing_exterior.effect	oui		44;38;53.2
base\fx\quest\sq011\sq011_kerry_mansion\sq011_kerry_dripping_water.effect	oui		1;1;1.8
base\fx\quest\sq011\sq011_kerry_mansion\sq011_kerry_dripping_water.particle	oui		1;1;1.8
base\fx\quest\sq011\sq011_kerry_mansion\sq011_liquid_pouring.effect	non	6	1.9;1.9;2.3
base\fx\quest\sq011\sq011_kerry_mansion\sq011_liquid_pouring.particle	non	0.8	1.9;1.9;2.3
base\fx\quest\sq011\sq011_kerry_mansion\sq011_liquid_pouring_02.effect	non	6	2;2;2.5
base\fx\quest\sq011\sq011_kerry_mansion\sq011_liquid_pouring_02.particle	non	1	2;2;2.5
base\fx\quest\sq011\sq011_low_smoke.particle	oui		5.51;5.51;6.02
base\fx\quest\sq011\sq011_nancy_videorecorder.effect	oui		0;0;0
base\fx\quest\sq011\sq011_oldbar_smoke.particle	oui		8;8;4
base\fx\quest\sq011\sq011_smoke_sheesha_kerrys_villa.particle	oui		4.2;4.2;7.2
base\fx\quest\sq011\sq011_totentanz\sq011_projector_lasers.effect	oui		2.5;2.5;2.5
base\fx\quest\sq011\sq011_totentanz\sq011_projector_lasers.particle	oui		2.5;2.5;2.5
base\fx\quest\sq011\sq011_totentanz\sq011_smoke_ambient_interior_slow_rise_3x3.particle	oui		12.5;12.5;18.5
base\fx\quest\sq011\sq011_totentanz\sq011_totentanz_lamp_flicker.effect	oui		0;0;0
base\fx\quest\sq011\sq011_waterfall_kerrys_villa.effect	oui		1.5;1.5;1.5
base\fx\quest\sq011\sq011_waterfall_kerrys_villa.particle	oui		1.5;1.5;1.5
base\fx\quest\sq011\sq011_waterfall_splash_kerrys_villa.particle	oui		2.35;2.35;2.7
base\fx\quest\sq012\sq012_02a_braindance_blood.effect	non	4	3.67;3.67;4.34
base\fx\quest\sq012\sq012_02a_braindance_blood.particle	non	1.5	3.67;3.67;4.34
base\fx\quest\sq012\sq012_gate_alarm.effect	non	5	0;0;0
base\fx\quest\sq012\sq012_gate_alarm_emissive.effect	non	5	0;0;0
base\fx\quest\sq012\sq012_particle_rewind.effect	oui		1.7;1;1.3
base\fx\quest\sq012\sq012_rewind_particle.particle	oui		1.7;1;1.3
base\fx\quest\sq012\sq012_screen_glitch.effect	oui		3.12;3.12;3.4
base\fx\quest\sq012\sq013_screen_glitch.particle	oui		3.12;3.12;3.4
base\fx\quest\sq017\projection\sq017_rooftop_projection_noise_01.particle	oui		4;4;4
base\fx\quest\sq017\projection\sq017_rooftop_projection_noise_02.particle	oui		4;4;4
base\fx\quest\sq017\projection\sq017_rooftop_projection_noise_03.particle	oui		4;4;4
base\fx\quest\sq017\projection\sq017_rooftop_projection_noise_04.particle	oui		4;4;4
base\fx\quest\sq017\sq017_heater_flame.particle	oui		3.19;3.19;5.39
base\fx\quest\sq017\sq017_smoke_cigarette_cloud.effect	oui		3.1;1.8;1.8
base\fx\quest\sq018\sq018_fire_burst_tequila.effect	non	1	1.52;1.52;2.14
base\fx\quest\sq018\sq018_fire_burst_tequila.particle	non	0.8	1.52;1.52;2.14
base\fx\quest\sq018\sq018_ofrenda_vase_fire.particle	oui		2.51;2.51;3.34
base\fx\quest\sq018\sq018_tequila_spill.effect	non	3	0.7;0.7;1.11
base\fx\quest\sq018\sq018_tequila_spill.particle	non	0.4	0.7;0.7;1.11
base\fx\quest\sq021\sq021_09_fork_dirty.effect	oui		0;0;0
base\fx\quest\sq021\sq021_av_dust_land.effect	oui		8.74;8.74;17.22
base\fx\quest\sq021\sq021_av_dust_start.effect	non	6	8.74;8.74;17.22
base\fx\quest\sq021\sq021_click_fx.particle	non	0.4	0.32;0.32;0.52
base\fx\quest\sq021\sq021_dust_land.particle	oui		8.74;8.74;17.22
base\fx\quest\sq021\sq021_dust_land_start.particle	oui		8.74;8.74;17.22
base\fx\quest\sq021\sq021_e_hologram_light_large_01.particle	oui		29;29;54
base\fx\quest\sq021\sq021_e_hologram_light_large_02.particle	oui		29;29;54
base\fx\quest\sq021\sq021_e_hologram_light_large_03.particle	oui		29;29;54
base\fx\quest\sq021\sq021_father_face_bd_mask.particle	oui		9.73;9.73;10.11
base\fx\quest\sq021\sq021_father_face_glitch.particle	oui		0.54;0.66;0.56
base\fx\quest\sq021\sq021_father_face_mask.effect	oui		9.73;9.73;10.11
base\fx\quest\sq021\sq028_click_fx.effect	non	0.4	0.32;0.32;0.52
base\fx\quest\sq023\e_drifting_smoke_subtle_sq023.particle	oui		12.5;8.7;13.2
base\fx\quest\sq023\e_smoke_ambient_interior_cloud_dense_sq023.particle	oui		4.5;4.5;2.74
base\fx\quest\sq023\e_smoke_ambient_interior_dense_sq023.particle	oui		6.5;6.5;3
base\fx\quest\sq023\sq023_blood_burst.effect	oui		1.39;1.39;2.38
base\fx\quest\sq023\sq023_blood_burst.particle	non	1.5	1.39;1.39;2.38
base\fx\quest\sq023\sq023_blood_flow.effect	non	12	0;0;0
base\fx\quest\sq023\sq023_blood_flow_01.effect	non	1	0;0;0
base\fx\quest\sq023\sq023_blood_flow_02.effect	non	1	0;0;0
base\fx\quest\sq023\sq023_blood_flow_03.effect	non	6	0;0;0
base\fx\quest\sq023\sq023_blood_flow_feet_01.effect	non	1	0;0;0
base\fx\quest\sq023\sq023_joshua_eats.effect	non	1	1.47;1.47;1.95
base\fx\quest\sq023\sq023_joshua_eats.particle	non	0.95	1.47;1.47;1.95
base\fx\quest\sq024\sq024_car_crash.effect	non	6	25.3;25.3;50.3
base\fx\quest\sq024\sq024_car_crash.particle	non	6	25.3;25.3;50.3
base\fx\quest\sq024\sq024_car_fire.effect	oui		6.47;6.47;11.45
base\fx\quest\sq025\sq025_delamain_angry.effect	oui		1.5;1.5;2
base\fx\quest\sq025\sq025_delamain_angry.particle	oui		1.5;1.5;2
base\fx\quest\sq025\sq025_delamain_core_a_coolant_destruction.effect	non	4.52	10.21;10.21;20.23
base\fx\quest\sq025\sq025_delamain_core_a_coolant_destruction.particle	non	5	10.21;10.21;20.23
base\fx\quest\sq025\sq025_delamain_core_a_glass_destruction.effect	non	4.52	10.21;10.21;20.23
base\fx\quest\sq025\sq025_delamain_core_a_glass_destruction.particle	non	5	10.21;10.21;20.23
base\fx\quest\sq025\sq025_delamain_core_a_orb.effect	non	4.52	10.21;10.21;20.23
base\fx\quest\sq025\sq025_delamain_core_a_orb.particle	non	5	10.21;10.21;20.23
base\fx\quest\sq025\sq025_delamain_deep.effect	oui		4;4;7
base\fx\quest\sq025\sq025_delamain_deep.particle	oui		4;4;7
base\fx\quest\sq025\sq025_delamain_default.particle	oui		1.45;1.45;1.9
base\fx\quest\sq025\sq025_delamain_infected.effect	oui		1.17;1.17;1.35
base\fx\quest\sq025\sq025_delamain_infected.particle	oui		1.17;1.17;1.35
base\fx\quest\sq025\sq025_delamain_manic.effect	oui		1.15;1.15;1.3
base\fx\quest\sq025\sq025_delamain_manic.particle	oui		1.15;1.15;1.3
base\fx\quest\sq025\sq025_delamain_mean.effect	oui		1.15;1.15;1.3
base\fx\quest\sq025\sq025_delamain_mean.particle	oui		1.15;1.15;1.3
base\fx\quest\sq025\sq025_delamain_receptionist.particle	oui		11;11;21
base\fx\quest\sq025\sq025_delamain_sad.effect	oui		5.5;5.5;10
base\fx\quest\sq025\sq025_delamain_sad.particle	oui		5.5;5.5;10
base\fx\quest\sq025\sq025_delamain_scared.effect	oui		1.08;1.08;1.15
base\fx\quest\sq025\sq025_delamain_scared.particle	oui		1.08;1.08;1.15
base\fx\quest\sq025\sq025_delamain_screen_glitch.effect	non	8	5;5;5
base\fx\quest\sq025\sq025_delamain_screen_glitch.particle	non	3.5	5;5;5
base\fx\quest\sq025\sq025_delamain_screen_glitch_small.effect	non	5	2;2;2
base\fx\quest\sq025\sq025_delamain_screen_glitch_small.particle	non	5	2;2;2
base\fx\quest\sq025\sq025_delamain_shy.effect	oui		5;5;9
base\fx\quest\sq025\sq025_delamain_shy.particle	oui		5;5;9
base\fx\quest\sq025\sq025_electricity_medium.particle	oui		1;1;1
base\fx\quest\sq025\sq025_electricity_small.particle	oui		1;1;1
base\fx\quest\sq025\sq025_electricity_tesla_coil.particle	oui		1.26;1.26;1.52
base\fx\quest\sq025\sq025_screen_glitch_delamain.particle	oui		11;11;21
base\fx\quest\sq026\e_dust_impact_sq026.effect	non	4	1.5;1.5;2
base\fx\quest\sq026\e_dust_impact_sq026.particle	non	1	1.5;1.5;2
base\fx\quest\sq026\katana_blood\sq026_blood_chest.effect	oui		0;0;0
base\fx\quest\sq026\katana_blood\sq026_blood_hand.effect	oui		0;0;0
base\fx\quest\sq026\katana_blood\sq026_blood_katana_decal_sofa.effect	oui		0.5;0.5;0.5
base\fx\quest\sq026\sq026_blood_drip.particle	non	1.2	1.38;1.36;2.52
base\fx\quest\sq026\sq026_blood_hand_drip.effect	non	8	1.38;1.36;2.52
base\fx\quest\sq026\sq026_blood_pool.effect	non	120	0.5;0.5;0.5
base\fx\quest\sq026\sq026_blood_pool.particle	oui		0.5;0.5;0.5
base\fx\quest\sq026\sq026_conf_room_glass.effect	non	3	0;0;0
base\fx\quest\sq026\sq026_conf_room_glass_tint_off.effect	non	1.6	0;0;0
base\fx\quest\sq026\sq026_lighter_flame.effect	non	1.28	0.31;0.31;0.32
base\fx\quest\sq026\sq026_new_cigarette_lit.effect	non	10	1;1;1
base\fx\quest\sq026\sq026_new_cigarette_lit.particle	oui		1;1;1
base\fx\quest\sq026\sq026_steam_bath.effect	oui		14.5;14.5;19
base\fx\quest\sq026\sq026_steam_bath.particle	oui		14.5;14.5;19
base\fx\quest\sq027\e_fire_campfire_smoulder_sq027.effect	oui		2.04;2.04;2.92
base\fx\quest\sq027\e_fire_campfire_smoulder_sq027.particle	oui		2.04;2.04;2.92
base\fx\quest\sq027\e_fire_campfire_sq027.effect	oui		2.5;2.5;4
base\fx\quest\sq027\e_fire_campfire_sq027.particle	oui		2.5;2.5;4
base\fx\quest\sq027\p_camera_postprocess_hard_sq027.effect	oui		3.25;3.25;5.5
base\fx\quest\sq027\p_camera_postprocess_soft_sq027.effect	oui		3.25;3.25;5.5
base\fx\quest\sq027\p_camera_postprocess_sq027.particle	oui		3.25;3.25;5.5
base\fx\quest\sq027\sq027_car_wreckages_fire.effect	oui		8.68;8.68;14.87
base\fx\quest\sq027\sq027_e_smoke_exterior_burning.particle	oui		12.31;12.31;20.63
base\fx\quest\sq027\sq027_flickering_star.effect	oui		0;0;0
base\fx\quest\sq027\sq027_panzer_interior_damage.effect	non	10.12	8.45;8.45;17.05
base\fx\quest\sq027\sq027_panzer_interior_damage.particle	non	4	6.45;6.45;12.65
base\fx\quest\sq027\sq027_panzer_interior_damage_smoke.particle	non	4	8.45;8.45;17.05
base\fx\quest\sq027\sq027_train_clamp_destruction.effect	non	3	25.25;25.25;50.25
base\fx\quest\sq027\sq027_train_clamp_destruction.particle	non	2	25.25;25.25;50.25
base\fx\quest\sq028\aq028_fire_outside_effect.effect	oui		26.5;26.5;51.5
base\fx\quest\sq028\aq028_radio_fire.effect	oui		3.09;3.09;4.68
base\fx\quest\sq028\sq028_cruiser_explode.effect	non	7.5	29;29;53
base\fx\quest\sq028\sq028_cruiser_explode.particle	non	22	29;29;53
base\fx\quest\sq028\sq028_fire_big_outsie.particle	oui		26.5;26.5;51.5
base\fx\quest\sq028\sq028_fire_medium.effect	oui		4.68;4.68;7.86
base\fx\quest\sq028\sq028_fire_medium_outsie.particle	oui		10.44;10.44;19.39
base\fx\quest\sq028\sq028_fire_radio.particle	oui		3.09;3.09;4.68
base\fx\quest\sq028\sq028_fire_refraction.particle	oui		2.54;2.54;4.08
base\fx\quest\sq028\sq028_fire_small.effect	oui		5.17;5.17;8.85
base\fx\quest\sq028\sq028_fire_small.particle	oui		5.17;5.17;8.85
base\fx\quest\sq028\sq028_fire_small_ground.particle	oui		1.81;1.81;2.83
base\fx\quest\sq028\sq028_fire_stage3.particle	oui		4.68;4.68;7.86
base\fx\quest\sq028\sq028_fire_start.effect	non	2.99	5.17;5.17;8.85
base\fx\quest\sq028\sq028_fire_start.particle	non	5	5.17;5.17;8.85
base\fx\quest\sq028\sq028_fire_start_medium.particle	oui		3.94;3.94;6.38
base\fx\quest\sq028\sq028_fire_start_wrap.effect	oui		5.17;5.17;8.85
base\fx\quest\sq028\sq028_fire_start_wrap.particle	non	4	5.17;5.17;8.85
base\fx\quest\sq028\sq028_fire_very_small.particle	oui		1.28;1.28;1.55
base\fx\quest\sq028\sq028_guitar_destro_cs.effect	non	19.65	27;27;52
base\fx\quest\sq028\sq028_quitar_destro.particle	non	10	25.65;25.65;50.65
base\fx\quest\sq028\sq028_radio_broken.effect	non	2.78	4.46;4.46;7.93
base\fx\quest\sq028\sq028_radio_broken.particle	non	2.5	4.46;4.46;7.93
base\fx\quest\sq028\sq028_sink_water.particle	oui		17.65;15.44;14.87
base\fx\quest\sq028\sq028_sink_yacht.effect	non	20.95	17.65;15.44;14.87
base\fx\quest\sq028\sq028_smoke.particle	oui		3.34;3.34;5.17
base\fx\quest\sq028\sq028_underewater_fx.effect	non	3.59	4.45;4.45;4.76
base\fx\quest\sq028\sq028_underwater_vfx.particle	non	2.5	4.45;4.45;4.76
base\fx\quest\sq028\sq028_water_explode.particle	non	3	21.26;24.46;32.92
base\fx\quest\sq028\sq028_water_plash_vfx.particle	non	3	18.57;18.57;36.64
base\fx\quest\sq028\sq028_water_splash.effect	non	1.78	18.57;18.57;36.64
base\fx\quest\sq028\sq028_wood_destro.particle	non	8	27;27;52
base\fx\quest\sq028\sq028_wood_destro_cs.effect	non	58.98	27;27;52
base\fx\quest\sq028\sq028_wood_guitar.particle	non	8	27;27;52
base\fx\quest\sq029\ar_game\ar_lut.effect	oui		0;0;0
base\fx\quest\sq029\sq029_fast_blinking.effect	oui		25.1;25.1;50.1
base\fx\quest\sq029\sq029_food_steam.particle	oui		1.61;1.61;3.03
base\fx\quest\sq029\sq029_jambalaya_boiling.effect	oui		0.46;0.46;0.61
base\fx\quest\sq029\sq029_jambalaya_boiling.particle	oui		0.46;0.46;0.61
base\fx\quest\sq029\sq029_rice_pouring.effect	oui		1.6;1.6;3.1
base\fx\quest\sq029\sq029_rice_pouring.particle	oui		1.6;1.6;3.1
base\fx\quest\sq029\sq029_spoon_eating.effect	oui		0.5;0.5;0.5
base\fx\quest\sq029\sq029_spoon_eating.particle	non	10	0.5;0.5;0.5
base\fx\quest\sq029\sq029_stirring_jambalaya.effect	oui		0.16;0.16;0.16
base\fx\quest\sq029\sq029_stirring_jambalaya.particle	oui		0.16;0.16;0.16
base\fx\quest\sq029\sq029_tomato_pouring.effect	non	4	1.36;1.36;1.72
base\fx\quest\sq029\sq029_tomato_pouring.particle	non	0.8	1.36;1.36;1.72
base\fx\quest\sq030\fake_spotlight.effect	oui		26.3;26.3;51.3
base\fx\quest\sq030\fake_spotlight.particle	oui		26.3;26.3;51.3
base\fx\quest\sq030\sq030_dust_puff_underwater.effect	oui		0.15;0.15;0.15
base\fx\quest\sq030\sq030_dust_puff_underwater.particle	non	5	0.15;0.15;0.15
base\fx\quest\sq030\sq030_glowstick_glow.particle	oui		10;10;10
base\fx\quest\sq030\sq030_glowstick_light.effect	oui		10;10;10
base\fx\quest\sq030\sq030_spotlight_cone.effect	oui		1;1;1
base\fx\quest\sq030\sq030_spotlight_cone.particle	oui		1;1;1
base\fx\quest\sq030\sq030_underwater_jump.particle	non	12	3.3;3.3;5.1
base\fx\quest\sq031\01d_smack_rogue\sq031_rogue_vomit.effect	non	5	1.15;1.15;1.2
base\fx\quest\sq031\01d_smack_rogue\sq031_rogue_vomit.particle	non	0.6	1.15;1.15;1.2
base\fx\quest\sq031\01d_smack_rogue\sq031_rogue_vomit_decal.effect	oui		0;0;0
base\fx\quest\sq031\cloth_sim\cloth_sim_effect.effect	non	160	27;27;52
base\fx\quest\sq031\sq031_01a_smack_afterlife\sq031_cigarette_smoke_exhaust_local.effect	non	5.01	3.4;3.4;6.4
base\fx\quest\sq031\sq031_01a_smack_afterlife\sq031_cigarette_smoke_exhaust_local.particle	non	5	3.4;3.4;6.4
base\fx\quest\sq031\sq031_01a_smack_afterlife\sq031_pepper.effect	non	2	0.23;0.23;0.38
base\fx\quest\sq031\sq031_01a_smack_afterlife\sq031_pepper.particle	non	0.45	0.23;0.23;0.38
base\fx\quest\sq031\sq031_05_grave\sq031_johnny_grave_dust.effect	non	3	1.26;1.26;2.02
base\fx\quest\sq031\sq031_05_grave\sq031_johnny_grave_dust.particle	non	1	1.26;1.26;2.02
base\fx\quest\sq031\sq031_05_grave\sq031_johnny_grave_inscription.effect	oui		0;0;0
base\fx\quest\sq031\sq031_cigarette_smoke_exhaust_fpp_jumpcut.effect	non	5	2.19;2.19;3.39
base\fx\quest\sq031\sq031_cigarette_smoke_exhaust_fpp_jumpcut.particle	non	3.5	2.19;2.19;3.39
base\fx\quest\sq031\sq031_cigarette_smoke_exhaust_fpp_jumpcut_local.effect	non	5	2.02;2.02;3.05
base\fx\quest\sq031\sq031_cigarette_smoke_exhaust_fpp_jumpcut_local.particle	non	3	2.02;2.02;3.05
base\fx\quest\sq031\sq031_liquid_pour.effect	non	6	1.85;1.85;2.2
base\fx\quest\sq031\sq031_liquid_pour.particle	non	0.7	1.85;1.85;2.2
base\fx\quest\sq031\sq031_vomit.effect	non	5	1.7;1.7;1.9
base\fx\quest\sq031\sq031_vomit.particle	non	0.5	1.7;1.7;1.9
base\fx\quest\sq031\sq031_vomit_decal.effect	oui		0;0;0
base\fx\quest\sq032\sq032_vomit.effect	non	5	1.7;1.7;1.9
base\fx\quest\sq032\sq032_vomit.particle	non	0.4	1.7;1.7;1.9
base\fx\quest\sq032\sq032_vomit_decal.effect	oui		1.15;1.15;1.2
base\fx\quest\sq032\sq032_vomit_splash.particle	non	1	1.15;1.15;1.2
base\fx\quest\_common\blood\q_bleeding_blood_decal_on_hand.effect	oui		0;0;0
base\fx\quest\_common\blood\q_bleeding_blood_dynamic_decal_on_hand.effect	oui		0;0;0
base\fx\quest\_common\blood\q_blood_decal_small.effect	oui		0;0;0
base\fx\quest\_common\blood\q_blood_mesh_decal_off.effect	non	0.3	0;0;0
base\fx\quest\_common\blood\q_blood_mesh_decal_on.effect	non	0.3	0;0;0
base\fx\quest\_common\blood\q_blood_smear_hand.effect	oui		0;0;0
base\fx\quest\_common\blood\q_blood_smear_hand_dynamic.effect	oui		0;0;0
base\fx\quest\_common\blood\q_blood_smear_hand_no_loop.effect	non	20	0;0;0
base\fx\quest\_common\blood\q_blood_splatter_hand.effect	oui		0;0;0
base\fx\quest\_common\blood\q_blood_splatter_hand_dynamic.effect	oui		0;0;0
base\fx\quest\_common\blood\q_coughing_blood_decal_on_hand.effect	oui		0;0;0
base\fx\quest\_common\blood\q_coughing_blood_dynamic_decal_on_hand.effect	oui		0;0;0
base\fx\quest\_common\devices\q_diode_on.effect	non	0.4	0;0;0
base\fx\quest\_common\vehicles\q_skid_smoke_tire.effect	oui		3.89;3.89;6.37
base\fx\quest\_common\vehicles\q_skid_smoke_tire.particle	oui		3.89;3.89;6.37
base\fx\quest\_common\vehicles\q_skid_smoke_tire_big.effect	oui		9.3;9.3;17.2
base\fx\quest\_common\vehicles\q_skid_smoke_tire_big.particle	oui		9.3;9.3;17.2
base\fx\quest\_common\vehicles\q_wheels_scratches_sparks.effect	oui		0.71;0.71;1.22
base\fx\quest\_common\vehicles\q_wheels_scratches_sparks.particle	oui		0.71;0.71;1.22
base\fx\quest\_common\weapons\q_paralyzer_muzzle_flash_tpp.effect	non	1.49	17;17;33.5
base\fx\quest\_common\weapons\q_paralyzer_muzzle_flash_tpp.particle	non	1.55	17;17;33.5
base\fx\street_stories\arroyo\sts_std_arr_06_blood_on_car.effect	oui		0;0;0
base\fx\street_stories\watson\sts_wats_kab_06_smoke_granade.effect	oui		14.5;14.5;19
base\fx\street_stories\watson\sts_wats_kab_06_smoke_granade.particle	oui		14.5;14.5;19
base\fx\ui\dialogues_marker\ui_dialogues_marker.particle	oui		25.1;25.1;50.1
base\fx\ui\ui_switch_glitch.effect	non	19.92	1.75;1.75;2.45
base\fx\ui\ui_switch_glitch.particle	oui		1.75;1.75;2.45
base\fx\vehicles\av\av_debris_kickup_q001_00c.particle	oui		4.12;4.12;5.24
base\fx\vehicles\av\av_dust_kickup_q001_00c.particle	oui		26.2;26.2;51.2
base\fx\vehicles\av\av_luxury_thruster.effect	oui		10.1;10.1;10.2
base\fx\vehicles\av\av_luxury_thruster.particle	oui		10.1;10.1;10.2
base\fx\vehicles\av\av_panzer\av_panzer_thruster.effect	oui		44;44;44
base\fx\vehicles\av\av_panzer\av_panzer_thruster_quest.effect	oui		44;44;44
base\fx\vehicles\av\av_panzer\v_panzer_thruster_blue.particle	oui		28;28;28
base\fx\vehicles\av\av_panzer\v_panzer_thruster_dust_ground.particle	oui		11.12;9.32;6.34
base\fx\vehicles\av\av_panzer\v_panzer_thruster_dust_ground_low.particle	oui		9.49;9.49;5.48
base\fx\vehicles\av\av_panzer\v_panzer_thruster_magnetic.particle	oui		44;44;44
base\fx\vehicles\av\av_panzer\v_panzer_thruster_red.particle	oui		28;28;28
base\fx\vehicles\av\av_panzer\weapons\v_panzer_bullet_explosion.effect	non	30	25.8;25.8;50.8
base\fx\vehicles\av\av_panzer\weapons\v_panzer_bullet_explosion.particle	non	6	25.8;25.8;50.8
base\fx\vehicles\av\av_panzer\weapons\v_panzer_bullet_trail.particle	non		0;0;0
base\fx\vehicles\av\av_panzer\weapons\v_panzer_emp_explosion.effect	non	7	25.3;25.3;50.3
base\fx\vehicles\av\av_panzer\weapons\v_panzer_emp_explosion.particle	non	7	25.3;25.3;50.3
base\fx\vehicles\av\av_panzer\weapons\v_panzer_muzzle_flash.effect	non	5.5	16.8;16.8;33.45
base\fx\vehicles\av\av_panzer\weapons\v_panzer_muzzle_flash.particle	non	1.7	16.8;16.8;33.45
base\fx\vehicles\av\av_panzer\weapons\v_panzer_rocket_explosion.effect	non	20.03	28;28;51
base\fx\vehicles\av\av_panzer\weapons\v_panzer_rocket_explosion.particle	non	12	28;28;51
base\fx\vehicles\av\av_panzer\weapons\v_panzer_rocket_launcher_muzzle.effect	non	5.5	12.23;12.23;24.26
base\fx\vehicles\av\av_panzer\weapons\v_panzer_rocket_launcher_muzzle.particle	non	3	12.23;12.23;24.26
base\fx\vehicles\av\av_rayfield_excalibur_thruster.effect	oui		8;8;8
base\fx\vehicles\av\av_rayfield_excalibur_thruster_low_power.effect	oui		4.1;4.1;4.75
base\fx\vehicles\av\av_zetatech\av_zetatech_turret_muzzle.effect	non	2	2.4;2.4;3.9
base\fx\vehicles\av\av_zetatech\av_zetatech_turret_muzzle.particle	non	2	2.4;2.4;3.9
base\fx\vehicles\av\av_zetatech\av_zetatech_turret_trail.effect	oui		0.5;0.5;0.74
base\fx\vehicles\av\av_zetatech\av_zetatech_turret_trail.particle	oui		0.5;0.5;0.74
base\fx\vehicles\av\v_av_air_flyby.effect	oui		3;3;3
base\fx\vehicles\av\v_av_air_flyby.particle	oui		3;3;3
base\fx\vehicles\av\v_av_dust_kickup.effect	oui		4.88;4.88;6.75
base\fx\vehicles\av\v_av_dust_kickup.particle	oui		4.88;4.88;6.75
base\fx\vehicles\av\v_av_dust_kickup_low.particle	oui		5.7;5.7;8.4
base\fx\vehicles\av\v_av_dust_kickup_no_debris.effect	non	6	4.88;4.88;6.75
base\fx\vehicles\av\v_av_dust_kickup_no_debris.particle	oui		4.88;4.88;6.75
base\fx\vehicles\av\v_av_dust_kickup_q000.effect	non	6	4.88;4.88;6.75
base\fx\vehicles\av\v_av_dust_kickup_q000.particle	oui		4.88;4.88;6.75
base\fx\vehicles\av\v_av_explosion_interior_smoke_q115.effect	non	3	27;27;52
base\fx\vehicles\av\v_av_explosion_interior_smoke_q115.particle	non	2	27;27;52
base\fx\vehicles\av\v_av_garbage_heat_trail.effect	oui		23;23;23
base\fx\vehicles\av\v_av_garbage_heat_trail.particle	oui		2.6;2.6;4.85
base\fx\vehicles\av\v_av_manticore_vapour_spray_interior.effect	oui		6.82;6.82;7.65
base\fx\vehicles\av\v_av_manticore_vapour_spray_interior.particle	oui		6.82;6.82;7.65
base\fx\vehicles\av\v_av_manticore_vapour_trails.effect	oui		29;29;54
base\fx\vehicles\av\v_av_manticore_vapour_trails.particle	oui		29;29;54
base\fx\vehicles\av\v_av_rayfield_excalibur_thruster.particle	oui		8;8;8
base\fx\vehicles\av\v_av_rayfield_excalibur_thruster_back.particle	oui		8;8;8
base\fx\vehicles\av\v_av_rayfield_excalibur_thruster_back_low_power.particle	oui		2.5;2.5;4.75
base\fx\vehicles\av\v_av_rayfield_excalibur_thruster_back_small.particle	oui		5;5;5
base\fx\vehicles\av\v_av_rayfield_excalibur_thruster_back_small_low_power.particle	oui		4.1;4.1;4.75
base\fx\vehicles\av\v_av_rayfield_excalibur_thruster_front_small.particle	oui		4;4;4
base\fx\vehicles\av\v_av_rayfield_excalibur_thruster_low_power.particle	oui		2.5;2.5;4.75
base\fx\vehicles\av\v_av_rayfield_excalibur_thruster_small_low_power.particle	oui		2.6;2.6;2.6
base\fx\vehicles\av\v_av_trauma_team_thruster.effect	oui		23;23;23
base\fx\vehicles\av\v_av_trauma_team_thruster.particle	oui		23;23;23
base\fx\vehicles\av\v_av_trauma_team_thruster_start.effect	oui		23;23;23
base\fx\vehicles\av\v_av_trauma_team_thruster_start.particle	oui		23;23;23
base\fx\vehicles\av\v_av_valgus_propeller_blur.effect	oui		33;33;33
base\fx\vehicles\av\v_av_valgus_propeller_blur.particle	oui		1;1;1
base\fx\vehicles\av\v_av_valgus_propeller_blur_ccw.particle	oui		1;1;1
base\fx\vehicles\av\v_av_valgus_thruster.effect	oui		33;33;33
base\fx\vehicles\av\v_av_valgus_thruster.particle	oui		10;10;10
base\fx\vehicles\av\v_av_valgus_vapour_dust_location.particle	oui		16;16;29.11
base\fx\vehicles\av\v_av_valgus_vapour_trails.effect	oui		29;29;54
base\fx\vehicles\av\v_av_valgus_vapour_trails.particle	oui		29;29;54
base\fx\vehicles\av\_landing_area\luxury\v_av_landing_area_luxury.effect	oui		17;17;27
base\fx\vehicles\av\_landing_area\luxury\v_av_landing_area_luxury.particle	non	3	15;15;27
base\fx\vehicles\av\_landing_area\luxury\v_av_landing_area_luxury_ver2.particle	non	3	15;15;27
base\fx\vehicles\av\_landing_area\luxury\v_av_landing_area_luxury_ver2_static.particle	oui		17;17;18
base\fx\vehicles\av\_landing_area\medical\v_av_med_landing_area_fin_inner.particle	oui		1.12;1.12;1.25
base\fx\vehicles\av\_landing_area\medical\v_av_med_landing_area_fin_inner_signs.particle	oui		1.25;1.25;1.5
base\fx\vehicles\av\_landing_area\medical\v_av_med_landing_area_fin_outer_dynamic.particle	non	0.9	1;1;1
base\fx\vehicles\av\_landing_area\medical\v_av_med_landing_area_fin_outer_static.particle	oui		1;1;1
base\fx\vehicles\av\_landing_area\medical\v_av_med_landing_area_hologram.effect	oui		26;26;51
base\fx\vehicles\av\_landing_area\medical\v_av_med_landing_area_phase_1.particle	non	0.3	0.31;0.31;0.52
base\fx\vehicles\av\_landing_area\medical\v_av_med_landing_area_phase_2.particle	non	0.3	0.1;0.1;0.1
base\fx\vehicles\av\_landing_area\medical\v_av_med_landing_area_phase_3_lines_1.particle	non	0.4	1.5;1.5;1.5
base\fx\vehicles\av\_landing_area\medical\v_av_med_landing_area_phase_3_lines_2.particle	non	0.4	1.5;1.5;1.5
base\fx\vehicles\av\_landing_area\medical\v_av_med_landing_area_rectangle_inner.particle	non	0.25	1.12;1.12;1.25
base\fx\vehicles\av\_landing_area\medical\v_av_med_landing_area_rectangle_inner_dynamic.particle	non	0.4	1.5;1.5;1.5
base\fx\vehicles\av\_landing_area\medical\v_av_med_landing_area_rectangle_inner_static.particle	oui		26;26;51
base\fx\vehicles\av\_landing_area\medical\v_av_med_landing_area_rectangle_outer_dynamic.particle	non	0.4	1.5;1.5;1.5
base\fx\vehicles\av\_landing_area\medical\v_av_med_landing_area_rectangle_outer_static.particle	oui		26;26;51
base\fx\vehicles\av\_landing_area\militech\v_av_landing_area_hologram_militech.effect	oui		2.1;2.1;3.1
base\fx\vehicles\av\_landing_area\militech\v_av_landing_area_militech.particle	non	1.5	1.85;1.85;2.6
base\fx\vehicles\av\_landing_area\militech\v_av_landing_area_militech_2.particle	non	1.5	1.85;1.85;2.6
base\fx\vehicles\av\_landing_area\militech\v_av_landing_area_militech_block.particle	non	0.9	2;2;2
base\fx\vehicles\av\_landing_area\militech\v_av_landing_area_militech_block_loop.particle	oui		2;2;2
base\fx\vehicles\av\_landing_area\militech\v_av_landing_area_militech_dots.particle	non	0.15	0.15;0.15;0.19
base\fx\vehicles\av\_landing_area\militech\v_av_landing_area_militech_loop.particle	oui		2;2;3
base\fx\vehicles\av\_landing_area\militech\v_av_landing_area_militech_loop_2.particle	oui		2.1;2.1;3.1
base\fx\vehicles\av\_landing_area\v_av_landing_area.particle	oui		1.12;1.12;1.25
base\fx\vehicles\av\_landing_area\v_av_landing_area_cross_glitch.effect	non	0.32	1.04;1.04;1.08
base\fx\vehicles\av\_landing_area\v_av_landing_area_cross_glitch.particle	non	0.08	1.04;1.04;1.08
base\fx\vehicles\av\_landing_area\v_av_landing_area_hologram.effect	oui		1.25;1.25;1.5
base\fx\vehicles\av\_landing_area\v_av_landing_area_hologram_acive.effect	oui		1.25;1.25;1.5
base\fx\vehicles\av\_landing_area\v_av_landing_area_projector.effect	oui		3;3;3
base\fx\vehicles\av\_landing_area\v_av_landing_area_projector.particle	oui		3;3;3
base\fx\vehicles\av\_landing_area\v_av_landing_area_projector_flare.particle	oui		1;1;1
base\fx\vehicles\av\_landing_area\v_av_landing_area_signs.particle	oui		1.25;1.25;1.5
base\fx\vehicles\av\_lights\v_av_distant_emissives.effect	oui		0;0;0
base\fx\vehicles\av_spotlight.particle	oui		15;15;15
base\fx\vehicles\blinks.particle	oui		0.2;0.2;0.2
base\fx\vehicles\blinks2.particle	oui		1;1;1
base\fx\vehicles\blinks3.particle	oui		0.1;0.1;0.1
base\fx\vehicles\car\car_bomb_diode.effect	non	4	1;1;1
base\fx\vehicles\car\car_bomb_diode.particle	oui		1;1;1
base\fx\vehicles\car\car_exhaust_smoke.effect	oui		3.2;3.2;3.4
base\fx\vehicles\car\car_exhaust_smoke.particle	oui		3.2;3.2;3.4
base\fx\vehicles\car\car_tire_smoke.effect	non	5	7.2;7.2;10.41
base\fx\vehicles\car\car_tire_smoke.particle	oui		7.2;7.2;10.41
base\fx\vehicles\chevalier_emperor\v_emperor_dust_kickup.effect	oui		3.78;3.78;6.15
base\fx\vehicles\chevalier_emperor\v_emperor_dust_kickup.particle	oui		3.78;3.78;6.15
base\fx\vehicles\drone\bombus\bombus_attack.particle	non	0.75	1.62;1.62;3.15
base\fx\vehicles\drone\bombus\bombus_beam.effect	oui		3;3;3
base\fx\vehicles\drone\bombus\bombus_beam.particle	non	12	1;1;1
base\fx\vehicles\drone\bombus\bombus_damage_smoke.effect	oui		4.53;4.53;8.03
base\fx\vehicles\drone\bombus\bombus_damage_smoke.particle	oui		4.53;4.53;8.03
base\fx\vehicles\drone\bombus\bombus_destruction.effect	non	3	25.3;25.3;50.3
base\fx\vehicles\drone\bombus\bombus_destruction.particle	non	2	25.3;25.3;50.3
base\fx\vehicles\drone\bombus\bombus_ground_hit.effect	non	3	5.74;5.74;9.99
base\fx\vehicles\drone\bombus\bombus_ground_hit.particle	non	2	5.74;5.74;9.99
base\fx\vehicles\drone\bombus\bombus_hack_overload.effect	non	1	2.13;2.13;2.75
base\fx\vehicles\drone\bombus\bombus_hack_overload.particle	oui		2.13;2.13;2.75
base\fx\vehicles\drone\bombus\bombus_hit.effect	non	1.62	25.3;25.3;50.3
base\fx\vehicles\drone\bombus\bombus_impact_decal.effect	non	24.76	25.3;25.3;50.3
base\fx\vehicles\drone\bombus\bombus_plazma_lava.particle	non		0;0;0
base\fx\vehicles\drone\bombus\bombus_sparks_plazma.particle	non	2	25.3;25.3;50.3
base\fx\vehicles\drone\bombus\bombus_status_emp.effect	non	15.1	3.03;3.03;4.56
base\fx\vehicles\drone\bombus\bombus_status_emp.particle	oui		1.13;1.13;1.26
base\fx\vehicles\drone\bombus\bombus_taser.effect	non	1	1.62;1.62;3.15
base\fx\vehicles\drone\bombus\bombus_welder_flame.effect	oui		4;4;4
base\fx\vehicles\drone\bombus\bombus_welder_flame.particle	oui		4;4;4
base\fx\vehicles\drone\drone_damage_smoke.effect	oui		4.02;4.02;8.03
base\fx\vehicles\drone\drone_damage_smoke.particle	non	2.5	3.03;3.03;4.56
base\fx\vehicles\drone\drone_destruction.effect	non	3	25.3;25.3;50.3
base\fx\vehicles\drone\drone_destruction.particle	non	3.5	25.3;25.3;50.3
base\fx\vehicles\drone\drone_friendly.effect	oui		5;5;5
base\fx\vehicles\drone\drone_friendly.particle	oui		5;5;5
base\fx\vehicles\drone\drone_hack_overload.effect	non	2	3.13;3.13;2.75
base\fx\vehicles\drone\drone_hack_overload.particle	oui		3.13;3.13;2.75
base\fx\vehicles\drone\drone_hostile.effect	oui		1.15;1.15;1.3
base\fx\vehicles\drone\drone_hostile.particle	oui		1.15;1.15;1.3
base\fx\vehicles\drone\drone_missile_trail.effect	oui		0.5;0.5;0.74
base\fx\vehicles\drone\drone_missile_trail.particle	oui		0.5;0.5;0.74
base\fx\vehicles\drone\drone_muzzleflash.effect	non	0.2	5.4;5.4;10.59
base\fx\vehicles\drone\drone_muzzleflash.particle	non	2	5.4;5.4;10.59
base\fx\vehicles\drone\drone_scan.effect	oui		6;6;6
base\fx\vehicles\drone\drone_scan.particle	oui		5;5;5
base\fx\vehicles\drone\drone_scan_02.particle	oui		6;6;6
base\fx\vehicles\drone\drone_scan_02_red.particle	oui		6;6;6
base\fx\vehicles\drone\drone_scan_red.effect	oui		6;6;6
base\fx\vehicles\drone\drone_scan_red.particle	oui		5;5;5
base\fx\vehicles\drone\drone_scan_short.effect	oui		1.8;1.8;2.3
base\fx\vehicles\drone\drone_scan_short.particle	oui		1.8;1.8;2.3
base\fx\vehicles\drone\drone_shield_hacked.effect	oui		0;0;0
base\fx\vehicles\drone\drone_shield_hacked_status.particle	oui		1;1;1
base\fx\vehicles\drone\drone_status_emp.effect	oui		3.03;3.03;4.56
base\fx\vehicles\drone\drone_status_emp.particle	oui		1.5;2.26;2.12
base\fx\vehicles\drone\drone_thrust_smoke.effect	oui		1.67;1.67;2.35
base\fx\vehicles\drone\drone_thrust_smoke.particle	oui		1.67;1.67;2.35
base\fx\vehicles\drone\griffin\griffin_after_explode.particle	oui		0.93;0.93;1.31
base\fx\vehicles\drone\griffin\griffin_destruction.effect	non	7.5	25.3;25.3;50.3
base\fx\vehicles\drone\griffin\griffin_destruction.particle	non	3.5	25.3;25.3;50.3
base\fx\vehicles\drone\griffin\griffin_ground_hit.effect	non	3	7.11;7.11;13.66
base\fx\vehicles\drone\griffin\griffin_ground_hit.particle	non	2	7.11;7.11;13.66
base\fx\vehicles\drone\octant\octant_damage_smoke.effect	oui		4.47;4.47;8.03
base\fx\vehicles\drone\octant\octant_damage_smoke.particle	non	2.5	4.47;4.47;6.03
base\fx\vehicles\drone\octant\octant_damage_sparks.particle	oui		4.02;4.02;8.03
base\fx\vehicles\drone\octant\octant_destruction.effect	non	10.06	26.5;26.5;51.5
base\fx\vehicles\drone\octant\octant_destruction.particle	non	2	26.5;26.5;51.5
base\fx\vehicles\drone\octant\octant_explosion.effect	non	8	28;28;53
base\fx\vehicles\drone\octant\octant_explosion.particle	non	12	28;28;53
base\fx\vehicles\drone\octant\octant_explosion_engine.effect	non	8	28;28;51
base\fx\vehicles\drone\octant\octant_explosion_engine.particle	non	12	28;28;51
base\fx\vehicles\drone\octant\octant_fire_after_explosion.particle	oui		4.68;4.68;7.86
base\fx\vehicles\drone\octant\octant_ground_hit.effect	non	3	25.3;25.3;50.3
base\fx\vehicles\drone\octant\octant_ground_hit.particle	non	5	25.3;25.3;50.3
base\fx\vehicles\drone\octant\octant_hack_overload.effect	non	4	4.48;4.48;8.81
base\fx\vehicles\drone\octant\octant_hack_overload.particle	non	1	4.48;4.48;8.81
base\fx\vehicles\drone\octant\octant_trusters.effect	oui		23;23;23
base\fx\vehicles\drone\octant\octant_trusters.particle	oui		23;23;23
base\fx\vehicles\drone\octant\octatnt_status_emp.effect	non	15.1	3.06;4.26;4.56
base\fx\vehicles\drone\octant\octatnt_status_emp.particle	oui		3.06;4.26;2.82
base\fx\vehicles\drone\octant\octatnt_trusters_break.particle	non	3	25.3;25.3;50.3
base\fx\vehicles\drone\scan\laserscan_drone.particle	oui		134.15;118.15;118.3
base\fx\vehicles\drone\scan\laserscan_drone_ready.particle	oui		134.15;118.15;118.3
base\fx\vehicles\drone\scan\laserscan_drone_scaning.particle	oui		1.7;1.7;2.9
base\fx\vehicles\drone\scan\laserscan_scaning.particle	non	1.7	2.05;2.05;2.9
base\fx\vehicles\drone\scan\scan.effect	oui		134.15;118.15;118.3
base\fx\vehicles\drone\scan\scaning.effect	non	3.5	2.05;2.05;2.9
base\fx\vehicles\drone\scan\scan_finsih.effect	oui		134.15;118.15;118.3
base\fx\vehicles\drone\traffic_thrust_engine\traffic_drone_engine.particle	oui		23;23;23
base\fx\vehicles\drone\traffic_thrust_engine\traffic_drone_engine_big.particle	oui		23;23;23
base\fx\vehicles\drone\traffic_thrust_engine\traffic_drone_engine_medium.particle	oui		33;33;33
base\fx\vehicles\drone\traffic_thrust_engine\traffic_drone_engine_rocket_01.particle	oui		33;33;33
base\fx\vehicles\drone\traffic_thrust_engine\traffic_drone_engine_rocket_02.particle	oui		33;33;33
base\fx\vehicles\drone\traffic_thrust_engine\traffic_drone_engine_x_medium.particle	oui		26;26;26
base\fx\vehicles\manticore\dust_kickup_manticore.effect	non	11	26;26;51
base\fx\vehicles\manticore\fx_dust_kickup_manticore.particle	oui		26;26;51
base\fx\vehicles\manticore\fx_smoke_exhaust_av.particle	oui		3.5;3.5;6
base\fx\vehicles\manticore\smoke_exhaust.effect	oui		0;0;0
base\fx\vehicles\manticore\v_av_dust_kickup_01.particle	oui		4.88;4.88;6.75
base\fx\vehicles\manticore\v_av_dust_kickup_front.particle	oui		4.88;4.88;6.75
base\fx\vehicles\manticore\v_av_dust_kickup_side.particle	oui		4.88;4.88;6.75
base\fx\vehicles\manticore\v_av_manticore_medium_thrusters.effect	oui		19;19;19
base\fx\vehicles\manticore\v_av_manticore_medium_thrusters.particle	oui		19;19;19
base\fx\vehicles\manticore\v_av_manticore_thrusters.effect	oui		19;19;19
base\fx\vehicles\manticore\v_av_manticore_thrusters.particle	oui		19;19;19
base\fx\vehicles\manticore\v_av_manticore_thrusters_ground.particle	oui		23;23;23
base\fx\vehicles\manticore\v_av_manticore_thrusters_idle.particle	oui		22;22;22
base\fx\vehicles\manticore\v_av_manticore_thrusters_idle_land.effect	oui		22;22;22
base\fx\vehicles\max_tac_av\max_tac_av_cloak_instant_off.effect	non	0.1	0;0;0
base\fx\vehicles\max_tac_av\max_tac_av_cloak_instant_on.effect	non	0.1	0;0;0
base\fx\vehicles\max_tac_av\max_tac_av_cloak_off.effect	non	3	0;0;0
base\fx\vehicles\max_tac_av\max_tac_av_cloak_on.effect	non	3	0;0;0
base\fx\vehicles\max_tac_helicopter\max_tac_helicopter_dust_kickup.effect	oui		28;28;53
base\fx\vehicles\max_tac_helicopter\max_tac_helicopter_dust_kickup.particle	oui		28;28;53
base\fx\vehicles\max_tac_helicopter\max_tac_helicopter_propeller_blur.effect	oui		1;1;1
base\fx\vehicles\max_tac_helicopter\max_tac_helicopter_propeller_blur.particle	oui		1;1;1
base\fx\vehicles\minotaur\v_minotaur_burn.particle	oui		1.52;1.52;2.05
base\fx\vehicles\minotaur\v_minotaur_burn_medium.particle	oui		0.6;0.6;0.6
base\fx\vehicles\minotaur\v_minotaur_emp.particle	oui		2.13;2.13;2.26
base\fx\vehicles\minotaur\v_minotaur_explosion.effect	non	10	25.3;25.3;50.3
base\fx\vehicles\minotaur\v_minotaur_explosion.particle	non	5	25.3;25.3;50.3
base\fx\vehicles\minotaur\v_minotaur_friendly.effect	oui		5;5;5
base\fx\vehicles\minotaur\v_minotaur_friendly.particle	oui		5;5;5
base\fx\vehicles\minotaur\v_minotaur_hostile.effect	oui		1.15;1.15;1.3
base\fx\vehicles\minotaur\v_minotaur_hostile.particle	oui		1.15;1.15;1.3
base\fx\vehicles\minotaur\v_minotaur_landing_smoke.effect	non	15	26;26;51
base\fx\vehicles\minotaur\v_minotaur_landing_smoke.particle	non	12	26;26;51
base\fx\vehicles\minotaur\v_minotaur_smoke.effect	non	15.1	3.66;3.66;7.13
base\fx\vehicles\minotaur\v_minotaur_smoke.particle	oui		3.66;3.66;7.13
base\fx\vehicles\minotaur\v_minotaur_sparks.particle	non	2	0.4;0.4;0.4
base\fx\vehicles\minotaur\v_minotaur_weakspot.effect	non	11.89	25.8;25.8;50.8
base\fx\vehicles\minotaur\v_minotaur_weakspot.particle	non	2	25.8;25.8;50.8
base\fx\vehicles\minotaur\v_minotaur_weapon_emp.particle	oui		2.33;2.23;2.26
base\fx\vehicles\missle_truck\v_missle_truck_explosion.effect	oui		25.3;25.3;50.3
base\fx\vehicles\missle_truck\v_missle_truck_explosion.particle	non	10	25.3;25.3;50.3
base\fx\vehicles\motorbikes\motobikes_exhaust_ghost_cs.effect	oui		4.14;4.14;6.28
base\fx\vehicles\motorbikes\motobike_exhaust_cs.particle	oui		1.25;1.15;1.3
base\fx\vehicles\motorbikes\v_motorbike_explosion.effect	non	10	26;26;51
base\fx\vehicles\motorbikes\v_motorbike_fire.effect	oui		3.01;3.01;3.02
base\fx\vehicles\motorbikes\v_motorbike_fire.particle	oui		3.01;3.01;3.02
base\fx\vehicles\motorbikes\yaiba_kusanagi\v_motorbike_kusanagi_burnout.effect	oui		3.74;3.74;6.22
base\fx\vehicles\motorbikes\yaiba_kusanagi\v_motorbike_kusanagi_burnout.particle	oui		3.09;3.09;4.92
base\fx\vehicles\motorbikes\yaiba_kusanagi\v_motorbike_kusanagi_burnout_smoke.particle	oui		3.09;3.09;4.92
base\fx\vehicles\motorbikes\yaiba_kusanagi\v_motorbike_kusanagi_skid_mark.particle	oui		1;1;1
base\fx\vehicles\motorbikes\yaiba_kusanagi\v_motorbike_kusanagi_slide_smoke.particle	oui		3.74;3.74;6.22
base\fx\vehicles\police\coroner_flashing_lighting.effect	oui		0;0;0
base\fx\vehicles\police\police_blinking_lights.effect	oui		0.9;0.9;1.4
base\fx\vehicles\police\police_light.effect	oui		0.25;0.25;0.4
base\fx\vehicles\police\police_light.particle	oui		0.25;0.25;0.4
base\fx\vehicles\police\police_light_flare_blue.particle	oui		0.4;0.4;0.4
base\fx\vehicles\police\police_light_flare_red.particle	oui		0.9;0.9;1.4
base\fx\vehicles\police\traffic_police_flare_blue.particle	oui		0.4;0.4;0.4
base\fx\vehicles\police\traffic_police_flare_blue_cs.particle	oui		0.45;0.45;0.45
base\fx\vehicles\police\traffic_police_flare_red.particle	oui		0.4;0.4;0.4
base\fx\vehicles\police\traffic_police_flare_red_cs.particle	oui		7.44;7.44;14.44
base\fx\vehicles\police\v_police_sirens.effect	oui		0.9;0.9;1.4
base\fx\vehicles\police\v_police_sirens_01.effect	oui		7.44;7.44;14.44
base\fx\vehicles\police\v_police_sirens_02.effect	oui		7.44;7.44;14.44
base\fx\vehicles\police\v_police_sirens_03.effect	oui		7.44;7.44;14.44
base\fx\vehicles\police\v_police_sirens_04.effect	oui		7.44;7.44;14.44
base\fx\vehicles\police\v_police_switch_sign_off.effect	non	0.65	0;0;0
base\fx\vehicles\police\v_police_switch_sign_on.effect	non	0.65	0;0;0
base\fx\vehicles\stratospheric_plane\v_stratospheric_plane_landing_engines.effect	oui		10;10;10
base\fx\vehicles\stratospheric_plane\v_stratospheric_plane_landing_engines.particle	oui		10;10;10
base\fx\vehicles\stratospheric_plane\v_stratospheric_plane_landing_smoke.effect	non	12	9;9;15
base\fx\vehicles\stratospheric_plane\v_stratospheric_plane_landing_smoke.particle	oui		9;9;15
base\fx\vehicles\stratospheric_plane\v_stratospheric_plane_takeoff_engines.effect	oui		10;10;10.6
base\fx\vehicles\stratospheric_plane\v_stratospheric_plane_takeoff_engines.particle	oui		10;10;10
base\fx\vehicles\stratospheric_plane\v_stratospheric_plane_takeoff_engines_residual.particle	oui		5.6;5.6;10.6
base\fx\vehicles\stratospheric_plane\v_stratospheric_plane_takeoff_smoke.effect	non	10	26;26;51
base\fx\vehicles\stratospheric_plane\v_stratospheric_plane_takeoff_smoke.particle	oui		26;26;51
base\fx\vehicles\visual_customization\v_visual_customization.effect	non	5	2.5;2.5;2.5
base\fx\vehicles\visual_customization\v_visual_customization_switch.particle	oui		2.5;2.5;2.5
base\fx\vehicles\visual_customization\v_visual_customization_switch_caliburn.particle	oui		2;2;2
base\fx\vehicles\weapons\v_vehicle_rocket_impact.effect	non	5	28;28;51
base\fx\vehicles\weapons\v_vehicle_rocket_trail.effect	oui		1.01;1.01;1.01
base\fx\vehicles\_crystal_dome\v_crystal_dome_broken.effect	oui		0;0;0
base\fx\vehicles\_crystal_dome\v_crystal_dome_instant_on.effect	non	0.15	0;0;0
base\fx\vehicles\_crystal_dome\v_crystal_dome_noise.effect	non	0.1	0;0;0
base\fx\vehicles\_crystal_dome\v_crystal_dome_start.effect	non	1.6	0;0;0
base\fx\vehicles\_crystal_dome\v_crystal_dome_start_basilisk.effect	non	1.6	0;0;0
base\fx\vehicles\_crystal_dome\v_crystal_dome_start_long.effect	non	1.6	0;0;0
base\fx\vehicles\_crystal_dome\v_crystal_dome_stop.effect	non	1.5	0;0;0
base\fx\vehicles\_crystal_dome\v_crystal_dome_stop_basilisk.effect	non	1.5	0;0;0
base\fx\vehicles\_crystal_dome\v_crystal_dome_stop_fast.effect	non	0.8	0;0;0
base\fx\vehicles\_damage\av_turret_ripped_out_sparks.effect	oui		25.1;25.1;50.1
base\fx\vehicles\_damage\av_turret_ripped_out_sparks.particle	non	7	25.1;25.1;50.1
base\fx\vehicles\_damage\body\v_damage_body_big_fire_car.effect	oui		9.79;9.79;18.08
base\fx\vehicles\_damage\body\v_damage_body_big_fire_panzer.effect	oui		6.47;6.47;11.45
base\fx\vehicles\_damage\body\v_damage_body_big_fire_truck.effect	oui		6.47;6.47;11.45
base\fx\vehicles\_damage\body\v_damage_body_explode_car.effect	non	43.94	27;27;51
base\fx\vehicles\_damage\body\v_damage_body_explode_car_decal.effect	non	43.94	0.1;0.1;0.1
base\fx\vehicles\_damage\body\v_damage_body_explode_panzer.effect	non	43.94	27;27;51
base\fx\vehicles\_damage\body\v_damage_body_explode_truck.effect	non	43.94	27;27;51
base\fx\vehicles\_damage\body\v_damage_body_fire_elements_car.effect	non	20.27	6.42;5.42;7.03
base\fx\vehicles\_damage\body\v_damage_car_oil.particle	oui		0.1;0.1;0.1
base\fx\vehicles\_damage\body\v_damage_explode_bike.particle	non	10	26;26;51
base\fx\vehicles\_damage\body\v_damage_explode_car.particle	non	7	27;27;51
base\fx\vehicles\_damage\body\v_damage_explode_fire_back_car.particle	oui		2.25;2.25;3
base\fx\vehicles\_damage\body\v_damage_explode_fire_car.particle	oui		6.47;6.47;11.45
base\fx\vehicles\_damage\body\v_damage_explode_fire_car_slow_big.particle	oui		9.79;9.79;18.08
base\fx\vehicles\_damage\body\v_damage_explode_fire_front_car.particle	oui		1.85;1.85;2.7
base\fx\vehicles\_damage\body\v_damage_fire_car_elements.particle	oui		6.42;5.42;7.03
base\fx\vehicles\_damage\body\v_damage_fire_fragments_car.particle	oui		2.01;2.01;2.02
base\fx\vehicles\_damage\body\v_damage_hit_body_car.effect	non	15	27;26.6;51.6
base\fx\vehicles\_damage\body\v_damage_hit_body_car_debris_large.particle	non	12	26.6;26.2;51.2
base\fx\vehicles\_damage\body\v_damage_hit_body_car_debris_medium.particle	non	12	26.6;26.2;51.2
base\fx\vehicles\_damage\body\v_damage_hit_body_car_debris_small.particle	non	12	27;26.6;51.6
base\fx\vehicles\_damage\body\v_damage_hit_body_car_smoke.particle	non	1.75	15.64;15.64;28.78
base\fx\vehicles\_damage\body\v_damage_hit_body_car_sparks.particle	non	2	3.62;3.62;6.93
base\fx\vehicles\_damage\body\v_damage_motorbike_oil.particle	oui		0.1;0.1;0.1
base\fx\vehicles\_damage\body\v_damage_smoke_simple.particle	oui		5.92;5.92;10.35
base\fx\vehicles\_damage\car_glass\v_damage_glass_fl_destruction.effect	non	5	3.57;3.57;5.73
base\fx\vehicles\_damage\car_glass\v_damage_glass_fl_destruction.particle	non	5	3.57;3.57;5.73
base\fx\vehicles\_damage\car_glass\v_damage_glass_fl_small_02_destruction.effect	non	5	3.77;3.77;5.63
base\fx\vehicles\_damage\car_glass\v_damage_glass_fl_small_02_destruction.particle	non	5	3.77;3.77;5.63
base\fx\vehicles\_damage\car_glass\v_damage_glass_fl_small_destruction.effect	non	5	2.36;2.06;3.52
base\fx\vehicles\_damage\car_glass\v_damage_glass_fl_small_destruction.particle	non	0.77	2.36;2.06;3.52
base\fx\vehicles\_damage\car_glass\v_damage_glass_windshield_big_destruction.effect	non	5	5.93;5.93;10.34
base\fx\vehicles\_damage\car_glass\v_damage_glass_windshield_destruction.effect	non	5	5.93;5.93;10.31
base\fx\vehicles\_damage\car_glass\v_damage_glass_windshield_destruction.particle	non	5	5.93;5.93;10.31
base\fx\vehicles\_damage\car_glass\v_damage_glass_windshield_destruction_big.particle	non	5	5.93;5.93;10.34
base\fx\vehicles\_damage\car_lamps\car_lamps_destroy_sparks.particle	non	1	3.45;3.45;6.9
base\fx\vehicles\_damage\car_lamps\car_lamp_destroy_fx.effect	non	3	3.45;3.45;6.9
base\fx\vehicles\_damage\engine\v_damage_before_explode.particle	non		0;0;0
base\fx\vehicles\_damage\engine\v_damage_before_explode_bike.particle	oui		4.92;4.92;6.05
base\fx\vehicles\_damage\engine\v_damage_before_explode_small.particle	oui		4.89;4.49;4.78
base\fx\vehicles\_damage\engine\v_damage_engine_bike_small.particle	oui		1.64;1.64;2.17
base\fx\vehicles\_damage\engine\v_damage_engine_bike_stage_0.particle	oui		1.63;1.63;1.92
base\fx\vehicles\_damage\engine\v_damage_engine_car.effect	oui		8.68;8.68;14.87
base\fx\vehicles\_damage\engine\v_damage_engine_car_cooler.particle	oui		1.62;1.62;2.13
base\fx\vehicles\_damage\engine\v_damage_engine_car_cooler_only.particle	oui		1.48;1.48;1.95
base\fx\vehicles\_damage\engine\v_damage_engine_car_decal.effect	oui		4.89;4.49;4.78
base\fx\vehicles\_damage\engine\v_damage_engine_car_fire_physx.particle	oui		1.1;1.1;2.1
base\fx\vehicles\_damage\engine\v_damage_engine_car_fire_wheel.particle	oui		1.57;1.57;2.04
base\fx\vehicles\_damage\engine\v_damage_engine_car_inside.particle	non		0;0;0
base\fx\vehicles\_damage\engine\v_damage_engine_car_smoke_only.particle	oui		1.41;1.41;1.83
base\fx\vehicles\_damage\engine\v_damage_engine_car_smoke_start.particle	non	1.5	2.13;2.13;3.26
base\fx\vehicles\_damage\engine\v_damage_engine_car_stage1.particle	oui		1.37;1.37;1.64
base\fx\vehicles\_damage\engine\v_damage_engine_car_stage1_new.particle	oui		1.6;1.6;2.2
base\fx\vehicles\_damage\engine\v_damage_engine_car_stage1_start.particle	non	1.5	2.13;2.13;3.26
base\fx\vehicles\_damage\engine\v_damage_engine_car_stage2.particle	oui		1.67;1.67;2.24
base\fx\vehicles\_damage\engine\v_damage_engine_car_stage3.particle	oui		2.35;2.35;3.61
base\fx\vehicles\_damage\engine\v_damage_engine_car_stage3_add.particle	oui		1.35;1.35;1.7
base\fx\vehicles\_damage\engine\v_damage_engine_car_stage4.particle	non		0;0;0
base\fx\vehicles\_damage\engine\v_damage_engine_car_stage_electric.particle	non	0.6	0.87;0.87;1.74
base\fx\vehicles\_damage\engine\v_damage_engine_cooler.effect	oui		1.48;1.48;1.95
base\fx\vehicles\_damage\engine\v_damage_engine_dynamic_big.particle	oui		2.35;2.35;3.61
base\fx\vehicles\_damage\engine\v_damage_engine_motorcycle.effect	oui		4.92;4.92;6.05
base\fx\vehicles\_damage\engine\v_damage_engine_motorcycle_stage1.particle	oui		6.74;6.74;12.08
base\fx\vehicles\_damage\engine\v_damage_engine_motorcycle_stage2.particle	oui		5.65;5.65;9.91
base\fx\vehicles\_damage\engine\v_damage_engine_motorcycle_stage3.particle	oui		4.93;4.93;8.46
base\fx\vehicles\_damage\engine\v_damage_engine_overheating.effect	oui		0;0;0
base\fx\vehicles\_damage\engine\v_damage_engine_smoke_inside.particle	oui		3.27;3.27;2.65
base\fx\vehicles\_damage\engine\v_damage_wheel_smoke_stage_02.particle	oui		1.52;1.52;1.93
base\fx\vehicles\_damage\engine\v_wheel_smoke_damage_stage1.particle	oui		1.55;1.55;1.95
base\fx\vehicles\_damage\immobilized\car_immobilied_electricity.particle	oui		4.62;4.62;9.12
base\fx\vehicles\_damage\immobilized\car_immobilized.effect	oui		25.2;25.2;50.2
base\fx\vehicles\_damage\immobilized\car_immobilized_electric_small.particle	oui		4.02;4.02;8.03
base\fx\vehicles\_damage\immobilized\car_immobilized_sparks_loop_fx1.particle	oui		4.62;4.62;9.12
base\fx\vehicles\_damage\immobilized\car_immobilized_sparks_start.particle	non	3	25.2;25.2;50.2
base\fx\vehicles\_damage\impacts\car_impact_debris_physx.particle	non	10	27;27;51.6
base\fx\vehicles\_damage\impacts\car_impact_default.effect	non	30	27;27;51.6
base\fx\vehicles\_damage\impacts\car_impact_smoke.particle	non	5	3.51;3.51;6.77
base\fx\vehicles\_damage\impacts\car_impact_sparks.particle	non	1.2	26.04;26.04;50.64
base\fx\vehicles\_damage\impacts\concrete\car_impact_concrete.effect	non	30	27;27;51.6
base\fx\vehicles\_damage\impacts\concrete\car_impact_concrete.particle	non	10	25.2;25.2;50.2
base\fx\vehicles\_damage\impacts\concrete\motobikes_impact_concrete.effect	non	30	27;27;51.6
base\fx\vehicles\_damage\impacts\concrete\motobikes_impact_concrete.particle	non	3	25.44;25.44;50.44
base\fx\vehicles\_damage\impacts\motobikes_impact_debris_physx.particle	non	10	27;27;51.6
base\fx\vehicles\_damage\impacts\motorbikes_impact_sparks.particle	non	1.2	26.04;26.04;50.64
base\fx\vehicles\_damage\impacts\motorbike_impact_default.effect	non	30	27;27;51.6
base\fx\vehicles\_damage\impacts\plaster\car_impact_plaster.effect	non	30	27;27;51.6
base\fx\vehicles\_damage\impacts\plaster\motorbike_impact_plaster.effect	non	30	27;27;51.6
base\fx\vehicles\_damage\impacts\soft_objects\car_impact_soft_objects.effect	non	30	3.51;3.51;6.77
base\fx\vehicles\_damage\impacts\water\v_car_impact_water.effect	non	3.58	7.02;7.02;13.05
base\fx\vehicles\_damage\impacts\water\v_car_impact_water.particle	non	2	7.02;7.02;13.05
base\fx\vehicles\_damage\impacts\water\v_car_under_water_bubbles.effect	non	59.28	2.1;2.1;3.16
base\fx\vehicles\_damage\impacts\water\v_car_under_water_bubbles.particle	oui		2.1;2.1;3.16
base\fx\vehicles\_damage\impacts\water\v_car_under_water_bubbles_02.particle	non		0;0;0
base\fx\vehicles\_damage\impacts\wood\car_impact_wood.effect	non	30	27;27;51.6
base\fx\vehicles\_damage\impacts\wood\car_impact_wood.particle	non	10	11.61;11.61;22.21
base\fx\vehicles\_damage\impacts\wood\car_impact_wood_dust.particle	non	2.67	2.71;2.71;4.93
base\fx\vehicles\_damage\impacts\wood\motorbike_impact_wood.effect	non	30	27;27;51.6
base\fx\vehicles\_damage\scratches\car_scratches_concrete.effect	oui		1.9;1.9;3.6
base\fx\vehicles\_damage\scratches\car_scratches_concrete.particle	oui		1.9;1.9;3.6
base\fx\vehicles\_damage\scratches\car_scratches_decal.particle	non		0;0;0
base\fx\vehicles\_damage\scratches\car_scratches_sparks.effect	oui		1.02;1.02;1.88
base\fx\vehicles\_damage\scratches\car_scratches_sparks.particle	oui		1.02;1.02;1.88
base\fx\vehicles\_damage\scratches\car_scratches_wood.effect	oui		1.17;1.17;1.35
base\fx\vehicles\_damage\scratches\car_scratches_wood.particle	oui		1.17;1.17;1.35
base\fx\vehicles\_damage\scratches\motobikes_scratches_sparks.effect	oui		9.24;9.24;18.35
base\fx\vehicles\_damage\scratches\motobikes_scratches_sparks.particle	oui		9.24;9.24;18.35
base\fx\vehicles\_damage\scratches\v_car_scratches_decal.effect	oui		0;0;0
base\fx\vehicles\_damage\scratches\v_car_scratches_decal.particle	non		0;0;0
base\fx\vehicles\_damage\veh_collision_sparks.effect	non	2	1.5;1.7;2.97
base\fx\vehicles\_damage\veh_collision_sparks_01.particle	non	0.4	1.5;1.7;2.97
base\fx\vehicles\_damage\veh_collision_sparks_front_left_corner.particle	non	0.5	3.09;3.29;6.35
base\fx\vehicles\_damage\veh_rim_sparks.effect	non	2	5.55;5.55;9.35
base\fx\vehicles\_damage\veh_rim_sparks.particle	non	2.5	5.55;5.55;9.35
base\fx\vehicles\_damage\veh_rim_sparks_carcombat.effect	oui		15.65;15.85;31.27
base\fx\vehicles\_damage\veh_rim_sparks_carcombat.particle	oui		15.65;15.85;31.27
base\fx\vehicles\_damage\veh_tire_blowout.effect	non	7.68	10.4;10.4;16.81
base\fx\vehicles\_damage\veh_tire_blowout.particle	non	2	10.4;10.4;16.81
base\fx\vehicles\_damage\veh_tire_blowout_carcombat.effect	non	6.01	10.4;10.4;16.81
base\fx\vehicles\_damage\veh_tire_blowout_carcombat.particle	non	1.75	8.32;8.32;12.84
base\fx\vehicles\_exhaust\veh_exhaust_backfire.effect	non	1	1.25;1.15;1.3
base\fx\vehicles\_exhaust\veh_exhaust_backfire.particle	non	0.2	1.25;1.15;1.3
base\fx\vehicles\_exhaust\veh_exhaust_backfire_02.particle	non		0;0;0
base\fx\vehicles\_exhaust\veh_exhaust_backfire_galena_special.effect	non	1	1.2;1.1;1.2
base\fx\vehicles\_exhaust\veh_exhaust_backfire_galena_special.particle	non	0.1	1.2;1.1;1.2
base\fx\vehicles\_exhaust\veh_exhaust_backfire_galena_special_quest.effect	non	1.53	1.62;1.62;2.25
base\fx\vehicles\_exhaust\veh_exhaust_backfire_monster_track.particle	non	0.4	0.55;0.55;0.89
base\fx\vehicles\_exhaust\veh_exhaust_backfire_monstrer_truck.effect	non	1	1.25;1.15;1.3
base\fx\vehicles\_exhaust\veh_exhaust_backfire_nomad.effect	non	1	1.07;1.07;1.3
base\fx\vehicles\_exhaust\veh_exhaust_backfire_nomad.particle	non	0.4	1.07;1.07;1.3
base\fx\vehicles\_exhaust\veh_exhaust_backfire_sport.effect	non	1	1.25;1.15;1.3
base\fx\vehicles\_exhaust\veh_exhaust_gear_normal.effect	non	2.03	0.55;0.55;0.89
base\fx\vehicles\_exhaust\veh_exhaust_idle_big.particle	oui		4.76;4.76;7.51
base\fx\vehicles\_exhaust\veh_exhaust_idle_big_sport.particle	oui		4.14;4.14;6.28
base\fx\vehicles\_exhaust\veh_exhaust_start.effect	oui		4.76;4.76;7.51
base\fx\vehicles\_exhaust\veh_exhaust_start.particle	oui		1.6;1.6;2.2
base\fx\vehicles\_exhaust\veh_exhaust_start_monster_truck.effect	oui		4.76;4.76;7.51
base\fx\vehicles\_exhaust\veh_exhaust_start_monster_truck.particle	oui		1.49;1.49;1.97
base\fx\vehicles\_exhaust\veh_exhaust_start_nomad.effect	oui		2.03;2.03;2.65
base\fx\vehicles\_exhaust\veh_exhaust_start_nomad.particle	oui		2.03;2.03;2.65
base\fx\vehicles\_exhaust\veh_exhaust_start_sport.effect	oui		4.14;4.14;6.28
base\fx\vehicles\_exhaust\veh_exhaust_start_sport.particle	oui		1.21;1.12;1.24
base\fx\vehicles\_exhaust\veh_exhaust_start_sport_bandit.effect	oui		4.14;4.14;6.28
base\fx\vehicles\_exhaust\veh_exhaust_start_sport_galena_s.effect	oui		1.21;1.21;1.42
base\fx\vehicles\_exhaust\veh_exhaust_start_sport_galena_s.particle	oui		1.19;1.19;1.39
base\fx\vehicles\_exhaust\veh_exhaust_start_sport_galena_s_idle.particle	oui		1.21;1.21;1.42
base\fx\vehicles\_exhaust\veh_exhaust_start_sport_galena_s_try.effect	non	2.15	1.62;1.62;2.25
base\fx\vehicles\_exhaust\veh_exhaust_start_sport_galena_s_try.particle	non	1	1.62;1.62;2.25
base\fx\vehicles\_exhaust\v_exhaust_backfire_gear_normal.particle	non	0.4	0.55;0.55;0.89
base\fx\vehicles\_exhaust\v_exhaust_backfire_sport_rectangular.effect	non	1	0.93;0.93;1.67
base\fx\vehicles\_exhaust\v_exhaust_backfire_sport_rectangular.particle	non	0.6	0.93;0.93;1.67
base\fx\vehicles\_exhaust\v_exhaust_backfire_sport_rectangular_sparks.particle	non	0.2	0.88;0.86;1.21
base\fx\vehicles\_exhaust\v_exhaust_backfire_sport_round.effect	non	1	1.25;1.15;1.3
base\fx\vehicles\_exhaust\v_exhaust_backfire_sport_round.particle	non	0.6	0.93;0.93;1.67
base\fx\vehicles\_exhaust\v_exhaust_backfire_sport_round_sparks.particle	non	0.2	0.84;0.94;1.09
base\fx\vehicles\_exhaust\v_exhaust_smoke_standard_rectangular.effect	oui		1.5;1.5;2
base\fx\vehicles\_exhaust\v_exhaust_smoke_standard_rectangular.particle	oui		1.5;1.5;2
base\fx\vehicles\_exhaust\v_exhaust_smoke_standard_round.effect	oui		1.5;1.5;2
base\fx\vehicles\_exhaust\v_exhaust_smoke_standard_round.particle	oui		1.5;1.5;2
base\fx\vehicles\_skid_marks\skid_fx.effect	oui		4.25;4.25;6.75
base\fx\vehicles\_skid_marks\skid_smoke_back_tire.particle	oui		4.25;4.25;6.75
base\fx\vehicles\_skid_marks\skid_smoke_front_tire.particle	oui		4.25;4.25;6.75
base\fx\vehicles\_speed\v_speed_motion_blur_multiplier.effect	oui		0;0;0
base\fx\vehicles\_speed\v_speed_motion_blur_multiplier_rollercoaster.effect	oui		0;0;0
base\fx\vehicles\_summoning\part\v_sum_holo_corner.particle	oui		1;1;1
base\fx\vehicles\_summoning\part\v_sum_holo_corner_blink_01.particle	oui		1;1;1
base\fx\vehicles\_summoning\part\v_sum_holo_corner_blink_02.particle	oui		1;1;1
base\fx\vehicles\_summoning\part\v_sum_holo_corner_blink_03.particle	oui		1;1;1
base\fx\vehicles\_summoning\part\v_sum_holo_corner_blink_04.particle	oui		1;1;1
base\fx\vehicles\_summoning\part\v_sum_holo_corner_blink_05.particle	oui		1;1;1
base\fx\vehicles\_summoning\part\v_sum_holo_ground.particle	oui		1;1;1
base\fx\vehicles\_summoning\part\v_sum_holo_ground_small.particle	oui		1;1;1
base\fx\vehicles\_summoning\part\v_sum_holo_ground_small_blink.particle	oui		1;1;1
base\fx\vehicles\_summoning\part\v_sum_holo_plate.particle	oui		1;1;1
base\fx\vehicles\_summoning\part\v_sum_holo_seat.particle	oui		1;1;1
base\fx\vehicles\_summoning\v_summon_hologram_base.effect	oui		1;1;1
base\fx\vehicles\_tire_tracks\v_tire_dust_car_01.effect	oui		1.35;1.35;1.7
base\fx\vehicles\_tire_tracks\v_tire_dust_car_01.particle	oui		1.35;1.35;1.7
base\fx\vehicles\_wheels\skid_marks\all_terrain\blood\v_skid_mark_blood_at_l_01.effect	oui		1;1;1
base\fx\vehicles\_wheels\skid_marks\all_terrain\blood\v_skid_mark_blood_at_l_01.particle	oui		1;1;1
base\fx\vehicles\_wheels\skid_marks\all_terrain\blood\v_skid_mark_blood_at_m_01.effect	oui		1;1;1
base\fx\vehicles\_wheels\skid_marks\all_terrain\blood\v_skid_mark_blood_at_m_01.particle	oui		1;1;1
base\fx\vehicles\_wheels\skid_marks\all_terrain\blood\v_skid_mark_blood_at_m_x2_01.effect	oui		1;1;1
base\fx\vehicles\_wheels\skid_marks\all_terrain\blood\v_skid_mark_blood_at_m_x2_01.particle	oui		1;1;1
base\fx\vehicles\_wheels\skid_marks\all_terrain\blood\v_skid_mark_blood_at_xl_01.effect	oui		1;1;1
base\fx\vehicles\_wheels\skid_marks\all_terrain\blood\v_skid_mark_blood_at_xl_01.particle	oui		1;1;1
base\fx\vehicles\_wheels\skid_marks\all_terrain\v_skid_mark_at_l_01.effect	oui		1;1;1
base\fx\vehicles\_wheels\skid_marks\all_terrain\v_skid_mark_at_l_01.particle	oui		1;1;1
base\fx\vehicles\_wheels\skid_marks\all_terrain\v_skid_mark_at_m_01.effect	oui		1;1;1
base\fx\vehicles\_wheels\skid_marks\all_terrain\v_skid_mark_at_m_01.particle	oui		1;1;1
base\fx\vehicles\_wheels\skid_marks\all_terrain\v_skid_mark_at_m_x2_01.effect	oui		1;1;1
base\fx\vehicles\_wheels\skid_marks\all_terrain\v_skid_mark_at_m_x2_01.particle	oui		1;1;1
base\fx\vehicles\_wheels\skid_marks\all_terrain\v_skid_mark_at_xl_01.effect	oui		1;1;1
base\fx\vehicles\_wheels\skid_marks\all_terrain\v_skid_mark_at_xl_01.particle	oui		1;1;1
base\fx\vehicles\_wheels\skid_marks\all_terrain\wet_surface\v_skid_mark_wet_at_l_01.effect	oui		1;1;1
base\fx\vehicles\_wheels\skid_marks\all_terrain\wet_surface\v_skid_mark_wet_at_l_01.particle	oui		1;1;1
base\fx\vehicles\_wheels\skid_marks\all_terrain\wet_surface\v_skid_mark_wet_at_m_01.effect	oui		1;1;1
base\fx\vehicles\_wheels\skid_marks\all_terrain\wet_surface\v_skid_mark_wet_at_m_01.particle	oui		1;1;1
base\fx\vehicles\_wheels\skid_marks\all_terrain\wet_surface\v_skid_mark_wet_at_m_x2_01.effect	oui		1;1;1
base\fx\vehicles\_wheels\skid_marks\all_terrain\wet_surface\v_skid_mark_wet_at_m_x2_01.particle	oui		1;1;1
base\fx\vehicles\_wheels\skid_marks\all_terrain\wet_surface\v_skid_mark_wet_at_xl_01.effect	oui		1;1;1
base\fx\vehicles\_wheels\skid_marks\all_terrain\wet_surface\v_skid_mark_wet_at_xl_01.particle	oui		1;1;1
base\fx\vehicles\_wheels\skid_marks\radial\blood\v_skid_mark_blood_r_l_01.effect	oui		1;1;1
base\fx\vehicles\_wheels\skid_marks\radial\blood\v_skid_mark_blood_r_l_01.particle	oui		1;1;1
base\fx\vehicles\_wheels\skid_marks\radial\blood\v_skid_mark_blood_r_m_01.effect	oui		1;1;1
base\fx\vehicles\_wheels\skid_marks\radial\blood\v_skid_mark_blood_r_m_01.particle	oui		1;1;1
base\fx\vehicles\_wheels\skid_marks\radial\blood\v_skid_mark_blood_r_s_01.effect	oui		1;1;1
base\fx\vehicles\_wheels\skid_marks\radial\blood\v_skid_mark_blood_r_s_01.particle	oui		1;1;1
base\fx\vehicles\_wheels\skid_marks\radial\blood\v_skid_mark_blood_r_xl_01.effect	oui		1;1;1
base\fx\vehicles\_wheels\skid_marks\radial\blood\v_skid_mark_blood_r_xl_01.particle	oui		1;1;1
base\fx\vehicles\_wheels\skid_marks\radial\blood\v_skid_mark_blood_r_xs_01.effect	oui		1;1;1
base\fx\vehicles\_wheels\skid_marks\radial\blood\v_skid_mark_blood_r_xs_01.particle	oui		1;1;1
base\fx\vehicles\_wheels\skid_marks\radial\v_skid_mark_r_l_01.effect	oui		1;1;1
base\fx\vehicles\_wheels\skid_marks\radial\v_skid_mark_r_l_01.particle	oui		1;1;1
base\fx\vehicles\_wheels\skid_marks\radial\v_skid_mark_r_m_01.effect	oui		1;1;1
base\fx\vehicles\_wheels\skid_marks\radial\v_skid_mark_r_m_01.particle	oui		1;1;1
base\fx\vehicles\_wheels\skid_marks\radial\v_skid_mark_r_s_01.effect	oui		1;1;1
base\fx\vehicles\_wheels\skid_marks\radial\v_skid_mark_r_s_01.particle	oui		1;1;1
base\fx\vehicles\_wheels\skid_marks\radial\v_skid_mark_r_xl_01.effect	oui		1;1;1
base\fx\vehicles\_wheels\skid_marks\radial\v_skid_mark_r_xl_01.particle	oui		1;1;1
base\fx\vehicles\_wheels\skid_marks\radial\v_skid_mark_r_xs_01.effect	oui		1;1;1
base\fx\vehicles\_wheels\skid_marks\radial\v_skid_mark_r_xs_01.particle	oui		1;1;1
base\fx\vehicles\_wheels\skid_marks\radial\wet_surface\v_skid_mark_wet_r_l_01.effect	oui		1;1;1
base\fx\vehicles\_wheels\skid_marks\radial\wet_surface\v_skid_mark_wet_r_l_01.particle	oui		1;1;1
base\fx\vehicles\_wheels\skid_marks\radial\wet_surface\v_skid_mark_wet_r_m_01.effect	oui		1;1;1
base\fx\vehicles\_wheels\skid_marks\radial\wet_surface\v_skid_mark_wet_r_m_01.particle	oui		1;1;1
base\fx\vehicles\_wheels\skid_marks\radial\wet_surface\v_skid_mark_wet_r_s_01.effect	oui		1;1;1
base\fx\vehicles\_wheels\skid_marks\radial\wet_surface\v_skid_mark_wet_r_s_01.particle	oui		1;1;1
base\fx\vehicles\_wheels\skid_marks\radial\wet_surface\v_skid_mark_wet_r_xl_01.effect	oui		1;1;1
base\fx\vehicles\_wheels\skid_marks\radial\wet_surface\v_skid_mark_wet_r_xl_01.particle	oui		1;1;1
base\fx\vehicles\_wheels\skid_marks\radial\wet_surface\v_skid_mark_wet_r_xs_01.effect	oui		1;1;1
base\fx\vehicles\_wheels\skid_marks\radial\wet_surface\v_skid_mark_wet_r_xs_01.particle	oui		1;1;1
base\fx\vehicles\_wheels\skid_marks\sport\blood\v_skid_mark_blood_s_l_01.effect	oui		1;1;1
base\fx\vehicles\_wheels\skid_marks\sport\blood\v_skid_mark_blood_s_l_01.particle	oui		1;1;1
base\fx\vehicles\_wheels\skid_marks\sport\blood\v_skid_mark_blood_s_m_01.effect	oui		1;1;1
base\fx\vehicles\_wheels\skid_marks\sport\blood\v_skid_mark_blood_s_m_01.particle	oui		1;1;1
base\fx\vehicles\_wheels\skid_marks\sport\blood\v_skid_mark_blood_s_xl_01.effect	oui		1;1;1
base\fx\vehicles\_wheels\skid_marks\sport\blood\v_skid_mark_blood_s_xl_01.particle	oui		1;1;1
base\fx\vehicles\_wheels\skid_marks\sport\v_skid_mark_s_l_01.effect	oui		1;1;1
base\fx\vehicles\_wheels\skid_marks\sport\v_skid_mark_s_l_01.particle	oui		1;1;1
base\fx\vehicles\_wheels\skid_marks\sport\v_skid_mark_s_m_01.effect	oui		1;1;1
base\fx\vehicles\_wheels\skid_marks\sport\v_skid_mark_s_m_01.particle	oui		1;1;1
base\fx\vehicles\_wheels\skid_marks\sport\v_skid_mark_s_xl_01.effect	oui		1;1;1
base\fx\vehicles\_wheels\skid_marks\sport\v_skid_mark_s_xl_01.particle	oui		1;1;1
base\fx\vehicles\_wheels\skid_marks\sport\wet_surface\v_skid_mark_wet_s_l_01.effect	oui		1;1;1
base\fx\vehicles\_wheels\skid_marks\sport\wet_surface\v_skid_mark_wet_s_l_01.particle	oui		1;1;1
base\fx\vehicles\_wheels\skid_marks\sport\wet_surface\v_skid_mark_wet_s_m_01.effect	oui		1;1;1
base\fx\vehicles\_wheels\skid_marks\sport\wet_surface\v_skid_mark_wet_s_m_01.particle	oui		1;1;1
base\fx\vehicles\_wheels\skid_marks\sport\wet_surface\v_skid_mark_wet_s_xl_01.effect	oui		1;1;1
base\fx\vehicles\_wheels\skid_marks\sport\wet_surface\v_skid_mark_wet_s_xl_01.particle	oui		1;1;1
base\fx\vehicles\_wheels\skid_marks\touring\blood\v_skid_mark_blood_t_l_01.effect	oui		1;1;1
base\fx\vehicles\_wheels\skid_marks\touring\blood\v_skid_mark_blood_t_l_01.particle	oui		1;1;1
base\fx\vehicles\_wheels\skid_marks\touring\blood\v_skid_mark_blood_t_xl_01.effect	oui		1;1;1
base\fx\vehicles\_wheels\skid_marks\touring\blood\v_skid_mark_blood_t_xl_01.particle	oui		1;1;1
base\fx\vehicles\_wheels\skid_marks\touring\v_skid_mark_t_l_01.effect	oui		1;1;1
base\fx\vehicles\_wheels\skid_marks\touring\v_skid_mark_t_l_01.particle	oui		1;1;1
base\fx\vehicles\_wheels\skid_marks\touring\v_skid_mark_t_xl_01.effect	oui		1;1;1
base\fx\vehicles\_wheels\skid_marks\touring\v_skid_mark_t_xl_01.particle	oui		1;1;1
base\fx\vehicles\_wheels\skid_marks\touring\wet_surface\v_skid_mark_wet_t_l_01.effect	oui		1;1;1
base\fx\vehicles\_wheels\skid_marks\touring\wet_surface\v_skid_mark_wet_t_l_01.particle	oui		1;1;1
base\fx\vehicles\_wheels\skid_marks\touring\wet_surface\v_skid_mark_wet_t_xl_01.effect	oui		1;1;1
base\fx\vehicles\_wheels\skid_marks\touring\wet_surface\v_skid_mark_wet_t_xl_01.particle	oui		1;1;1
base\fx\vehicles\_wheels\tire_tracks\all_terrain\blood\v_tire_track_blood_at_l_01.effect	oui		1;1;1
base\fx\vehicles\_wheels\tire_tracks\all_terrain\blood\v_tire_track_blood_at_l_01.particle	oui		1;1;1
base\fx\vehicles\_wheels\tire_tracks\all_terrain\blood\v_tire_track_blood_at_m_01.effect	oui		1;1;1
base\fx\vehicles\_wheels\tire_tracks\all_terrain\blood\v_tire_track_blood_at_m_01.particle	oui		1;1;1
base\fx\vehicles\_wheels\tire_tracks\all_terrain\blood\v_tire_track_blood_at_m_x2_01.effect	oui		1;1;1
base\fx\vehicles\_wheels\tire_tracks\all_terrain\blood\v_tire_track_blood_at_m_x2_01.particle	oui		1;1;1
base\fx\vehicles\_wheels\tire_tracks\all_terrain\blood\v_tire_track_blood_at_xl_01.effect	oui		1;1;1
base\fx\vehicles\_wheels\tire_tracks\all_terrain\blood\v_tire_track_blood_at_xl_01.particle	oui		1;1;1
base\fx\vehicles\_wheels\tire_tracks\all_terrain\v_tire_track_at_l_01.effect	oui		1;1;1
base\fx\vehicles\_wheels\tire_tracks\all_terrain\v_tire_track_at_l_01.particle	oui		1;1;1
base\fx\vehicles\_wheels\tire_tracks\all_terrain\v_tire_track_at_m_01.effect	oui		1;1;1
base\fx\vehicles\_wheels\tire_tracks\all_terrain\v_tire_track_at_m_01.particle	oui		1;1;1
base\fx\vehicles\_wheels\tire_tracks\all_terrain\v_tire_track_at_m_x2_01.effect	oui		1;1;1
base\fx\vehicles\_wheels\tire_tracks\all_terrain\v_tire_track_at_m_x2_01.particle	oui		1;1;1
base\fx\vehicles\_wheels\tire_tracks\all_terrain\v_tire_track_at_xl_01.effect	oui		1;1;1
base\fx\vehicles\_wheels\tire_tracks\all_terrain\v_tire_track_at_xl_01.particle	oui		1;1;1
base\fx\vehicles\_wheels\tire_tracks\all_terrain\wet_surface\v_tire_track_wet_at_l_01.effect	oui		1;1;1
base\fx\vehicles\_wheels\tire_tracks\all_terrain\wet_surface\v_tire_track_wet_at_l_01.particle	oui		1;1;1
base\fx\vehicles\_wheels\tire_tracks\all_terrain\wet_surface\v_tire_track_wet_at_m_01.effect	oui		1;1;1
base\fx\vehicles\_wheels\tire_tracks\all_terrain\wet_surface\v_tire_track_wet_at_m_01.particle	oui		1;1;1
base\fx\vehicles\_wheels\tire_tracks\all_terrain\wet_surface\v_tire_track_wet_at_m_x2_01.effect	oui		1;1;1
base\fx\vehicles\_wheels\tire_tracks\all_terrain\wet_surface\v_tire_track_wet_at_m_x2_01.particle	oui		1;1;1
base\fx\vehicles\_wheels\tire_tracks\all_terrain\wet_surface\v_tire_track_wet_at_xl_01.effect	oui		1;1;1
base\fx\vehicles\_wheels\tire_tracks\all_terrain\wet_surface\v_tire_track_wet_at_xl_01.particle	oui		1;1;1
base\fx\vehicles\_wheels\tire_tracks\radial\blood\v_tire_track_blood_r_l_01.effect	oui		1;1;1
base\fx\vehicles\_wheels\tire_tracks\radial\blood\v_tire_track_blood_r_l_01.particle	oui		1;1;1
base\fx\vehicles\_wheels\tire_tracks\radial\blood\v_tire_track_blood_r_m_01.effect	oui		1;1;1
base\fx\vehicles\_wheels\tire_tracks\radial\blood\v_tire_track_blood_r_m_01.particle	oui		1;1;1
base\fx\vehicles\_wheels\tire_tracks\radial\blood\v_tire_track_blood_r_s_01.effect	oui		1;1;1
base\fx\vehicles\_wheels\tire_tracks\radial\blood\v_tire_track_blood_r_s_01.particle	oui		1;1;1
base\fx\vehicles\_wheels\tire_tracks\radial\blood\v_tire_track_blood_r_xl_01.effect	oui		1;1;1
base\fx\vehicles\_wheels\tire_tracks\radial\blood\v_tire_track_blood_r_xl_01.particle	oui		1;1;1
base\fx\vehicles\_wheels\tire_tracks\radial\blood\v_tire_track_blood_r_xs_01.effect	oui		1;1;1
base\fx\vehicles\_wheels\tire_tracks\radial\blood\v_tire_track_blood_r_xs_01.particle	oui		1;1;1
base\fx\vehicles\_wheels\tire_tracks\radial\v_tire_track_r_l_01.effect	oui		1;1;1
base\fx\vehicles\_wheels\tire_tracks\radial\v_tire_track_r_l_01.particle	oui		1;1;1
base\fx\vehicles\_wheels\tire_tracks\radial\v_tire_track_r_m_01.effect	oui		1;1;1
base\fx\vehicles\_wheels\tire_tracks\radial\v_tire_track_r_m_01.particle	oui		1;1;1
base\fx\vehicles\_wheels\tire_tracks\radial\v_tire_track_r_s_01.effect	oui		1;1;1
base\fx\vehicles\_wheels\tire_tracks\radial\v_tire_track_r_s_01.particle	oui		1;1;1
base\fx\vehicles\_wheels\tire_tracks\radial\v_tire_track_r_xl_01.effect	oui		1;1;1
base\fx\vehicles\_wheels\tire_tracks\radial\v_tire_track_r_xl_01.particle	oui		1;1;1
base\fx\vehicles\_wheels\tire_tracks\radial\v_tire_track_r_xs_01.effect	oui		1;1;1
base\fx\vehicles\_wheels\tire_tracks\radial\v_tire_track_r_xs_01.particle	oui		1;1;1
base\fx\vehicles\_wheels\tire_tracks\radial\wet_surface\v_tire_track_wet_r_l_01.effect	oui		1;1;1
base\fx\vehicles\_wheels\tire_tracks\radial\wet_surface\v_tire_track_wet_r_l_01.particle	oui		1;1;1
base\fx\vehicles\_wheels\tire_tracks\radial\wet_surface\v_tire_track_wet_r_m_01.effect	oui		1;1;1
base\fx\vehicles\_wheels\tire_tracks\radial\wet_surface\v_tire_track_wet_r_m_01.particle	oui		1;1;1
base\fx\vehicles\_wheels\tire_tracks\radial\wet_surface\v_tire_track_wet_r_s_01.effect	oui		1;1;1
base\fx\vehicles\_wheels\tire_tracks\radial\wet_surface\v_tire_track_wet_r_s_01.particle	oui		1;1;1
base\fx\vehicles\_wheels\tire_tracks\radial\wet_surface\v_tire_track_wet_r_xl_01.effect	oui		1;1;1
base\fx\vehicles\_wheels\tire_tracks\radial\wet_surface\v_tire_track_wet_r_xl_01.particle	oui		1;1;1
base\fx\vehicles\_wheels\tire_tracks\radial\wet_surface\v_tire_track_wet_r_xs_01.effect	oui		1;1;1
base\fx\vehicles\_wheels\tire_tracks\radial\wet_surface\v_tire_track_wet_r_xs_01.particle	oui		1;1;1
base\fx\vehicles\_wheels\tire_tracks\sport\blood\v_tire_track_blood_s_l_01.effect	oui		1;1;1
base\fx\vehicles\_wheels\tire_tracks\sport\blood\v_tire_track_blood_s_l_01.particle	oui		1;1;1
base\fx\vehicles\_wheels\tire_tracks\sport\blood\v_tire_track_blood_s_m_01.effect	oui		1;1;1
base\fx\vehicles\_wheels\tire_tracks\sport\blood\v_tire_track_blood_s_m_01.particle	oui		1;1;1
base\fx\vehicles\_wheels\tire_tracks\sport\blood\v_tire_track_blood_s_xl_01.effect	oui		1;1;1
base\fx\vehicles\_wheels\tire_tracks\sport\blood\v_tire_track_blood_s_xl_01.particle	oui		1;1;1
base\fx\vehicles\_wheels\tire_tracks\sport\v_tire_track_s_l_01.effect	oui		1;1;1
base\fx\vehicles\_wheels\tire_tracks\sport\v_tire_track_s_l_01.particle	oui		1;1;1
base\fx\vehicles\_wheels\tire_tracks\sport\v_tire_track_s_m_01.effect	oui		1;1;1
base\fx\vehicles\_wheels\tire_tracks\sport\v_tire_track_s_m_01.particle	oui		1;1;1
base\fx\vehicles\_wheels\tire_tracks\sport\v_tire_track_s_xl_01.effect	oui		1;1;1
base\fx\vehicles\_wheels\tire_tracks\sport\v_tire_track_s_xl_01.particle	oui		1;1;1
base\fx\vehicles\_wheels\tire_tracks\sport\wet_surface\v_tire_track_wet_s_l_01.effect	oui		1;1;1
base\fx\vehicles\_wheels\tire_tracks\sport\wet_surface\v_tire_track_wet_s_l_01.particle	oui		1;1;1
base\fx\vehicles\_wheels\tire_tracks\sport\wet_surface\v_tire_track_wet_s_m_01.effect	oui		1;1;1
base\fx\vehicles\_wheels\tire_tracks\sport\wet_surface\v_tire_track_wet_s_m_01.particle	oui		1;1;1
base\fx\vehicles\_wheels\tire_tracks\sport\wet_surface\v_tire_track_wet_s_xl_01.effect	oui		1;1;1
base\fx\vehicles\_wheels\tire_tracks\sport\wet_surface\v_tire_track_wet_s_xl_01.particle	oui		1;1;1
base\fx\vehicles\_wheels\tire_tracks\touring\blood\v_tire_track_blood_t_l_01.effect	oui		1;1;1
base\fx\vehicles\_wheels\tire_tracks\touring\blood\v_tire_track_blood_t_l_01.particle	oui		1;1;1
base\fx\vehicles\_wheels\tire_tracks\touring\blood\v_tire_track_blood_t_xl_01.effect	oui		1;1;1
base\fx\vehicles\_wheels\tire_tracks\touring\blood\v_tire_track_blood_t_xl_01.particle	oui		1;1;1
base\fx\vehicles\_wheels\tire_tracks\touring\v_tire_track_t_l_01.effect	oui		1;1;1
base\fx\vehicles\_wheels\tire_tracks\touring\v_tire_track_t_l_01.particle	oui		1;1;1
base\fx\vehicles\_wheels\tire_tracks\touring\v_tire_track_t_xl_01.effect	oui		1;1;1
base\fx\vehicles\_wheels\tire_tracks\touring\v_tire_track_t_xl_01.particle	oui		1;1;1
base\fx\vehicles\_wheels\tire_tracks\touring\wet_surface\v_tire_track_wet_t_l_01.effect	oui		1;1;1
base\fx\vehicles\_wheels\tire_tracks\touring\wet_surface\v_tire_track_wet_t_l_01.particle	oui		1;1;1
base\fx\vehicles\_wheels\tire_tracks\touring\wet_surface\v_tire_track_wet_t_xl_01.effect	oui		1;1;1
base\fx\vehicles\_wheels\tire_tracks\touring\wet_surface\v_tire_track_wet_t_xl_01.particle	oui		1;1;1
base\fx\vehicles\_wheels\_surface_fx\dirt\v_tire_dirt_m_01.effect	oui		3.89;3.89;6.37
base\fx\vehicles\_wheels\_surface_fx\dirt\v_tire_dirt_m_01.particle	oui		2.11;2.12;3.04
base\fx\vehicles\_wheels\_surface_fx\dirt\v_tire_dirt_m_long_slide_01.particle	oui		3.89;3.89;6.37
base\fx\vehicles\_wheels\_surface_fx\grass\v_tire_grass_m_01.effect	oui		5.25;5.85;7.5
base\fx\vehicles\_wheels\_surface_fx\grass\v_tire_grass_m_01.particle	oui		5.25;5.85;7.5
base\fx\vehicles\_wheels\_surface_fx\mud\v_tire_mud_m_01.effect	oui		2.32;2.52;4
base\fx\vehicles\_wheels\_surface_fx\mud\v_tire_mud_m_01.particle	oui		2.32;2.52;4
base\fx\vehicles\_wheels\_surface_fx\mud\v_tire_mud_m_long_slide_01.particle	oui		1.81;1.81;2.23
base\fx\vehicles\_wheels\_surface_fx\sand\v_tire_sand_cutscene.effect	oui		3.28;3.28;5.15
base\fx\vehicles\_wheels\_surface_fx\sand\v_tire_sand_m_01.effect	oui		3.89;3.89;6.37
base\fx\vehicles\_wheels\_surface_fx\sand\v_tire_sand_m_01.particle	oui		2.42;2.62;3.34
base\fx\vehicles\_wheels\_surface_fx\sand\v_tire_sand_m_long_slide_01.particle	oui		3.89;3.89;6.37
base\fx\vehicles\_wheels\_surface_fx\sand\v_tire_sand_m_long_slide_cutscene.particle	oui		3.28;3.28;5.15
base\fx\vehicles\_wheels\_surface_fx\sand\v_tire_sand_m_long_slide_front_cutscene.particle	oui		2.04;2.04;2.67
base\fx\vehicles\_wheels\_surface_fx\v_flat_tire_sparks.effect	oui		0.21;0.41;0.4
base\fx\vehicles\_wheels\_surface_fx\v_flat_tire_sparks.particle	oui		0.21;0.41;0.4
base\fx\vehicles\_wheels\_surface_fx\water\v_tire_water_m_01.effect	oui		3.94;4.14;6.38
base\fx\vehicles\_wheels\_surface_fx\water\v_tire_water_m_01.particle	oui		2.67;2.87;4.94
base\fx\vehicles\_wheels\_surface_fx\water\v_tire_water_m_fast_01.particle	oui		3.94;4.14;6.38
base\fx\vehicles\_wheels\_surface_fx\wettish_solid\v_tire_wettish_solid_m_01.effect	oui		4.72;4.88;7.86
base\fx\vehicles\_wheels\_surface_fx\wettish_solid\v_tire_wettish_solid_m_01.particle	oui		3.27;3.47;5.04
base\fx\vehicles\_wheels\_surface_fx\wettish_solid\v_tire_wettish_solid_m_slow.particle	oui		4.72;4.88;7.86
base\fx\vehicles\_wheels\_surface_fx\wet_soft\v_tire_wet_soft_m_01.effect	oui		2.32;2.52;4
base\fx\vehicles\_wheels\_surface_fx\wet_soft\v_tire_wet_soft_m_01.particle	oui		2.32;2.52;4
base\fx\vehicles\_wheels\_surface_fx\wet_soft\v_tire_wet_soft_m_long_slide_01.particle	oui		1.81;1.81;2.23
base\fx\vehicles\_wheels\_surface_fx\wet_solid\v_tire_wet_solid_m_01.effect	oui		4.72;4.88;7.86
base\fx\vehicles\_wheels\_surface_fx\wet_solid\v_tire_wet_solid_m_01.particle	oui		3.27;3.47;5.04
base\fx\vehicles\_wheels\_surface_fx\wet_solid\v_tire_wet_solid_m_slow.particle	oui		4.72;4.88;7.86
base\fx\vehicles\_wheels\_tire_fx\v_skid_broken_tire_sparks_m_01.effect	oui		0.21;0.41;0.4
base\fx\vehicles\_wheels\_tire_fx\v_skid_smoke_m_01.effect	oui		3.89;3.89;6.37
base\fx\vehicles\_wheels\_tire_fx\v_skid_smoke_m_01.particle	oui		3.89;3.89;6.37
base\fx\vehicles\_wheels\_tire_fx\v_skid_sparks_broken_tire_m_01.particle	oui		0.21;0.41;0.4
base\fx\vehicles\_wheels\_tire_fx\v_skid_wet_smoke_m_01.effect	oui		4.72;4.78;7.86
base\fx\vehicles\_wheels\_tire_fx\v_skid_wet_smoke_m_01.particle	oui		4.72;4.78;7.86
base\fx\weapons\bullet_shells\cal_0_50_bmg.particle	non	10	19.71;19.71;38.43
base\fx\weapons\bullet_shells\cal_0_50_bmg_npc.particle	non	3	6.61;6.61;12.23
base\fx\weapons\bullet_shells\cal_7_68mm.particle	non	10	19.71;19.71;38.43
base\fx\weapons\bullet_shells\cal_7_68mm_forward.particle	non	10	17.53;17.53;34.06
base\fx\weapons\bullet_shells\cal_7_68mm_forward_npc.particle	non	3	5.96;5.96;10.92
base\fx\weapons\bullet_shells\cal_7_68mm_jammed.particle	non	10	19.71;19.71;38.43
base\fx\weapons\bullet_shells\cal_7_68mm_npc.particle	non	3	6.61;6.61;12.23
base\fx\weapons\bullet_shells\cal_9mm.particle	non	10	17.19;17.19;33.39
base\fx\weapons\bullet_shells\cal_9mm_npc.particle	non	3	5.86;5.86;10.72
base\fx\weapons\bullet_shells\cal_9x39mm.particle	non	10	18.19;18.19;34.39
base\fx\weapons\bullet_shells\cal_9x39mm_npc.particle	non	3	6.86;6.86;11.72
base\fx\weapons\bullet_trail_green.effect	non	1	0.6;0.6;1.1
base\fx\weapons\bullet_trail_green.particle	oui		0.6;0.6;1.1
base\fx\weapons\bullet_trail_simple.effect	oui		1.01;1.01;1.01
base\fx\weapons\bullet_trail_simple.particle	oui		1.01;1.01;1.01
base\fx\weapons\carcombat\mounted_turret_power\w_mounted_missile.particle	non	3	5.54;5.54;10.67
base\fx\weapons\carcombat\mounted_turret_power\w_mounted_turret_missile.effect	non	5	5.54;5.54;10.67
base\fx\weapons\carcombat\mounted_turret_power\w_mounted_turret_power.effect	non	5	11.04;11.04;22.04
base\fx\weapons\carcombat\mounted_turret_power\w_mounted_turret_power.particle	non	0.25	11.04;11.04;22.04
base\fx\weapons\carcombat\mounted_turret_power\w_mounted_turret_power_laser.effect	oui		5.1;5.1;10.1
base\fx\weapons\carcombat\mounted_turret_power\w_mounted_turret_power_laser.particle	oui		5.1;5.1;10.1
base\fx\weapons\carcombat\mounted_turret_power\w_mounted_turret_power_trail.effect	oui		1.02;1.02;1.02
base\fx\weapons\carcombat\mounted_turret_power\w_mounted_turret_power_trail.particle	non	0.75	1.02;1.02;1.02
base\fx\weapons\cyberware\arm_projectile_launcher\w_apl_detonation_warning.effect	oui		0.97;0.97;1.07
base\fx\weapons\cyberware\arm_projectile_launcher\w_apl_detonation_warning.particle	oui		0.97;0.97;1.07
base\fx\weapons\cyberware\arm_projectile_launcher\w_apl_explosion.effect	non	30	26.25;26.25;51.25
base\fx\weapons\cyberware\arm_projectile_launcher\w_apl_explosion.particle	non	6	26.25;26.25;51.25
base\fx\weapons\cyberware\arm_projectile_launcher\w_apl_explosion_chemical.effect	non	30	27.5;27.5;52.5
base\fx\weapons\cyberware\arm_projectile_launcher\w_apl_explosion_chemical.particle	non	2.5	25.4;25.4;50.4
base\fx\weapons\cyberware\arm_projectile_launcher\w_apl_explosion_chemical_core.particle	non	7	27.5;27.5;52.5
base\fx\weapons\cyberware\arm_projectile_launcher\w_apl_explosion_electric.effect	non	30	27.5;27.5;52.5
base\fx\weapons\cyberware\arm_projectile_launcher\w_apl_explosion_electric.particle	non	6	25.3;25.3;50.3
base\fx\weapons\cyberware\arm_projectile_launcher\w_apl_explosion_electric_core.particle	non	6	27.5;27.5;52.5
base\fx\weapons\cyberware\arm_projectile_launcher\w_apl_explosion_kickup.particle	non	2	25.3;25.3;50.3
base\fx\weapons\cyberware\arm_projectile_launcher\w_apl_explosion_shallow_water.effect	non	30	14.67;14.67;28.33
base\fx\weapons\cyberware\arm_projectile_launcher\w_apl_explosion_shallow_water.particle	non	3	14.67;14.67;28.33
base\fx\weapons\cyberware\arm_projectile_launcher\w_apl_explosion_thermal.effect	non	30	27.5;27.5;52.5
base\fx\weapons\cyberware\arm_projectile_launcher\w_apl_explosion_thermal.particle	non	2	25.1;25.1;50.1
base\fx\weapons\cyberware\arm_projectile_launcher\w_apl_explosion_thermal_core.particle	non	6	27.5;27.5;52.5
base\fx\weapons\cyberware\arm_projectile_launcher\w_apl_explosion_tranquilizer.effect	non	30	27.5;27.5;52.5
base\fx\weapons\cyberware\arm_projectile_launcher\w_apl_explosion_tranquilizer.particle	non	3	25.3;25.3;50.3
base\fx\weapons\cyberware\arm_projectile_launcher\w_apl_explosion_tranquilizer_core.particle	non	6	27.5;27.5;52.5
base\fx\weapons\cyberware\arm_projectile_launcher\w_apl_explosion_underwater_water.effect	non	8.09	26;26;51
base\fx\weapons\cyberware\arm_projectile_launcher\w_apl_explosion_under_water.particle	non	7	26;26;51
base\fx\weapons\cyberware\breach_emp_explosion.particle	non	3	17.62;17.62;34.94
base\fx\weapons\cyberware\mantisblades\blood\w_mantisblades_finisher_back.particle	non	1.5	5.04;5.04;9.08
base\fx\weapons\cyberware\mantisblades\blood\w_mantisblades_finisher_blood.effect	non	15.05	6.7;6.7;12.4
base\fx\weapons\cyberware\mantisblades\blood\w_mantisblades_finisher_new_blood.effect	non	15.05	6.7;6.7;12.4
base\fx\weapons\cyberware\mantisblades\blood\w_mantisbldes_finisher_new_blood.particle	non	2	6.7;6.7;12.4
base\fx\weapons\cyberware\mantisblades\blood\w_matisblades_finisher_new_blod_01.effect	non	4.9	6.7;6.7;12.4
base\fx\weapons\cyberware\mantisblades\idle\w_mantisblades_attack_electric.effect	oui		1.21;1.1;1.2
base\fx\weapons\cyberware\mantisblades\idle\w_mantisblades_attack_electric.particle	oui		1.21;1.1;1.2
base\fx\weapons\cyberware\mantisblades\idle\w_mantisblades_idle_chemical.effect	oui		0.32;0.14;0.12
base\fx\weapons\cyberware\mantisblades\idle\w_mantisblades_idle_chemical.particle	oui		0.32;0.14;0.12
base\fx\weapons\cyberware\mantisblades\idle\w_mantisblades_idle_chemical_material.effect	oui		0;0;0
base\fx\weapons\cyberware\mantisblades\idle\w_mantisblades_idle_chemical_npc.effect	oui		0.32;0.14;0.12
base\fx\weapons\cyberware\mantisblades\idle\w_mantisblades_idle_chemical_npc.particle	oui		0.32;0.14;0.12
base\fx\weapons\cyberware\mantisblades\idle\w_mantisblades_idle_electric.effect	oui		1.21;1.1;1.2
base\fx\weapons\cyberware\mantisblades\idle\w_mantisblades_idle_electric.particle	oui		1.21;1.1;1.2
base\fx\weapons\cyberware\mantisblades\idle\w_mantisblades_idle_electric_material.effect	oui		0;0;0
base\fx\weapons\cyberware\mantisblades\idle\w_mantisblades_idle_electric_npc.effect	oui		1.21;1.1;1.2
base\fx\weapons\cyberware\mantisblades\idle\w_mantisblades_idle_thermal.effect	oui		0.4;0.22;0.33
base\fx\weapons\cyberware\mantisblades\idle\w_mantisblades_idle_thermal.particle	oui		0.35;0.17;0.15
base\fx\weapons\cyberware\mantisblades\idle\w_mantisblades_idle_thermal_material.effect	oui		0;0;0
base\fx\weapons\cyberware\mantisblades\idle\w_mantisblades_idle_thermal_npc.effect	oui		0.35;0.17;0.16
base\fx\weapons\cyberware\mantisblades\idle\w_mantisblades_idle_thermal_npc.particle	oui		0.35;0.17;0.16
base\fx\weapons\cyberware\mantisblades\idle\w_mantisblades_idle_thermal_sparks.particle	oui		0.4;0.22;0.33
base\fx\weapons\cyberware\mantisblades\trail\w_mantis_blade_chemical_trail.effect	oui		0.65;0.65;0.65
base\fx\weapons\cyberware\mantisblades\trail\w_mantis_blade_chemical_trail.particle	non	0.18	0.65;0.65;0.65
base\fx\weapons\cyberware\mantisblades\trail\w_mantis_blade_chemical_trail_npc.effect	oui		1.08;1.08;1.15
base\fx\weapons\cyberware\mantisblades\trail\w_mantis_blade_chemical_trail_npc.particle	non	0.18	1.08;1.08;1.15
base\fx\weapons\cyberware\mantisblades\trail\w_mantis_blade_electric_trail.effect	oui		1;1;1
base\fx\weapons\cyberware\mantisblades\trail\w_mantis_blade_electric_trail.particle	non	0.25	1;1;1
base\fx\weapons\cyberware\mantisblades\trail\w_mantis_blade_electric_trail_lightning.particle	non	0.1	1;1;1
base\fx\weapons\cyberware\mantisblades\trail\w_mantis_blade_electric_trail_npc.effect	oui		1.08;1.08;1.15
base\fx\weapons\cyberware\mantisblades\trail\w_mantis_blade_electric_trail_npc.particle	non	0.4	1.08;1.08;1.15
base\fx\weapons\cyberware\mantisblades\trail\w_mantis_blade_physical_trail.effect	oui		0.65;0.65;0.65
base\fx\weapons\cyberware\mantisblades\trail\w_mantis_blade_physical_trail.particle	non	0.18	0.65;0.65;0.65
base\fx\weapons\cyberware\mantisblades\trail\w_mantis_blade_thermal_trail.effect	oui		1.81;1.83;3.18
base\fx\weapons\cyberware\mantisblades\trail\w_mantis_blade_thermal_trail.particle	non	0.25	1;1;1
base\fx\weapons\cyberware\mantisblades\trail\w_mantis_blade_thermal_trail_embers.particle	non	0.75	1.81;1.83;3.18
base\fx\weapons\cyberware\mantisblades\trail\w_mantis_blade_thermal_trail_npc.effect	oui		1.81;1.83;3.18
base\fx\weapons\cyberware\mantisblades\trail\w_mantis_blade_thermal_trail_npc.particle	non	0.75	1.81;1.83;3.18
base\fx\weapons\cyberware\microgenerator_emp_explosion.effect	non	6.85	17.62;17.62;34.94
base\fx\weapons\cyberware\monowire\attack\w_monowire_electric_attack.effect	non	0.5	1.7;1.6;1.7
base\fx\weapons\cyberware\monowire\attack\w_monowire_electric_attack.particle	non	0.4	1.7;1.6;1.7
base\fx\weapons\cyberware\monowire\attack\w_monowire_electric_occasional_sparks.effect	non	1	0.17;0.17;0.32
base\fx\weapons\cyberware\monowire\attack\w_monowire_electric_occasional_sparks.particle	non	0.17	0.17;0.17;0.32
base\fx\weapons\cyberware\monowire\attack\w_monowire_electric_start.effect	non	1.35	1.08;1.08;2.13
base\fx\weapons\cyberware\monowire\attack\w_monowire_electric_start.particle	non	0.35	1.08;1.08;2.13
base\fx\weapons\cyberware\monowire\attack\w_monowire_physical_start.effect	non	1.35	1.08;1.08;2.13
base\fx\weapons\cyberware\monowire\attack\w_monowire_physical_start.particle	non	0.35	1.08;1.08;2.13
base\fx\weapons\cyberware\monowire\attack\w_monowire_themral_heavy.effect	non	1	0.17;0.17;0.32
base\fx\weapons\cyberware\monowire\attack\w_monowire_themral_heavy.particle	non	0.17	0.17;0.17;0.32
base\fx\weapons\cyberware\monowire\attack\w_monowire_thermal_occasional_sparks.effect	non	1	0.04;0.04;0.04
base\fx\weapons\cyberware\monowire\attack\w_monowire_thermal_occasional_sparks.particle	non	0.75	0.04;0.04;0.04
base\fx\weapons\cyberware\monowire\attack\w_monowire_thermal_start.effect	non	1.35	1.08;1.08;2.13
base\fx\weapons\cyberware\monowire\attack\w_monowire_thermal_start.particle	non	0.35	1.08;1.08;2.13
base\fx\weapons\cyberware\monowire\attack\w_monowire_turn_on.effect	non	0.8	0;0;0
base\fx\weapons\cyberware\monowire\hacking\w_monowire_hacking.effect	non	2.25	0;0;0
base\fx\weapons\cyberware\monowire\idle\w_monowire_turn_on_short.effect	non	0.45	0;0;0
base\fx\weapons\cyberware\monowire\idle\w_nanowire_electric_idle.effect	oui		2.11;2.11;4.06
base\fx\weapons\cyberware\monowire\idle\w_nanowire_electric_idle.particle	oui		2.11;2.11;4.06
base\fx\weapons\cyberware\monowire\idle\w_nanowire_thermal_idle.effect	oui		0.31;0.15;0.15
base\fx\weapons\cyberware\monowire\idle\w_nanowire_thermal_idle.particle	oui		0.31;0.15;0.15
base\fx\weapons\cyberware\monowire\w_monowire_first_equip.effect	non	2.3	0.41;0.31;0.59
base\fx\weapons\cyberware\monowire\w_monowire_first_equip.particle	non	0.75	0.41;0.31;0.59
base\fx\weapons\cyberware\monowire\w_monowire_hacking_end.effect	non	0.65	0;0;0
base\fx\weapons\cyberware\monowire\w_monowire_hacking_start.effect	non	0.3	0;0;0
base\fx\weapons\cyberware\monowire\w_monowire_hacking_thickness.effect	non	2.25	0;0;0
base\fx\weapons\cyberware\monowire\w_monowire_heat_refraction.effect	oui		1;1;1
base\fx\weapons\cyberware\monowire\w_monowire_heat_refraction.particle	non	2	1;1;1
base\fx\weapons\cyberware\monowire\w_monowire_impact_default.effect	non	4	1.03;1.03;1.91
base\fx\weapons\cyberware\monowire\w_monowire_impact_default.particle	non	0.5	1.03;1.03;1.91
base\fx\weapons\cyberware\monowire\w_monowire_loop.effect	oui		0;0;0
base\fx\weapons\cyberware\monowire\w_monowire_occasional_sparks.effect	non	1	0.04;0.04;0.04
base\fx\weapons\cyberware\monowire\w_monowire_occasional_sparks.particle	non	0.75	0.04;0.04;0.04
base\fx\weapons\cyberware\monowire\w_monowire_on.effect	non	0.1	0;0;0
base\fx\weapons\cyberware\monowire\w_monowire_sparks_idle.effect	oui		0.41;0.31;0.59
base\fx\weapons\cyberware\monowire\w_monowire_sparks_idle.particle	non	0.75	0.41;0.31;0.59
base\fx\weapons\cyberware\monowire\w_monowire_turn_on_chemical.effect	non	0.8	0;0;0
base\fx\weapons\cyberware\monowire\w_monowire_turn_on_electric.effect	non	0.8	0;0;0
base\fx\weapons\cyberware\monowire\w_monowire_turn_on_light.effect	non	1	0;0;0
base\fx\weapons\cyberware\monowire\w_monowire_turn_on_long.effect	non	0.8	0;0;0
base\fx\weapons\cyberware\monowire\w_monowire_turn_on_physical.effect	non	0.8	0;0;0
base\fx\weapons\cyberware\monowire\w_monowire_turn_on_short.effect	non	0.45	0;0;0
base\fx\weapons\cyberware\monowire\w_monowire_turn_on_thermal.effect	non	0.8	0;0;0
base\fx\weapons\cyberware\strong_arms\charge\w_player_strong_arms_charge_chemical.particle	oui		0.22;0.18;0.2
base\fx\weapons\cyberware\strong_arms\charge\w_player_strong_arms_charge_electric.particle	oui		1.65;1.63;1.75
base\fx\weapons\cyberware\strong_arms\charge\w_player_strong_arms_charge_thermal.particle	oui		0.18;0.14;0.17
base\fx\weapons\cyberware\strong_arms\charge\w_strong_arms_charge_electric.particle	oui		0.39;0.39;0.47
base\fx\weapons\cyberware\strong_arms\charge\w_strong_arms_charge_thermal.particle	oui		0.13;0.13;0.16
base\fx\weapons\cyberware\strong_arms\charge\w_strong_arms_charge_toxic.particle	oui		0.19;0.19;0.27
base\fx\weapons\cyberware\strong_arms\fx_strong_arms_attack.effect	non	1.02	3.75;3.75;5.8
base\fx\weapons\cyberware\strong_arms\fx_strong_arms_attack.particle	oui		3.75;3.75;5.8
base\fx\weapons\cyberware\strong_arms\fx_strong_arms_electricity.particle	oui		0.8;0.8;0.8
base\fx\weapons\cyberware\strong_arms\fx_strong_arms_electricity_01.effect	oui		0.8;0.8;0.8
base\fx\weapons\cyberware\strong_arms\fx_strong_arms_electricity_big.effect	oui		0.8;0.8;0.8
base\fx\weapons\cyberware\strong_arms\fx_strong_arms_electricity_big.particle	oui		0.8;0.8;0.8
base\fx\weapons\cyberware\strong_arms\fx_strong_arms_hit.effect	non	1.42	6.7;6.7;12.4
base\fx\weapons\cyberware\strong_arms\fx_strong_arms_loaded.effect	oui		26;26;51
base\fx\weapons\cyberware\strong_arms\fx_strong_arms_loaded_right.particle	non	3600	26;26;51
base\fx\weapons\cyberware\strong_arms\idle\w_npc_strong_arms_idle_chemical.effect	oui		0.2;0.2;0.2
base\fx\weapons\cyberware\strong_arms\idle\w_npc_strong_arms_idle_chemical.particle	oui		0.2;0.2;0.2
base\fx\weapons\cyberware\strong_arms\idle\w_npc_strong_arms_idle_electric.effect	oui		0.39;0.39;0.47
base\fx\weapons\cyberware\strong_arms\idle\w_npc_strong_arms_idle_electric.particle	oui		0.39;0.39;0.47
base\fx\weapons\cyberware\strong_arms\idle\w_npc_strong_arms_idle_thermal.effect	oui		1.3;1.3;1.61
base\fx\weapons\cyberware\strong_arms\idle\w_npc_strong_arms_idle_thermal.particle	oui		1.3;1.3;1.61
base\fx\weapons\cyberware\strong_arms\idle\w_player_strong_arms_idle_chemical.effect	oui		0.22;0.18;0.22
base\fx\weapons\cyberware\strong_arms\idle\w_player_strong_arms_idle_chemical.particle	oui		0.21;0.17;0.22
base\fx\weapons\cyberware\strong_arms\idle\w_player_strong_arms_idle_electric.effect	oui		1.65;1.63;1.75
base\fx\weapons\cyberware\strong_arms\idle\w_player_strong_arms_idle_electric.particle	oui		1.65;1.63;1.75
base\fx\weapons\cyberware\strong_arms\idle\w_player_strong_arms_idle_thermal.effect	oui		0.18;0.14;0.17
base\fx\weapons\cyberware\strong_arms\idle\w_player_strong_arms_idle_thermal.particle	oui		0.17;0.13;0.16
base\fx\weapons\cyberware\strong_arms\trails\w_player_strong_arms_trail_electric.effect	oui		0.39;0.39;0.47
base\fx\weapons\cyberware\strong_arms\trails\w_player_strong_arms_trail_electric.particle	oui		0.39;0.39;0.47
base\fx\weapons\cyberware\strong_arms\trails\w_player_strong_arms_trail_thermal.effect	oui		0.2;0.2;0.2
base\fx\weapons\cyberware\strong_arms\trails\w_player_strong_arms_trail_thermal.particle	oui		0.2;0.2;0.2
base\fx\weapons\cyberware\strong_arms\trails\w_player_strong_arms_trail_toxic.effect	oui		0.2;0.2;0.27
base\fx\weapons\cyberware\strong_arms\trails\w_player_strong_arms_trail_toxic.particle	oui		0.2;0.2;0.2
base\fx\weapons\cyberware\strong_arms\trails\w_strong_arms_trail.effect	non	1	0.32;0.32;0.32
base\fx\weapons\cyberware\strong_arms\trails\w_strong_arms_trail.particle	oui		0.32;0.32;0.32
base\fx\weapons\cyberware\strong_arms\trails\w_strong_arms_trail_electric.effect	non	1	0.39;0.39;0.47
base\fx\weapons\cyberware\strong_arms\trails\w_strong_arms_trail_electric.particle	oui		0.39;0.39;0.47
base\fx\weapons\cyberware\strong_arms\trails\w_strong_arms_trail_thermal.effect	oui		1.3;1.3;1.61
base\fx\weapons\cyberware\strong_arms\trails\w_strong_arms_trail_thermal.particle	oui		1.3;1.3;1.61
base\fx\weapons\cyberware\strong_arms\trails\w_strong_arms_trail_toxic.effect	oui		0.2;0.2;0.2
base\fx\weapons\cyberware\strong_arms\trails\w_strong_arms_trail_toxic.particle	oui		0.2;0.2;0.2
base\fx\weapons\cyberware\strong_arms\w_npc_strong_arms_block.effect	non	0.47	2.01;2.01;3.74
base\fx\weapons\cyberware\strong_arms\w_npc_strong_arms_sparks.particle	non	0.2	2.01;2.01;3.74
base\fx\weapons\cyberware\strong_arms\w_npc_strong_arms_taunt.effect	non	0.47	2.73;2.73;5.18
base\fx\weapons\emp_missile_trail.effect	oui		0.5;0.5;0.74
base\fx\weapons\emp_missile_trail.particle	oui		0.5;0.5;0.74
base\fx\weapons\explosives\biohazard_grenade\w_explosives_001_biohazard_grenade.particle	non	10	27.5;27.5;52.5
base\fx\weapons\explosives\biohazard_grenade\w_explosives_001_biohazard_grenade_01.effect	oui		27.5;27.5;52.5
base\fx\weapons\explosives\cutting_grenade\w_explosives_001_cutting_grenade_beam.effect	non	1	1.5;1.5;1.5
base\fx\weapons\explosives\cutting_grenade\w_explosives_001_cutting_grenade_beam.particle	non	100	1.5;1.5;1.5
base\fx\weapons\explosives\cutting_grenade\w_explosives_001_cutting_grenade_decal.effect	non	25	12.59;12.59;25.17
base\fx\weapons\explosives\cutting_grenade\w_explosives_001_cutting_grenade_diode.effect	non	5.5	1.32;1.32;1.35
base\fx\weapons\explosives\cutting_grenade\w_explosives_001_cutting_grenade_diode.particle	non	0.05	1.32;1.32;1.35
base\fx\weapons\explosives\cutting_grenade\w_explosives_001_cutting_grenade_hit.effect	non	4	12.59;12.59;25.17
base\fx\weapons\explosives\cutting_grenade\w_explosives_001_cutting_grenade_hit.particle	non	1	12.59;12.59;25.17
base\fx\weapons\explosives\cutting_grenade\w_explosives_001_cutting_grenade_laser.effect	oui		0.3;0.3;0.3
base\fx\weapons\explosives\cutting_grenade\w_explosives_001_cutting_grenade_laser.particle	oui		0.3;0.3;0.3
base\fx\weapons\explosives\emp_grenade\w_explosives_001_emp_blast.particle	non	7	25.3;25.3;50.3
base\fx\weapons\explosives\emp_grenade\w_explosives_001_emp_blast_backup.particle	non	7	25.3;25.3;50.3
base\fx\weapons\explosives\emp_grenade\w_explosives_001_emp_grenade_01.effect	non	30	25.3;25.3;50.3
base\fx\weapons\explosives\flash_grenade\w_explosives_001_flash_grenade.particle	non	6	25.3;25.3;50.3
base\fx\weapons\explosives\flash_grenade\w_explosives_001_flash_grenade_01.effect	oui		25.3;25.3;50.3
base\fx\weapons\explosives\flash_grenade\w_explosives_001_flash_grenade_bk.particle	non	8	25.1;25.1;50.1
base\fx\weapons\explosives\flash_grenade\w_explosives_001_flash_grenade_blind.effect	non	3.25	0;0;0
base\fx\weapons\explosives\flash_grenade\w_explosives_001_flash_grenade_blind.particle	non	0.05	1;1;1
base\fx\weapons\explosives\frag_grenade\explosion_grenade_frag.particle	non	8	21.1;21.1;41.3
base\fx\weapons\explosives\frag_grenade\frag_granade_hacked\w_frag_granade_hacked_refraction.particle	non	0.15	1;1;1
base\fx\weapons\explosives\frag_grenade\frag_granade_hacked\w_frag_granade_hacked_smoke.particle	non	4	26.5;26.5;51.5
base\fx\weapons\explosives\frag_grenade\frag_granade_hacked\w_frag_grenade_hacked.effect	oui		26.5;26.5;51.5
base\fx\weapons\explosives\frag_grenade\frag_granade_hacked\w_frag_grenade_hacked_initial.particle	non	3	25.35;25.35;50.35
base\fx\weapons\explosives\frag_grenade\frag_granade_hacked\w_frag_grenade_hacked_sparks_curve1.particle	non	3	0.4;0.4;0.4
base\fx\weapons\explosives\frag_grenade\frag_granade_hacked\w_frag_grenade_hacked_sparks_pillar.particle	non	4	1;1;1
base\fx\weapons\explosives\frag_grenade\frag_granade_hacked\w_frag_grenade_hacked_sphere_sparks.particle	non	3	25.1;25.1;50.1
base\fx\weapons\explosives\frag_grenade\frag_grenade_trajectory.particle	non	10	0.1;0.1;0.1
base\fx\weapons\explosives\frag_grenade\w_explosives_001_frag_grenade_01_sparks.particle	non	2	16.92;16.92;33.75
base\fx\weapons\explosives\frag_grenade\w_explosives_001_frag_grenade_fire.effect	non	8	1.02;1.02;1.05
base\fx\weapons\explosives\frag_grenade\w_explosives_001_frag_grenade_fire.particle	non	5	1.02;1.02;1.05
base\fx\weapons\explosives\frag_grenade\w_explosives_001__frag_grenade_01.effect	non	10	26;26;51
base\fx\weapons\explosives\frag_grenade\w_explosives_001__frag_grenade_01_bounce_indc.effect	oui		0.1;0.1;0.1
base\fx\weapons\explosives\frag_grenade\w_explosives_001__frag_grenade_01_bounce_indc.particle	oui		0.1;0.1;0.1
base\fx\weapons\explosives\frag_grenade\w_explosives_001__frag_grenade_01_explosion_indicator.particle	oui		1;1;1
base\fx\weapons\explosives\frag_grenade\w_explosives_001__frag_grenade_01_explo_indc.effect	oui		1;1;1
base\fx\weapons\explosives\frag_grenade\w_explosives_001__frag_grenade_01_explo_indc.particle	non	12222	1;1;1
base\fx\weapons\explosives\frag_grenade\w_explosives_001__frag_grenade_01_main_explosion.particle	non	3.5	3.5;3.5;3.5
base\fx\weapons\explosives\frag_grenade\w_explosives_001__frag_grenade_01_trajectory.effect	oui		0.1;0.1;0.1
base\fx\weapons\explosives\frag_grenade\w_explosives_001__frag_grenade_01_trajectory.particle	oui		0.6;0.6;1.1
base\fx\weapons\explosives\frag_grenade\w_explosives_001__frag_grenade_01_trajectory_02.particle	oui		0.1;0.1;0.1
base\fx\weapons\explosives\frag_grenade\w_explosives_001__frag_grenade_npc_beeping.effect	oui		0.97;0.97;1.07
base\fx\weapons\explosives\frag_grenade\w_explosives_001__frag_grenade_npc_beeping.particle	oui		0.97;0.97;1.07
base\fx\weapons\explosives\frag_grenade\w_explosives_001__frag_grenade_trash.effect	non	5	26;26;51
base\fx\weapons\explosives\frag_grenade\w_explosives_frag_underwater.effect	non	5	26;26;51
base\fx\weapons\explosives\frag_grenade\w_explosives_frag_underwater.particle	non	4.5	26;26;51
base\fx\weapons\explosives\frag_grenade\w_explosives_frag_water_shallow.effect	non	6.82	26;26;51
base\fx\weapons\explosives\frag_grenade\w_explosives_frag_water_shallow.particle	non	6	26;26;51
base\fx\weapons\explosives\frag_grenade\w_frag_grenade_hacked_explosion.particle	non	1	25.2;25.2;50.2
base\fx\weapons\explosives\frag_grenade\w_frag_grenade_hacked_explosion_sparks.particle	non	2	0.4;0.4;0.4
base\fx\weapons\explosives\frag_grenade\w_frag_grenade_hacked_sparks.particle	oui		3.25;3.25;6.25
base\fx\weapons\explosives\frag_grenade\w_frag_grenade_hacked_sparks_smoke.particle	oui		3.38;3.38;3.75
base\fx\weapons\explosives\frag_grenade\w_frag_grenade__explosion_trash.particle	non	5	23.37;23.37;41.74
base\fx\weapons\explosives\grenade_delivery\w_explosives_001_despawn.effect	non	3	3.14;3.14;6.27
base\fx\weapons\explosives\grenade_delivery\w_explosives_001_despawn.particle	non	0.3	3.14;3.14;6.27
base\fx\weapons\explosives\grenade_delivery\w_explosives_001_despawn_smoke.particle	non	3	1.63;1.63;2.86
base\fx\weapons\explosives\grenade_delivery\w_explosives_001_homing.effect	oui		4;4;4
base\fx\weapons\explosives\grenade_delivery\w_explosives_001_homing.particle	oui		4;4;4
base\fx\weapons\explosives\grenade_delivery\w_explosives_001_homing_freeze.effect	oui		1;1;1
base\fx\weapons\explosives\grenade_delivery\w_explosives_001_homing_loop.particle	oui		1;1;1
base\fx\weapons\explosives\grenade_delivery\w_explosives_001_homing_thrust.effect	oui		10;10;10.25
base\fx\weapons\explosives\grenade_delivery\w_explosives_001_homing_thrust.particle	oui		10;10;10.25
base\fx\weapons\explosives\grenade_delivery\w_explosives_001_scanning.effect	non	5	5;5;5
base\fx\weapons\explosives\grenade_delivery\w_explosives_001_scanning.particle	non	1.2	5;5;5
base\fx\weapons\explosives\grenade_delivery\w_explosives_001_sticky.effect	non	6	0.23;0.23;0.24
base\fx\weapons\explosives\grenade_delivery\w_explosives_001_sticky.particle	non	6	0.23;0.23;0.24
base\fx\weapons\explosives\grenade_underwater_disable.effect	non	4.85	7.03;7.03;13.07
base\fx\weapons\explosives\grenade_underwater_disable.particle	non	3	7.03;7.03;13.07
base\fx\weapons\explosives\incendiary_grenade\w_explosives_001_incendiary_grenade.particle	non	6	9.7;9.7;17.91
base\fx\weapons\explosives\incendiary_grenade\w_explosives_001_incendiary_grenade_01.effect	non	30	17.28;17.28;33.06
base\fx\weapons\explosives\incendiary_grenade\w_explosives_001_incendiary_grenade_powder.particle	non	8	17.28;17.28;33.06
base\fx\weapons\explosives\incendiary_grenade\w_explosives_001_incendiary_grenade_sideways.particle	non	1	1.8;1.8;2.3
base\fx\weapons\explosives\incendiary_grenade\w_explosives_001_incendiary_ground_grenade.particle	non	7	1.55;1.55;2.6
base\fx\weapons\explosives\incendiary_grenade\w_explosives_001_incendiary_ground_grenade_01.effect	non	8	1.55;1.55;2.6
base\fx\weapons\explosives\nanobot_mine\nanobots_explode.particle	oui		0.6;0.6;1.1
base\fx\weapons\explosives\nanobot_mine\nanobot_mine.effect	non	1	0;0;0
base\fx\weapons\explosives\ozob_grenade\bakap.particle	non	12	33;33;58
base\fx\weapons\explosives\ozob_grenade\w_ozob_grenade.effect	non	5	33;33;58
base\fx\weapons\explosives\ozob_grenade\w_ozob_grenade.particle	non	12	33;33;58
base\fx\weapons\explosives\piercing_grenade\w_explosives_001_blood_piercing_grenade.particle	oui		6.79;6.79;12.89
base\fx\weapons\explosives\piercing_grenade\w_explosives_001_boom_piercing_grenade.effect	non	3	25.8;25.8;50.8
base\fx\weapons\explosives\piercing_grenade\w_explosives_001_boom_piercing_grenade.particle	non	4	25.8;25.8;50.8
base\fx\weapons\explosives\piercing_grenade\w_explosives_001_drilling_piercing_grenade.effect	oui		2.11;2.11;2.72
base\fx\weapons\explosives\piercing_grenade\w_explosives_001_drilling_piercing_grenade.particle	oui		2.11;2.11;2.72
base\fx\weapons\explosives\proximity_mine\w_mine_armed.effect	oui		0;0;0
base\fx\weapons\explosives\proximity_mine\w_mine_armed.particle	oui		3;14;3.6
base\fx\weapons\explosives\proximity_mine\w_mine_cross.particle	oui		6.8;17.8;7.4
base\fx\weapons\explosives\proximity_mine\w_mine_cross_unarmed.particle	oui		6.8;17.8;7.4
base\fx\weapons\explosives\proximity_mine\w_mine_unarmed.effect	oui		0;0;0
base\fx\weapons\explosives\proximity_mine\w_mine_unarmed.particle	oui		3;14;3.6
base\fx\weapons\explosives\proximity_mine\w_proximity_mine.effect	non	5	28;28;51
base\fx\weapons\explosives\proximity_mine\w_proximity_mine.particle	non	12	28;28;51
base\fx\weapons\explosives\recon_grenade\w_explosives_001_recon_grenade_laser.effect	non	10	1.2;1.2;1.2
base\fx\weapons\explosives\recon_grenade\w_explosives_001_recon_grenade_laser.particle	non	10	1.2;1.2;1.2
base\fx\weapons\explosives\smoke_grenade\w_explosives_001_smoke_grenade_01.effect	oui		10;10;19
base\fx\weapons\explosives\smoke_grenade\w_explosives_001_smoke_grenade_01.particle	oui		10;10;19
base\fx\weapons\explosives\sonic_bubble_grenade\w_explosives_001_sonic_grenade.particle	oui		2;2;2
base\fx\weapons\explosives\sonic_bubble_grenade\w_explosives_001_sonic_grenade_01.effect	non	5	2;2;2
base\fx\weapons\explosives\sonic_bubble_grenade\w_explosives_002_sonic_grenade.particle	non	3	3.92;3.92;6.55
base\fx\weapons\explosives\w_explosion_medium.effect	non	20.41	25.3;25.3;50.3
base\fx\weapons\explosives\w_explosion_medium.particle	non	2.5	25.3;25.3;50.3
base\fx\weapons\explosives\w_explosion_small.effect	non	10.34	25.3;25.3;50.3
base\fx\weapons\explosives\w_explosion_small.particle	non	1.6	25.3;25.3;50.3
base\fx\weapons\firearms\lmgs\constitutional_defender\w_lmg_defender_eject.particle	non	1.5	2.41;2.41;4.72
base\fx\weapons\firearms\lmgs\constitutional_defender\w_lmg_defender_ejection_port.effect	non	10	17.53;17.53;34.06
base\fx\weapons\firearms\lmgs\constitutional_defender\w_lmg_defender_muzzle.effect	non	10	17.53;17.53;34.06
base\fx\weapons\firearms\lmgs\constitutional_defender\w_lmg_defender_muzzle.particle	non	0.7	3.9;3.9;7.27
base\fx\weapons\firearms\lmgs\constitutional_defender\w_lmg_defender_muzzle_silencer.effect	non	10	25.2;25.2;50.2
base\fx\weapons\firearms\lmgs\constitutional_defender\w_lmg_defender_muzzle_tpp.effect	non	5	5.96;5.96;10.92
base\fx\weapons\firearms\lmgs\constitutional_defender\w_lmg_defender_muzzle_tpp.particle	non	0.6	4.72;4.72;9.24
base\fx\weapons\firearms\lmgs\constitutional_defender\w_lmg_defender_reload.effect	non	2	1.02;1.02;1.84
base\fx\weapons\firearms\lmgs\constitutional_defender\w_lmg_defender_reload.particle	non	1.75	1.02;1.02;1.84
base\fx\weapons\firearms\lmgs\midnight_ma70\w_lmg_ma70_eject.particle	non	2	2.41;2.41;4.72
base\fx\weapons\firearms\lmgs\midnight_ma70\w_lmg_ma70_ejection_port.effect	non	10	17.53;17.53;34.06
base\fx\weapons\firearms\lmgs\midnight_ma70\w_lmg_ma70_muzzle.effect	non	10	22.74;22.74;45.47
base\fx\weapons\firearms\lmgs\midnight_ma70\w_lmg_ma70_muzzle.particle	non	2.5	3.9;3.9;7.27
base\fx\weapons\firearms\lmgs\midnight_ma70\w_lmg_ma70_muzzle_brake_flame.particle	non	2	22.74;22.74;45.47
base\fx\weapons\firearms\lmgs\midnight_ma70\w_lmg_ma70_muzzle_brake_flame_tpp.particle	non	1.5	22.74;22.74;45.47
base\fx\weapons\firearms\lmgs\midnight_ma70\w_lmg_ma70_muzzle_silencer.effect	non	10	25.2;25.2;50.2
base\fx\weapons\firearms\lmgs\midnight_ma70\w_lmg_ma70_muzzle_tpp.effect	non	5	22.74;22.74;45.47
base\fx\weapons\firearms\lmgs\midnight_ma70\w_lmg_ma70_muzzle_tpp.particle	non	0.6	4.72;4.72;9.24
base\fx\weapons\firearms\lmgs\midnight_ma70\w_lmg_ma70_reload.effect	non	2	1.02;1.02;1.84
base\fx\weapons\firearms\lmgs\midnight_ma70\w_lmg_ma70_reload.particle	non	1.75	1.02;1.02;1.84
base\fx\weapons\firearms\pistols\arasaka_kenshin\w_pistol_kenshin_muzzle.effect	non	1.41	5.66;5.66;10.91
base\fx\weapons\firearms\pistols\arasaka_kenshin\w_pistol_kenshin_muzzle.particle	non	0.7	5.66;5.66;10.91
base\fx\weapons\firearms\pistols\arasaka_kenshin\w_pistol_kenshin_muzzle_normal.effect	non	1.43	5.66;5.66;10.91
base\fx\weapons\firearms\pistols\arasaka_kenshin\w_pistol_kenshin_muzzle_normal.particle	non	0.7	5.66;5.66;10.91
base\fx\weapons\firearms\pistols\arasaka_kenshin\w_pistol_kenshin_muzzle_tpp.effect	non	1.53	7.91;7.91;15.42
base\fx\weapons\firearms\pistols\arasaka_kenshin\w_pistol_kenshin_muzzle_tpp.particle	non	1	7.91;7.91;15.42
base\fx\weapons\firearms\pistols\arasaka_yukimura\w_pistol_yukimura_eject.particle	non		0;0;0
base\fx\weapons\firearms\pistols\arasaka_yukimura\w_pistol_yukimura_muzzle.effect	non	5.05	4.3;3.9;7.2
base\fx\weapons\firearms\pistols\arasaka_yukimura\w_pistol_yukimura_muzzle.particle	non	0.5	4.3;3.9;7.2
base\fx\weapons\firearms\pistols\arasaka_yukimura\w_pistol_yukimura_muzzle_back.particle	non	1.5	7.44;7.6;14.8
base\fx\weapons\firearms\pistols\arasaka_yukimura\w_pistol_yukimura_muzzle_tpp.effect	non	1.98	3.35;3.35;6.35
base\fx\weapons\firearms\pistols\arasaka_yukimura\w_pistol_yukimura_muzzle_tpp.particle	non	1.2	3.35;3.35;6.35
base\fx\weapons\firearms\pistols\arasaka_yukimura\w_pistol_yukimura_reload.effect	non	3.03	1.23;1.19;2.28
base\fx\weapons\firearms\pistols\arasaka_yukimura\w_pistol_yukimura_reload_detail.particle	non	0.88	0.36;0.32;0.55
base\fx\weapons\firearms\pistols\arasaka_yukimura\w_pistol_yukimura_reload_smoke.particle	non	0.66	1.23;1.19;2.28
base\fx\weapons\firearms\pistols\budget_slaughtomatic\w_pistol_slaughtomatic_eject.particle	non	1.5	1.34;1.34;2.65
base\fx\weapons\firearms\pistols\budget_slaughtomatic\w_pistol_slaughtomatic_ejection_port.effect	non	10	17.19;17.19;33.39
base\fx\weapons\firearms\pistols\budget_slaughtomatic\w_pistol_slaughtomatic_muzzle.effect	non	10	22.11;22.11;44.11
base\fx\weapons\firearms\pistols\budget_slaughtomatic\w_pistol_slaughtomatic_muzzle.particle	non	0.9	22.11;22.11;44.11
base\fx\weapons\firearms\pistols\budget_slaughtomatic\w_pistol_slaughtomatic_muzzle_tpp.effect	non	5	13.66;13.66;27.22
base\fx\weapons\firearms\pistols\budget_slaughtomatic\w_pistol_slaughtomatic_muzzle_tpp.particle	non	0.9	13.66;13.66;27.22
base\fx\weapons\firearms\pistols\constitutionalarms_liberty\w_pistol_liberty_eject.particle	non	1.5	1.14;1.14;2.19
base\fx\weapons\firearms\pistols\constitutionalarms_liberty\w_pistol_liberty_ejection_port.effect	non	10	17.19;17.19;33.39
base\fx\weapons\firearms\pistols\constitutionalarms_liberty\w_pistol_liberty_muzzle.effect	non	10	17.19;17.19;33.39
base\fx\weapons\firearms\pistols\constitutionalarms_liberty\w_pistol_liberty_muzzle.particle	non	0.6	3.23;3.23;6.26
base\fx\weapons\firearms\pistols\constitutionalarms_liberty\w_pistol_liberty_muzzle_silencer.effect	non	10	25.2;25.2;50.2
base\fx\weapons\firearms\pistols\constitutionalarms_liberty\w_pistol_liberty_muzzle_tpp.effect	non	5	5.86;5.86;10.72
base\fx\weapons\firearms\pistols\constitutionalarms_liberty\w_pistol_liberty_muzzle_tpp.particle	non	0.8	5.03;5.03;9.87
base\fx\weapons\firearms\pistols\constitutionalarms_unity\w_pistol_unity_eject.particle	non	1.5	1.14;1.14;2.19
base\fx\weapons\firearms\pistols\constitutionalarms_unity\w_pistol_unity_ejection_port.effect	non	10	17.19;17.19;33.39
base\fx\weapons\firearms\pistols\constitutionalarms_unity\w_pistol_unity_muzzle.effect	non	10	17.19;17.19;33.39
base\fx\weapons\firearms\pistols\constitutionalarms_unity\w_pistol_unity_muzzle.particle	non	0.9	4.74;4.74;9.29
base\fx\weapons\firearms\pistols\constitutionalarms_unity\w_pistol_unity_muzzle_silencer.effect	non	10	25.2;25.2;50.2
base\fx\weapons\firearms\pistols\constitutionalarms_unity\w_pistol_unity_muzzle_tpp.effect	non	5	5.86;5.86;10.72
base\fx\weapons\firearms\pistols\constitutionalarms_unity\w_pistol_unity_muzzle_tpp.particle	non	0.6	3.23;3.23;6.26
base\fx\weapons\firearms\pistols\kangtao_chao\w_pistol_chao_muzzle.effect	non	5.72	3.84;3.8;7.6
base\fx\weapons\firearms\pistols\kangtao_chao\w_pistol_chao_muzzle.particle	non	0.7	3.84;3.8;7.6
base\fx\weapons\firearms\pistols\kangtao_chao\w_pistol_chao_muzzle_tpp.effect	non	1.52	6.41;6.41;12.41
base\fx\weapons\firearms\pistols\kangtao_chao\w_pistol_chao_muzzle_tpp.particle	non	0.8	6.41;6.41;12.41
base\fx\weapons\firearms\pistols\kangtao_chao\w_pistol_chao_reload.effect	non	2.25	1.2;1.2;2.33
base\fx\weapons\firearms\pistols\kangtao_chao\w_pistol_chao_reload.particle	non	1	1.2;1.2;2.33
base\fx\weapons\firearms\pistols\kangtao_chao\w_pistol_chao_vent.particle	non	1.5	1.54;1.54;2.42
base\fx\weapons\firearms\pistols\malorian_silverhand\w_pistol_silverhand_eject.particle	non	2	1.21;1.21;2.21
base\fx\weapons\firearms\pistols\malorian_silverhand\w_pistol_silverhand_ejection_port.effect	non	10.14	18.19;18.19;34.39
base\fx\weapons\firearms\pistols\malorian_silverhand\w_pistol_silverhand_igni.effect	non	8.19	25.12;25.12;50.12
base\fx\weapons\firearms\pistols\malorian_silverhand\w_pistol_silverhand_igni.particle	non	2	2.32;2.32;4.55
base\fx\weapons\firearms\pistols\malorian_silverhand\w_pistol_silverhand_igni_muzzle.particle	non	2.5	25.12;25.12;50.12
base\fx\weapons\firearms\pistols\malorian_silverhand\w_pistol_silverhand_muzzle.effect	non	10.14	25.17;25.17;50.17
base\fx\weapons\firearms\pistols\malorian_silverhand\w_pistol_silverhand_muzzle.particle	non	2	25.17;25.17;50.17
base\fx\weapons\firearms\pistols\malorian_silverhand\w_pistol_silverhand_muzzle_cs.effect	non	10.14	25.17;25.17;50.17
base\fx\weapons\firearms\pistols\malorian_silverhand\w_pistol_silverhand_muzzle_cs.particle	non	2	25.17;25.17;50.17
base\fx\weapons\firearms\pistols\malorian_silverhand\w_pistol_silverhand_muzzle_tpp.effect	non	5	25.17;25.17;50.17
base\fx\weapons\firearms\pistols\malorian_silverhand\w_pistol_silverhand_muzzle_tpp.particle	non	2.5	25.17;25.17;50.17
base\fx\weapons\firearms\pistols\militech_lexington\w_pistol_lexington_eject.particle	non	1.8	1.24;1.24;2.38
base\fx\weapons\firearms\pistols\militech_lexington\w_pistol_lexington_ejection_port.effect	non	10	17.19;17.19;33.39
base\fx\weapons\firearms\pistols\militech_lexington\w_pistol_lexington_muzzle.effect	non	10	17.19;17.19;33.39
base\fx\weapons\firearms\pistols\militech_lexington\w_pistol_lexington_muzzle.particle	non	0.6	2.4;2.4;3.9
base\fx\weapons\firearms\pistols\militech_lexington\w_pistol_lexington_muzzle_silencer.effect	non	10	25.2;25.2;50.2
base\fx\weapons\firearms\pistols\militech_lexington\w_pistol_lexington_muzzle_tpp.effect	non	5	5.86;5.86;10.72
base\fx\weapons\firearms\pistols\militech_lexington\w_pistol_lexington_muzzle_tpp.particle	non	0.6	4.72;4.72;9.24
base\fx\weapons\firearms\pistols\militech_lexington\w_pistol_lexington_muzzle_tpp_cs.effect	non	5	5.86;5.86;10.72
base\fx\weapons\firearms\pistols\militech_omaha\w_pistol_omaha_charging.effect	non	0.31	1.44;1.42;1.6
base\fx\weapons\firearms\pistols\militech_omaha\w_pistol_omaha_charging_barrel.particle	non	3	1.8;1.8;3.3
base\fx\weapons\firearms\pistols\militech_omaha\w_pistol_omaha_charging_vfx.particle	oui		1.44;1.42;1.6
base\fx\weapons\firearms\pistols\militech_omaha\w_pistol_omaha_charging_vfx_left.particle	non		0;0;0
base\fx\weapons\firearms\pistols\militech_omaha\w_pistol_omaha_discharge.effect	non	3.29	1.55;1.55;1.84
base\fx\weapons\firearms\pistols\militech_omaha\w_pistol_omaha_discharge.particle	non	0.1	1.55;1.55;1.84
base\fx\weapons\firearms\pistols\militech_omaha\w_pistol_omaha_muzzle.effect	non	1.53	1.72;1.72;2.44
base\fx\weapons\firearms\pistols\militech_omaha\w_pistol_omaha_muzzle.particle	non	0.25	1.72;1.72;2.44
base\fx\weapons\firearms\pistols\militech_omaha\w_pistol_omaha_muzzle_cs.effect	non	1.53	1.29;1.29;2.39
base\fx\weapons\firearms\pistols\militech_omaha\w_pistol_omaha_muzzle_cs.particle	non	1	1.29;1.29;2.39
base\fx\weapons\firearms\pistols\militech_omaha\w_pistol_omaha_muzzle_tpp.effect	non	2	12.41;12.41;24.43
base\fx\weapons\firearms\pistols\militech_omaha\w_pistol_omaha_muzzle_tpp.particle	non	1.6	12.41;12.41;24.43
base\fx\weapons\firearms\pistols\militech_omaha\w_pistol_omaha_reload.effect	non	1.5	1.1;1.1;2.1
base\fx\weapons\firearms\pistols\militech_omaha\w_pistol_omaha_reload.particle	oui		1.1;1.1;2.1
base\fx\weapons\firearms\pistols\tsunami_kappa\w_tsunami_kappa_fire_direction.particle	non	1.2	2.02;2.02;3.88
base\fx\weapons\firearms\pistols\tsunami_kappa\w_tsunami_kappa_muzzle_fpp.effect	non	3.67	4.3;3.9;7.2
base\fx\weapons\firearms\pistols\tsunami_kappa\w_tsunami_kappa_muzzle_fpp.particle	non	0.5	4.3;3.9;7.2
base\fx\weapons\firearms\pistols\tsunami_kappa\w_tsunami_kappa_muzzle_tpp.effect	non	2.57	3.35;3.35;6.35
base\fx\weapons\firearms\pistols\tsunami_kappa\w_tsunami_kappa_muzzle_tpp.particle	non	1.2	3.35;3.35;6.35
base\fx\weapons\firearms\pistols\tsunami_kappa\w_tsunami_kappa_reload.effect	non	3.1	1.23;1.19;2.28
base\fx\weapons\firearms\pistols\tsunami_kappa\w_tsunami_kappa_reload_detail.particle	non	0.88	0.36;0.32;0.55
base\fx\weapons\firearms\pistols\tsunami_kappa\w_tsunami_kappa_reload_smoke.particle	non	0.66	1.23;1.19;2.28
base\fx\weapons\firearms\pistols\tsunami_nue\w_pistol_nue_eject.particle	non	0.3	0.29;0.29;0.51
base\fx\weapons\firearms\pistols\tsunami_nue\w_pistol_nue_ejection_port.effect	non	11	17.19;17.19;33.39
base\fx\weapons\firearms\pistols\tsunami_nue\w_pistol_nue_muzzle.effect	non	11	17.19;17.19;33.39
base\fx\weapons\firearms\pistols\tsunami_nue\w_pistol_nue_muzzle.particle	non	2	15.2;15.2;30.2
base\fx\weapons\firearms\pistols\tsunami_nue\w_pistol_nue_muzzle_silencer.effect	non	11	25.2;25.2;50.2
base\fx\weapons\firearms\pistols\tsunami_nue\w_pistol_nue_muzzle_tpp.effect	non	4	5.86;5.86;10.72
base\fx\weapons\firearms\pistols\tsunami_nue\w_pistol_nue_muzzle_tpp.particle	non	2	2.44;2.44;4.69
base\fx\weapons\firearms\revolvers\darra_nova\w_revolver_nova_eject.particle	non	1.5	4.24;4.24;8.28
base\fx\weapons\firearms\revolvers\darra_nova\w_revolver_nova_eject_tpp.particle	non	1.5	4.24;4.24;8.28
base\fx\weapons\firearms\revolvers\darra_nova\w_revolver_nova_muzzle.effect	non	3	25.12;25.12;50.12
base\fx\weapons\firearms\revolvers\darra_nova\w_revolver_nova_muzzle.particle	non	1.3	25.12;25.12;50.12
base\fx\weapons\firearms\revolvers\darra_nova\w_revolver_nova_muzzle_silencer.effect	non	5	25.2;25.2;50.2
base\fx\weapons\firearms\revolvers\darra_nova\w_revolver_nova_muzzle_tip.particle	non	2	0.4;0.4;0.4
base\fx\weapons\firearms\revolvers\darra_nova\w_revolver_nova_muzzle_tpp.effect	non	3	25.2;25.2;50.2
base\fx\weapons\firearms\revolvers\darra_nova\w_revolver_nova_muzzle_tpp.particle	non	1.3	25.2;25.2;50.2
base\fx\weapons\firearms\revolvers\darra_nova\w_revolver_nova_reload.effect	non	7	0.49;0.49;0.57
base\fx\weapons\firearms\revolvers\darra_nova\w_revolver_nova_reload.particle	non	3	0.49;0.49;0.57
base\fx\weapons\firearms\revolvers\darra_nova\w_revolver_nova_reload_magazine.effect	non	4.47	0.76;0.76;1.12
base\fx\weapons\firearms\revolvers\darra_nova\w_revolver_nova_reload_magazine.particle	non	2.5	0.76;0.76;1.12
base\fx\weapons\firearms\revolvers\darra_quasar\w_revolves_darra_quasar_muzzle.effect	non	2.01	6.41;6.41;12.41
base\fx\weapons\firearms\revolvers\darra_quasar\w_revolves_darra_quasar_muzzle.particle	non	1.4	8.11;8.11;15.88
base\fx\weapons\firearms\revolvers\darra_quasar\w_revolves_darra_quasar_muzzle_fpp.particle	non	1	6.41;6.41;12.41
base\fx\weapons\firearms\revolvers\darra_quasar\w_revolves_darra_quasar_muzzle_fpp_back.particle	non	1	6.41;6.41;12.41
base\fx\weapons\firearms\revolvers\darra_quasar\w_revolves_darra_quasar_muzzle_tpp.effect	non	1.5	8.11;8.11;15.88
base\fx\weapons\firearms\revolvers\darra_quasar\w_revolves_darra_quasar_reload.effect	non	3.03	2;2;2
base\fx\weapons\firearms\revolvers\darra_quasar\w_revolves_darra_quasar_reload.particle	non	0.75	2;2;2
base\fx\weapons\firearms\revolvers\malorian_overture\w_revolver_overture_diode.effect	oui		0;0;0
base\fx\weapons\firearms\revolvers\malorian_overture\w_revolver_overture_eject.particle	non	1.5	4.24;4.24;8.28
base\fx\weapons\firearms\revolvers\malorian_overture\w_revolver_overture_eject_tpp.particle	non	1.5	4.24;4.24;8.28
base\fx\weapons\firearms\revolvers\malorian_overture\w_revolver_overture_muzzle.effect	non	5	25.18;25.18;50.18
base\fx\weapons\firearms\revolvers\malorian_overture\w_revolver_overture_muzzle.particle	non	1.5	25.18;25.18;50.18
base\fx\weapons\firearms\revolvers\malorian_overture\w_revolver_overture_muzzle_silencer.effect	non	5	25.2;25.2;50.2
base\fx\weapons\firearms\revolvers\malorian_overture\w_revolver_overture_muzzle_tip.particle	non	2	0.4;0.4;0.4
base\fx\weapons\firearms\revolvers\malorian_overture\w_revolver_overture_muzzle_tpp.effect	non	5	11.04;11.04;22.04
base\fx\weapons\firearms\revolvers\malorian_overture\w_revolver_overture_muzzle_tpp.particle	non	1.3	23.17;23.17;46.32
base\fx\weapons\firearms\revolvers\malorian_overture\w_revolver_overture_muzzle_tpp_carcombat.particle	non	0.25	11.04;11.04;22.04
base\fx\weapons\firearms\revolvers\malorian_overture\w_revolver_overture_reload.effect	non	7	0.46;0.46;0.53
base\fx\weapons\firearms\revolvers\malorian_overture\w_revolver_overture_reload.particle	non	3	0.46;0.46;0.53
base\fx\weapons\firearms\revolvers\techtronika_burya\w_revolvers_techtronika_burya_add.particle	non	0.15	0.12;0.12;0.19
base\fx\weapons\firearms\revolvers\techtronika_burya\w_revolvers_techtronika_burya_muzzle.effect	non	2.54	15.17;15.17;30.32
base\fx\weapons\firearms\revolvers\techtronika_burya\w_revolvers_techtronika_burya_muzzle.particle	non	2	15.17;15.17;30.32
base\fx\weapons\firearms\revolvers\techtronika_burya\w_revolvers_techtronika_burya_muzzle_tpp.effect	non	1.53	25.5;25.5;50.5
base\fx\weapons\firearms\revolvers\techtronika_burya\w_revolvers_techtronika_burya_muzzle_tpp.particle	non	2	25.5;25.5;50.5
base\fx\weapons\firearms\revolvers\techtronika_burya\w_revolvers_techtronika_burya_reload.effect	non	3.03	0.92;0.92;1.77
base\fx\weapons\firearms\revolvers\techtronika_burya\w_revolvers_techtronika_burya_reload.particle	non	0.75	0.92;0.92;1.77
base\fx\weapons\firearms\rifles_assault\arasaka_masamune\w_rifle_assault_masamune_eject.particle	non	1.5	2.25;2.25;4.41
base\fx\weapons\firearms\rifles_assault\arasaka_masamune\w_rifle_assault_masamune_ejection_port.effect	non	10	19.71;19.71;38.43
base\fx\weapons\firearms\rifles_assault\arasaka_masamune\w_rifle_assault_masamune_laser.effect	oui		0.35;0.35;0.4
base\fx\weapons\firearms\rifles_assault\arasaka_masamune\w_rifle_assault_masamune_laser.particle	oui		0.35;0.35;0.4
base\fx\weapons\firearms\rifles_assault\arasaka_masamune\w_rifle_assault_masamune_light.particle	oui		3;3;3
base\fx\weapons\firearms\rifles_assault\arasaka_masamune\w_rifle_assault_masamune_muzzle.effect	non	10	19.71;19.71;38.43
base\fx\weapons\firearms\rifles_assault\arasaka_masamune\w_rifle_assault_masamune_muzzle.particle	non	0.3	15.2;15.2;30.2
base\fx\weapons\firearms\rifles_assault\arasaka_masamune\w_rifle_assault_masamune_muzzle_break_flame.particle	non	2	3.2;3.2;6.2
base\fx\weapons\firearms\rifles_assault\arasaka_masamune\w_rifle_assault_masamune_muzzle_break_flame_tpp.particle	non	1.5	2.6;2.6;4.85
base\fx\weapons\firearms\rifles_assault\arasaka_masamune\w_rifle_assault_masamune_muzzle_silencer.effect	non	10	25.2;25.2;50.2
base\fx\weapons\firearms\rifles_assault\arasaka_masamune\w_rifle_assault_masamune_muzzle_tpp.effect	non	5	15.2;15.2;30.2
base\fx\weapons\firearms\rifles_assault\arasaka_masamune\w_rifle_assault_masamune_muzzle_tpp.particle	non	0.3	15.2;15.2;30.2
base\fx\weapons\firearms\rifles_assault\darra_umbra\w_rifle_assault_umbra_eject.particle	non	2	1.23;1.24;2.15
base\fx\weapons\firearms\rifles_assault\darra_umbra\w_rifle_assault_umbra_ejection_port.effect	non	10	19.71;19.71;38.43
base\fx\weapons\firearms\rifles_assault\darra_umbra\w_rifle_assault_umbra_muzzle.effect	non	10	25.1;25.1;50.1
base\fx\weapons\firearms\rifles_assault\darra_umbra\w_rifle_assault_umbra_muzzle.particle	non	2	25.1;25.1;50.1
base\fx\weapons\firearms\rifles_assault\darra_umbra\w_rifle_assault_umbra_muzzle_silencer.effect	non	10	25.2;25.2;50.2
base\fx\weapons\firearms\rifles_assault\darra_umbra\w_rifle_assault_umbra_muzzle_tpp.effect	non	5	22.74;22.74;45.47
base\fx\weapons\firearms\rifles_assault\darra_umbra\w_rifle_assault_umbra_muzzle_tpp.particle	non	2	22.74;22.74;45.47
base\fx\weapons\firearms\rifles_assault\militech_ajax\w_rifle_assault_ajax_eject.particle	non	1.5	2.25;2.25;4.41
base\fx\weapons\firearms\rifles_assault\militech_ajax\w_rifle_assault_ajax_muzzle.effect	non	10	25.1;25.1;50.1
base\fx\weapons\firearms\rifles_assault\militech_ajax\w_rifle_assault_ajax_muzzle.particle	non	1.5	25.1;25.1;50.1
base\fx\weapons\firearms\rifles_assault\militech_ajax\w_rifle_assault_ajax_muzzle_break_flame.particle	non	2	22.74;22.74;45.47
base\fx\weapons\firearms\rifles_assault\militech_ajax\w_rifle_assault_ajax_muzzle_break_flame_tpp.particle	non	1.5	22.74;22.74;45.47
base\fx\weapons\firearms\rifles_assault\militech_ajax\w_rifle_assault_ajax_muzzle_ejection_port.effect	non	10	19.71;19.71;38.43
base\fx\weapons\firearms\rifles_assault\militech_ajax\w_rifle_assault_ajax_muzzle_silencer.effect	non	10	25.2;25.2;50.2
base\fx\weapons\firearms\rifles_assault\militech_ajax\w_rifle_assault_ajax_muzzle_tpp.effect	non	5	25.1;25.1;50.1
base\fx\weapons\firearms\rifles_assault\militech_ajax\w_rifle_assault_ajax_muzzle_tpp.particle	non	1.5	25.1;25.1;50.1
base\fx\weapons\firearms\rifles_assault\nokota_copperhead\w_rifle_assault_copperhead_eject.particle	non	2	1.23;1.24;2.15
base\fx\weapons\firearms\rifles_assault\nokota_copperhead\w_rifle_assault_copperhead_ejection_port.effect	non	10	19.71;19.71;38.43
base\fx\weapons\firearms\rifles_assault\nokota_copperhead\w_rifle_assault_copperhead_muzzle.effect	non	10	25.1;25.1;50.1
base\fx\weapons\firearms\rifles_assault\nokota_copperhead\w_rifle_assault_copperhead_muzzle.particle	non	2	25.1;25.1;50.1
base\fx\weapons\firearms\rifles_assault\nokota_copperhead\w_rifle_assault_copperhead_muzzle_silencer.effect	non	10	25.2;25.2;50.2
base\fx\weapons\firearms\rifles_assault\nokota_copperhead\w_rifle_assault_copperhead_muzzle_tpp.effect	non	5	22.74;22.74;45.47
base\fx\weapons\firearms\rifles_assault\nokota_copperhead\w_rifle_assault_copperhead_muzzle_tpp.particle	non	2	22.74;22.74;45.47
base\fx\weapons\firearms\rifles_assault\nokota_sidewinder\w_rifle_assault_sidewinder_eject.effect	non	0.6	5.4;5;9.4
base\fx\weapons\firearms\rifles_assault\nokota_sidewinder\w_rifle_assault_sidewinder_eject.particle	non		0;0;0
base\fx\weapons\firearms\rifles_assault\nokota_sidewinder\w_rifle_assault_sidewinder_muzzle.effect	non	1.49	5.4;5;9.4
base\fx\weapons\firearms\rifles_assault\nokota_sidewinder\w_rifle_assault_sidewinder_muzzle.particle	non	1	5.4;5;9.4
base\fx\weapons\firearms\rifles_assault\nokota_sidewinder\w_rifle_assault_sidewinder_muzzle_tpp.effect	non	3.5	12.81;12.81;25.22
base\fx\weapons\firearms\rifles_assault\nokota_sidewinder\w_rifle_assault_sidewinder_muzzle_tpp.particle	non	2.5	12.81;12.81;25.22
base\fx\weapons\firearms\rifles_assault\nokota_sidewinder\w_rifle_assault_sidewinder_vent.particle	non	1	1.36;1.36;2.42
base\fx\weapons\firearms\rifles_assault\nokota_sidewinder\w_rifle_assault_sidewinder_vent_npc.particle	non	1	3.19;3.2;6.06
base\fx\weapons\firearms\rifles_assault\nokota_sidewinder\w_rifle_assault_sidewinder_vent_reload.effect	non	10	0;0;0
base\fx\weapons\firearms\rifles_assault\nokota_sidewinder\w_rifle_assault_sidewinder_vent_reload.particle	non		0;0;0
base\fx\weapons\firearms\rifles_assault\tsunami_kyubi\w_rifle_assault_kyubi_eject.particle	non	1.5	2.25;2.25;4.41
base\fx\weapons\firearms\rifles_assault\tsunami_kyubi\w_rifle_assault_kyubi_muzzle.effect	non	10	19.71;19.71;38.43
base\fx\weapons\firearms\rifles_assault\tsunami_kyubi\w_rifle_assault_kyubi_muzzle.particle	non	0.07	0.68;0.68;1.2
base\fx\weapons\firearms\rifles_assault\tsunami_kyubi\w_rifle_assault_kyubi_muzzle_break_flame.particle	non	2	3.2;3.2;6.2
base\fx\weapons\firearms\rifles_assault\tsunami_kyubi\w_rifle_assault_kyubi_muzzle_break_flame_tpp.particle	non	1.5	2.6;2.6;4.85
base\fx\weapons\firearms\rifles_assault\tsunami_kyubi\w_rifle_assault_kyubi_muzzle_ejection_port.effect	non	10	19.71;19.71;38.43
base\fx\weapons\firearms\rifles_assault\tsunami_kyubi\w_rifle_assault_kyubi_muzzle_silencer.effect	non	10	25.2;25.2;50.2
base\fx\weapons\firearms\rifles_assault\tsunami_kyubi\w_rifle_assault_kyubi_muzzle_tpp.effect	non	5	25.1;25.1;50.1
base\fx\weapons\firearms\rifles_assault\tsunami_kyubi\w_rifle_assault_kyubi_muzzle_tpp.particle	non	1.5	25.1;25.1;50.1
base\fx\weapons\firearms\rifles_precision\midnight_sor22\w_rifle_precision_sor22_eject.particle	non	2	3.18;3.18;6.26
base\fx\weapons\firearms\rifles_precision\midnight_sor22\w_rifle_precision_sor22_muzzle.effect	non	10	19.71;19.71;38.43
base\fx\weapons\firearms\rifles_precision\midnight_sor22\w_rifle_precision_sor22_muzzle.particle	non	2.5	9.21;9.21;18.22
base\fx\weapons\firearms\rifles_precision\midnight_sor22\w_rifle_precision_sor22_muzzle_ejection_port.effect	non	10	19.71;19.71;38.43
base\fx\weapons\firearms\rifles_precision\midnight_sor22\w_rifle_precision_sor22_muzzle_side.particle	non	4	4.02;4.02;7.64
base\fx\weapons\firearms\rifles_precision\midnight_sor22\w_rifle_precision_sor22_muzzle_side_tpp.particle	non	0.07	0.68;0.68;1.2
base\fx\weapons\firearms\rifles_precision\midnight_sor22\w_rifle_precision_sor22_muzzle_tpp.effect	non	5	9.21;9.21;18.22
base\fx\weapons\firearms\rifles_precision\midnight_sor22\w_rifle_precision_sor22_muzzle_tpp.particle	non	2.5	9.21;9.21;18.22
base\fx\weapons\firearms\rifles_precision\midnight_sor22\w_rifle_precision_sor22_reload.effect	non	10	2.03;2.03;3.66
base\fx\weapons\firearms\rifles_precision\midnight_sor22\w_rifle_precision_sor22_reload.particle	non	3	2.03;2.03;3.66
base\fx\weapons\firearms\rifles_precision\militech_achilles\w_rifles_precision_achilles_muzzle.effect	non	1.53	5.9;5.9;11.44
base\fx\weapons\firearms\rifles_precision\militech_achilles\w_rifles_precision_achilles_muzzle.particle	non	1	5.9;5.9;11.44
base\fx\weapons\firearms\rifles_precision\militech_achilles\w_rifles_precision_achilles_muzzle_tpp.effect	non	2.01	25.5;25.5;50.5
base\fx\weapons\firearms\rifles_precision\militech_achilles\w_rifles_precision_achilles_muzzle_tpp.particle	non	1.5	25.5;25.5;50.5
base\fx\weapons\firearms\rifles_precision\militech_achilles\w_rifles_precision_achilles_reload.effect	non	6.85	0.15;0.15;0.2
base\fx\weapons\firearms\rifles_precision\militech_achilles\w_rifles_precision_achilles_reload.particle	oui		0.15;0.15;0.2
base\fx\weapons\firearms\rifles_precision\rostovic_kolac\w_rifles_precision_kolac_eject.particle	non	3	2.46;2.46;4.02
base\fx\weapons\firearms\rifles_precision\rostovic_kolac\w_rifles_precision_kolac_eject_2.particle	non	3	2.25;2.35;3.3
base\fx\weapons\firearms\rifles_precision\rostovic_kolac\w_rifles_precision_kolac_muzzle.effect	non	5	15.2;15.2;30.23
base\fx\weapons\firearms\rifles_precision\rostovic_kolac\w_rifles_precision_kolac_muzzle.particle	non	2.5	15.2;15.2;30.23
base\fx\weapons\firearms\rifles_precision\rostovic_kolac\w_rifles_precision_kolac_muzzle_side.particle	non	4	8.27;8.27;16.52
base\fx\weapons\firearms\rifles_precision\rostovic_kolac\w_rifles_precision_kolac_muzzle_tpp.effect	non	10	15.2;15.2;30.23
base\fx\weapons\firearms\rifles_precision\rostovic_kolac\w_rifles_precision_kolac_muzzle_tpp.particle	non	2.5	15.2;15.2;30.23
base\fx\weapons\firearms\rifles_precision\rostovic_kolac\w_rifles_precision_kolac_reload.effect	non	10	2.03;2.03;3.66
base\fx\weapons\firearms\rifles_precision\rostovic_kolac\w_rifles_precision_kolac_reload.particle	non	3	2.03;2.03;3.66
base\fx\weapons\firearms\rifles_sniper\techtronika_grad\w_rifle_sniper_grad_eject.particle	non	1	0.81;0.91;1.54
base\fx\weapons\firearms\rifles_sniper\techtronika_grad\w_rifle_sniper_grad_muzzle.effect	non	10	15.2;15.2;30.23
base\fx\weapons\firearms\rifles_sniper\techtronika_grad\w_rifle_sniper_grad_muzzle.particle	non	2.5	15.2;15.2;30.23
base\fx\weapons\firearms\rifles_sniper\techtronika_grad\w_rifle_sniper_grad_muzzle_side.particle	non	4	4.02;4.02;7.64
base\fx\weapons\firearms\rifles_sniper\techtronika_grad\w_rifle_sniper_grad_muzzle_tpp.effect	non	10	15.2;15.2;30.23
base\fx\weapons\firearms\rifles_sniper\techtronika_grad\w_rifle_sniper_grad_muzzle_tpp.particle	non	2.5	15.2;15.2;30.23
base\fx\weapons\firearms\rifles_sniper\techtronika_grad\w_rifle_sniper_grad_reload.effect	non	10	2.03;2.03;3.66
base\fx\weapons\firearms\rifles_sniper\techtronika_grad\w_rifle_sniper_grad_reload.particle	non	3	2.03;2.03;3.66
base\fx\weapons\firearms\rifles_sniper\tsunami_ashura\w_rifles_sniper_ashra_muzzle.particle	non	2.5	6.6;6.6;12.85
base\fx\weapons\firearms\rifles_sniper\tsunami_ashura\w_rifles_sniper_ashra_muzzle_ref.particle	non		0;0;0
base\fx\weapons\firearms\rifles_sniper\tsunami_ashura\w_rifles_sniper_ashra_muzzle_tpp.particle	non	2.5	6.6;6.6;12.85
base\fx\weapons\firearms\rifles_sniper\tsunami_ashura\w_rifles_sniper_ashra_reload.particle	non	0.75	0.96;1.12;1.87
base\fx\weapons\firearms\rifles_sniper\tsunami_ashura\w_rifles_sniper_ashra_reload_detail.particle	non	0.88	0.36;0.32;0.55
base\fx\weapons\firearms\rifles_sniper\tsunami_ashura\w_rifles_sniper_tsunami_ashura_muzzle.effect	non	2.8	6.6;6.6;12.85
base\fx\weapons\firearms\rifles_sniper\tsunami_ashura\w_rifles_sniper_tsunami_ashura_reload.effect	non	3.03	0.96;1.12;1.87
base\fx\weapons\firearms\rifles_sniper\tsunami_ashura\w_tsunami_ashura_muzzle_tpp.effect	non	1.55	6.6;6.6;12.85
base\fx\weapons\firearms\rifles_sniper\tsunami_nekomata\w_rifles_sniper_laser.effect	oui		0.5;0.5;0.5
base\fx\weapons\firearms\rifles_sniper\tsunami_nekomata\w_rifles_sniper_nekomata_eject.particle	oui		2;2;2
base\fx\weapons\firearms\rifles_sniper\tsunami_nekomata\w_rifles_sniper_nekomata_muzzle_add.particle	non	0.06	0.2;0.2;0.21
base\fx\weapons\firearms\rifles_sniper\tsunami_nekomata\w_rifles_sniper_tsunami_nekomata_charged.effect	non	2.23	2;2;2
base\fx\weapons\firearms\rifles_sniper\tsunami_nekomata\w_rifles_sniper_tsunami_nekomata_charged.particle	oui		2;2;2
base\fx\weapons\firearms\rifles_sniper\tsunami_nekomata\w_rifles_sniper_tsunami_nekomata_charging.effect	non	2.23	2.3;2.3;2.5
base\fx\weapons\firearms\rifles_sniper\tsunami_nekomata\w_rifles_sniper_tsunami_nekomata_charging.particle	oui		2.3;2.3;2.5
base\fx\weapons\firearms\rifles_sniper\tsunami_nekomata\w_rifles_sniper_tsunami_nekomata_charging_flare_tpp.particle	oui		2.05;2.05;2.8
base\fx\weapons\firearms\rifles_sniper\tsunami_nekomata\w_rifles_sniper_tsunami_nekomata_charging_tpp.effect	non	2.23	2.3;2.3;2.8
base\fx\weapons\firearms\rifles_sniper\tsunami_nekomata\w_rifles_sniper_tsunami_nekomata_charging_tpp.particle	oui		2.3;2.3;2.5
base\fx\weapons\firearms\rifles_sniper\tsunami_nekomata\w_rifles_sniper_tsunami_nekomata_eject.particle	oui		2;2;2
base\fx\weapons\firearms\rifles_sniper\tsunami_nekomata\w_rifles_sniper_tsunami_nekomata_muzzle.effect	non	1.53	4.86;4.86;9.58
base\fx\weapons\firearms\rifles_sniper\tsunami_nekomata\w_rifles_sniper_tsunami_nekomata_muzzle.particle	non	0.85	4.86;4.86;9.58
base\fx\weapons\firearms\rifles_sniper\tsunami_nekomata\w_rifles_sniper_tsunami_nekomata_muzzle_tpp.effect	non	3.02	17;17;33.5
base\fx\weapons\firearms\rifles_sniper\tsunami_nekomata\w_rifles_sniper_tsunami_nekomata_muzzle_tpp.particle	non	1.55	17;17;33.5
base\fx\weapons\firearms\shotguns\budget_carnage\w_shotgun_carnage_eject.particle	non	3	0.85;0.85;1.3
base\fx\weapons\firearms\shotguns\budget_carnage\w_shotgun_carnage_muzzle.effect	non	5.5	25.6;25.6;50.6
base\fx\weapons\firearms\shotguns\budget_carnage\w_shotgun_carnage_muzzle.particle	non	2	25.6;25.6;50.6
base\fx\weapons\firearms\shotguns\budget_carnage\w_shotgun_carnage_muzzle_tip.particle	non	2	0.4;0.4;0.4
base\fx\weapons\firearms\shotguns\budget_carnage\w_shotgun_carnage_muzzle_tpp.effect	non	5	25.2;25.2;50.2
base\fx\weapons\firearms\shotguns\budget_carnage\w_shotgun_carnage_muzzle_tpp.particle	non	1.7	25.2;25.2;50.2
base\fx\weapons\firearms\shotguns\constitutionalarms_tactician\w_shotgun_tactician_eject.particle	non	1.5	1.04;1.04;1.88
base\fx\weapons\firearms\shotguns\constitutionalarms_tactician\w_shotgun_tactician_muzzle.effect	non	10	25.6;25.6;50.6
base\fx\weapons\firearms\shotguns\constitutionalarms_tactician\w_shotgun_tactician_muzzle.particle	non	2.5	25.6;25.6;50.6
base\fx\weapons\firearms\shotguns\constitutionalarms_tactician\w_shotgun_tactician_muzzle_tpp.effect	non	10	25.2;25.2;50.2
base\fx\weapons\firearms\shotguns\constitutionalarms_tactician\w_shotgun_tactician_muzzle_tpp.particle	non	2.5	25.2;25.2;50.2
base\fx\weapons\firearms\shotguns\militech_crusher\w_shotgun_crusher_muzzle.effect	non	7.05	25.2;25.2;50.2
base\fx\weapons\firearms\shotguns\militech_crusher\w_shotgun_crusher_muzzle.particle	non	2.5	25.2;25.2;50.2
base\fx\weapons\firearms\shotguns\militech_crusher\w_shotgun_crusher_muzzle_tpp.effect	non	7	25.17;25.17;50.17
base\fx\weapons\firearms\shotguns\militech_crusher\w_shotgun_crusher_muzzle_tpp.particle	non	2	25.17;25.17;50.17
base\fx\weapons\firearms\shotguns\militech_crusher\w_shotgun_crusher_reload.effect	non	3.5	1.66;1.66;3.25
base\fx\weapons\firearms\shotguns\militech_crusher\w_shotgun_crusher_reload.particle	non	1	1.66;1.66;3.25
base\fx\weapons\firearms\shotguns\techtronika_pozhar\w_shotgun_pozhar_eject.particle	non	1.5	1.71;1.71;3.22
base\fx\weapons\firearms\shotguns\techtronika_pozhar\w_shotgun_pozhar_muzzle.effect	non	7.05	25.2;25.2;50.2
base\fx\weapons\firearms\shotguns\techtronika_pozhar\w_shotgun_pozhar_muzzle.particle	non	2	25.2;25.2;50.2
base\fx\weapons\firearms\shotguns\techtronika_pozhar\w_shotgun_pozhar_muzzle_tpp.effect	non	7	25.2;25.2;50.2
base\fx\weapons\firearms\shotguns\techtronika_pozhar\w_shotgun_pozhar_muzzle_tpp.particle	non	2	25.2;25.2;50.2
base\fx\weapons\firearms\shotguns\techtronika_pozhar\w_shotgun_pozhar_reload.effect	non	3.5	1.66;1.66;3.25
base\fx\weapons\firearms\shotguns\techtronika_pozhar\w_shotgun_pozhar_reload.particle	non	1	1.66;1.66;3.25
base\fx\weapons\firearms\shotguns_dual\rostovic_igla\w_shotgun_dual_igla_muzzle.effect	non	4	25.2;25.2;50.2
base\fx\weapons\firearms\shotguns_dual\rostovic_igla\w_shotgun_dual_igla_muzzle.particle	non	2	25.2;25.2;50.2
base\fx\weapons\firearms\shotguns_dual\rostovic_igla\w_shotgun_dual_igla_muzzle_tpp.effect	non	5	25.2;25.2;50.2
base\fx\weapons\firearms\shotguns_dual\rostovic_igla\w_shotgun_dual_igla_muzzle_tpp.particle	non	2	25.2;25.2;50.2
base\fx\weapons\firearms\shotguns_dual\rostovic_igla\w_shotgun_dual_igla_reload.effect	non	5	0.87;0.87;1.34
base\fx\weapons\firearms\shotguns_dual\rostovic_igla\w_shotgun_dual_igla_reload.particle	non	3	0.87;0.87;1.34
base\fx\weapons\firearms\shotguns_dual\rostovic_palica\w_shotgun_dual_palica_eject.particle	non	1.5	1.51;1.51;2.83
base\fx\weapons\firearms\shotguns_dual\rostovic_palica\w_shotgun_dual_palica_muzzle.effect	non	4	12.24;12.24;24.33
base\fx\weapons\firearms\shotguns_dual\rostovic_palica\w_shotgun_dual_palica_muzzle.particle	non	2	12.24;12.24;24.33
base\fx\weapons\firearms\shotguns_dual\rostovic_palica\w_shotgun_dual_palica_muzzle_barrel.particle	non	0.09	0.62;0.62;0.98
base\fx\weapons\firearms\shotguns_dual\rostovic_palica\w_shotgun_dual_palica_muzzle_tpp.effect	non	2.99	12.24;12.24;24.33
base\fx\weapons\firearms\shotguns_dual\rostovic_palica\w_shotgun_dual_palica_muzzle_tpp.particle	non	2.5	12.24;12.24;24.33
base\fx\weapons\firearms\shotguns_dual\rostovic_palica\w_shotgun_dual_palica_reload.effect	non	2.25	1.2;1.2;2.33
base\fx\weapons\firearms\shotguns_dual\rostovic_palica\w_shotgun_dual_palica_reload.particle	non	1	1.2;1.2;2.33
base\fx\weapons\firearms\shotguns_dual\rostovic_satara\w_shotgun_charging_cs.particle	oui		2.26;2.24;2.24
base\fx\weapons\firearms\shotguns_dual\rostovic_satara\w_shotgun_dual_rostovic_satara_aberation.particle	non	4	3;3;5.04
base\fx\weapons\firearms\shotguns_dual\rostovic_satara\w_shotgun_dual_rostovic_satara_charged.particle	oui		0.06;0.06;0.06
base\fx\weapons\firearms\shotguns_dual\rostovic_satara\w_shotgun_dual_rostovic_satara_charging.effect	non	4.02	2.26;2.24;2.24
base\fx\weapons\firearms\shotguns_dual\rostovic_satara\w_shotgun_dual_rostovic_satara_charging.particle	oui		2.26;2.24;2.24
base\fx\weapons\firearms\shotguns_dual\rostovic_satara\w_shotgun_dual_rostovic_satara_charging_add.particle	oui		2.44;2.42;2.6
base\fx\weapons\firearms\shotguns_dual\rostovic_satara\w_shotgun_dual_rostovic_satara_charging_cs.effect	non	11.4	2.26;2.24;2.24
base\fx\weapons\firearms\shotguns_dual\rostovic_satara\w_shotgun_dual_rostovic_satara_charging_tpp.effect	non	4.02	2.44;2.42;3.3
base\fx\weapons\firearms\shotguns_dual\rostovic_satara\w_shotgun_dual_rostovic_satara_charging_tpp.particle	oui		2.44;2.42;2.6
base\fx\weapons\firearms\shotguns_dual\rostovic_satara\w_shotgun_dual_rostovic_satara_discharge.effect	non	3.29	0;0;0
base\fx\weapons\firearms\shotguns_dual\rostovic_satara\w_shotgun_dual_rostovic_satara_discharge.particle	non		0;0;0
base\fx\weapons\firearms\shotguns_dual\rostovic_satara\w_shotgun_dual_rostovic_satara_muzzle.effect	non	2	25.6;25.6;50.6
base\fx\weapons\firearms\shotguns_dual\rostovic_satara\w_shotgun_dual_rostovic_satara_muzzle.particle	non	2	25.6;25.6;50.6
base\fx\weapons\firearms\shotguns_dual\rostovic_satara\w_shotgun_dual_rostovic_satara_muzzle_tpp.effect	non	5	19.05;19.8;37.91
base\fx\weapons\firearms\shotguns_dual\rostovic_satara\w_shotgun_dual_rostovic_satara_muzzle_tpp.particle	non	1.7	19.05;19.8;37.91
base\fx\weapons\firearms\shotguns_dual\rostovic_satara\w_shotgun_dual_rostovic_satara_reload.effect	non	2	1.2;1.2;2.33
base\fx\weapons\firearms\shotguns_dual\rostovic_satara\w_shotgun_dual_rostovic_satara_reload.particle	non	1	1.2;1.2;2.33
base\fx\weapons\firearms\shotguns_dual\rostovic_satara\w_shotgun_dual_satara_electric.particle	non	0.15	2;2;2
base\fx\weapons\firearms\shotguns_dual\rostovic_testera\w_shotgun_dual_testera_eject.particle	non	3	0.87;0.87;1.34
base\fx\weapons\firearms\shotguns_dual\rostovic_testera\w_shotgun_dual_testera_muzzle.effect	non	7	25.2;25.2;50.2
base\fx\weapons\firearms\shotguns_dual\rostovic_testera\w_shotgun_dual_testera_muzzle.particle	non	4	25.2;25.2;50.2
base\fx\weapons\firearms\shotguns_dual\rostovic_testera\w_shotgun_dual_testera_muzzle_tpp.effect	non	7	25.2;25.2;50.2
base\fx\weapons\firearms\shotguns_dual\rostovic_testera\w_shotgun_dual_testera_muzzle_tpp.particle	non	4	25.2;25.2;50.2
base\fx\weapons\firearms\shotguns_dual\rostovic_testera\w_shotgun_dual_testera_reload.effect	non	7	0.87;0.87;1.34
base\fx\weapons\firearms\smgs\arasaka_shingen\w_smg_shingen_eject.particle	non		0;0;0
base\fx\weapons\firearms\smgs\arasaka_shingen\w_smg_shingen_muzzle.effect	non	0.43	3.23;3.23;6.26
base\fx\weapons\firearms\smgs\arasaka_shingen\w_smg_shingen_muzzle.particle	non	0.8	3.23;3.23;6.26
base\fx\weapons\firearms\smgs\arasaka_shingen\w_smg_shingen_muzzle_tpp.effect	non	1.3	6.24;6.24;12.28
base\fx\weapons\firearms\smgs\arasaka_shingen\w_smg_shingen_muzzle_tpp.particle	non	1	6.24;6.24;12.28
base\fx\weapons\firearms\smgs\budget_guillotine\w_smg_guillotine_eject.particle	non	1	2.67;2.67;4.45
base\fx\weapons\firearms\smgs\budget_guillotine\w_smg_guillotine_ejection_port.effect	non	10	17.19;17.19;33.39
base\fx\weapons\firearms\smgs\budget_guillotine\w_smg_guillotine_muzzle.effect	non	10	25.12;25.12;50.12
base\fx\weapons\firearms\smgs\budget_guillotine\w_smg_guillotine_muzzle.particle	non	1	25.12;25.12;50.12
base\fx\weapons\firearms\smgs\budget_guillotine\w_smg_guillotine_muzzle_silencer.effect	non	10	25.2;25.2;50.2
base\fx\weapons\firearms\smgs\budget_guillotine\w_smg_guillotine_muzzle_tpp.effect	non	5	22.16;22.16;44.16
base\fx\weapons\firearms\smgs\budget_guillotine\w_smg_guillotine_muzzle_tpp.particle	non	1	22.16;22.16;44.16
base\fx\weapons\firearms\smgs\darra_pulsar\w_smg_pulsar_ejection_smoke.particle	non	1	2.46;2.46;4.02
base\fx\weapons\firearms\smgs\darra_pulsar\w_smg_pulsar_muzzle.effect	non	10.1	25.12;25.12;50.12
base\fx\weapons\firearms\smgs\darra_pulsar\w_smg_pulsar_muzzle.particle	non	1	25.12;25.12;50.12
base\fx\weapons\firearms\smgs\darra_pulsar\w_smg_pulsar_muzzle_ejection_port.effect	non	10.1	17.19;17.19;33.39
base\fx\weapons\firearms\smgs\darra_pulsar\w_smg_pulsar_muzzle_silencer.effect	non	10	25.2;25.2;50.2
base\fx\weapons\firearms\smgs\darra_pulsar\w_smg_pulsar_muzzle_tpp.effect	non	5	22.16;22.16;44.16
base\fx\weapons\firearms\smgs\darra_pulsar\w_smg_pulsar_muzzle_tpp.particle	non	1	22.16;22.16;44.16
base\fx\weapons\firearms\smgs\militech_saratoga\w_smg_saratoga_ejection_smoke.particle	non	1	0.45;0.45;0.8
base\fx\weapons\firearms\smgs\militech_saratoga\w_smg_saratoga_muzzle.effect	non	10	17.19;17.19;33.39
base\fx\weapons\firearms\smgs\militech_saratoga\w_smg_saratoga_muzzle.particle	non	0.3	15.2;15.2;30.2
base\fx\weapons\firearms\smgs\militech_saratoga\w_smg_saratoga_muzzle_ejection_port.effect	non	10	17.19;17.19;33.39
base\fx\weapons\firearms\smgs\militech_saratoga\w_smg_saratoga_muzzle_silencer.effect	non	10	25.2;25.2;50.2
base\fx\weapons\firearms\smgs\militech_saratoga\w_smg_saratoga_muzzle_tpp.effect	non	5	15.2;15.2;30.2
base\fx\weapons\firearms\smgs\militech_saratoga\w_smg_saratoga_muzzle_tpp.particle	non	0.3	15.2;15.2;30.2
base\fx\weapons\firearms\smgs\senkoh_lx\w_senkoh_lx_muzzle_fpp.effect	non	4.85	22.74;22.74;45.47
base\fx\weapons\firearms\smgs\senkoh_lx\w_senkoh_lx_muzzle_fpp.particle	non	0.75	6.03;6.03;11.66
base\fx\weapons\firearms\smgs\senkoh_lx\w_senkoh_lx_muzzle_tpp.effect	non	4.97	22.74;22.74;45.47
base\fx\weapons\firearms\smgs\senkoh_lx\w_senkoh_lx_muzzle_tpp.particle	non	1	7.91;7.91;15.42
base\fx\weapons\firearms\smgs\senkoh_lx\w_senkoh_muzzle_flame.particle	non	1.5	22.74;22.74;45.47
base\fx\weapons\firearms\special\ar_game_weapon\ar_game_impact.particle	non	1	3.72;3.32;5.44
base\fx\weapons\firearms\special\ar_game_weapon\ar_game_impact_cartoon.particle	non	0.6	2.3;2.3;3.4
base\fx\weapons\firearms\special\ar_game_weapon\ar_game_trail.particle	non	0.3	0.01;0.01;0.01
base\fx\weapons\firearms\special\ar_game_weapon\ar_game_weapon_muzzle.particle	non	0.1	0.17;0.17;0.22
base\fx\weapons\firearms\special\ar_game_weapon\ar_impact_location_ver1.effect	non	2	2.3;2.3;3.4
base\fx\weapons\firearms\special\ar_game_weapon\ar_weapon_decal.effect	non	15	0;0;0
base\fx\weapons\firearms\special\ar_game_weapon\ar_weapon_muzzle_npc.effect	non	3.8	0.17;0.17;0.22
base\fx\weapons\firearms\special\ar_game_weapon\ar_weapon_muzzle_ver1.effect	non	3.8	0.17;0.17;0.22
base\fx\weapons\firearms\special\ar_game_weapon\ar_weapon_trail.effect	non	3.58	0.01;0.01;0.01
base\fx\weapons\firearms\special\kangtao_dian\s_rifle_corp_01_lvl1_bullethit.effect	non	1	0;0;0
base\fx\weapons\firearms\special\kangtao_dian\s_rifle_corp_01_lvl1_monitorlight.effect	oui		0;0;0
base\fx\weapons\firearms\special\kangtao_dian\s_rigle_corp_01_lvl1_reloadsteam.particle	non	0.95	0.78;0.78;1.25
base\fx\weapons\firearms\special\kangtao_dian\w_special_dian_eject.effect	non	2.04	6.41;6.41;12.41
base\fx\weapons\firearms\special\kangtao_dian\w_special_dian_eject.particle	non	0.45	0.17;0.17;0.28
base\fx\weapons\firearms\special\kangtao_dian\w_special_dian_muzzle.particle	non	1	6.41;6.41;12.41
base\fx\weapons\firearms\special\kangtao_dian\w_special_dian_muzzle_tpp.effect	non	1.49	6.41;6.41;12.41
base\fx\weapons\firearms\special\kangtao_dian\w_special_dian_muzzle_tpp.particle	non	0.8	6.41;6.41;12.41
base\fx\weapons\firearms\special\kangtao_dian\w_special_dian_reload.effect	non	1.5	0;0;0
base\fx\weapons\firearms\special\kangtao_dian\w_special_dian_reloadsteam.particle	non	0.95	0.78;0.78;1.25
base\fx\weapons\firearms\special\kangtao_dian\w_special_dian_smoke_after.particle	non	1.1	2.11;2.11;3.21
base\fx\weapons\firearms\special\kangtao_zhuo\w_special_kangtao_zhuo_eject.particle	non	1.2	1.33;1.33;1.66
base\fx\weapons\firearms\special\kangtao_zhuo\w_special_kangtao_zhuo_muzzle.effect	non	2.96	11.24;11.2;22.4
base\fx\weapons\firearms\special\kangtao_zhuo\w_special_kangtao_zhuo_muzzle.particle	non	0.1	1.07;1.07;1.84
base\fx\weapons\firearms\special\kangtao_zhuo\w_special_kangtao_zhuo_muzzle_left_.particle	non	0.1	1.07;1.07;1.84
base\fx\weapons\firearms\special\kangtao_zhuo\w_special_kangtao_zhuo_muzzle_tpp.effect	non	3.45	11.24;11.2;22.4
base\fx\weapons\firearms\special\kangtao_zhuo\w_special_kangtao_zhuo_muzzle_tpp.particle	non	0.1	1.24;1.24;2.23
base\fx\weapons\firearms\special\kangtao_zhuo\w_special_kangtao_zhuo_reload.effect	non	3.03	0.48;0.44;0.77
base\fx\weapons\firearms\special\kangtao_zhuo\w_special_kangtao_zhuo_reload.particle	non	0.66	0.24;0.2;0.3
base\fx\weapons\firearms\special\kangtao_zhuo\w_special_kangtao_zhuo_reload_magaizne.particle	non	0.88	0.48;0.44;0.77
base\fx\weapons\firearms\special\kangtao_zhuo\w_special_kangtao_zhuo_smoke_add.particle	non	2.5	11.24;11.2;22.4
base\fx\weapons\firearms\special\kangtao_zhuo\w_special_kangtao_zhuo_smoke_add_tpp.particle	non	1.2	15.25;15.25;30.4
base\fx\weapons\firearms\special\militech_hmg\w_special_hmg_cooling.effect	non	6	6.61;6.61;11.73
base\fx\weapons\firearms\special\militech_hmg\w_special_hmg_cooling_jet_steam.particle	non	5	6.61;6.61;11.73
base\fx\weapons\firearms\special\militech_hmg\w_special_hmg_cooling_jet_steam_tpp.particle	non	5	6.61;6.61;11.73
base\fx\weapons\firearms\special\militech_hmg\w_special_hmg_cooling_tpp.effect	non	6	6.61;6.61;11.73
base\fx\weapons\firearms\special\militech_hmg\w_special_hmg_eject.particle	non	1.5	2.41;2.41;4.72
base\fx\weapons\firearms\special\militech_hmg\w_special_hmg_explosion_bullet.particle	non	2	13.11;13.11;25.42
base\fx\weapons\firearms\special\militech_hmg\w_special_hmg_explosive_bullet.effect	non	32.92	13.11;13.11;25.42
base\fx\weapons\firearms\special\militech_hmg\w_special_hmg_muzzle.effect	non	10	17.22;17.22;33.45
base\fx\weapons\firearms\special\militech_hmg\w_special_hmg_muzzle.particle	non	0.6	14.08;14.09;27.84
base\fx\weapons\firearms\special\militech_hmg\w_special_hmg_muzzle_side.particle	non	4	4.02;4.02;7.64
base\fx\weapons\firearms\special\militech_hmg\w_special_hmg_muzzle_side_tpp.particle	non	4	4.02;4.02;7.64
base\fx\weapons\firearms\special\militech_hmg\w_special_hmg_muzzle_tpp.effect	non	10	25.2;25.2;50.2
base\fx\weapons\firearms\special\militech_hmg\w_special_hmg_muzzle_tpp.particle	non	1.2	25.2;25.2;50.2
base\fx\weapons\firearms\special\militech_hmg\w_special_hmg_overheat.effect	oui		0;0;0
base\fx\weapons\firearms\special\militech_hmg\w_special_hmg_reload.effect	non	2	1.02;1.02;1.84
base\fx\weapons\firearms\special\militech_hmg\w_special_hmg_reload.particle	non	1.75	1.02;1.02;1.84
base\fx\weapons\firearms\special\militech_hmg\w_special_hmg_shell.particle	non	10	17.22;17.22;33.45
base\fx\weapons\firearms\special\vehicle_rocket_launcher\w_special_vehicle_missile_trail.effect	oui		1;1;1.01
base\fx\weapons\firearms\special\vehicle_rocket_launcher\w_special_vehicle_missile_trail.particle	non	0.8	1;1;1.01
base\fx\weapons\firearms\special\vehicle_rocket_launcher\w_special_vehicle_rocket_launcher.effect	non	4	25.4;25.4;50.4
base\fx\weapons\firearms\special\vehicle_rocket_launcher\w_special_vehicle_rocket_launcher_eject.particle	non	3	25.4;25.4;50.4
base\fx\weapons\firearms\special\vehicle_rocket_launcher\w_special_vehicle_rocket_launcher_muzzle.particle	non	3	22.92;22.92;45.45
base\fx\weapons\firearms\_attachments\muzzle_brakes\pistols\w_muzzle_brake_pistol.effect	non	2	6.21;6.21;12.23
base\fx\weapons\firearms\_attachments\muzzle_brakes\pistols\w_muzzle_brake_pistol.particle	non	0.6	6.21;6.21;12.23
base\fx\weapons\firearms\_attachments\muzzle_brakes\pistols\w_muzzle_brake_pistol_side.effect	non	2	6.21;6.21;12.23
base\fx\weapons\firearms\_attachments\muzzle_brakes\pistols\w_muzzle_brake_pistol_side.particle	non	1.5	2.45;2.45;4.7
base\fx\weapons\firearms\_attachments\muzzle_brakes\rifles\w_muzzle_brake_rifle.effect	non	2	9.21;9.21;18.22
base\fx\weapons\firearms\_attachments\muzzle_brakes\rifles\w_muzzle_brake_rifle.particle	non	0.6	9.21;9.21;18.22
base\fx\weapons\firearms\_attachments\muzzle_brakes\rifles\w_muzzle_brake_rifle_side.effect	non	2	9.21;9.21;18.22
base\fx\weapons\firearms\_attachments\muzzle_brakes\rifles\w_muzzle_brake_rifle_side.particle	non	1.5	2.45;2.45;4.7
base\fx\weapons\firearms\_attachments\silencers\w_silencer_general_handgun.particle	non	0.5	25.2;25.2;50.2
base\fx\weapons\firearms\_muzzle_lights\power\w_p_pistols_lq_muzzle_lights.effect	non	0.5	0;0;0
base\fx\weapons\firearms\_muzzle_lights\power\w_p_pistols_lq_muzzle_lights_tpp.effect	non	0.5	0;0;0
base\fx\weapons\firearms\_muzzle_lights\power\w_p_pistols_mq_muzzle_lights.effect	non	0.5	0;0;0
base\fx\weapons\firearms\_muzzle_lights\power\w_p_pistols_mq_muzzle_lights_tpp.effect	non	0.5	0;0;0
base\fx\weapons\firearms\_muzzle_lights\power\w_p_rifles_mq_muzzle_lights.effect	non	0.5	0;0;0
base\fx\weapons\firearms\_muzzle_lights\power\w_p_rifles_mq_muzzle_lights_tpp.effect	non	0.5	0;0;0
base\fx\weapons\firearms\_muzzle_lights\smart\w_s_pistols_mq_muzzle_lights.effect	non	0.5	0;0;0
base\fx\weapons\firearms\_muzzle_lights\smart\w_s_pistols_mq_muzzle_lights_tpp.effect	non	0.5	0;0;0
base\fx\weapons\firearms\_muzzle_lights\smart\w_s_rifles_mq_muzzle_lights.effect	non	0.5	0;0;0
base\fx\weapons\firearms\_muzzle_lights\smart\w_s_rifles_mq_muzzle_lights_tpp.effect	non	0.5	0;0;0
base\fx\weapons\firearms\_muzzle_lights\smart\w_s_smg_mq_muzzle_lights.effect	non	0.5	0;0;0
base\fx\weapons\firearms\_muzzle_lights\tech\w_t_pistols_mq_muzzle_lights.effect	non	0.5	0;0;0
base\fx\weapons\firearms\_muzzle_lights\tech\w_t_pistols_mq_muzzle_lights_tpp.effect	non	0.5	0;0;0
base\fx\weapons\firearms\_muzzle_lights\tech\w_t_rifles_mq_muzzle_lights.effect	non	0.5	0;0;0
base\fx\weapons\firearms\_muzzle_lights\tech\w_t_rifles_mq_muzzle_lights_tpp.effect	non	0.5	0;0;0
base\fx\weapons\firearms\_photo_mode\power\phm_w_p_pistol_muzzle_hq.effect	oui		1.2;1.2;1.7
base\fx\weapons\firearms\_photo_mode\power\phm_w_p_pistol_muzzle_hq.particle	oui		1.2;1.2;1.7
base\fx\weapons\firearms\_photo_mode\power\phm_w_p_pistol_muzzle_mq.effect	oui		1.2;1.2;1.7
base\fx\weapons\firearms\_photo_mode\power\phm_w_p_pistol_muzzle_mq.particle	oui		1.2;1.2;1.7
base\fx\weapons\firearms\_photo_mode\power\phm_w_p_revolver_cylinder_mq.particle	non	9999	25.3;25.3;50.3
base\fx\weapons\firearms\_photo_mode\power\phm_w_p_revolver_muzzle_mq.effect	oui		25.3;25.3;50.3
base\fx\weapons\firearms\_photo_mode\power\phm_w_p_rifle_assault_muzzle_hq.particle	non	9999	1.2;1.2;1.7
base\fx\weapons\firearms\_photo_mode\power\phm_w_p_rifle_assault_muzzle_hq_mbr.effect	oui		25.6;25.6;50.6
base\fx\weapons\firearms\_photo_mode\power\phm_w_p_rifle_assault_muzzle_hq_mbr_flame.particle	non	9999	25.6;25.6;50.6
base\fx\weapons\firearms\_photo_mode\power\phm_w_p_rifle_assault_muzzle_lq.effect	oui		1.2;1.2;1.7
base\fx\weapons\firearms\_photo_mode\power\phm_w_p_rifle_assault_muzzle_lq.particle	non	9999	1.2;1.2;1.7
base\fx\weapons\firearms\_photo_mode\power\phm_w_p_rifle_assault_muzzle_mq.particle	non	9999	1.2;1.2;1.7
base\fx\weapons\firearms\_photo_mode\power\phm_w_p_rifle_assault_muzzle_mq_mbr.effect	oui		25.6;25.6;50.6
base\fx\weapons\firearms\_photo_mode\power\phm_w_p_rifle_assault_muzzle_mq_mbr_flame.particle	non	9999	25.6;25.6;50.6
base\fx\weapons\firearms\_photo_mode\power\phm_w_p_rifle_sniper_muzzle_mq.particle	non	9999	1.2;1.2;1.7
base\fx\weapons\firearms\_photo_mode\power\phm_w_p_rifle_sniper_muzzle_mq_mbr.effect	oui		25.6;25.6;50.6
base\fx\weapons\firearms\_photo_mode\power\phm_w_p_rifle_sniper_muzzle_mq_mbr_flame.particle	non	9999	25.6;25.6;50.6
base\fx\weapons\firearms\_photo_mode\power\phm_w_p_shotgun_muzzle_lq.effect	oui		1.2;1.2;1.7
base\fx\weapons\firearms\_photo_mode\power\phm_w_p_shotgun_muzzle_lq.particle	non	9999	1.2;1.2;1.7
base\fx\weapons\firearms\_photo_mode\smart\phm_w_s_pistol_muzzle_hq.effect	oui		1.35;1.35;1.85
base\fx\weapons\firearms\_photo_mode\smart\phm_w_s_pistol_muzzle_hq.particle	non	9999	1.35;1.35;1.85
base\fx\weapons\firearms\_photo_mode\smart\phm_w_s_rifle_assault_muzzle_hq.effect	oui		1.35;1.35;1.85
base\fx\weapons\firearms\_photo_mode\smart\phm_w_s_rifle_assault_muzzle_hq.particle	non	9999	1.35;1.35;1.85
base\fx\weapons\firearms\_photo_mode\smart\phm_w_s_rifle_assault_muzzle_lq.effect	oui		1.35;1.35;1.85
base\fx\weapons\firearms\_photo_mode\smart\phm_w_s_rifle_assault_muzzle_lq.particle	non	9999	1.35;1.35;1.85
base\fx\weapons\firearms\_photo_mode\smart\phm_w_s_shotgun_muzzle_lq.effect	oui		1.2;1.2;1.7
base\fx\weapons\firearms\_photo_mode\smart\phm_w_s_shotgun_muzzle_lq.particle	non	9999	1.2;1.2;1.7
base\fx\weapons\firearms\_photo_mode\tech\phm_w_t_pistol_muzzle_hq.effect	oui		1.4;1.4;1.7
base\fx\weapons\firearms\_photo_mode\tech\phm_w_t_pistol_muzzle_hq.particle	non	9999	1.4;1.4;1.7
base\fx\weapons\firearms\_photo_mode\tech\phm_w_t_pistol_muzzle_lq.effect	oui		1.2;1.2;1.7
base\fx\weapons\firearms\_photo_mode\tech\phm_w_t_pistol_muzzle_lq.particle	non	9999	1.2;1.2;1.7
base\fx\weapons\firearms\_photo_mode\tech\phm_w_t_rifle_muzzle_mq.effect	oui		1.5;1.5;2
base\fx\weapons\firearms\_photo_mode\tech\phm_w_t_rifle_muzzle_mq.particle	non	9999	1.5;1.5;2
base\fx\weapons\firearms\_photo_mode\tech\phm_w_t_shotgun_muzzle_lq.effect	oui		2;2;2
base\fx\weapons\firearms\_photo_mode\tech\phm_w_t_shotgun_muzzle_lq.particle	non	9999	1.2;1.2;1.7
base\fx\weapons\firearms\_photo_mode\tech\phm_w_t_shotgun_muzzle_lq_electric_sparks.particle	non	9999	2;2;2
base\fx\weapons\firearms\_photo_mode\_shells\phm_cal_7_68mm.particle	oui		1;1;1
base\fx\weapons\firearms\_photo_mode\_shells\phm_cal_9mm.particle	oui		1;1;1
base\fx\weapons\gattling_fx.effect	oui		8.85;8.85;16.69
base\fx\weapons\gattling_muzzle_flash.particle	oui		8.85;8.85;16.69
base\fx\weapons\impacts\brick\imp_brick_decal.effect	non	60	0;0;0
base\fx\weapons\impacts\brick\imp_brick_refl.effect	non	10	15.35;15.35;30.5
base\fx\weapons\impacts\brick\imp_brick_refl.particle	non	10	15.35;15.35;30.5
base\fx\weapons\impacts\brick\large_cal\imp_brick_decal_lc.effect	non	60	0;0;0
base\fx\weapons\impacts\brick\large_cal\imp_brick_refl_lc.effect	non	10	15.35;15.35;30.5
base\fx\weapons\impacts\brick\melee\imp_brick_decal_hammer1.effect	non	60	0;0;0
base\fx\weapons\impacts\brick\melee\imp_brick_decal_hammer2.effect	non	60	0;0;0
base\fx\weapons\impacts\brick\melee\imp_brick_refl_hammer.effect	non	4.73	25.24;25.24;50.4
base\fx\weapons\impacts\brick\melee\imp_brick_refl_hammer.particle	non	4	25.24;25.24;50.4
base\fx\weapons\impacts\brick\shotgun\imp_brick_decal_shg.effect	non	60	0;0;0
base\fx\weapons\impacts\brick\shotgun\imp_brick_refl_shg.effect	non	10	15.35;15.35;30.5
base\fx\weapons\impacts\ceramic\imp_ceramic_decal.effect	non	60	0;0;0
base\fx\weapons\impacts\ceramic\imp_ceramic_refl.effect	non	10	15.55;15.55;30.7
base\fx\weapons\impacts\ceramic\imp_ceramic_refl.particle	non	10	15.55;15.55;30.7
base\fx\weapons\impacts\concrete\imp_concrete_decal.effect	non	60	0;0;0
base\fx\weapons\impacts\concrete\imp_concrete_refl.effect	non	10	15.35;15.35;30.5
base\fx\weapons\impacts\concrete\imp_concrete_refl.particle	non	10	15.35;15.35;30.5
base\fx\weapons\impacts\concrete\large_cal\imp_concrete_decal_lc.effect	non	60	0;0;0
base\fx\weapons\impacts\concrete\large_cal\imp_concrete_refl_lc.effect	non	10	15.35;15.35;30.5
base\fx\weapons\impacts\concrete\large_cal\imp_concrete_refl_lc.particle	non	10	15.35;15.35;30.5
base\fx\weapons\impacts\concrete\melee\imp_concrete_decal_chainsword.effect	non	60	0;0;0
base\fx\weapons\impacts\concrete\melee\imp_concrete_decal_hammer1.effect	non	60	0;0;0
base\fx\weapons\impacts\concrete\melee\imp_concrete_decal_hammer2.effect	non	60	0;0;0
base\fx\weapons\impacts\concrete\melee\imp_concrete_decal_katana.effect	non	60	0;0;0
base\fx\weapons\impacts\concrete\melee\imp_concrete_decal_knife.effect	non	60	0;0;0
base\fx\weapons\impacts\concrete\melee\imp_concrete_decal_quick_melee.effect	non	60	0;0;0
base\fx\weapons\impacts\concrete\melee\imp_concrete_decal_strong_arms.effect	non	60	0;0;0
base\fx\weapons\impacts\concrete\melee\imp_concrete_refl_chainsword.effect	non	10	25.2;25.2;50.2
base\fx\weapons\impacts\concrete\melee\imp_concrete_refl_chainsword.particle	non	10	25.2;25.2;50.2
base\fx\weapons\impacts\concrete\melee\imp_concrete_refl_hammer.effect	non	4.73	25.24;25.24;50.4
base\fx\weapons\impacts\concrete\melee\imp_concrete_refl_hammer.particle	non	4	25.24;25.24;50.4
base\fx\weapons\impacts\concrete\melee\imp_concrete_refl_katana.effect	non	10	25.2;25.2;50.2
base\fx\weapons\impacts\concrete\melee\imp_concrete_refl_katana.particle	non	10	25.2;25.2;50.2
base\fx\weapons\impacts\concrete\melee\imp_concrete_refl_knife.effect	oui		26.2;25.2;50.2
base\fx\weapons\impacts\concrete\melee\imp_concrete_refl_knife.particle	non	4	26.2;25.2;50.2
base\fx\weapons\impacts\concrete\melee\imp_concrete_refl_strong_arms.effect	non	2	25.24;25.24;50.4
base\fx\weapons\impacts\concrete\melee\imp_concrete_refl_strong_arms.particle	non	4	25.24;25.24;50.4
base\fx\weapons\impacts\concrete\shotgun\imp_concrete_decal_shg.effect	non	60	0;0;0
base\fx\weapons\impacts\concrete\shotgun\imp_concrete_refl_shg.effect	non	10	15.35;15.35;30.5
base\fx\weapons\impacts\concrete_water_puddles\imp_concrete_water_puddles_decal.effect	non	60	0;0;0
base\fx\weapons\impacts\concrete_water_puddles\imp_concrete_water_puddles_refl.effect	non	2	2;2;3.58
base\fx\weapons\impacts\concrete_water_puddles\imp_concrete_water_puddles_refl.particle	non	1.5	2;2;3.58
base\fx\weapons\impacts\concrete_water_puddles\large_cal\imp_concrete_water_puddles_decal_lc.effect	non	60	0;0;0
base\fx\weapons\impacts\concrete_water_puddles\large_cal\imp_concrete_water_puddles_refl_lc.effect	non	2	2.71;2.71;5.02
base\fx\weapons\impacts\concrete_water_puddles\large_cal\imp_concrete_water_puddles_refl_lc.particle	non	1.5	2.71;2.71;5.02
base\fx\weapons\impacts\concrete_water_puddles\melee\imp_concrete_water_puddles_refl_katana.effect	non	10	2;2;3.58
base\fx\weapons\impacts\concrete_water_puddles\shotgun\imp_concrete_water_puddles_decal_shg.effect	non	60	0;0;0
base\fx\weapons\impacts\concrete_water_puddles\shotgun\imp_concrete_water_puddles_refl_shg.effect	non	2	2;2;3.58
base\fx\weapons\impacts\default\imp_default_decal.effect	non	15	0;0;0
base\fx\weapons\impacts\default\imp_default_norm.effect	non	2	5;5;9.7
base\fx\weapons\impacts\default\imp_default_norm.particle	non	0.8	5;5;9.7
base\fx\weapons\impacts\default\imp_default_smart.effect	non	2	5;5;9.7
base\fx\weapons\impacts\default\melee\imp_character_flesh_fists.effect	non	2	1.61;1.61;2.22
base\fx\weapons\impacts\default\melee\imp_character_flesh_fists.particle	non	1	1.61;1.61;2.22
base\fx\weapons\impacts\default\melee\imp_character_flesh_fists_nose_burst.effect	non	2	1.61;1.61;2.22
base\fx\weapons\impacts\default\melee\imp_character_flesh_fists_nose_burst.particle	non	1	1.61;1.61;2.22
base\fx\weapons\impacts\default\melee\imp_character_flesh_head_fists.effect	non	2	4.01;4.01;7.01
base\fx\weapons\impacts\default\melee\imp_character_flesh_head_fists.particle	non	1	4.01;4.01;7.01
base\fx\weapons\impacts\default\melee\imp_default_decal_katana.effect	non	60	0;0;0
base\fx\weapons\impacts\default\melee\imp_default_decal_quick_melee.effect	non	60	0;0;0
base\fx\weapons\impacts\default\melee\imp_default_decal_strong_arms.effect	non	60	0;0;0
base\fx\weapons\impacts\default\melee\imp_default_fists.effect	non	2	1.61;1.61;2.22
base\fx\weapons\impacts\default\melee\imp_default_fists.particle	non	1	1.61;1.61;2.22
base\fx\weapons\impacts\default\melee\imp_default_knife.effect	oui		1.61;1.61;2.22
base\fx\weapons\impacts\default\melee\imp_default_knife.particle	non	1	1.61;1.61;2.22
base\fx\weapons\impacts\default\melee\imp_default_quick_melee.effect	non	2	3.65;3.65;4.3
base\fx\weapons\impacts\default\melee\imp_default_quick_melee.particle	non	1.5	3.65;3.65;4.3
base\fx\weapons\impacts\default\melee\imp_default_strong_arms.effect	non	2	3.65;3.65;4.3
base\fx\weapons\impacts\default\melee\imp_default_strong_arms.particle	non	1.5	3.65;3.65;4.3
base\fx\weapons\impacts\default\shotgun\imp_default_norm_shg.effect	non	2	5;5;9.7
base\fx\weapons\impacts\default\shotgun\imp_default_norm_shg.particle	non	0.8	5;5;9.7
base\fx\weapons\impacts\dirt\imp_dirt_refl.effect	non	2	5.3;5.3;10.3
base\fx\weapons\impacts\dirt\imp_dirt_refl.particle	non	1.5	5.3;5.3;10.3
base\fx\weapons\impacts\dirt\large_cal\imp_dirt_refl_lc.effect	non	10	15.35;15.35;30.5
base\fx\weapons\impacts\dirt\large_cal\imp_dirt_refl_lc.particle	non	10	15.35;15.35;30.5
base\fx\weapons\impacts\fabrics\imp_fabrics_decal.effect	non	60	0;0;0
base\fx\weapons\impacts\fabrics\imp_fabrics_refl.effect	non	2	2.99;2.59;3.97
base\fx\weapons\impacts\fabrics\imp_fabrics_refl.particle	non	3	2.99;2.59;3.97
base\fx\weapons\impacts\food\imp_food_decal.effect	non	60	0;0;0
base\fx\weapons\impacts\food\imp_food_refl.effect	non	2	0.93;0.93;1.71
base\fx\weapons\impacts\food\imp_food_refl.particle	non	0.7	0.93;0.93;1.71
base\fx\weapons\impacts\furniture_leather\imp_furniture_leather_decal.effect	non	60	0;0;0
base\fx\weapons\impacts\furniture_leather\imp_furniture_leather_refl.effect	non	6	15.25;15.25;25.51
base\fx\weapons\impacts\furniture_leather\imp_furniture_leather_refl.particle	non	4	15.25;15.25;25.51
base\fx\weapons\impacts\furniture_leather\large_cal\imp_furniture_leather_refl_lc.effect	non	6	15.25;15.25;25.51
base\fx\weapons\impacts\furniture_leather\shotgun\imp_furniture_leather_refl_shg.effect	non	6	15.25;15.25;25.51
base\fx\weapons\impacts\glass\imp_glass_decal.effect	non	60	0;0;0
base\fx\weapons\impacts\glass\imp_glass_refl.effect	non	6	12.2;12.2;24.21
base\fx\weapons\impacts\glass\imp_glass_refl.particle	non	5	12.2;12.2;24.21
base\fx\weapons\impacts\glass\melee\imp_glass_decal_hammer.effect	non	60	0;0;0
base\fx\weapons\impacts\glass\melee\imp_glass_decal_quick_melee.effect	non	60	0;0;0
base\fx\weapons\impacts\glass\melee\imp_glass_decal_strong_arms.effect	non	60	0;0;0
base\fx\weapons\impacts\glass\melee\imp_glass_refl_quick_melee.effect	non	2	3.65;3.65;4.3
base\fx\weapons\impacts\glass\melee\imp_glass_refl_quick_melee.particle	non	1.5	3.65;3.65;4.3
base\fx\weapons\impacts\glass\shotgun\imp_glass_decal_shg.effect	non	60	0;0;0
base\fx\weapons\impacts\glass\shotgun\imp_glass_refl_shg.effect	non	6	12.2;12.2;24.21
base\fx\weapons\impacts\glass_bulletproof\imp_glass_bulletproof_decal.effect	non	60	0;0;0
base\fx\weapons\impacts\glass_bulletproof\shotgun\imp_glass_bulletproof_decal_shg.effect	non	60	0;0;0
base\fx\weapons\impacts\glass_car\imp_glass_car_norm.effect	non	2	2.06;2.06;3.22
base\fx\weapons\impacts\glass_car\imp_glass_car_norm.particle	non	2	2.06;2.06;3.22
base\fx\weapons\impacts\glass_car\imp_glass_car_norm_car_combat.effect	non	2	4;4;4.6
base\fx\weapons\impacts\glass_car\imp_glass_car_norm_car_combat.particle	non	2	4;4;4.6
base\fx\weapons\impacts\glass_electronics\imp_glass_electronics_refl.effect	non	2	10.21;10.21;20.26
base\fx\weapons\impacts\glass_electronics\imp_glass_electronics_refl.particle	non	1	10.21;10.21;20.26
base\fx\weapons\impacts\grass\imp_grass_refl.effect	non	2	27;27;52
base\fx\weapons\impacts\grass\imp_grass_refl.particle	non	4	27;27;52
base\fx\weapons\impacts\leaves\imp_leaves_refl.effect	non	5	26.5;26.5;51.5
base\fx\weapons\impacts\leaves\imp_leaves_refl.particle	non	4	26.5;26.5;51.5
base\fx\weapons\impacts\leaves\large_cal\imp_leaves_refl_lc.effect	non	5	26.5;26.5;51.5
base\fx\weapons\impacts\leaves\large_cal\imp_leaves_refl_lc.particle	non	4	26.5;26.5;51.5
base\fx\weapons\impacts\leaves\shotgun\imp_leaves_refl_shg.effect	non	5	26.5;26.5;51.5
base\fx\weapons\impacts\leaves\shotgun\imp_leaves_refl_shg.particle	non	4	26.5;26.5;51.5
base\fx\weapons\impacts\meatbag\imp_meatbag_norm.effect	non	1	2.12;2.12;2.04
base\fx\weapons\impacts\meatbag\imp_meatbag_norm.particle	non	0.8	2.12;2.12;2.04
base\fx\weapons\impacts\meat\imp_meat_decal.effect	non	60	0;0;0
base\fx\weapons\impacts\meat\imp_meat_refl.effect	non	1	2.2;1.8;2.4
base\fx\weapons\impacts\meat\imp_meat_refl.particle	non	0.8	2.2;1.8;2.4
base\fx\weapons\impacts\metal\imp_metal_decal.effect	non	60	0;0;0
base\fx\weapons\impacts\metal\imp_metal_refl.effect	non	2	3.14;3.14;6.27
base\fx\weapons\impacts\metal\imp_metal_refl.particle	non	0.3	3.14;3.14;6.27
base\fx\weapons\impacts\metal\imp_metal_refl_car_combat.effect	non	2	2.3;2.3;4.59
base\fx\weapons\impacts\metal\imp_metal_refl_car_combat.particle	non	0.8	2.3;2.3;4.59
base\fx\weapons\impacts\metal\large_cal\imp_metal_decal_lc.effect	non	60	0;0;0
base\fx\weapons\impacts\metal\large_cal\imp_metal_refl_lc.effect	non	1	2.3;2.3;4.59
base\fx\weapons\impacts\metal\large_cal\imp_metal_refl_lc.particle	non	0.8	2.3;2.3;4.59
base\fx\weapons\impacts\metal\melee\imp_metal_decal_chainsword.effect	non	60	0;0;0
base\fx\weapons\impacts\metal\melee\imp_metal_decal_katana.effect	non	60	0;0;0
base\fx\weapons\impacts\metal\melee\imp_metal_decal_knife.effect	non	60	0;0;0
base\fx\weapons\impacts\metal\melee\imp_metal_decal_quick_melee.effect	non	60	0;0;0
base\fx\weapons\impacts\metal\melee\imp_metal_decal_strong_arms.effect	non	60	0;0;0
base\fx\weapons\impacts\metal\melee\imp_metal_refl_chainsword.effect	non	2	9.65;9.65;19.28
base\fx\weapons\impacts\metal\melee\imp_metal_refl_chainsword.particle	non	0.3	9.65;9.65;19.28
base\fx\weapons\impacts\metal\melee\imp_metal_refl_hammer.effect	non	2	3.65;3.65;4.36
base\fx\weapons\impacts\metal\melee\imp_metal_refl_hammer.particle	non	1.5	3.65;3.65;4.36
base\fx\weapons\impacts\metal\melee\imp_metal_refl_katana.effect	non	2	9.65;9.65;19.28
base\fx\weapons\impacts\metal\melee\imp_metal_refl_katana.particle	non	0.3	9.65;9.65;19.28
base\fx\weapons\impacts\metal\melee\imp_metal_refl_knife.effect	oui		1.6;1.6;3.19
base\fx\weapons\impacts\metal\melee\imp_metal_refl_knife.particle	non	0.2	1.6;1.6;3.19
base\fx\weapons\impacts\metal\melee\imp_metal_refl_quick_melee.effect	non	2	3.65;3.65;4.3
base\fx\weapons\impacts\metal\melee\imp_metal_refl_quick_melee.particle	non	1.5	3.65;3.65;4.3
base\fx\weapons\impacts\metal\melee\imp_metal_refl_strong_arms.effect	non	2	3.65;3.65;4.36
base\fx\weapons\impacts\metal\melee\imp_metal_refl_strong_arms.particle	non	1.5	3.65;3.65;4.36
base\fx\weapons\impacts\metal\shotgun\imp_metal_decal_shg.effect	non	60	0;0;0
base\fx\weapons\impacts\metal_car\imp_metal_car_decal.effect	non	60	0;0;0
base\fx\weapons\impacts\metal_car\large_cal\imp_metal_car_decal_lc.effect	non	60	0;0;0
base\fx\weapons\impacts\metal_car\melee\imp_metal_car_decal_chainsword.effect	non	60	0;0;0
base\fx\weapons\impacts\metal_car\melee\imp_metal_car_decal_katana.effect	non	60	0;0;0
base\fx\weapons\impacts\metal_car\melee\imp_metal_car_decal_knife.effect	non	60	0;0;0
base\fx\weapons\impacts\metal_car\melee\imp_metal_car_decal_quick_melee.effect	non	60	0;0;0
base\fx\weapons\impacts\metal_car\melee\imp_metal_car_decal_strong_arms.effect	non	60	0;0;0
base\fx\weapons\impacts\metal_car\shotgun\imp_metal_car_decal_shg.effect	non	60	0;0;0
base\fx\weapons\impacts\metal_pipe_steam\imp_metal_pipe_steam_norm.effect	non	15	3.14;3.14;6.27
base\fx\weapons\impacts\metal_pipe_steam\imp_metal_pipe_steam_norm.particle	oui		1.54;1.54;2.15
base\fx\weapons\impacts\metal_pipe_water\imp_metal_pipe_water_norm.effect	non	7	3.14;3.14;6.27
base\fx\weapons\impacts\metal_pipe_water\imp_metal_pipe_water_norm.particle	oui		0.2;0.2;0.2
base\fx\weapons\impacts\mud\imp_mud_refl.effect	non	2	3.16;3.16;5.71
base\fx\weapons\impacts\mud\imp_mud_refl.particle	non	4.5	3.16;3.16;5.71
base\fx\weapons\impacts\mud\shotgun\imp_mud_refl_shg.effect	non	2	3.16;3.16;5.71
base\fx\weapons\impacts\mud\shotgun\imp_mud_refl_shg.particle	non	4.5	3.16;3.16;5.71
base\fx\weapons\impacts\neon\imp_neon_refl.effect	non	2	25.44;25.44;50.44
base\fx\weapons\impacts\neon\imp_neon_refl.particle	non	2.5	25.44;25.44;50.44
base\fx\weapons\impacts\neon\shotgun\imp_neon_refl_shg.effect	non	2	25.44;25.44;50.44
base\fx\weapons\impacts\neon\shotgun\imp_neon_refl_shg.particle	non	2.5	25.44;25.44;50.44
base\fx\weapons\impacts\paper\imp_paper_decal.effect	non	60	0;0;0
base\fx\weapons\impacts\paper\imp_paper_refl.effect	non	3.41	5;5;9.7
base\fx\weapons\impacts\paper\imp_paper_refl.particle	non	3	5;5;9.7
base\fx\weapons\impacts\plaster\imp_plaster_decal.effect	non	60	0;0;0
base\fx\weapons\impacts\plaster\imp_plaster_refl.effect	non	10	15.6;15.6;30.75
base\fx\weapons\impacts\plaster\imp_plaster_refl.particle	non	10	15.6;15.6;30.75
base\fx\weapons\impacts\plaster\large_cal\imp_plaster_decal_lc.effect	non	60	0;0;0
base\fx\weapons\impacts\plaster\large_cal\imp_plaster_refl_lc.effect	non	10	15.6;15.6;30.75
base\fx\weapons\impacts\plaster\melee\imp_plaster_refl_hammer.effect	non	4.73	5;5;9.7
base\fx\weapons\impacts\plaster\melee\imp_plaster_refl_hammer.particle	non	4	5;5;9.7
base\fx\weapons\impacts\plaster\shotgun\imp_plaster_decal_shg.effect	non	60	0;0;0
base\fx\weapons\impacts\plaster\shotgun\imp_plaster_refl_shg.effect	non	10	15.6;15.6;30.75
base\fx\weapons\impacts\plastic\imp_plastic_decal.effect	non	60	0;0;0
base\fx\weapons\impacts\plastic\imp_plastic_refl.effect	non	10	25.65;25.65;50.65
base\fx\weapons\impacts\plastic\imp_plastic_refl.particle	non	10	25.65;25.65;50.65
base\fx\weapons\impacts\plastic\large_cal\imp_plastic_decal_lc.effect	non	60	0;0;0
base\fx\weapons\impacts\plastic\melee\imp_plastic_decal_chainsword.effect	non	60	0;0;0
base\fx\weapons\impacts\plastic\melee\imp_plastic_decal_hammer.effect	non	60	0;0;0
base\fx\weapons\impacts\plastic\melee\imp_plastic_decal_katana.effect	non	60	0;0;0
base\fx\weapons\impacts\plastic\melee\imp_plastic_decal_knife.effect	non	60	0;0;0
base\fx\weapons\impacts\plastic_car\imp_plastic_car_decal.effect	non	60	0;0;0
base\fx\weapons\impacts\plastic_car\large_cal\imp_plastic_car_decal_lc.effect	non	60	0;0;0
base\fx\weapons\impacts\plastic_car\melee\imp_plastic_car_decal_chainsword.effect	non	60	0;0;0
base\fx\weapons\impacts\plastic_car\melee\imp_plastic_car_decal_katana.effect	non	60	0;0;0
base\fx\weapons\impacts\plastic_car\melee\imp_plastic_car_decal_knife.effect	non	60	0;0;0
base\fx\weapons\impacts\plastic_electronics\imp_plastic_electronics_refl.effect	non	5	5.18;5.18;9.71
base\fx\weapons\impacts\plastic_electronics\imp_plastic_electronics_refl.particle	non	1.5	5.18;5.18;9.71
base\fx\weapons\impacts\plastic_electronics\shotgun\imp_plastic_electronics_refl_shg.effect	non	5	5.18;5.18;9.71
base\fx\weapons\impacts\plexiglass\imp_plexiglass_decal.effect	non	60	0;0;0
base\fx\weapons\impacts\plexiglass\imp_plexiglass_refl.particle	non	0.25	3.14;3.14;6.27
base\fx\weapons\impacts\plexiglass\plexiglass_percing.particle	non	1.4	12.08;12.08;23.96
base\fx\weapons\impacts\plexiglass\plexiglass_percing_decal.effect	non	15.04	2.11;2.11;4.11
base\fx\weapons\impacts\plexiglass\plexiglass_percing_decal_percing.particle	non	4	2.11;2.11;4.11
base\fx\weapons\impacts\plexiglass\plexiglass_piercing.effect	non	8.83	25.44;25.44;50.44
base\fx\weapons\impacts\plexiglass\plexiglass_ref.effect	non	2	3.14;3.14;6.27
base\fx\weapons\impacts\rubber\imp_rubber_decal.effect	non	60	0;0;0
base\fx\weapons\impacts\rubber\imp_rubber_refl.effect	non	2	1.22;1.16;1.48
base\fx\weapons\impacts\rubber\imp_rubber_refl.particle	non	0.5	1.22;1.16;1.48
base\fx\weapons\impacts\sand\imp_sand_decal.effect	non	60	0;0;0
base\fx\weapons\impacts\sand\imp_sand_refl.effect	non	2	12.5;12.5;24.7
base\fx\weapons\impacts\sand\imp_sand_refl.particle	non	2	12.5;12.5;24.7
base\fx\weapons\impacts\sand\large_cal\imp_sand_refl_lc.effect	non	2	6.7;6.7;12.5
base\fx\weapons\impacts\sand\large_cal\imp_sand_refl_lc.particle	non	2	6.7;6.7;12.5
base\fx\weapons\impacts\sand\melee\imp_sand_hammer.effect	non	3.14	12.5;12.5;24.7
base\fx\weapons\impacts\sand\melee\imp_sand_hammer.particle	non	2	12.5;12.5;24.7
base\fx\weapons\impacts\tiles\imp_tiles_decal.effect	non	60	0;0;0
base\fx\weapons\impacts\tiles\imp_tiles_refl.effect	non	10	15.6;15.6;30.75
base\fx\weapons\impacts\tiles\imp_tiles_refl.particle	non	10	15.6;15.6;30.75
base\fx\weapons\impacts\tiles\large_cal\imp_tiles_decal_lc.effect	non	60	0;0;0
base\fx\weapons\impacts\tiles\large_cal\imp_tiles_refl_lc.effect	non	10	15.6;15.6;30.75
base\fx\weapons\impacts\tiles\shotgun\imp_tiles_decal_shg.effect	non	60	0;0;0
base\fx\weapons\impacts\tiles\shotgun\imp_tiles_refl_shg.effect	non	10	15.6;15.6;30.75
base\fx\weapons\impacts\tire_car\imp_tire_car_norm.effect	non	2	1.22;1.16;1.65
base\fx\weapons\impacts\tire_car\imp_tire_car_norm.particle	non	0.5	1.22;1.16;1.65
base\fx\weapons\impacts\trash\imp_trash_refl.effect	non	2	1.07;1.01;1.37
base\fx\weapons\impacts\trash\imp_trash_refl.particle	non	1.4	1.07;1.01;1.37
base\fx\weapons\impacts\trash\melee\imp_trash_refl_chainsword.effect	non	2	1.07;1.01;1.37
base\fx\weapons\impacts\trash\melee\imp_trash_refl_chainsword.particle	non	1.4	1.07;1.01;1.37
base\fx\weapons\impacts\upholstery_car\imp_upholstery_car_decal.effect	non	60	0;0;0
base\fx\weapons\impacts\upholstery_car\melee\imp_upholstery_car_decal_katana.effect	non	60	0;0;0
base\fx\weapons\impacts\upholstery_car\melee\imp_upholstery_car_decal_knife.effect	non	60	0;0;0
base\fx\weapons\impacts\water\imp_water_refl.effect	non	2	3.4;3.4;6.4
base\fx\weapons\impacts\water\imp_water_refl.particle	non	3	3.4;3.4;6.4
base\fx\weapons\impacts\water\imp_water_refl_tech.effect	non	6.67	3.4;3.4;6.4
base\fx\weapons\impacts\water\imp_water_tech_add.particle	non	1.88	1.54;1.54;2.33
base\fx\weapons\impacts\water\large_cal\imp_water_refl_lc.effect	non	2	2.75;2.75;5
base\fx\weapons\impacts\water\large_cal\imp_water_refl_lc.particle	non	2	2.75;2.75;5
base\fx\weapons\impacts\water\large_cal\imp_water_refl_lc_tech.effect	non	5.07	3.88;3.88;7
base\fx\weapons\impacts\water\large_cal\imp_water_refl_lc_tech.particle	non	1.8	3.88;3.88;7
base\fx\weapons\impacts\water\melee\imp_water_blade.particle	non	3	5.96;5.96;11.62
base\fx\weapons\impacts\water\melee\imp_water_blunt.particle	non	3	5.49;5.49;10.48
base\fx\weapons\impacts\water\melee\imp_water_refl_blade.effect	non	2	5.96;5.96;11.62
base\fx\weapons\impacts\water\melee\imp_water_refl_blunt.effect	non	2	5.49;5.49;10.48
base\fx\weapons\impacts\water\shotgun\imp_water_refl_shg.effect	non	2	1.95;1.95;2.7
base\fx\weapons\impacts\water\shotgun\imp_water_refl_shg.particle	non	3	1.95;1.95;2.7
base\fx\weapons\impacts\water\shotgun\imp_water_refl_shg_tech.effect	non	3.01	1.95;1.95;2.7
base\fx\weapons\impacts\water\shotgun\imp_water_refl_shg_tech.particle	non	1.6	1.26;1.26;1.77
base\fx\weapons\impacts\wood\imp_wood_decal.effect	non	60	0;0;0
base\fx\weapons\impacts\wood\imp_wood_refl.effect	non	10	16.59;16.59;32.18
base\fx\weapons\impacts\wood\imp_wood_refl.particle	non	10	16.59;16.59;32.18
base\fx\weapons\impacts\wood\large_cal\imp_wood_decal_lc.effect	non	60	0;0;0
base\fx\weapons\impacts\wood\large_cal\imp_wood_large_cal.effect	non	10	16.59;16.59;32.18
base\fx\weapons\impacts\wood\large_cal\imp_wood_refl_lc.particle	non	10	16.59;16.59;32.18
base\fx\weapons\impacts\wood\melee\imp_wood_decal_chainsword.effect	non	60	0;0;0
base\fx\weapons\impacts\wood\melee\imp_wood_decal_katana.effect	non	60	0;0;0
base\fx\weapons\impacts\wood\melee\imp_wood_decal_knife.effect	non	60	0;0;0
base\fx\weapons\impacts\wood\melee\imp_wood_decal_quick_melee.effect	non	60	0;0;0
base\fx\weapons\impacts\wood\melee\imp_wood_decal_strong_arms.effect	non	60	0;0;0
base\fx\weapons\impacts\wood\melee\imp_wood_refl_chainsword.effect	non	8	27;27;52
base\fx\weapons\impacts\wood\melee\imp_wood_refl_chainsword.particle	non	8	27;27;52
base\fx\weapons\impacts\wood\melee\imp_wood_refl_katana.effect	non	8	27;27;52
base\fx\weapons\impacts\wood\melee\imp_wood_refl_katana.particle	non	8	27;27;52
base\fx\weapons\impacts\wood\melee\imp_wood_refl_knife.effect	oui		26;26;51
base\fx\weapons\impacts\wood\melee\imp_wood_refl_knife.particle	non	4	26;26;51
base\fx\weapons\impacts\wood\melee\imp_wood_refl_strong_arms.effect	non	10	28;28;53
base\fx\weapons\impacts\wood\melee\imp_wood_refl_strong_arms.particle	non	10	28;28;53
base\fx\weapons\impacts\wood\shotgun\imp_wood_decal_shg.effect	non	60	0;0;0
base\fx\weapons\impacts\_common\items\grenade_water_impact.particle	non	2	4.5;4.5;8.5
base\fx\weapons\impacts\_common\items\grenade_water_impact_02.particle	non	1.5	2.76;2.76;5.02
base\fx\weapons\impacts\_common\items\imp_grenade_water_splash.effect	non	3.21	4.5;4.5;8.5
base\fx\weapons\impacts\_common\power\imp_power_default_piercing.particle	non	4	16.04;16.04;32.07
base\fx\weapons\impacts\_common\power\imp_power_default_piercing_decal.effect	non	60	16.04;16.04;32.07
base\fx\weapons\impacts\_common\smart\imp_smart_default_add-on.effect	non	24.69	2;2;2
base\fx\weapons\impacts\_common\smart\imp_smart_default_add-on.particle	non	1	2;2;2
base\fx\weapons\impacts\_common\smart\imp_smart_explosive_add-on.particle	non		0;0;0
base\fx\weapons\impacts\_common\tech\imp_tech_default_add-on.effect	non	2.55	5.8;5.8;11.4
base\fx\weapons\impacts\_common\tech\imp_tech_default_add-on.particle	non	2	5.8;5.8;11.4
base\fx\weapons\impacts\_common\tech\imp_tech_default_add-on_soft.effect	non	2.55	13.13;13.13;25.93
base\fx\weapons\impacts\_common\tech\imp_tech_default_add-on_soft.particle	non	2	13.13;13.13;25.93
base\fx\weapons\impacts\_common\tech\imp_tech_default_add-on_soft_fire.effect	non	2.55	4.5;4.5;8.5
base\fx\weapons\impacts\_common\tech\imp_tech_default_add-on_soft_fire.particle	non	2	4.5;4.5;8.5
base\fx\weapons\impacts\_common\tech\imp_tech_default_decal_piercing.effect	non	60	0;0;0
base\fx\weapons\impacts\_common\tech\imp_tech_default_fake_decal_piercing.particle	non		0;0;0
base\fx\weapons\impacts\_common\tech\imp_tech_default_piercing.effect	non	4.47	4.5;4.5;8.5
base\fx\weapons\impacts\_common\tech\imp_tech_defaut_piercing.particle	non	3	25.44;25.44;50.44
base\fx\weapons\impacts\_common\tech\imp_tech_defaut_piercing_sparks.particle	non	3	4.6;4.6;7.2
base\fx\weapons\impacts\_common\tech\imp_tech_revolver_add-on.particle	non	2	25.44;25.44;50.44
base\fx\weapons\impacts\_common\tech\imp_tech_revolver_piercing.particle	non	2	25.44;25.44;50.44
base\fx\weapons\impacts\_common\tech\large_cal\imp_tech_add-on_hard.particle	non	2	4.5;4.5;8.5
base\fx\weapons\impacts\_common\tech\large_cal\imp_tech_add-on_large_cal.effect	non	3	5.02;5.02;9.95
base\fx\weapons\impacts\_common\tech\large_cal\imp_tech_add-on_large_cal.particle	non	2	5.02;5.02;9.95
base\fx\weapons\impacts\_common\tech\large_cal\imp_tech_add-on_large_cal_metal.effect	non	6.07	4.5;4.5;8.5
base\fx\weapons\impacts\_common\tech\large_cal\imp_tech_add-on_large_cal_wood.effect	non	3.51	16.59;16.59;32.18
base\fx\weapons\impacts\_common\tech\small_cal\imp_tech_default_piercing_small.effect	non	2.8	4.44;4.44;8.44
base\fx\weapons\impacts\_common\tech\small_cal\imp_tech_defaut_piercing_small.particle	non	2	4.44;4.44;8.44
base\fx\weapons\impacts\_common\tech\small_cal\imp_tech_defaut_piercing_smoke.particle	non	0.6	3.1;3.1;6.1
base\fx\weapons\impacts\_common\tech\small_cal\imp_tech_small_decal_piercing.effect	non	60	0;0;0
base\fx\weapons\impacts\_common\tech\small_cal\imp_tech_small_fake_decal_piercing.particle	non		0;0;0
base\fx\weapons\impacts\_common\tech\small_cal\imp_tech_small_piercing_fire.effect	non	2.8	4.5;4.5;8.5
base\fx\weapons\impacts\_common\underwater\imp_underwater_default.effect	non	3	1.25;1.25;2
base\fx\weapons\impacts\_common\underwater\imp_underwater_default.particle	non	3	1.25;1.25;2
base\fx\weapons\impacts\_elemental\chemical\imp_add_on_chemical.effect	non	3	2.4;2.4;4.4
base\fx\weapons\impacts\_elemental\chemical\imp_add_on_chemical.particle	non	2	2.4;2.4;4.4
base\fx\weapons\impacts\_elemental\chemical\imp_add_on_chemical_melee.effect	non	3	3;3;5
base\fx\weapons\impacts\_elemental\chemical\imp_add_on_chemical_melee.particle	non	2	3;3;5
base\fx\weapons\impacts\_elemental\chemical\imp_add_on_chemical_shotgun.effect	non	3	2.4;2.4;4.4
base\fx\weapons\impacts\_elemental\chemical\imp_add_on_chemical_shotgun.particle	non	2	2.4;2.4;4.4
base\fx\weapons\impacts\_elemental\electric\imp_add_on_electric.effect	non	3	25.6;25.6;50.6
base\fx\weapons\impacts\_elemental\electric\imp_add_on_electric.particle	non	1	25.6;25.6;50.6
base\fx\weapons\impacts\_elemental\electric\imp_add_on_electric_melee.effect	non	3	25.6;25.6;50.6
base\fx\weapons\impacts\_elemental\electric\imp_add_on_electric_melee.particle	non	1.2	25.6;25.6;50.6
base\fx\weapons\impacts\_elemental\electric\imp_add_on_electric_shotgun.effect	non	3	25.6;25.6;50.6
base\fx\weapons\impacts\_elemental\electric\imp_add_on_electric_shotgun.particle	non	1	25.6;25.6;50.6
base\fx\weapons\impacts\_elemental\thermal\imp_add_on_thermal.effect	non	3	25.6;25.6;50.6
base\fx\weapons\impacts\_elemental\thermal\imp_add_on_thermal.particle	non	1.2	25.6;25.6;50.6
base\fx\weapons\impacts\_elemental\thermal\imp_add_on_thermal_melee.effect	non	3	25.6;25.6;50.6
base\fx\weapons\impacts\_elemental\thermal\imp_add_on_thermal_melee.particle	non	1.2	25.6;25.6;50.6
base\fx\weapons\impacts\_elemental\thermal\imp_add_on_thermal_shotgun.effect	non	3	25.6;25.6;50.6
base\fx\weapons\impacts\_elemental\thermal\imp_add_on_thermal_shotgun.particle	non	1.2	25.6;25.6;50.6
base\fx\weapons\melee\chainsword\finisher\w_chainsword_finisher_01.effect	oui		6;6;10.5
base\fx\weapons\melee\chainsword\finisher\w_chainsword_finisher_01_android.effect	oui		6;6;10.5
base\fx\weapons\melee\chainsword\finisher\w_chainsword_finisher_blood_constant.particle	oui		6;6;10.5
base\fx\weapons\melee\chainsword\finisher\w_chainsword_finisher_blood_constant_cyberflesh.particle	oui		6;6;10.5
base\fx\weapons\melee\chainsword\finisher\w_chainsword_finisher_blood_constant_filler.particle	oui		1.1;1.1;1.85
base\fx\weapons\melee\chainsword\finisher\w_chainsword_finisher_blood_constant_filler_cyberflesh.particle	oui		1.1;1.1;1.85
base\fx\weapons\melee\chainsword\idle\w_chainsword_idle.effect	oui		1.01;1.01;1.62
base\fx\weapons\melee\chainsword\idle\w_chainsword_idle_blade_dirt.particle	oui		0.35;0.33;0.75
base\fx\weapons\melee\chainsword\idle\w_chainsword_idle_smoke_engine.particle	oui		0.64;0.64;0.78
base\fx\weapons\melee\chainsword\idle\w_chainsword_idle_smoke_main.particle	oui		1.01;1.01;1.62
base\fx\weapons\melee\chainsword\startup\w_chainsword_startup.effect	non	4.51	2.53;2.53;4.67
base\fx\weapons\melee\chainsword\startup\w_chainsword_start_blade_dirt.particle	oui		0.35;0.33;0.75
base\fx\weapons\melee\chainsword\startup\w_chainsword_start_smoke_engine.particle	non	0.6	0.71;0.71;0.92
base\fx\weapons\melee\chainsword\startup\w_chainsword_start_smoke_engine2.particle	non	0.6	0.71;0.71;0.92
base\fx\weapons\melee\chainsword\startup\w_chainsword_start_smoke_first_burst.particle	oui		1.01;1.01;1.62
base\fx\weapons\melee\chainsword\startup\w_chainsword_start_smoke_second_burst.particle	oui		2.53;2.53;4.67
base\fx\weapons\melee\chainsword\startup\w_chainsword_start_sparks_burst.particle	non	1	0.78;0.78;1.28
base\fx\weapons\melee\chainsword\startup\w_chainsword_start_sparks_burst1.particle	non	0.65	0.6;0.6;0.93
base\fx\weapons\melee\club_1h\baton_electric\block\w_baton_electric_block.effect	non	1	1;1;1.06
base\fx\weapons\melee\club_1h\baton_electric\finishers\baton_decal.effect	non	10.11	0;0;0
base\fx\weapons\melee\club_1h\baton_electric\finishers\baton_electric_energy_finisher_01.effect	non	1.65	25.6;25.6;50.6
base\fx\weapons\melee\club_1h\baton_electric\finishers\baton_electric_finisher_sparks.particle	non	1.2	25.6;25.6;50.6
base\fx\weapons\melee\club_1h\baton_electric\finishers\baton_electric_finisher_top.particle	oui		1;1;1.06
base\fx\weapons\melee\club_1h\baton_electric\hit\w_baton_electric_hit.effect	non	1	1;1;1.06
base\fx\weapons\melee\club_1h\baton_electric\hit\w_baton_electric_hit.particle	non	0.35	1;1;1.06
base\fx\weapons\melee\club_1h\baton_electric\hold\w_baton_grip1_electric_hold.effect	non	1	2;2;2
base\fx\weapons\melee\club_1h\baton_electric\hold\w_baton_grip1_electric_hold.particle	oui		2;2;2
base\fx\weapons\melee\club_1h\baton_electric\hold\w_baton_grip1_electric_hold_loop.effect	oui		2;2;2
base\fx\weapons\melee\club_1h\baton_electric\hold\w_baton_grip2_electric_hold.effect	non	1	2.58;2.53;2.55
base\fx\weapons\melee\club_1h\baton_electric\hold\w_baton_grip2_electric_hold.particle	oui		2.58;2.53;2.55
base\fx\weapons\melee\club_1h\baton_electric\hold\w_baton_grip2_electric_hold_loop.effect	oui		2.58;2.53;2.55
base\fx\weapons\melee\club_1h\baton_electric\hold\w_baton_grip3_electric_hold.effect	non	0.5	3.01;3.01;3.08
base\fx\weapons\melee\club_1h\baton_electric\hold\w_baton_grip3_electric_hold.particle	oui		3.01;3.01;3.08
base\fx\weapons\melee\club_1h\baton_electric\hold\w_baton_grip3_electric_hold_loop.effect	oui		3.01;3.01;3.08
base\fx\weapons\melee\club_1h\baton_electric\hold\w_cattle_prod_grip1_hold.effect	oui		1.5;1.5;1.5
base\fx\weapons\melee\club_1h\baton_electric\hold\w_cattle_prod_grip1_hold.particle	oui		1.5;1.5;1.5
base\fx\weapons\melee\club_1h\baton_electric\trail\w_baton_electric_trail.effect	oui		0.11;0.11;0.11
base\fx\weapons\melee\club_1h\baton_electric\trail\w_baton_electric_trail.particle	oui		0.11;0.11;0.11
base\fx\weapons\melee\club_1h\baton_electric\w_electric_baton_lightning_small.effect	non	1	0;0;0
base\fx\weapons\melee\club_1h\baton_electric\w_electric_baton_side_arcs.particle	oui		1;1;1
base\fx\weapons\melee\club_1h\baton_electric\w_electric_baton_top_arcs.particle	oui		1;1;1
base\fx\weapons\melee\club_1h\finishers\w_blade_long_1h_finishers02_back.effect	non	10.15	5.04;5.04;9.08
base\fx\weapons\melee\club_1h\finishers\w_blade_long_1h_finishers_back.effect	non	10.15	5.04;5.04;9.08
base\fx\weapons\melee\club_1h\finishers\w_blade_long_1h_finishers_hit_01.effect	non	4.05	6.7;6.7;12.4
base\fx\weapons\melee\club_1h\finishers\w_blade_long_1h_finishers_out.effect	non	2.27	6.7;6.7;12.4
base\fx\weapons\melee\club_1h\finishers\w_club_1h_finishers_hit_01.effect	non	2.27	6.7;6.7;12.4
base\fx\weapons\melee\club_1h\finishers\w_club_2h_finishers_hit_big.effect	non	4.05	6.7;6.7;12.4
base\fx\weapons\melee\club_1h\finishers\w_club_finishers02_hit_blood_back.particle	non	1.5	5.04;5.04;9.08
base\fx\weapons\melee\club_1h\finishers\w_club_finishers_hit_blood.particle	non	2	6.7;6.7;12.4
base\fx\weapons\melee\club_1h\finishers\w_club_finishers_hit_blood_back.particle	non	1.5	5.04;5.04;9.08
base\fx\weapons\melee\club_1h\finishers\w_club_finishers_hit_blood_big.particle	non	2.5	6.7;6.7;12.4
base\fx\weapons\melee\katanas\blocks\ktn_blocking_sparks.effect	non	0.47	2.73;2.73;5.18
base\fx\weapons\melee\katanas\blocks\ktn_blocking_sparks.particle	non	0.3	1.89;1.89;3.77
base\fx\weapons\melee\katanas\blocks\ktn_reflected_sparks.effect	non	0.74	3.27;3.27;6.54
base\fx\weapons\melee\katanas\blocks\ktn_reflected_sparks.particle	non	0.54	3.27;3.27;6.54
base\fx\weapons\melee\katanas\blocks\ktn_reflected_sparks_02.particle	non	0.15	1.51;1.51;3.01
base\fx\weapons\melee\katanas\finishers\blood_dripping_finishers.effect	non	2.72	0.65;0.65;1.02
base\fx\weapons\melee\katanas\finishers\blood_dripping_weapon_finisher.particle	oui		0.65;0.65;1.02
base\fx\weapons\melee\katanas\finishers\blood_katana_finisher_01.particle	non	10	10;10;19.01
base\fx\weapons\melee\katanas\finishers\blood_katana_finisher_02.particle	non	1.5	5.04;5.04;9.08
base\fx\weapons\melee\katanas\finishers\katana_finisher_01.effect	non	10.15	10;10;19.01
base\fx\weapons\melee\katanas\finishers\katana_finisher_02.effect	non	10.15	5.04;5.04;9.08
base\fx\weapons\melee\katanas\idles\w_katana_idle_chemical.effect	oui		0.62;0.64;1.82
base\fx\weapons\melee\katanas\idles\w_katana_idle_chemical.particle	oui		0.62;0.64;1.82
base\fx\weapons\melee\katanas\idles\w_katana_idle_electric.effect	oui		1.91;1.91;2.48
base\fx\weapons\melee\katanas\idles\w_katana_idle_electric.particle	oui		1.91;1.91;2.48
base\fx\weapons\melee\katanas\idles\w_katana_idle_thermal.effect	oui		1;1;1
base\fx\weapons\melee\katanas\idles\w_katana_idle_thermal.particle	oui		0.15;0.17;0.85
base\fx\weapons\melee\katanas\idles\w_katana_idle_thermal_sparks.particle	non	0.06	1;1;1
base\fx\weapons\melee\katanas\ktn_aberration.effect	oui		1.99;1.99;3.24
base\fx\weapons\melee\katanas\ktn_aberration.particle	oui		1.39;1.39;1.53
base\fx\weapons\melee\katanas\ktn_aberration_field.effect	non	1	0.3;0.3;0.3
base\fx\weapons\melee\katanas\ktn_aberration_field.particle	non	0.5	0.3;0.3;0.3
base\fx\weapons\melee\katanas\ktn_aberration_field_start.particle	non	1	0.3;0.3;0.3
base\fx\weapons\melee\katanas\ktn_blade_lightnings_deflections.particle	non		0;0;0
base\fx\weapons\melee\katanas\ktn_blade_sparks.particle	oui		1.99;1.99;3.24
base\fx\weapons\melee\katanas\ktn_block_heat_discharge.effect	oui		0.33;0.33;0.4
base\fx\weapons\melee\katanas\ktn_bullet_enter_sparks.effect	non	2	0.99;0.99;1.43
base\fx\weapons\melee\katanas\ktn_bullet_enter_sparks.particle	non	1.65	0.99;0.99;1.43
base\fx\weapons\melee\katanas\ktn_bullet_trail.effect	non	1	0.13;0.13;0.15
base\fx\weapons\melee\katanas\ktn_bullet_trail.particle	non	0.5	0.13;0.13;0.15
base\fx\weapons\melee\katanas\ktn_full_screen_aberration.particle	non	1800	26;26;51.04
base\fx\weapons\melee\katanas\ktn_glowing_blade.effect	oui		0;0;0
base\fx\weapons\melee\katanas\ktn_heat_discharge.particle	oui		0.33;0.33;0.4
base\fx\weapons\melee\katanas\ktn_lighting_bolt.particle	non		0;0;0
base\fx\weapons\melee\katanas\ktn_lightning_bolt.effect	non	1	0;0;0
base\fx\weapons\melee\katanas\ktn_magnetic_field.particle	oui		0.6;0.6;1.1
base\fx\weapons\melee\katanas\ktn_slash_character_flesh.effect	non	2	2.75;2.75;3.25
base\fx\weapons\melee\katanas\ktn_slash_character_flesh_splash.particle	non	1.2	1.77;1.77;2.65
base\fx\weapons\melee\katanas\ktn_slash_character_flesh_trail_blood.particle	oui		2.75;2.75;3.25
base\fx\weapons\melee\katanas\ktn_start_aberration.particle	non	10	5.5;5.5;6
base\fx\weapons\melee\katanas\trails\w_katana_chemical_swing_trail.effect	oui		0.91;0.91;1.73
base\fx\weapons\melee\katanas\trails\w_katana_chemical_swing_trail.particle	non	0.5	0.91;0.91;1.73
base\fx\weapons\melee\katanas\trails\w_katana_chemical_swing_trail_npc.effect	oui		0.91;0.91;1.73
base\fx\weapons\melee\katanas\trails\w_katana_chemical_swing_trail_npc.particle	non	0.4	0.91;0.91;1.73
base\fx\weapons\melee\katanas\trails\w_katana_electric_swing_trail.effect	oui		1;1;1
base\fx\weapons\melee\katanas\trails\w_katana_electric_swing_trail.particle	non	0.18	1;1;1
base\fx\weapons\melee\katanas\trails\w_katana_electric_swing_trail_npc.effect	oui		4;4.02;4.28
base\fx\weapons\melee\katanas\trails\w_katana_electric_swing_trail_npc.particle	oui		4;4.02;4.28
base\fx\weapons\melee\katanas\trails\w_katana_swing_trail.effect	oui		1;1;1
base\fx\weapons\melee\katanas\trails\w_katana_swing_trail.particle	non	0.18	1;1;1
base\fx\weapons\melee\katanas\trails\w_katana_swing_trail_npc.effect	oui		1;1;1
base\fx\weapons\melee\katanas\trails\w_katana_swing_trail_npc.particle	oui		1;1;1
base\fx\weapons\melee\katanas\trails\w_katana_thermal_swing_trail.effect	oui		4.66;4.68;5.87
base\fx\weapons\melee\katanas\trails\w_katana_thermal_swing_trail.particle	non	0.75	4.66;4.68;5.87
base\fx\weapons\melee\katanas\trails\w_katana_thermal_swing_trail_npc.effect	oui		1.81;1.83;3.02
base\fx\weapons\melee\katanas\trails\w_katana_thermal_swing_trail_npc.particle	oui		1.81;1.83;3.02
base\fx\weapons\melee\katanas\trails\w_katana_witcher_swing_trail.effect	non	0.42	1;1;1
base\fx\weapons\melee\katanas\trails\w_witcher_katana_swing_trail.particle	non	0.18	1;1;1
base\fx\weapons\melee\katanas\witcher_sword_runes_flesh.effect	non	0.42	0;0;0
base\fx\weapons\melee\katanas\w_katana_swing_trail.effect	oui		3;3;3
base\fx\weapons\melee\katanas\w_katana_swing_trail.particle	non	0.3	3;3;3
base\fx\weapons\melee\knives\combat\finishers\w_kinife_finishers_blood_constant.effect	non	3.38	2.94;2.94;5.38
base\fx\weapons\melee\knives\combat\finishers\w_kinife_finishers_blood_constant_02.effect	non	2.68	2.94;2.94;5.38
base\fx\weapons\melee\knives\combat\finishers\w_kinife_finishers_decal_small.effect	non	10.15	10;10;19.01
base\fx\weapons\melee\knives\combat\finishers\w_kinife_finishers_hit_big.effect	non	3.86	6.7;6.7;12.4
base\fx\weapons\melee\knives\combat\finishers\w_kinife_finishers_hit_small.effect	non	5	6.7;6.7;12.4
base\fx\weapons\melee\knives\combat\finishers\w_knife_finisher_blood_const.particle	non	1	2.94;2.94;5.38
base\fx\weapons\melee\knives\combat\trail\w_knife_combat_trail.effect	non	0.2	1;1;1
base\fx\weapons\melee\knives\combat\trail\w_knife_combat_trail.particle	non	0.01	1;1;1
base\fx\weapons\melee\knives\combat\trail\w_knife_combat_trail_short.effect	non	0.2	1;1;1
base\fx\weapons\melee\knives\combat\trail\w_knife_combat_trail_short.particle	non	0.01	1;1;1
base\fx\weapons\melee\knives\combat\w_knife_combat_block.effect	oui		1;1;1
base\fx\weapons\melee\knives\combat\w_knife_combat_block.particle	non	0.1	1;1;1
base\fx\weapons\melee\knives\combat\w_knife_combat_slash_blood.effect	non	1	0;0;0
base\fx\weapons\melee\knives\combat\w_knife_combat_slash_blood.particle	non	0.5	0.65;0.65;0.65
base\fx\weapons\melee\knives\combat\w_knife_combat_slash_sparks.effect	oui		2.47;2.47;3.33
base\fx\weapons\melee\knives\combat\w_knife_combat_slash_sparks.particle	non	1	2.47;2.47;3.33
base\fx\weapons\melee\knives\combat\w_knife_wall_dust.effect	oui		26.2;25.2;50.2
base\fx\weapons\melee\knives\combat\w_knife_wall_dust.particle	non	4	26.2;25.2;50.2
base\fx\weapons\melee\mantisblades\mantisblades_wall_dust.effect	non	30	0.26;0.26;0.51
base\fx\weapons\melee\mantisblades\mantisblades_wall_dust.particle	non	1	0.26;0.26;0.51
base\fx\weapons\melee\mantisblades\mtb_finishers.effect	non	15	4.63;4.63;9.16
base\fx\weapons\melee\mantisblades\mtb_finisher_splash_r.particle	non	1.2	4.63;4.63;9.16
base\fx\weapons\melee\mantisblades\mtb_slash_character_flesh.effect	non	2	2.75;2.75;3.25
base\fx\weapons\melee\mantisblades\mtb_slash_character_flesh_splash_l.particle	non	1.2	1.3;1.3;1.8
base\fx\weapons\melee\mantisblades\mtb_slash_character_flesh_splash_r.particle	non	1.2	1.3;1.3;1.8
base\fx\weapons\melee\shovel\shovel_trail.effect	non	0.4	3.5;3.52;3.78
base\fx\weapons\melee\shovel\shovel_trail.particle	non	0.55	3.5;3.52;3.78
base\fx\weapons\ricochet\richochet_beam.particle	non	0.66	0.03;0.03;0.03
base\fx\weapons\ricochet\richochet_bounce_no_snap.particle	oui		0.1;0.1;0.1
base\fx\weapons\ricochet\richochet_bounce_snap.particle	oui		0.1;0.1;0.1
base\fx\weapons\ricochet\richochet_no_snap.particle	non		0;0;0
base\fx\weapons\ricochet\richochet_start.particle	non		0;0;0
base\fx\weapons\ricochet\richochet_start_red.particle	non		0;0;0
base\fx\weapons\ricochet\ricochet.effect	oui		0.03;0.03;0.03
base\fx\weapons\ricochet\ricochet.particle	oui		0.03;0.03;0.03
base\fx\weapons\ricochet\ricochet_beam.effect	non	1	1.89;1.89;3.77
base\fx\weapons\ricochet\ricochet_bounce.effect	oui		0.1;0.1;0.1
base\fx\weapons\ricochet\ricochet_bounce_no_snap.effect	oui		0.1;0.1;0.1
base\fx\weapons\ricochet\ricochet_bounce_snap.effect	oui		0.03;0.03;0.03
base\fx\weapons\ricochet\ricochet_rebound.effect	oui		0.03;0.03;0.03
base\fx\weapons\ricochet\ricochet_rebound.particle	oui		0.03;0.03;0.03
base\fx\weapons\ricochet\ricochet_rebounding_hit.effect	non	1.25	1.89;1.89;3.77
base\fx\weapons\ricochet\ricochet_rebounding_hit.particle	non	0.3	1.89;1.89;3.77
base\fx\weapons\ricochet\ricochet_rebound_no_snap.effect	oui		0.03;0.03;0.03
base\fx\weapons\ricochet\ricochet_rebound_no_snap.particle	oui		0.03;0.03;0.03
base\fx\weapons\ricochet\ricochet_weapon.effect	oui		0.03;0.03;0.03
base\fx\weapons\ricochet\ricochet_weapon.particle	oui		0.03;0.03;0.03
base\fx\weapons\ricochet\ricochet_weapon_snap.effect	oui		0.03;0.03;0.03
base\fx\weapons\ricochet\ricochet_weapon_snap.particle	oui		0.03;0.03;0.03
base\fx\weapons\ricochet\w_ricochet_impact.effect	non	0.53	2.7;2.7;5.15
base\fx\weapons\ricochet\w_ricochet_impact.particle	non	0.2	2.7;2.7;5.15
base\fx\weapons\ricochet\w_ricochet_impact_shotgun.effect	non	0.53	2.73;2.73;5.18
base\fx\weapons\ricochet\w_ricochet_impact_shotgun.particle	non	0.2	2.73;2.73;5.18
base\fx\weapons\ricochet\w_ricochet_trail_pistol.effect	non	2	0.03;0.03;0.03
base\fx\weapons\ricochet\w_ricochet_trail_pistol.particle	non	1	0.03;0.03;0.03
base\fx\weapons\ricochet\w_ricochet_trail_shotgun.effect	non	2	0.03;0.03;0.03
base\fx\weapons\ricochet\w_ricochet_trail_shotgun.particle	non	1	0.03;0.03;0.03
base\fx\weapons\smart\_impacts\decals\s_impact_concrete_decal.effect	non	15	0;0;0
base\fx\weapons\smart\_impacts\decals\s_impact_default_decal.effect	non	15	0;0;0
base\fx\weapons\smart\_impacts\decals\s_impact_metal_decal.effect	non	15	0;0;0
base\fx\weapons\smart\_impacts\decals\s_impact_wood_decal.effect	non	15	0;0;0
base\fx\weapons\smart\_impacts\s_impact_add-on.particle	non	0.2	2.32;2.32;4.63
base\fx\weapons\smart\_impacts\s_impact_add-on_character.particle	non	0.4	5.05;5.05;10.08
base\fx\weapons\smart\_impacts\s_impact_character_flesh.effect	non	1	5.05;5.05;10.08
base\fx\weapons\smart\_impacts\s_impact_concrete.effect	non	15	2.32;2.32;4.63
base\fx\weapons\smart\_impacts\s_impact_default.effect	non	15	15.35;15.35;30.5
base\fx\weapons\smart\_impacts\s_impact_flesh.effect	non	1	2.32;2.32;4.63
base\fx\weapons\smart\_impacts\s_impact_meatbag.effect	non	1	2.32;2.32;4.63
base\fx\weapons\smart\_impacts\s_impact_metal.effect	non	15	5.05;5.05;10.08
base\fx\weapons\smart\_impacts\s_impact_wood.effect	non	15	2.32;2.32;4.63
base\fx\weapons\tech\rifles\corporate\charge_magnetic.particle	non		0;0;0
base\fx\weapons\tech\rifles\corporate\charge_ready.effect	oui		1.5;1.5;2
base\fx\weapons\tech\rifles\corporate\charge_ready.particle	non	4	3;3;5.04
base\fx\weapons\tech\rifles\corporate\charge_ready_02.particle	oui		1.5;1.5;2
base\fx\weapons\tech\rifles\corporate\charging_effect.effect	non	6	5.5;5.5;9
base\fx\weapons\tech\rifles\corporate\charging_tech.particle	oui		1.6;1.6;3.12
base\fx\weapons\tech\rifles\corporate\charging_tech_discharge.particle	non	0.5	0.35;0.35;0.62
base\fx\weapons\tech\rifles\corporate\hit_explosion.particle	non	0.6	1.6;1.6;2.2
base\fx\weapons\tech\rifles\corporate\techguns_impact_add.effect	non	2.41	4.65;4.65;9.15
base\fx\weapons\tech\rifles\corporate\techguns_impact_metal_percing.particle	non	9	4.65;4.65;9.15
base\fx\weapons\tech\rifles\corporate\techgun_impact_add.particle	non	2	2.22;2.22;4.23
base\fx\weapons\tech\rifles\corporate\techrifle_muzzle_add_charge.particle	non	0.2	0.2;0.2;0.3
base\fx\weapons\tech\rifles\corporate\techweapons_metal_add.particle	non	2	2.22;2.22;4.23
base\fx\weapons\tech\rifles\corporate\tech_muzzle.effect	non	1	0;0;0
base\fx\weapons\tech\rifles\corporate\tech_riffle_charging.particle	non	7	5.5;5.5;9
base\fx\weapons\tech\rifles\corporate\tech_riffle_discharge.effect	non	1.7	0.35;0.35;0.62
base\fx\weapons\tech\rifles\corporate\tech_riffle_move_energy.particle	non		0;0;0
base\fx\weapons\tech\rifles\corporate\tech_riffle_muzzle.effect	non	1.53	2.53;2.75;4.14
base\fx\weapons\tech\rifles\corporate\tech_riffle_muzzle_01.particle	non	1.44	2.53;2.75;4.14
base\fx\weapons\tech\rifles\corporate\tech_riffle_muzzle_glow_front.particle	non		0;0;0
base\fx\weapons\tech\rifles\corporate\tech_riffle_muzzle_tpp.effect	non	2.01	25.5;25.5;50.5
base\fx\weapons\tech\rifles\corporate\tech_riffle_muzzle_tpp.particle	non	1.3	25.5;25.5;50.5
base\fx\weapons\tech\rifles\corporate\tech_riffle_reload.effect	non	6.85	0.15;0.15;0.2
base\fx\weapons\tech\rifles\corporate\tech_riffle_reload.particle	oui		0.15;0.15;0.2
base\fx\weapons\tech\rifles\corporate\tech_riffle_shot_glow.particle	non		0;0;0
base\fx\weapons\tech\rifles\corporate\tech_sparks.particle	non		0;0;0
base\fx\weapons\tech\rifles\corporate\w_achilles_charging_tpp.effect	non	3.43	1.8;1.8;3.3
base\fx\weapons\tech\shotguns\street\charging_box.particle	oui		2.44;2.42;2.6
base\fx\weapons\tech\shotguns\street\charging_box_tpp.particle	oui		2.44;2.42;2.6
base\fx\weapons\tech\shotguns\street\charging_shotgun.particle	non		0;0;0
base\fx\weapons\tech\shotguns\street\charging_shotgun_glow.particle	non	1	1;1;1.01
base\fx\weapons\tech\shotguns\street\charging_shotgun_glow_muzzle.particle	non		0;0;0
base\fx\weapons\tech\shotguns\street\charging_shotgun_glow_tpp.particle	non	1	1;1;1.01
base\fx\weapons\tech\shotguns\street\glow_muzzle_02.particle	non		0;0;0
base\fx\weapons\tech\shotguns\street\shell_sparks.particle	non		0;0;0
base\fx\weapons\tech\shotguns\street\t_shtg_str_01_lvl1_charging.effect	non	4.02	3;3;5.04
base\fx\weapons\tech\shotguns\street\t_shtg_str_01_lvl1_charging.particle	oui		0.06;0.06;0.06
base\fx\weapons\tech\shotguns\street\t_shtg_str_01_lvl1_charging_2.particle	oui		0.21;0.2;0.37
base\fx\weapons\tech\shotguns\street\t_shtg_str_01_lvl1_charging_2_tpp.particle	oui		0.21;0.2;0.37
base\fx\weapons\tech\shotguns\street\t_shtg_str_01_lvl1_charging_tpp.effect	non	4.02	2.44;2.42;3.3
base\fx\weapons\tech\shotguns\street\t_shtg_str_01_lvl1_charging_tpp.particle	oui		0.06;0.06;0.06
base\fx\weapons\tech\shotguns\street\t_shtg_str_01_lvl1_muzzle.particle	non	1.3	9.92;9.92;19.82
base\fx\weapons\tech\shotguns\street\t_shtg_str_01_lvl1_muzzle_strong.particle	non	0.9	4.17;4.17;8.3
base\fx\weapons\tech\shotguns\street\t_shtg_str_01_lvl1_muzzle_strong_sparks.particle	non	0.5	8.39;8.39;16.78
base\fx\weapons\tech\shotguns\street\t_shtg_str_01_lvl1_muzzle_tpp.particle	non	4	25.5;25.5;50.5
base\fx\weapons\tech\shotguns\street\t_shtg_str_01_lvl1_muzzle_weak.particle	non	2	19.05;19.8;37.91
base\fx\weapons\tech\shotguns\street\t_shtg_str_01_lvl1_reload.effect	non	2	1.2;1.2;2.33
base\fx\weapons\tech\shotguns\street\t_shtg_str_01_lvl1_reload.particle	non	1	1.2;1.2;2.33
base\fx\weapons\tech\shotguns\street\t_shtg_str_charged.effect	oui		3;3;5.04
base\fx\weapons\tech\shotguns\street\t_shtg_str_charged_tpp.effect	oui		0.21;0.2;0.37
base\fx\weapons\tech\shotguns\street\t_shtg_str_discharge.effect	non	3.29	1;1;1.01
base\fx\weapons\tech\shotguns\street\t_shtg_str_discharge_tpp.effect	non	3.29	1;1;1.01
base\fx\weapons\tech\shotguns\street\t_shtg_str_lvl1_muzzle.effect	non	2	19.05;19.8;37.91
base\fx\weapons\tech\shotguns\street\t_shtg_str_lvl1_muzzle_tpp.effect	non	5	25.5;25.5;50.5
base\fx\weapons\tech\shotguns\_impacts\shotgun_impact_metal_percing.particle	non		0;0;0
base\fx\weapons\tech\shotguns\_impacts\s_impact_add-on.particle	non	1.7	11.57;11.57;22.95
base\fx\weapons\tech\shotguns\_impacts\s_impact_add-on_blood.particle	non	1	7.7;7.7;15.2
base\fx\weapons\tech\shotguns\_impacts\s_impact_character_flesh.effect	non	1.25	2.48;2.48;3.8
base\fx\weapons\tech\shotguns\_impacts\s_impact_concrete.effect	non	2.54	11.57;11.57;22.95
base\fx\weapons\tech\shotguns\_impacts\s_impact_default.effect	non	2.16	11.57;11.57;22.95
base\fx\weapons\tech\shotguns\_impacts\s_impact_flesh.effect	non	1.06	11.57;11.57;22.95
base\fx\weapons\tech\shotguns\_impacts\s_impact_meatbag.effect	non	1	11.57;11.57;22.95
base\fx\weapons\tech\shotguns\_impacts\s_impact_metal.effect	non	2.69	11.57;11.57;22.95
base\fx\weapons\tech\shotguns\_impacts\s_impact_wood.effect	non	2.62	11.57;11.57;22.95
base\fx\weapons\tech\_impacts\decals\t_imapct_blood_add.particle	non		0;0;0
base\fx\weapons\tech\_impacts\decals\t_impact_default_decal.effect	non	15.04	2.11;2.11;4.11
base\fx\weapons\tech\_impacts\decals\t_impact_metal_percing.particle	non	4	2.11;2.11;4.11
base\fx\weapons\tech\_impacts\decals\t_impact_wood_decal.effect	non	15.04	2.11;2.11;4.11
base\fx\weapons\tech\_impacts\piercing\t_impact_concrete_piercing.effect	non	2.91	25.44;25.44;50.44
base\fx\weapons\tech\_impacts\piercing\t_impact_metal_piercing.effect	non	8.83	25.44;25.44;50.44
base\fx\weapons\tech\_impacts\piercing\t_impact_percing.particle	non	1.4	25.44;25.44;50.44
base\fx\weapons\tech\_impacts\piercing\t_impact_plexiglass.effect	non	4.03	25.44;25.44;50.44
base\fx\weapons\tech\_impacts\piercing\t_impact_wood.effect	non	8.14	25.44;25.44;50.44
base\fx\weapons\tech\_impacts\piercing\t_plexiglass_decal.effect	non	9.96	0;0;0
base\fx\weapons\tech\_impacts\t_gen_01_lvl1_concrete.particle	oui		0.6;0.6;1.1
base\fx\weapons\tech\_impacts\t_impact_add-on.particle	non	1	25.44;25.44;50.44
base\fx\weapons\tech\_impacts\t_impact_add-on_01.particle	non	0.25	3.14;3.14;6.27
base\fx\weapons\tech\_impacts\t_impact_add-on_blood.particle	non	1.7	10.42;10.42;20.64
base\fx\weapons\tech\_impacts\t_impact_add-on_revolver.particle	non	2.5	25.44;25.44;50.44
base\fx\weapons\tech\_impacts\t_impact_character_flesh.effect	non	1.25	2.48;2.48;3.8
base\fx\weapons\tech\_impacts\t_impact_concrete.effect	non	2.84	25.44;25.44;50.44
base\fx\weapons\tech\_impacts\t_impact_default.effect	non	2.55	25.44;25.44;50.44
base\fx\weapons\tech\_impacts\t_impact_default_revolver.effect	non	3.51	5.02;5.02;9.95
base\fx\weapons\tech\_impacts\t_impact_flesh.effect	non	1.06	25.44;25.44;50.44
base\fx\weapons\tech\_impacts\t_impact_meatbag.effect	non	1	2.32;2.32;4.63
base\fx\weapons\tech\_impacts\t_impact_metal.effect	non	2.06	25.44;25.44;50.44
base\fx\weapons\tech\_impacts\t_impact_wood.effect	non	2.53	25.44;25.44;50.44
base\fx\weapons\tech\_impacts\t_imp_concrete.particle	non	0.8	5;5;9.7
base\fx\weapons\the_other_gun_muzzle.effect	oui		1.93;1.93;3.66
base\fx\weapons\the_other_gun_muzzle.particle	oui		1.93;1.93;3.66
base\fx\weapons\throwables\granades\basic\granade_simple_explosion.effect	non	4	33;33;33
base\fx\weapons\throwables\granades\basic\granade_trail_default.effect	oui		0.4;0.4;0.5
base\fx\weapons\throwables\granades\basic\grenade_area.effect	oui		26;26;51
base\fx\weapons\throwables\granades\basic\grenade_area.particle	non	12222	26;26;51
base\fx\weapons\throwables\granades\basic\grenade_trajectory.effect	oui		0.03;0.03;0.03
base\fx\weapons\throwables\granades\basic\grenade_trajectory_beam.particle	oui		0.03;0.03;0.03
base\fx\weapons\throwables\granades\basic\simple_explosion.particle	oui		33;33;33
base\fx\weapons\throwables\granades\basic\trail_default.particle	oui		0.4;0.4;0.5
base\fx\weapons\throwables\mono_disc\charge_force_default_02.particle	oui		0.22;0.22;0.32
base\fx\weapons\throwables\mono_disc\charge_force_trail02.particle	non	0.2	0.22;0.22;0.32
base\fx\weapons\throwables\mono_disc\charge_monodisc.effect	oui		0.6;0.6;1.1
base\fx\weapons\throwables\mono_disc\charge_monodisc_fx.particle	oui		0.6;0.6;1.1
base\fx\weapons\throwables\mono_disc\equip_monodisc.effect	oui		0.78;0.78;1.2
base\fx\weapons\throwables\mono_disc\force_default.particle	oui		0.21;0.21;0.31
base\fx\weapons\throwables\mono_disc\monodisc_quick_throw.particle	non	1	2.06;2.86;4.13
base\fx\weapons\throwables\mono_disc\monodisc_throw_effect.effect	non	1.15	2.06;2.86;4.13
base\fx\weapons\throwables\mono_disc\monodisc_trail_charge.particle	oui		1;1;1
base\fx\weapons\throwables\mono_disc\monodisc_trail_default.particle	oui		0.54;0.54;0.54
base\fx\weapons\throwables\mono_disc\mono_disc_trail.effect	oui		0.54;0.54;0.54
base\fx\weapons\throwables\mono_disc\mono_disc_trail_charge.effect	oui		1;1;1
base\fx\weapons\throwables\mono_disc\screwing_monodisc.effect	oui		0.78;0.78;1.2
base\fx\weapons\throwables\mono_disc\screwing_monodisc.particle	oui		0.55;0.55;0.9
base\fx\weapons\throwables\mono_disc\spinning_monodisc.particle	oui		0.78;0.78;1.2
base\fx\weapons\throwables\mono_disc\throw_charge_sparks.particle	non		0;0;0
base\fx\weapons\throwables\mono_disc\_impacts\monodisc_impact_character_flesh.effect	non	1	0.88;0.88;1.32
base\fx\weapons\throwables\mono_disc\_impacts\monodisc_impact_concrete.effect	non	15	2.32;2.32;4.44
base\fx\weapons\throwables\mono_disc\_impacts\monodisc_impact_concrete_sparks.particle	non	1	2.32;2.32;4.44
base\fx\weapons\throwables\mono_disc\_impacts\monodisc_impact_default.effect	non	15	2.32;2.32;4.44
base\fx\weapons\throwables\mono_disc\_impacts\monodisc_impact_default.particle	non	0.15	1.74;1.74;3.47
base\fx\weapons\throwables\mono_disc\_impacts\monodisc_impact_flesh.effect	non	1	0;0;0
base\fx\weapons\throwables\mono_disc\_impacts\monodisc_impact_flesh.particle	non	0.15	1.74;1.74;3.47
base\fx\weapons\throwables\mono_disc\_impacts\monodisc_impact_metal.effect	non	15	2.75;2.75;5.29
base\fx\weapons\throwables\mono_disc\_impacts\monodisc_impact_metal.particle	non	1.2	2.75;2.75;5.29
base\fx\weapons\throwables\mono_disc\_impacts\monodisc_impact_metal_emissive.particle	non		0;0;0
base\fx\weapons\throwables\mono_disc\_impacts\monodisc_impact_wood.effect	non	15	0;0;0
base\fx\weapons\throwables\mono_disc\_impacts\monodisc_meatbag.effect	non	1	0;0;0
base\fx\weapons\throwables\mono_disc\_impacts\monodisk_flash_enemy.particle	non	0.8	0.88;0.88;1.32
base\fx\weapons\trails\power\chemical\w_trail_chemical_power_hmg.effect	non	1.5	0.03;0.03;0.03
base\fx\weapons\trails\power\chemical\w_trail_chemical_power_hmg.particle	non	2	0.03;0.03;0.03
base\fx\weapons\trails\power\chemical\w_trail_chemical_power_hmg_carcombat.effect	non	1.5	0.03;0.03;0.03
base\fx\weapons\trails\power\chemical\w_trail_chemical_power_hmg_carcombat.particle	non	2	0.03;0.03;0.03
base\fx\weapons\trails\power\chemical\w_trail_chemical_power_hmg_npc.effect	non	1.5	0.03;0.03;0.03
base\fx\weapons\trails\power\chemical\w_trail_chemical_power_hmg_npc.particle	non	1.6	0.03;0.03;0.03
base\fx\weapons\trails\power\chemical\w_trail_chemical_power_hmg_npc_carcombat.effect	non	1.5	0.03;0.03;0.03
base\fx\weapons\trails\power\chemical\w_trail_chemical_power_hmg_npc_carcombat.particle	non	1.6	0.03;0.03;0.03
base\fx\weapons\trails\power\chemical\w_trail_chemical_power_pistol.effect	non	2	0.03;0.03;0.03
base\fx\weapons\trails\power\chemical\w_trail_chemical_power_pistol.particle	non	2	0.03;0.03;0.03
base\fx\weapons\trails\power\chemical\w_trail_chemical_power_pistol_carcombat.effect	non	2	0.03;0.03;0.03
base\fx\weapons\trails\power\chemical\w_trail_chemical_power_pistol_carcombat.particle	non	2	0.03;0.03;0.03
base\fx\weapons\trails\power\chemical\w_trail_chemical_power_pistol_npc.effect	non	2	0.03;0.03;0.03
base\fx\weapons\trails\power\chemical\w_trail_chemical_power_pistol_npc.particle	non	0.8	0.03;0.03;0.03
base\fx\weapons\trails\power\chemical\w_trail_chemical_power_pistol_npc_carcombat.effect	non	2	0.03;0.03;0.03
base\fx\weapons\trails\power\chemical\w_trail_chemical_power_pistol_npc_carcombat.particle	non	0.8	0.03;0.03;0.03
base\fx\weapons\trails\power\chemical\w_trail_chemical_power_rifle.effect	non	2	0.03;0.03;0.03
base\fx\weapons\trails\power\chemical\w_trail_chemical_power_rifle.particle	non	2	0.03;0.03;0.03
base\fx\weapons\trails\power\chemical\w_trail_chemical_power_rifle_carcombat.effect	non	2	0.03;0.03;0.03
base\fx\weapons\trails\power\chemical\w_trail_chemical_power_rifle_carcombat.particle	non	2	0.03;0.03;0.03
base\fx\weapons\trails\power\chemical\w_trail_chemical_power_shotgun.effect	non	3	0.03;0.03;0.03
base\fx\weapons\trails\power\chemical\w_trail_chemical_power_shotgun.particle	non	3	0.03;0.03;0.03
base\fx\weapons\trails\power\chemical\w_trail_chemical_power_shotgun_carcombat.effect	non	3	0.03;0.03;0.03
base\fx\weapons\trails\power\chemical\w_trail_chemical_power_shotgun_carcombat.particle	non	3	0.03;0.03;0.03
base\fx\weapons\trails\power\chemical\w_trail_chemical_power_shotgun_npc.effect	non	2	0.03;0.03;0.03
base\fx\weapons\trails\power\chemical\w_trail_chemical_power_shotgun_npc.particle	non	0.5	0.03;0.03;0.03
base\fx\weapons\trails\power\chemical\w_trail_chemical_power_shotgun_npc_carcombat.effect	non	2	0.03;0.03;0.03
base\fx\weapons\trails\power\chemical\w_trail_chemical_power_shotgun_npc_carcombat.particle	non	0.5	0.03;0.03;0.03
base\fx\weapons\trails\power\electric\w_trail_electric_power_hmg.effect	non	1.5	0.03;0.03;0.03
base\fx\weapons\trails\power\electric\w_trail_electric_power_hmg.particle	non	2	0.03;0.03;0.03
base\fx\weapons\trails\power\electric\w_trail_electric_power_hmg_carcombat.effect	non	1.5	0.03;0.03;0.03
base\fx\weapons\trails\power\electric\w_trail_electric_power_hmg_carcombat.particle	non	2	0.03;0.03;0.03
base\fx\weapons\trails\power\electric\w_trail_electric_power_hmg_npc.effect	non	1.5	0.03;0.03;0.03
base\fx\weapons\trails\power\electric\w_trail_electric_power_hmg_npc.particle	non	1.6	0.03;0.03;0.03
base\fx\weapons\trails\power\electric\w_trail_electric_power_hmg_npc_carcombat.effect	non	1.5	0.03;0.03;0.03
base\fx\weapons\trails\power\electric\w_trail_electric_power_hmg_npc_carcombat.particle	non	1.6	0.03;0.03;0.03
base\fx\weapons\trails\power\electric\w_trail_electric_power_pistol.effect	non	2	0.03;0.03;0.03
base\fx\weapons\trails\power\electric\w_trail_electric_power_pistol.particle	non	2	0.03;0.03;0.03
base\fx\weapons\trails\power\electric\w_trail_electric_power_pistol_carcombat.effect	non	2	0.03;0.03;0.03
base\fx\weapons\trails\power\electric\w_trail_electric_power_pistol_carcombat.particle	non	2	0.03;0.03;0.03
base\fx\weapons\trails\power\electric\w_trail_electric_power_pistol_npc.effect	non	2	0.03;0.03;0.03
base\fx\weapons\trails\power\electric\w_trail_electric_power_pistol_npc.particle	non	0.8	0.03;0.03;0.03
base\fx\weapons\trails\power\electric\w_trail_electric_power_pistol_npc_carcombat.effect	non	2	0.03;0.03;0.03
base\fx\weapons\trails\power\electric\w_trail_electric_power_pistol_npc_carcombat.particle	non	0.8	0.03;0.03;0.03
base\fx\weapons\trails\power\electric\w_trail_electric_power_rifle.effect	non	2	0.03;0.03;0.03
base\fx\weapons\trails\power\electric\w_trail_electric_power_rifle.particle	non	2	0.03;0.03;0.03
base\fx\weapons\trails\power\electric\w_trail_electric_power_rifle_carcombat.effect	non	2	0.03;0.03;0.03
base\fx\weapons\trails\power\electric\w_trail_electric_power_rifle_carcombat.particle	non	2	0.03;0.03;0.03
base\fx\weapons\trails\power\electric\w_trail_electric_power_shotgun.effect	non	3	0.03;0.03;0.03
base\fx\weapons\trails\power\electric\w_trail_electric_power_shotgun.particle	non	3	0.03;0.03;0.03
base\fx\weapons\trails\power\electric\w_trail_electric_power_shotgun_carcombat.effect	non	3	0.03;0.03;0.03
base\fx\weapons\trails\power\electric\w_trail_electric_power_shotgun_carcombat.particle	non	3	0.03;0.03;0.03
base\fx\weapons\trails\power\electric\w_trail_electric_power_shotgun_npc.effect	non	2	0.03;0.03;0.03
base\fx\weapons\trails\power\electric\w_trail_electric_power_shotgun_npc.particle	non	2	0.03;0.03;0.03
base\fx\weapons\trails\power\electric\w_trail_electric_power_shotgun_npc_carcombat.effect	non	2	0.03;0.03;0.03
base\fx\weapons\trails\power\electric\w_trail_electric_power_shotgun_npc_carcombat.particle	non	2	0.03;0.03;0.03
base\fx\weapons\trails\power\thermal\w_trail_thermal_power_hmg.effect	non	1.5	0.03;0.03;0.03
base\fx\weapons\trails\power\thermal\w_trail_thermal_power_hmg.particle	non	2	0.03;0.03;0.03
base\fx\weapons\trails\power\thermal\w_trail_thermal_power_hmg_carcombat.effect	non	1.5	0.03;0.03;0.03
base\fx\weapons\trails\power\thermal\w_trail_thermal_power_hmg_carcombat.particle	non	2	0.03;0.03;0.03
base\fx\weapons\trails\power\thermal\w_trail_thermal_power_hmg_npc.effect	non	1.5	0.03;0.03;0.03
base\fx\weapons\trails\power\thermal\w_trail_thermal_power_hmg_npc.particle	non	1.6	0.03;0.03;0.03
base\fx\weapons\trails\power\thermal\w_trail_thermal_power_hmg_npc_carcombat.effect	non	1.5	0.03;0.03;0.03
base\fx\weapons\trails\power\thermal\w_trail_thermal_power_hmg_npc_carcombat.particle	non	1.6	0.03;0.03;0.03
base\fx\weapons\trails\power\thermal\w_trail_thermal_power_pistol.effect	non	2	0.03;0.03;0.03
base\fx\weapons\trails\power\thermal\w_trail_thermal_power_pistol.particle	non	2	0.03;0.03;0.03
base\fx\weapons\trails\power\thermal\w_trail_thermal_power_pistol_carcombat.effect	non	2	0.03;0.03;0.03
base\fx\weapons\trails\power\thermal\w_trail_thermal_power_pistol_carcombat.particle	non	2	0.03;0.03;0.03
base\fx\weapons\trails\power\thermal\w_trail_thermal_power_pistol_npc.effect	non	2	0.03;0.03;0.03
base\fx\weapons\trails\power\thermal\w_trail_thermal_power_pistol_npc.particle	non	0.8	0.03;0.03;0.03
base\fx\weapons\trails\power\thermal\w_trail_thermal_power_pistol_npc_carcombat.effect	non	2	0.03;0.03;0.03
base\fx\weapons\trails\power\thermal\w_trail_thermal_power_pistol_npc_carcombat.particle	non	0.8	0.03;0.03;0.03
base\fx\weapons\trails\power\thermal\w_trail_thermal_power_rifle.effect	non	2	0.03;0.03;0.03
base\fx\weapons\trails\power\thermal\w_trail_thermal_power_rifle.particle	non	2	0.03;0.03;0.03
base\fx\weapons\trails\power\thermal\w_trail_thermal_power_rifle_carcombat.effect	non	2	0.03;0.03;0.03
base\fx\weapons\trails\power\thermal\w_trail_thermal_power_rifle_carcombat.particle	non	2	0.03;0.03;0.03
base\fx\weapons\trails\power\thermal\w_trail_thermal_power_shotgun.effect	non	3	0.03;0.03;0.03
base\fx\weapons\trails\power\thermal\w_trail_thermal_power_shotgun.particle	non	3	0.03;0.03;0.03
base\fx\weapons\trails\power\thermal\w_trail_thermal_power_shotgun_carcombat.effect	non	3	0.03;0.03;0.03
base\fx\weapons\trails\power\thermal\w_trail_thermal_power_shotgun_carcombat.particle	non	3	0.03;0.03;0.03
base\fx\weapons\trails\power\thermal\w_trail_thermal_power_shotgun_npc.effect	non	2	0.03;0.03;0.03
base\fx\weapons\trails\power\thermal\w_trail_thermal_power_shotgun_npc.particle	non	2	0.03;0.03;0.03
base\fx\weapons\trails\power\thermal\w_trail_thermal_power_shotgun_npc_carcombat.effect	non	2	0.03;0.03;0.03
base\fx\weapons\trails\power\w_trail_power_hmg.effect	non	1.5	0.03;0.03;0.03
base\fx\weapons\trails\power\w_trail_power_hmg.particle	non	2	0.03;0.03;0.03
base\fx\weapons\trails\power\w_trail_power_hmg_carcombat.effect	non	1.5	0.03;0.03;0.03
base\fx\weapons\trails\power\w_trail_power_hmg_carcombat.particle	non	2	0.03;0.03;0.03
base\fx\weapons\trails\power\w_trail_power_hmg_npc.effect	non	1.5	0.03;0.03;0.03
base\fx\weapons\trails\power\w_trail_power_hmg_npc.particle	non	1.6	0.03;0.03;0.03
base\fx\weapons\trails\power\w_trail_power_hmg_npc_carcombat.effect	non	1.5	0.03;0.03;0.03
base\fx\weapons\trails\power\w_trail_power_hmg_npc_carcombat.particle	non	1.6	0.03;0.03;0.03
base\fx\weapons\trails\power\w_trail_power_new_hmg.effect	oui		1.02;1.02;1.02
base\fx\weapons\trails\power\w_trail_power_new_hmg.particle	non	0.75	1.02;1.02;1.02
base\fx\weapons\trails\power\w_trail_power_new_hmg_carcombat.effect	oui		1.02;1.02;1.02
base\fx\weapons\trails\power\w_trail_power_new_hmg_carcombat.particle	non	0.75	1.02;1.02;1.02
base\fx\weapons\trails\power\w_trail_power_pistol.effect	non	2	0.03;0.03;0.03
base\fx\weapons\trails\power\w_trail_power_pistol.particle	non	2	0.03;0.03;0.03
base\fx\weapons\trails\power\w_trail_power_pistol_carcombat.effect	non	2	0.03;0.03;0.03
base\fx\weapons\trails\power\w_trail_power_pistol_carcombat.particle	non	2	0.03;0.03;0.03
base\fx\weapons\trails\power\w_trail_power_pistol_npc.effect	non	2	0.03;0.03;0.03
base\fx\weapons\trails\power\w_trail_power_pistol_npc.particle	non	1.15	0.03;0.03;0.03
base\fx\weapons\trails\power\w_trail_power_pistol_npc_carcombat.effect	non	2	0.03;0.03;0.03
base\fx\weapons\trails\power\w_trail_power_pistol_npc_carcombat.particle	non	1.15	0.03;0.03;0.03
base\fx\weapons\trails\power\w_trail_power_rifle_assault.effect	non	2	0.03;0.03;0.03
base\fx\weapons\trails\power\w_trail_power_rifle_assault.particle	non	2	0.03;0.03;0.03
base\fx\weapons\trails\power\w_trail_power_rifle_assault_carcombat.effect	non	2	0.03;0.03;0.03
base\fx\weapons\trails\power\w_trail_power_rifle_assault_carcombat.particle	non	2	0.03;0.03;0.03
base\fx\weapons\trails\power\w_trail_power_rifle_assault_npc.effect	non	2	0.03;0.03;0.03
base\fx\weapons\trails\power\w_trail_power_rifle_assault_npc.particle	non	1.15	0.03;0.03;0.03
base\fx\weapons\trails\power\w_trail_power_rifle_assault_npc_carcombat.effect	non	2	0.03;0.03;0.03
base\fx\weapons\trails\power\w_trail_power_rifle_assault_npc_carcombat.particle	non	1.15	0.03;0.03;0.03
base\fx\weapons\trails\power\w_trail_power_shotgun.effect	non	3	0.03;0.03;0.03
base\fx\weapons\trails\power\w_trail_power_shotgun.particle	non	3	0.03;0.03;0.03
base\fx\weapons\trails\power\w_trail_power_shotgun_carcombat.effect	non	3	0.03;0.03;0.03
base\fx\weapons\trails\power\w_trail_power_shotgun_carcombat.particle	non	3	0.03;0.03;0.03
base\fx\weapons\trails\power\w_trail_power_shotgun_npc.effect	non	2	0.03;0.03;0.03
base\fx\weapons\trails\power\w_trail_power_shotgun_npc.particle	non	1.15	0.03;0.03;0.03
base\fx\weapons\trails\power\w_trail_power_shotgun_npc_carcombat.effect	non	2	0.03;0.03;0.03
base\fx\weapons\trails\power\w_trail_power_shotgun_npc_carcombat.particle	non	1.15	0.03;0.03;0.03
base\fx\weapons\trails\smart\electrc_thermal_chemical\w_smart_chemical_trail.effect	oui		3.2;3.2;5.4
base\fx\weapons\trails\smart\electrc_thermal_chemical\w_smart_chemical_trail.particle	non	2.2	3.2;3.2;5.4
base\fx\weapons\trails\smart\electrc_thermal_chemical\w_smart_chemical_trail_carcombat.effect	oui		3.2;3.2;5.4
base\fx\weapons\trails\smart\electrc_thermal_chemical\w_smart_chemical_trail_carcombat.particle	non	2.2	3.2;3.2;5.4
base\fx\weapons\trails\smart\electrc_thermal_chemical\w_smart_electric_trail.effect	oui		3.2;3.2;5.4
base\fx\weapons\trails\smart\electrc_thermal_chemical\w_smart_electric_trail.particle	non	2.2	3.2;3.2;5.4
base\fx\weapons\trails\smart\electrc_thermal_chemical\w_smart_electric_trail_carcombat.effect	oui		3.2;3.2;5.4
base\fx\weapons\trails\smart\electrc_thermal_chemical\w_smart_electric_trail_carcombat.particle	non	2.2	3.2;3.2;5.4
base\fx\weapons\trails\smart\electrc_thermal_chemical\w_smart_thermal_trail.effect	oui		3.2;3.2;5.4
base\fx\weapons\trails\smart\electrc_thermal_chemical\w_smart_thermal_trail.particle	non	2.2	3.2;3.2;5.4
base\fx\weapons\trails\smart\electrc_thermal_chemical\w_smart_thermal_trail_carcombat.effect	oui		3.2;3.2;5.4
base\fx\weapons\trails\smart\electrc_thermal_chemical\w_smart_thermal_trail_carcombat.particle	non	2.2	3.2;3.2;5.4
base\fx\weapons\trails\smart\w_trail_rocket_luncher.effect	oui		1;1;1
base\fx\weapons\trails\smart\w_trail_rocket_luncher.particle	oui		1;1;1
base\fx\weapons\trails\smart\w_trail_rocket_luncher_carcombat.effect	oui		1;1;1
base\fx\weapons\trails\smart\w_trail_rocket_luncher_carcombat.particle	oui		1.1;1.1;1.1
base\fx\weapons\trails\smart\w_trail_smart_rifle.effect	oui		1.01;1.01;1.02
base\fx\weapons\trails\smart\w_trail_smart_rifle_carcombat.effect	oui		1.01;1.01;1.02
base\fx\weapons\trails\smart\w_trail_smart_rifle_high_class.effect	oui		1;1;1
base\fx\weapons\trails\smart\w_trail_smart_rifle_high_class.particle	oui		1;1;1
base\fx\weapons\trails\smart\w_trail_smart_rifle_high_class_carcombat.effect	oui		1;1;1
base\fx\weapons\trails\smart\w_trail_smart_rifle_high_class_carcombat.particle	oui		1;1;1
base\fx\weapons\trails\smart\w_trail_smart_rifle_high_low_class.effect	oui		1.02;1.02;1.02
base\fx\weapons\trails\smart\w_trail_smart_rifle_high_low_class_carcombat.effect	oui		1.02;1.02;1.02
base\fx\weapons\trails\smart\w_trail_smart_rifle_light.particle	oui		1.05;1.05;1.1
base\fx\weapons\trails\smart\w_trail_smart_rifle_light_carcombat.particle	oui		1.05;1.05;1.1
base\fx\weapons\trails\smart\w_trail_smart_rifle_low_class.particle	non	2.2	1.02;1.02;1.02
base\fx\weapons\trails\smart\w_trail_smart_rifle_low_class_carcombat.particle	non	2.2	1.02;1.02;1.02
base\fx\weapons\trails\smart\w_trail_smart_rifle_sand.effect	oui		0;0;0
base\fx\weapons\trails\smart\w_trail_smart_rifle_sand.particle	non	1.7	1.01;1.01;1.02
base\fx\weapons\trails\smart\w_trail_smart_rifle_sand_carcombat.effect	oui		0;0;0
base\fx\weapons\trails\smart\w_trail_smart_rifle_sand_carcombat.particle	non	1.7	1.01;1.01;1.02
base\fx\weapons\trails\tech\electric_thermal_chemical\shotgun\w_tech_shotgun_trail_chemical.effect	non	2.73	0.1;0.1;0.1
base\fx\weapons\trails\tech\electric_thermal_chemical\shotgun\w_tech_shotgun_trail_chemical.particle	non	1.4	0.1;0.1;0.1
base\fx\weapons\trails\tech\electric_thermal_chemical\shotgun\w_tech_shotgun_trail_chemical_carcombat.effect	non	2.73	0.1;0.1;0.1
base\fx\weapons\trails\tech\electric_thermal_chemical\shotgun\w_tech_shotgun_trail_chemical_carcombat.particle	non	1.4	0.1;0.1;0.1
base\fx\weapons\trails\tech\electric_thermal_chemical\shotgun\w_tech_shotgun_trail_electric.effect	non	2.73	0.1;0.1;0.1
base\fx\weapons\trails\tech\electric_thermal_chemical\shotgun\w_tech_shotgun_trail_electric.particle	non	1.4	0.1;0.1;0.1
base\fx\weapons\trails\tech\electric_thermal_chemical\shotgun\w_tech_shotgun_trail_electric_carcombat.effect	non	2.73	0.1;0.1;0.1
base\fx\weapons\trails\tech\electric_thermal_chemical\shotgun\w_tech_shotgun_trail_electric_carcombat.particle	non	1.4	0.1;0.1;0.1
base\fx\weapons\trails\tech\electric_thermal_chemical\shotgun\w_tech_shotgun_trail_thermal.effect	non	2.73	0.1;0.1;0.1
base\fx\weapons\trails\tech\electric_thermal_chemical\shotgun\w_tech_shotgun_trail_thermal.particle	non	1.4	0.1;0.1;0.1
base\fx\weapons\trails\tech\electric_thermal_chemical\shotgun\w_tech_shotgun_trail_thermal_carcombat.effect	non	2.73	0.1;0.1;0.1
base\fx\weapons\trails\tech\electric_thermal_chemical\shotgun\w_tech_shotgun_trail_thermal_carcombat.particle	non	1.4	0.1;0.1;0.1
base\fx\weapons\trails\tech\electric_thermal_chemical\sniper\w_tech_sniper_trail_chemical.effect	non	3.49	1;1;1
base\fx\weapons\trails\tech\electric_thermal_chemical\sniper\w_tech_sniper_trail_chemical.particle	non	2.8	1;1;1
base\fx\weapons\trails\tech\electric_thermal_chemical\sniper\w_tech_sniper_trail_chemical_carcombat.effect	non	3.49	1;1;1
base\fx\weapons\trails\tech\electric_thermal_chemical\sniper\w_tech_sniper_trail_chemical_carcombat.particle	non	2.8	1;1;1
base\fx\weapons\trails\tech\electric_thermal_chemical\sniper\w_tech_sniper_trail_electric.effect	non	3.49	1;1;1
base\fx\weapons\trails\tech\electric_thermal_chemical\sniper\w_tech_sniper_trail_electric.particle	non	2.8	1;1;1
base\fx\weapons\trails\tech\electric_thermal_chemical\sniper\w_tech_sniper_trail_electric_carcombat.effect	non	3.49	1;1;1
base\fx\weapons\trails\tech\electric_thermal_chemical\sniper\w_tech_sniper_trail_electric_carcombat.particle	non	2.8	1;1;1
base\fx\weapons\trails\tech\electric_thermal_chemical\sniper\w_tech_sniper_trail_thermal.effect	non	3.49	1;1;1
base\fx\weapons\trails\tech\electric_thermal_chemical\sniper\w_tech_sniper_trail_thermal.particle	non	2.8	1;1;1
base\fx\weapons\trails\tech\electric_thermal_chemical\sniper\w_tech_sniper_trail_thermal_carcombat.effect	non	3.49	1;1;1
base\fx\weapons\trails\tech\electric_thermal_chemical\sniper\w_tech_sniper_trail_thermal_carcombat.particle	non	2.8	1;1;1
base\fx\weapons\trails\tech\electric_thermal_chemical\w_tech_npc_riffle_trail_chemical.particle	non	2.5	0.1;0.1;0.1
base\fx\weapons\trails\tech\electric_thermal_chemical\w_tech_npc_riffle_trail_chemical_carcombat.particle	non	2.5	0.1;0.1;0.1
base\fx\weapons\trails\tech\electric_thermal_chemical\w_tech_npc_riffle_trail_electric.particle	non	2.5	0.1;0.1;0.1
base\fx\weapons\trails\tech\electric_thermal_chemical\w_tech_npc_riffle_trail_electric_carcombat.particle	non	2.5	0.1;0.1;0.1
base\fx\weapons\trails\tech\electric_thermal_chemical\w_tech_npc_riffle_trail_thermal.particle	non	2.5	0.1;0.1;0.1
base\fx\weapons\trails\tech\electric_thermal_chemical\w_tech_npc_riffle_trail_thermal_carcombat.particle	non	2.5	0.1;0.1;0.1
base\fx\weapons\trails\tech\electric_thermal_chemical\w_tech_revolver_trail_chemical.effect	non	5.09	1;1;1
base\fx\weapons\trails\tech\electric_thermal_chemical\w_tech_revolver_trail_chemical.particle	non	3.5	1;1;1
base\fx\weapons\trails\tech\electric_thermal_chemical\w_tech_revolver_trail_chemical_carcombat.effect	non	5.09	1;1;1
base\fx\weapons\trails\tech\electric_thermal_chemical\w_tech_revolver_trail_chemical_carcombat.particle	non	3.5	1;1;1
base\fx\weapons\trails\tech\electric_thermal_chemical\w_tech_revolver_trail_electric.effect	non	5.09	1;1;1
base\fx\weapons\trails\tech\electric_thermal_chemical\w_tech_revolver_trail_electric.particle	non	3.5	1;1;1
base\fx\weapons\trails\tech\electric_thermal_chemical\w_tech_revolver_trail_electric_carcombat.effect	non	5.09	1;1;1
base\fx\weapons\trails\tech\electric_thermal_chemical\w_tech_revolver_trail_electric_carcombat.particle	non	3.5	1;1;1
base\fx\weapons\trails\tech\electric_thermal_chemical\w_tech_revolver_trail_thermal.effect	non	5.09	1;1;1
base\fx\weapons\trails\tech\electric_thermal_chemical\w_tech_revolver_trail_thermal.particle	non	3.5	1;1;1
base\fx\weapons\trails\tech\electric_thermal_chemical\w_tech_revolver_trail_thermal_carcombat.effect	non	5.09	1;1;1
base\fx\weapons\trails\tech\electric_thermal_chemical\w_tech_revolver_trail_thermal_carcombat.particle	non	3.5	1;1;1
base\fx\weapons\trails\tech\electric_thermal_chemical\w_tech_riffle_trail_chemical.effect	non	3.58	0.1;0.1;0.1
base\fx\weapons\trails\tech\electric_thermal_chemical\w_tech_riffle_trail_chemical.particle	non	3	0.1;0.1;0.1
base\fx\weapons\trails\tech\electric_thermal_chemical\w_tech_riffle_trail_chemical_carcombat.effect	non	3.58	0.1;0.1;0.1
base\fx\weapons\trails\tech\electric_thermal_chemical\w_tech_riffle_trail_chemical_carcombat.particle	non	3	0.1;0.1;0.1
base\fx\weapons\trails\tech\electric_thermal_chemical\w_tech_riffle_trail_electric.effect	non	3.58	0.1;0.1;0.1
base\fx\weapons\trails\tech\electric_thermal_chemical\w_tech_riffle_trail_electric.particle	non	3	0.1;0.1;0.1
base\fx\weapons\trails\tech\electric_thermal_chemical\w_tech_riffle_trail_electric_carcombat.effect	non	3.58	0.1;0.1;0.1
base\fx\weapons\trails\tech\electric_thermal_chemical\w_tech_riffle_trail_electric_carcombat.particle	non	3	0.1;0.1;0.1
base\fx\weapons\trails\tech\electric_thermal_chemical\w_tech_riffle_trail_thermal.effect	non	3.58	0.1;0.1;0.1
base\fx\weapons\trails\tech\electric_thermal_chemical\w_tech_riffle_trail_thermal.particle	non	3	0.1;0.1;0.1
base\fx\weapons\trails\tech\electric_thermal_chemical\w_tech_riffle_trail_thermal_carcombat.effect	non	3.58	0.1;0.1;0.1
base\fx\weapons\trails\tech\electric_thermal_chemical\w_tech_riffle_trail_thermal_carcombat.particle	non	3	0.1;0.1;0.1
base\fx\weapons\trails\tech\electric_thermal_chemical\w_tech_shotgun_trail_chemical.effect	non	2.73	0.1;0.1;0.1
base\fx\weapons\trails\tech\electric_thermal_chemical\w_tech_shotgun_trail_chemical_carcombat.effect	non	2.73	0.1;0.1;0.1
base\fx\weapons\trails\tech\electric_thermal_chemical\w_tech_sniper_trail_chemical.effect	non	3.49	1;1;1
base\fx\weapons\trails\tech\electric_thermal_chemical\w_tech_sniper_trail_chemical_carcombat.effect	non	3.49	1;1;1
base\fx\weapons\trails\tech\electric_thermal_chemical\w_tech_trail_npc_chemical.effect	non	3.05	0.1;0.1;0.1
base\fx\weapons\trails\tech\electric_thermal_chemical\w_tech_trail_npc_chemical_carcombat.effect	non	3.05	0.1;0.1;0.1
base\fx\weapons\trails\tech\electric_thermal_chemical\w_tech_trail_npc_electricity.effect	non	3.05	0.1;0.1;0.1
base\fx\weapons\trails\tech\electric_thermal_chemical\w_tech_trail_npc_electricity_carcombat.effect	non	3.05	0.1;0.1;0.1
base\fx\weapons\trails\tech\electric_thermal_chemical\w_tech_trail_npc_thermal.effect	non	3.05	0.1;0.1;0.1
base\fx\weapons\trails\tech\electric_thermal_chemical\w_tech_trail_npc_thermal_carcombat.effect	non	3.05	0.1;0.1;0.1
base\fx\weapons\trails\tech\w_trail_shotgun_smasher.particle	non	0.7	1;1;1
base\fx\weapons\trails\tech\w_trail_shotgun_smasher_carcombat.particle	non	0.7	1;1;1
base\fx\weapons\trails\tech\w_trail_tech_npc.effect	non	3.05	0.1;0.1;0.1
base\fx\weapons\trails\tech\w_trail_tech_npc.particle	non	2.5	0.1;0.1;0.1
base\fx\weapons\trails\tech\w_trail_tech_npc_carcombat.effect	non	3.05	0.1;0.1;0.1
base\fx\weapons\trails\tech\w_trail_tech_npc_carcombat.particle	non	2.5	0.1;0.1;0.1
base\fx\weapons\trails\tech\w_trail_tech_revolver.effect	non	5.09	1;1;1
base\fx\weapons\trails\tech\w_trail_tech_revolver.particle	non	3.5	1;1;1
base\fx\weapons\trails\tech\w_trail_tech_revolver_carcombat.effect	non	5.09	1;1;1
base\fx\weapons\trails\tech\w_trail_tech_revolver_carcombat.particle	non	3.5	1;1;1
base\fx\weapons\trails\tech\w_trail_tech_rifle.effect	non	3.58	0.1;0.1;0.1
base\fx\weapons\trails\tech\w_trail_tech_rifle.particle	non	3	0.1;0.1;0.1
base\fx\weapons\trails\tech\w_trail_tech_rifle_carcombat.effect	non	3.58	0.1;0.1;0.1
base\fx\weapons\trails\tech\w_trail_tech_rifle_carcombat.particle	non	3	0.1;0.1;0.1
base\fx\weapons\trails\tech\w_trail_tech_rifle_charging.particle	non		0;0;0
base\fx\weapons\trails\tech\w_trail_tech_rifle_charging_carcombat.particle	non		0;0;0
base\fx\weapons\trails\tech\w_trail_tech_shotgun.effect	non	2.73	0.1;0.1;0.1
base\fx\weapons\trails\tech\w_trail_tech_shotgun.particle	non	1.4	0.1;0.1;0.1
base\fx\weapons\trails\tech\w_trail_tech_shotgun_carcombat.effect	non	2.73	0.1;0.1;0.1
base\fx\weapons\trails\tech\w_trail_tech_shotgun_carcombat.particle	non	1.4	0.1;0.1;0.1
base\fx\weapons\trails\tech\w_trail_tech_shotgun_smasher.effect	non	3.05	1;1;1
base\fx\weapons\trails\tech\w_trail_tech_shotgun_smasher_carcombat.effect	non	3.05	1;1;1
base\fx\weapons\trails\tech\w_trail_tech_sniper.effect	non	3.49	1;1;1
base\fx\weapons\trails\tech\w_trail_tech_sniper.particle	non	2.8	1;1;1
base\fx\weapons\trails\tech\w_trail_tech_sniper_carcombat.effect	non	3.49	1;1;1
base\fx\weapons\trails\tech\w_trail_tech_sniper_carcombat.particle	non	2.8	1;1;1
base\fx\weapons\trails\_default\w_tracer_default_npc.effect	non	2	0.03;0.03;0.03
base\fx\weapons\trails\_default\w_trail_default.particle	non	2	0.03;0.03;0.03
base\fx\weapons\_common\charging_laser.effect	oui		0.03;0.03;0.03
base\fx\weapons\_common\charging_laser.particle	non	1222222210	0.03;0.03;0.03
base\fx\weapons\_common\diodes\w_low_ammo_switch_colors.effect	oui		0;0;0
base\fx\weapons\_common\diodes\w_reload_switch_colors.effect	oui		0;0;0
base\fx\weapons\_common\w_jammed_power_weapon.effect	non	10	2.25;2.25;4.41
base\fx\weapons\_common\w_jammed_power_weapon_eject_shells.effect	non	10	19.71;19.71;38.43
base\fx\weapons\_common\w_jammed_power_weapon_smoke.particle	non	1.5	2.25;2.25;4.41
base\fx\weapons\_common\w_jammed_tech_weapone.effect	non	1.61	2.25;2.25;4.41
base\fx\weapons\_common\w_jammed_tech_weapon_electric_impulse.particle	non	1.5	2.25;2.25;4.41
base\fx\_library\blinding_light\lib_blinding_light.effect	oui		0;0;0
base\fx\_library\blinding_light\lib_full_screen_white_screen.effect	oui		0;0;0
base\fx\_library\concrete_breaks\concrete_breaks_medium.effect	oui		9.69;8.95;17.49
base\fx\_library\concrete_breaks\concrete_breaks_medium.particle	non	9	9.69;8.95;17.49
base\fx\_library\debris\lib_debris_confetti.effect	oui		1;1;1
base\fx\_library\debris\lib_debris_confetti.particle	oui		1;1;1
base\fx\_library\dust\lib_dust_blowing_constant_01.particle	oui		44;38;53.2
base\fx\_library\electricity\lib_electicity_arc_small_constant_01.particle	oui		1.43;1.33;1.47
base\fx\_library\electricity\lib_electicity_arc_small_constant_02.particle	oui		1.2;1.2;1
base\fx\_library\electricity\lib_electricity_arc_big_constant_02.particle	oui		2.13;2.13;1.26
base\fx\_library\electricity\lib_lightning_big_constant_01.particle	oui		1;1;1
base\fx\_library\electricity\lib_lightning_medium_constant_01.particle	oui		1;1;1
base\fx\_library\electricity\lib_lightning_zap_medium_constant_01.particle	oui		1;1;1
base\fx\_library\fire\lib_burnt_mark_01_decal.effect	oui		0;0;0
base\fx\_library\fire\lib_burnt_mark_02_decal.effect	oui		0;0;0
base\fx\_library\fire\lib_explosion_big_01.effect	non	10	25.3;25.3;50.3
base\fx\_library\fire\lib_explosion_big_01.particle	non	7	25.3;25.3;50.3
base\fx\_library\fire\lib_explosion_big_02.effect	oui		28;28;53
base\fx\_library\fire\lib_explosion_big_02.particle	non	7	28;28;53
base\fx\_library\fire\lib_explosion_grenade_01.effect	non	5	26;26;51
base\fx\_library\fire\lib_explosion_grenade_01.particle	non	8	26;26;51
base\fx\_library\fire\lib_explosion_grenade_02.effect	non	10.16	25.8;25.8;50.8
base\fx\_library\fire\lib_explosion_grenade_02.particle	non	4	25.8;25.8;50.8
base\fx\_library\fire\lib_explosion_grenade_trash_01.effect	non	5	26;26;51
base\fx\_library\fire\lib_explosion_small_01.effect	non	1.3	13.55;13.55;26.79
base\fx\_library\fire\lib_explosion_small_01.particle	non	1.22	13.55;13.55;26.79
base\fx\_library\fire\lib_fire_embers.particle	non	50	2.25;2.25;2.25
base\fx\_library\fire\lib_fire_large.effect	oui		9;9;16.5
base\fx\_library\fire\lib_fire_large.particle	oui		9;9;16.5
base\fx\_library\fire\lib_fire_medium.effect	oui		3.5;3.5;6.5
base\fx\_library\fire\lib_fire_medium.particle	oui		3.5;3.5;6.5
base\fx\_library\fire\lib_fire_medium_badlands.effect	oui		3.5;3.5;6.5
base\fx\_library\fire\lib_fire_medium_campfire_constant_01.particle	oui		3.5;3.5;6.5
base\fx\_library\fire\lib_fire_medium_stronger.effect	oui		3.5;3.5;6.5
base\fx\_library\fire\lib_fire_small.effect	oui		2.01;2.01;2.02
base\fx\_library\fire\lib_fire_small.particle	oui		2.01;2.01;2.02
base\fx\_library\fire\lib_fire_thin.effect	oui		2.01;2.01;2.02
base\fx\_library\fire\lib_fire_thin.particle	oui		2.01;2.01;2.02
base\fx\_library\fire\lib_gas_flames_01.effect	oui		2.66;2.66;4.18
base\fx\_library\fire\lib_gas_flames_01.particle	oui		2.66;2.66;4.18
base\fx\_library\fire\lib_gas_flames_medium_01.effect	oui		2.66;2.66;4.18
base\fx\_library\fire\lib_gas_flames_medium_01.particle	oui		2.66;2.66;4.18
base\fx\_library\fire\lib_heat_refraction_medium_constant_01.particle	oui		2.2;2.2;3.4
base\fx\_library\fire\lib_kickup_dust.particle	non	3	3.92;3.92;6.55
base\fx\_library\impacts\w_impact_concrete_20cm.particle	non	2	3.23;3.23;6.26
base\fx\_library\impacts\w_impact_concrete_40cm.particle	non	2	4;4;7.5
base\fx\_library\impacts\w_impact_wood_20cm.particle	non	1.5	6.68;6.68;12.36
base\fx\_library\impacts\w_impact_wood_60cm.particle	non	1.5	6.68;6.68;12.36
base\fx\_library\lasers\laserscan_drone.particle	non		0;0;0
base\fx\_library\lasers\lib_laser_beam_red.particle	non	2	0.5;0.5;0.5
base\fx\_library\lasers\lib_laser_particle_red.particle	non	3600	2.8;2.8;4.6
base\fx\_library\lasers\scan.effect	oui		0;0;0
base\fx\_library\liquids\lib_bubbles_underwater_3m_constant_01.particle	oui		3;3;5.5
base\fx\_library\liquids\lib_bubbles_underwater_streak_constant_01.particle	oui		1.3;1.3;2.3
base\fx\_library\liquids\lib_bubbles_underwater_streak_constant_02.particle	oui		2.3;2.3;4.3
base\fx\_library\liquids\lib_medium_splash_01.particle	non	10	4.27;4.27;7.53
base\fx\_library\liquids\lib_waterfall_1m.particle	oui		2.3;4.65;2.3
base\fx\_library\smoke\lib_dust_kickup.effect	oui		4.88;4.88;6.75
base\fx\_library\smoke\lib_dust_kickup.particle	oui		4.88;4.88;6.75
base\fx\_library\smoke\lib_e_smoke_ambient_interior_01.particle	oui		6.5;6.5;3
base\fx\_library\smoke\lib_e_smoke_medium_01.particle	oui		5.39;5.39;8.36
base\fx\_library\smoke\lib_e_smoke_medium_02.particle	oui		5.39;5.39;8.36
base\fx\_library\smoke\lib_e_steam_medium_01.particle	oui		7;7;10
base\fx\_library\smoke\lib_liquid_nitrogen_01.particle	oui		2.04;2.04;3.27
base\fx\_library\smoke\lib_smoke_thick_plume_large_01.particle	oui		25.86;25.86;46.72
base\fx\_library\smoke\lib_vehicle_crash.effect	non	2	17.12;13.12;27.24
base\fx\_library\smoke\lib_vehicle_crash.particle	non	12	17.12;13.12;27.24
base\fx\_library\sparks\lib_sparks_burst_medium_01.particle	non	2.5	25.25;25.25;50.25
base\fx\_library\sparks\lib_sparks_device_small.particle	oui		7.6;7.6;15.1
base\fx\_library\sparks\lib_sparks_fire_medium_constant_01.particle	oui		2.5;2.5;4
base\fx\_library\sparks\lib_sparks_impact_2-3m.effect	oui		25.2;25.2;50.2
base\fx\_library\sparks\lib_sparks_impact_2-3m.particle	non	1	25.2;25.2;50.2
base\fx\_library\sparks\lib_sparks_impact_2-3m_blue.particle	non	1	25.2;25.2;50.2
base\fx\_library\sparks\lib_sparks_impact_small_01.particle	non	1.4	2.73;2.73;5.18
base\fx\_library\sparks\lib_sparks_impact_small_02.effect	oui		2.73;2.73;5.18
base\fx\_library\sparks\lib_sparks_impact_small_02.particle	non	1.4	2.73;2.73;5.18
base\fx\_library\sparks\lib_sparks_impact_small_02_blue.particle	non	1.4	2.4;2.4;4.52
base\fx\_library\sparks\lib_sparks_metal_ricochet.effect	oui		2.73;2.73;5.18
base\fx\_library\sparks\lib_sparks_metal_ricochet.particle	non	0.2	2.73;2.73;5.18
base\fx\_library\sparks\lib_sparks_metal_ricochet_blue.particle	non	0.2	2.73;2.73;5.18
base\fx\_library\sparks\lib_sparks_spike_curved_large_01.effect	oui		0.35;0.35;0.35
base\fx\_library\sparks\lib_sparks_spike_curved_large_01.particle	non	3	0.35;0.35;0.35
base\fx\_library\sparks\lib_sparks_spike_curved_large_02.effect	oui		0.35;0.35;0.35
base\fx\_library\sparks\lib_sparks_spike_curved_large_02.particle	non	3	0.35;0.35;0.35
base\fx\_library\sparks\lib_sparks_spike_curved_small_01.effect	oui		0.3;0.3;0.3
base\fx\_library\sparks\lib_sparks_spike_curved_small_01.particle	non	1.7	0.3;0.3;0.3
base\fx\_library\sparks\lib_sparks_spike_large_01.effect	oui		1;1;1
base\fx\_library\sparks\lib_sparks_spike_large_01.particle	non	4	1;1;1
base\fx\_library\sparks\lib_sparks_spike_large_02.effect	oui		1;1;1
base\fx\_library\sparks\lib_sparks_spike_large_02.particle	non	4	1;1;1
base\fx\_library\sparks\lib_sparks_veryfast_constant_01.particle	oui		2.68;2.68;5.18
base\fx\_library\sparks\lib_sparks_welding_big_01.effect	oui		7.56;7.56;15.11
base\fx\_library\sparks\lib_sparks_welding_big_01.particle	non	2	7.56;7.56;15.11
base\fx\_library\sparks\lib_sparks_welding_medium_constant_01.particle	oui		3.84;3.84;7.56
base\gameplay\devices\frames\base\frameglitch.effect	non	0.54	0;0;0
base\gameplay\vehicles\visual_customization\vvc_apply_color.effect	oui		0;0;0
base\gameplay\vehicles\visual_customization\vvc_apply_color_instant.effect	oui		0;0;0
base\gameplay\vehicles\visual_customization\vvc_damage_glitch.effect	non	1.5	0;0;0
base\gameplay\vehicles\visual_customization\vvc_reset_color.effect	oui		0;0;0
base\items\interactive\dining_accessories\int_dining_accessories_001__glass_e_champagne\int_dining_accessories_001__glass_e_champagne_fx_half.effect	non	1	0;0;0
base\items\interactive\dining_accessories\int_dining_accessories_001__glass_e_champagne\int_dining_accessories_001__glass_e_champagne_fx_half_to_empty.effect	non	1	0;0;0
base\items\interactive\dining_accessories\int_dining_accessories_001__sake_a_bottle\fx\pour_sake_01_effect.effect	non	0.57	0;0;0
base\open_world\mini_world_stories\badlands\se5\mws_se5_03\assets\mws_s5_03_blood.particle	oui		0.55;0.55;0.55
base\open_world\mini_world_stories\badlands\se5\mws_se5_03\assets\mws_s5_03_bomb.particle	oui		0.8;0.8;0.8
base\open_world\mini_world_stories\badlands\se5\mws_se5_03\assets\mws_s5_03_deco_01.particle	oui		0.7;0.7;0.7
base\open_world\mini_world_stories\badlands\se5\mws_se5_03\assets\mws_s5_03_deco_02.particle	oui		0.7;0.7;0.7
base\open_world\mini_world_stories\badlands\se5\mws_se5_03\assets\mws_s5_03_deco_03.particle	oui		0.7;0.7;0.7
base\open_world\mini_world_stories\badlands\se5\mws_se5_03\assets\mws_s5_03_deco_04.particle	oui		1.2;1.2;1.2
base\open_world\mini_world_stories\badlands\se5\mws_se5_03\assets\mws_s5_03_deco_05.particle	oui		0.7;0.7;0.7
base\open_world\mini_world_stories\badlands\se5\mws_se5_03\assets\mws_s5_03_deco_06.particle	oui		0.7;0.7;0.7
base\open_world\mini_world_stories\badlands\se5\mws_se5_03\assets\mws_s5_03_deco_07.particle	oui		0.85;0.85;0.85
base\open_world\mini_world_stories\badlands\se5\mws_se5_03\assets\mws_s5_03_glasses.particle	oui		0.3;0.3;0.3
base\open_world\mini_world_stories\badlands\se5\mws_se5_03\assets\mws_s5_03_hp_pack.particle	oui		0.3;0.3;0.3
base\open_world\mini_world_stories\badlands\se5\mws_se5_03\assets\mws_s5_03_wolf.particle	oui		0.7;0.7;0.7
base\open_world\mini_world_stories\badlands\se5\mws_se5_03\assets\mws_se5_01_stat.particle	oui		1;1;1
base\open_world\mini_world_stories\badlands\se5\mws_se5_03\assets\mws_se5_03_blood.effect	non	0.53	0.55;0.55;0.55
base\open_world\mini_world_stories\badlands\se5\mws_se5_03\assets\mws_se5_03_glitch_1.effect	non	6.54	6;6;11
base\open_world\mini_world_stories\badlands\se5\mws_se5_03\assets\mws_se5_03_glitch_1.particle	non	1.2	1;1;1
base\open_world\mini_world_stories\badlands\se5\mws_se5_03\assets\mws_se5_03_glitch_2.effect	non	5.05	6;6;11
base\open_world\mini_world_stories\badlands\se5\mws_se5_03\assets\mws_se5_03_glitch_2.particle	oui		6;6;11
base\open_world\mini_world_stories\badlands\se5\mws_se5_03\assets\mws_se5_03_katana_attack.effect	non	3	0;0;0
base\open_world\mini_world_stories\badlands\se5\mws_se5_03\assets\mws_se5_03_muzzle_npc.effect	non	3.8	0.17;0.17;0.22
base\open_world\mini_world_stories\badlands\se5\mws_se5_03\assets\mws_se5_03_muzzle_npc.particle	non	0.1	0.17;0.17;0.22
base\open_world\mini_world_stories\watson\mws_thenerves\animations\smoke_tire.effect	oui		4.25;4.25;6.75
base\open_world\minor_activities\city_center\downtown\ma_cct_dtn_03\entities\ma_cct_dtn_03_oil_flames.particle	oui		0.6;0.6;1.1
base\open_world\street_stories\city_center\downtown\sts_cct_dtn_02\particles\sts_cct_dtn_02_dance_fog.particle	oui		4.15;4.15;4.29
base\open_world\street_stories\watson\kabuki\sts_wat_kab_06\particles\sts_wat_kab_06_halon_stream.particle	oui		1.25;1.25;1.3
base\open_world\vendors\city_center\downtown\cct_dtn_food_02\assets\bar_drinking_whiskey_bottle_pour.effect	non	2.4	0;0;0
base\quest\main_quests\epilogue\q202\fx\q202_nosebleed.effect	oui		0;0;0
base\quest\main_quests\part1\q101\entities\q101_01_covered_in_trash_01.effect	non	5.33	0;0;0
base\quest\main_quests\part1\q101\entities\q101_01_covered_in_trash_02.effect	non	18.33	0;0;0
base\quest\main_quests\part1\q101\entities\q101_01_covered_in_trash_03.effect	non	18.38	0;0;0
base\quest\main_quests\part1\q105\fx\pour_whiskey_effect.effect	non	1	0;0;0
base\quest\main_quests\part1\q108\fx\pour_whiskey_01.effect	non	1	0;0;0
base\quest\main_quests\part1\q108\fx\q108_backstage_whiskey_pour_simulation.effect	non	3.8	0;0;0
base\quest\main_quests\part1\q108\fx\q108_backstage__whiskey_bottle__default.effect	non	0.1	0;0;0
base\quest\main_quests\part1\q108\fx\q108_backstage__whiskey_bottle__to_empty.effect	non	3	0;0;0
base\quest\main_quests\part1\q114\fx\rock_explosion_placeholder.particle	non	12	28;28;53
base\quest\main_quests\part1\q115\test\a.effect	non	8	0;0;0
base\quest\main_quests\part1\q115\test\b.effect	non	8	0;0;0
base\quest\main_quests\prologue\q000\fx\pour_whiskey.effect	non	2.17	0;0;0
base\quest\main_quests\prologue\q004\entities\temp\cold_effect.effect	oui		3.05;3.05;2.2
base\quest\main_quests\prologue\q004\entities\temp\hot_effect.effect	oui		2.9;2.6;4.1
base\quest\main_quests\prologue\q004\entities\temp\hot_effect_big.effect	oui		2.9;2.6;4.1
base\quest\main_quests\prologue\q004\entities\temp\thermal_cold.particle	oui		1.6;1.6;3.1
base\quest\main_quests\prologue\q004\entities\temp\thermal_cold_spread.particle	oui		3.05;3.05;2.2
base\quest\main_quests\prologue\q004\entities\temp\thermal_hot.particle	oui		2.9;2.6;4.1
base\quest\main_quests\prologue\q004\entities\temp\vision_clue.effect	oui		1.76;1.76;3.49
base\quest\main_quests\prologue\q004\entities\temp\vision_clue.particle	oui		1.76;1.76;3.49
base\quest\main_quests\prologue\q004\fx\d_q004_bd_yorinobu_custom_to_custom_low.effect	non	0.5	0;0;0
base\quest\main_quests\prologue\q004\fx\d_q004_bd_yorinobu_none_to_custom.effect	non	0.3	0;0;0
base\quest\main_quests\prologue\q004\fx\d_q004_lizzies_fill_glass.effect	non	2	0;0;0
base\quest\main_quests\prologue\q004\fx\d_q004_lizzies_to_half_glass.effect	non	1	0;0;0
base\quest\main_quests\prologue\q005\fx\q005_biochip_case_screen_effect.effect	oui		0;0;0
base\quest\main_quests\prologue\q005\fx\q005_biochip_case_screen_passive_effect.effect	oui		0;0;0
base\quest\main_quests\prologue\q005\fx\q005_glass_transition_effect.effect	non	5	0;0;0
base\quest\side_quests\sq012\fx\sq012_08a_pour_drink.effect	non	1.5	0;0;0
base\quest\side_quests\sq023\fx\pour_water_01_effect.effect	non	1.07	0;0;0
base\quest\side_quests\sq023\fx\pour_water_02_effect.effect	non	0.63	0;0;0
base\quest\side_quests\sq031\fx\sq031_turn_fluid_blue.effect	non	1	0;0;0
dlc\dlc6_apart\loc_dlc6_apart_cct_dtn\quest\entities\vfx\dlc6_teacup_drink.effect	non	0.5	0;0;0
dlc\dlc6_apart\loc_dlc6_apart_cct_dtn\quest\entities\vfx\dlc6_teacup_fill.effect	non	2.4	0;0;0
dlc\dlc6_apart\loc_dlc6_apart_cct_dtn\quest\entities\vfx\dlc_teapot_splashes.particle	non	3	2;2;2
dlc\dlc6_apart\loc_dlc6_apart_cct_dtn\quest\entities\vfx\q001_dlc__stand__2h_on_sides__01__make_drink_tea__01.effect	non	4	2;2;2
ep1\fx\blackwall\particle_systems\blackwall_dynamic_example_character.effect	oui		2.4;2.4;3.2
ep1\fx\blackwall\particle_systems\blackwall_dynamic_example_character.particle	non	4	2.4;2.4;3.2
ep1\fx\blackwall\particle_systems\blackwall_dynamic_example_ground.effect	oui		4.17;4.17;6.33
ep1\fx\blackwall\particle_systems\blackwall_dynamic_example_ground.particle	non	4	4.17;4.17;6.33
ep1\fx\blackwall\particle_systems\blackwall_dynamic_example_spotlight.effect	oui		2.3;2.3;2.6
ep1\fx\blackwall\particle_systems\blackwall_dynamic_example_spotlight.particle	non	2	2.3;2.3;2.6
ep1\fx\blackwall\particle_systems\blackwall_dynamic_example_tank.effect	oui		1.6;1.6;1.6
ep1\fx\blackwall\particle_systems\blackwall_dynamic_example_tank.particle	non	4	1.6;1.6;1.6
ep1\fx\blackwall\particle_systems\blackwall_effect_base.effect	oui		2.5;2.5;4
ep1\fx\blackwall\particle_systems\blackwall_horizon_default.effect	oui		0;0;0
ep1\fx\blackwall\particle_systems\blackwall_horizon_off.effect	non	1	0;0;0
ep1\fx\blackwall\particle_systems\blackwall_onscreen_example.effect	oui		1;1;1
ep1\fx\blackwall\particle_systems\blackwall_onscreen_example.particle	oui		1;1;1
ep1\fx\blackwall\particle_systems\blackwall_onscreen_example_mid.particle	non	5	1;1;1
ep1\fx\blackwall\particle_systems\blackwall_onscreen_extra_subtle_fullscreen.effect	oui		3;1;1
ep1\fx\blackwall\particle_systems\blackwall_onscreen_extra_subtle_fullscreen.particle	oui		3;1;1
ep1\fx\blackwall\particle_systems\blackwall_onscreen_subtle_fullscreen.effect	oui		1.8;1;1
ep1\fx\blackwall\particle_systems\blackwall_onscreen_subtle_fullscreen.particle	oui		1.8;1;1
ep1\fx\blackwall\particle_systems\blackwall_onscreen_subtle_sides.effect	oui		1.7;1;1
ep1\fx\blackwall\particle_systems\blackwall_onscreen_subtle_sides.particle	oui		1.7;1;1
ep1\fx\blackwall\particle_systems\blackwall_particle_system_base.particle	oui		2.5;2.5;4
ep1\fx\characters\boss\cerberus\ch_cerberus_finisher_behind.effect	non	12.97	6;6;10.5
ep1\fx\characters\boss\cerberus\ch_cerberus_finisher_behind_droplets.particle	oui		2.62;2.62;3.75
ep1\fx\characters\boss\cerberus\ch_cerberus_finisher_behind_piercing.particle	non	1.5	6;6;10.5
ep1\fx\characters\ch_eye_glow.effect	non	2	1;1;1
ep1\fx\characters\ch_eye_glow.particle	non	2	1;1;1
ep1\fx\characters\kurt\kurtz_player_takedown_close.effect	non	6	2.46;2.46;4.67
ep1\fx\characters\kurt\kurtz_player_takedown_close_blood.particle	non	1.2	2.46;2.46;4.67
ep1\fx\characters\kurt\kurtz_player_takedown_close_blood_local.particle	non	1.2	2.46;2.46;4.67
ep1\fx\characters\kurt\kurtz_player_takedown_far1.effect	non	73.38	0;0;0
ep1\fx\characters\kurt\kurtz_player_takedown_far1_knife_arm_hit.effect	non	20.53	2.46;2.46;4.67
ep1\fx\characters\kurt\kurtz_player_takedown_far1_knife_leg_out.effect	non	73.38	2.46;2.46;4.67
ep1\fx\characters\kurt\kurtz_takedown_stab_throat.effect	non	73.38	2.46;2.46;4.67
ep1\fx\characters\kurt\kurtz_takedown_stab_throat_out.effect	non	20.53	2.46;2.46;4.67
ep1\fx\characters\kurt\kurt_knife_blink.effect	non	2	3.5;3.5;3.5
ep1\fx\characters\kurt\kurt_knife_blink.particle	non	0.5	3.5;3.5;3.5
ep1\fx\characters\kurt\kurt_knife_trail.effect	oui		1.3;1.3;1.6
ep1\fx\characters\kurt\kurt_knife_trail.particle	oui		1.3;1.3;1.6
ep1\fx\characters\main_npc\baron\baron_tube_glow_off.effect	non	1	0;0;0
ep1\fx\characters\main_npc\baron\baron_tube_glow_on.effect	oui		0;0;0
ep1\fx\characters\main_npc\baron\baron_tube_glow_slow.effect	non	2	0;0;0
ep1\fx\characters\main_npc\silverhand\johnny_glitch_idle_01_trailer.effect	oui		6.5;6.5;11.5
ep1\fx\characters\main_npc\silverhand\johnny_glitch_idle_01_trailer.particle	oui		6.5;6.5;11.5
ep1\fx\characters\main_npc\silverhand\johnny_glitch_idle_02_trailer.effect	oui		2;2;2.5
ep1\fx\characters\main_npc\silverhand\johnny_glitch_idle_03_trailer.effect	oui		2;2;2.5
ep1\fx\characters\main_npc\silverhand\johnny_glitch_idle_03_trailer.particle	oui		2;2;2.5
ep1\fx\characters\main_npc\songbird\songbird_blendable_overlay_control_01.effect	oui		0;0;0
ep1\fx\characters\main_npc\songbird\songbird_blendable_overlay_control_02.effect	oui		0;0;0
ep1\fx\characters\main_npc\songbird\songbird_blend_mode.effect	non	1	0;0;0
ep1\fx\characters\main_npc\songbird\songbird_cry.effect	non	5	0;0;0
ep1\fx\characters\main_npc\songbird\songbird_glitch_idle_01.effect	oui		0;0;0
ep1\fx\characters\main_npc\songbird\songbird_glitch_idle_01.particle	non		0;0;0
ep1\fx\characters\service\blackmarket_vendor_elbow_fire\ch_blackmarket_vendor_elbow_fire.effect	oui		4.01;4.01;4.02
ep1\fx\characters\service\blackmarket_vendor_elbow_fire\ch_blackmarket_vendor_elbow_fire.particle	oui		4.01;4.01;4.02
ep1\fx\characters\service\ch_soldier_scanner_flare.particle	oui		1;1;1
ep1\fx\characters\service\ch_soldier_scanner_prevention.effect	oui		1.5;1.5;1.5
ep1\fx\characters\service\ch_soldier_scanner_prevention.particle	oui		1.5;1.5;1.5
ep1\fx\characters\service\ch_solider_scanner.effect	oui		1.5;1.5;1.5
ep1\fx\characters\service\ch_solider_scanner.particle	oui		1.5;1.5;1.5
ep1\fx\devices\border_vehicle_scanner\d_tailor_scanning.effect	oui		6;8.82;6
ep1\fx\devices\border_vehicle_scanner\d_tailor_scan_grid.particle	oui		6;6;6
ep1\fx\devices\border_vehicle_scanner\d_tailor_scan_lasers.particle	oui		0.6;0.6;0.6
ep1\fx\devices\border_vehicle_scanner\d_tailor_scan_lasers_down.particle	oui		1;1;1
ep1\fx\devices\cleaning_machine_explosive\cleaning_machine_explode.effect	non	10	26;26;51
ep1\fx\devices\cleaning_machine_explosive\cleaning_machine_explode.particle	non	3.5	25.8;25.8;50.8
ep1\fx\devices\cleaning_machine_explosive\cleaning_machine_explode_02.effect	non	10.01	27;27;51.6
ep1\fx\devices\cleaning_machine_explosive\cleaning_machine_physx.particle	non	10	27;27;51.6
ep1\fx\devices\double_door\double_door_broken.effect	non	6.76	4.02;4.02;8.03
ep1\fx\devices\double_door\double_door_broken_fx_01.particle	non	1.5	4.02;4.02;8.03
ep1\fx\devices\double_door\double_door_broken_top.effect	non	3.16	25.4;25.4;50.4
ep1\fx\devices\double_door\double_door_broken_top.particle	non	3	17.02;17.02;33.64
ep1\fx\devices\double_door\double_door_hit.effect	non	6.76	5.71;5.71;11.22
ep1\fx\devices\double_door\double_door_hit.particle	non	3	5.71;5.71;11.22
ep1\fx\devices\double_door\double_door_sparks_top.effect	non	1	0;0;0
ep1\fx\devices\flare\d_flare_smoke_placeholder.effect	oui		28;28;53
ep1\fx\devices\flare\d_flare_smoke_placeholder.particle	oui		28;28;53
ep1\fx\devices\flare\e_airdrop_smoke_trail_001.effect	non	20.01	2;2;2
ep1\fx\devices\flare\e_airdrop_smoke_trail_001.particle	non	4	2;2;2
ep1\fx\devices\flare\e_vfx_flare_smoke_instant_001.particle	oui		27.5;27.5;52.5
ep1\fx\devices\flare\e_vfx_flare_smoke_outro.particle	non	4	10.57;10.57;20.96
ep1\fx\devices\flare\e_vfx_flare_smoke_pink.effect	non	11.1	5.38;5.38;10.57
ep1\fx\devices\flare\e_vfx_flare_smoke_red.effect	oui		27.5;27.5;52.5
ep1\fx\devices\flare\e_vfx_flare_smoke_red_instant.effect	oui		27.5;27.5;52.5
ep1\fx\devices\flare\e_vfx_flare_smoke_v001.particle	oui		27.5;27.5;52.5
ep1\fx\devices\flare\e_vfx_flare_smoke_v002.particle	oui		2.2;2.2;4.22
ep1\fx\devices\flare\e_vfx_flare_smoke_v003.particle	oui		5.38;5.38;10.57
ep1\fx\devices\flare\test_effect.effect	oui		27.5;27.5;52.5
ep1\fx\devices\perkpower_up\light_control.effect	oui		1.25;1.25;1.25
ep1\fx\devices\perkpower_up\perkpowerup_flare.particle	oui		1.25;1.25;1.25
ep1\fx\devices\perkpower_up\perkpowerup_flare_blue.particle	oui		1.25;1.25;1.25
ep1\fx\devices\perkpower_up\perk_powerup_on.effect	non	9.1	0.76;0.76;1.11
ep1\fx\devices\perkpower_up\perk_powerup_smoke.effect	non	8.98	1.04;1.2;1.11
ep1\fx\devices\perkpower_up\perk_power_up_on_flash.particle	non	1.75	0.76;0.76;1.11
ep1\fx\devices\perkpower_up\perk_power_up_smoke.particle	oui		1.04;1.2;1.11
ep1\fx\devices\platform\d_platform_impact_water_in.effect	non	3.58	5.07;5.07;8.75
ep1\fx\devices\platform\d_platform_impact_water_in.particle	non	2	5.07;5.07;8.75
ep1\fx\devices\platform\d_platform_impact_water_out.effect	non	3.58	3.06;3.06;5.12
ep1\fx\devices\platform\d_platform_impact_water_out.particle	non	1	3.06;3.06;5.12
ep1\fx\enviroment\blood\e_blood_drip_sts_ep1_10.particle	oui		0.03;0.03;0.06
ep1\fx\enviroment\blood\e_blood_drip_sts_ep1_10_line.particle	oui		0.71;0.63;0.66
ep1\fx\enviroment\blood\e_blood_drip_sts_ep1_10_long.particle	oui		7.36;7.36;13.73
ep1\fx\enviroment\bolt.particle	oui		7.6;7.6;15.1
ep1\fx\enviroment\debris\e_concrete_fragments_falling_small.particle	oui		10.1;10.1;19.9
ep1\fx\enviroment\debris\e_debris_dust_tornado_001.particle	oui		10;10;18
ep1\fx\enviroment\debris\e_debris_dust_tornado_001_smallmotes.particle	oui		10;10;18
ep1\fx\enviroment\debris\e_debris_magazines_2x2.particle	oui		2.9;2.9;5.4
ep1\fx\enviroment\debris\e_debris_magazines_slow_001.particle	oui		26;24;32.02
ep1\fx\enviroment\debris\e_debris_magazines_slow_002.particle	oui		23;21;37.81
ep1\fx\enviroment\debris\e_debris_magazines_tornado_001.particle	oui		14.54;14.54;28.68
ep1\fx\enviroment\debris\e_debris_magazines_tornado_002.particle	oui		11.29;11.29;19.58
ep1\fx\enviroment\debris\e_debris_magazines_tornado_003.particle	oui		12;12;21
ep1\fx\enviroment\debris\e_debris_magazines_tornado_mini_leaves.particle	oui		3.5;3.5;5
ep1\fx\enviroment\debris\e_debris_magazines_tr_small_area.particle	oui		5.03;3.03;1.65
ep1\fx\enviroment\debris\e_debris_tornado_003.particle	oui		5.45;5.45;7.9
ep1\fx\enviroment\dust\e_debris_fire_pieces_001.particle	oui		33.18;24.5;41.4
ep1\fx\enviroment\dust\e_dusty_atmosphere_exterior.particle	oui		28;29.7;48.5
ep1\fx\enviroment\dust\e_dusty_atmosphere_exterior_02.particle	oui		28;29.7;48.5
ep1\fx\enviroment\dust\e_dust_airdrop_thrusters_landing_001.effect	non	6.08	12.11;12.11;22.71
ep1\fx\enviroment\dust\e_dust_av_thruster_001.particle	non	5	12.11;12.11;22.71
ep1\fx\enviroment\dust\e_dust_cloud_blowing_small_01.particle	oui		8.03;12.52;13.08
ep1\fx\enviroment\dust\e_dust_exterior_long_puff_01.particle	oui		23.12;25.12;35.45
ep1\fx\enviroment\dust\e_dust_exterior_street_wide_01.particle	oui		35;35;51.2
ep1\fx\enviroment\dust\e_dust_exterior_subtle_01.particle	oui		27.4;29.4;43.99
ep1\fx\enviroment\dust\e_dust_exterior_subtle_02.particle	oui		22.07;22.07;37.33
ep1\fx\enviroment\dust\e_dust_exterior_subtle_03.particle	oui		17.17;21.17;27.53
ep1\fx\enviroment\dust\e_dust_exterior_subtle_04.particle	oui		29.33;31.33;51.86
ep1\fx\enviroment\dust\e_dust_exterior_subtle_05.particle	oui		17.03;21.03;27.25
ep1\fx\enviroment\dust\e_dust_exterior_subtle_06.particle	oui		17.03;21.03;27.25
ep1\fx\enviroment\dust\e_dust_falling_sand_quick_001.particle	non	6	19;16.02;25.2
ep1\fx\enviroment\dust\e_dust_falling_sand_small_001.particle	oui		10;7.02;12.01
ep1\fx\enviroment\dust\e_dust_falling_sand_wide_001.particle	oui		10;7.02;7.2
ep1\fx\enviroment\dust\e_dust_falling_sand_wide_003.particle	oui		15.87;14.07;27.33
ep1\fx\enviroment\dust\e_dust_falling_sand_wide_004.particle	oui		22.16;19.56;35.51
ep1\fx\enviroment\dust\e_dust_falling_sand_wide_005.particle	oui		22.16;19.56;35.51
ep1\fx\enviroment\dust\e_dust_fire_embers_001.particle	oui		20.89;20.89;27.74
ep1\fx\enviroment\dust\e_dust_fire_embers_002.particle	oui		43.04;43.04;56.2
ep1\fx\enviroment\dust\e_dust_interior_underwater_directional_002.particle	oui		0.7;0.7;1.39
ep1\fx\enviroment\dust\e_dust_interior_underwater_directional_003.particle	oui		0.87;0.87;1.74
ep1\fx\enviroment\dust\e_dust_interior_underwater_directional_muddy_004.particle	oui		1.51;1.51;2.02
ep1\fx\enviroment\dust\e_dust_interior_underwater_directional_muddy_static_005.particle	oui		6.04;6.04;3.68
ep1\fx\enviroment\dust\e_dust_interior_underwater_directional_muddy_static_surface_006.particle	oui		5.71;5.71;2.43
ep1\fx\enviroment\dust\e_dust_interior_underwater_muddy_rumble_001.particle	non	10	4.87;4.87;7.74
ep1\fx\enviroment\dust\e_dust_interior_underwater_nomove_001.particle	oui		1.05;1.05;2.09
ep1\fx\enviroment\dust\e_dust_interrior_2x2.particle	oui		1.4;1.4;1.89
ep1\fx\enviroment\dust\e_dust_large_distant_001.particle	oui		71;71;116
ep1\fx\enviroment\dust\e_dust_wisps_exterior_subtle.particle	oui		28.4;38;53.3
ep1\fx\enviroment\dust\e_dust_wisps_exterior_subtle_large_area.particle	oui		58;58;56.35
ep1\fx\enviroment\dust\e_motes_tr_depth.particle	oui		16.82;14.82;25.6
ep1\fx\enviroment\dust\e_sand_from_the_peak.particle	oui		4.6;10.58;7.9
ep1\fx\enviroment\dust\e_sand_from_the_peak_02_from_rocks.particle	oui		5.7;6.5;7.2
ep1\fx\enviroment\dust\e_sand_from_the_peak_02_gentle_hill.particle	oui		3.51;9.5;6.2
ep1\fx\enviroment\dust\e_sand_from_the_peak_02_middle.particle	oui		5.7;6.5;7.2
ep1\fx\enviroment\dust\e_sand_from_the_peak_02_short.particle	oui		5.7;6.5;7.2
ep1\fx\enviroment\dust\e_sand_stretched_by_wind_above_ground.particle	oui		27;25;32
ep1\fx\enviroment\dust\e_sand_stretched_by_wind_above_ground_02_structured.particle	oui		21;23.84;35.63
ep1\fx\enviroment\dust\e_sand_stretched_by_wind_above_ground_02_structured_narrow.particle	oui		23;19;32
ep1\fx\enviroment\dust\e_sand_stretched_by_wind_above_ground_02_structured_short.particle	oui		9.2;7.2;11.36
ep1\fx\enviroment\dust\e_sand_stretched_by_wind_above_ground_roads.particle	oui		36.5;32.5;51.5
ep1\fx\enviroment\dust\e_sand_stretched_by_wind_above_ground_roads_v2.particle	oui		16.8;20.8;26.35
ep1\fx\enviroment\dust\e_sand_stretched_by_wind_above_ground_slow.particle	oui		32.5;36.5;51.5
ep1\fx\enviroment\dust\e_sand_stretched_by_wind_above_ground_slow_v2.particle	oui		32.5;30.5;51.5
ep1\fx\enviroment\dust\e_vfx_dust_cloud_blowing_v001.particle	oui		28.2;38;53.2
ep1\fx\enviroment\dust\e_vfx_dust_motes_interior_low_light_001.particle	oui		17.82;17.82;17.6
ep1\fx\enviroment\dust\e_vfx_dust_motes_slow_falling_001.particle	oui		17.74;17.74;27.44
ep1\fx\enviroment\dust\e_vfx_dust_motes_slow_falling_002.particle	oui		17.74;17.74;25.44
ep1\fx\enviroment\dust\e_vfx_dust_motes_slow_falling_003.particle	oui		31.74;31.74;27.44
ep1\fx\enviroment\dust\e_vfx_dust_motes_slow_falling_004.particle	oui		25.74;25.74;27.44
ep1\fx\enviroment\dust\e_vfx_dust_motes_slow_falling_005.particle	oui		28.89;28.89;33.74
ep1\fx\enviroment\dust\e_vfx_dust_motes_street_cloud.particle	oui		24.19;24.19;44.35
ep1\fx\enviroment\dust\e_vfx_dust_motes_very_slow_001.particle	oui		25.74;25.74;25.44
ep1\fx\enviroment\dust\e_vfx_dust_motes_very_slow_002.particle	oui		17.74;17.74;23.44
ep1\fx\enviroment\dust\e_vfx_dust_motes_very_slow_003.particle	oui		13.21;13.21;16.38
ep1\fx\enviroment\dust\motes_and_atmosphere\e_dust_and_atmosphere_strong.particle	oui		0.7;0.7;1.39
ep1\fx\enviroment\electricity\e_electicity_fizzle_small_concentric_cable.particle	oui		0.56;0.56;1.09
ep1\fx\enviroment\electricity\e_electicity_fizzle_small_door_panel_001.particle	oui		1.25;1.33;1.87
ep1\fx\enviroment\electricity\e_electricity_arc_big_constant_03.particle	oui		2.07;1.37;1.15
ep1\fx\enviroment\electricity\e_electricity_arc_big_constant_04.particle	oui		1.28;1.28;1.57
ep1\fx\enviroment\electricity\e_electricity_arc_big_devices_001.particle	oui		1.88;2;1.16
ep1\fx\enviroment\electricity\e_electricity_arc_big_distance_001.particle	oui		12;2.2;4
ep1\fx\enviroment\electricity\e_electricity_arc_big_distant_001.particle	oui		2.2;2.2;3.4
ep1\fx\enviroment\electricity\e_electric_shortcircuit_spakrs_001.effect	oui		0.72;0.72;0.98
ep1\fx\enviroment\electricity\e_sparks_electricity_broken_door_001.effect	oui		2.97;2.97;5.84
ep1\fx\enviroment\electricity\e_sparks_electric_failure_looped_001.particle	oui		5.02;5.02;9.44
ep1\fx\enviroment\fire\d_fuel_dispener_post_fire_002.particle	oui		2.2;2.2;4.15
ep1\fx\enviroment\fire\d_fuel_dispener_post_fire_003.particle	oui		0.85;0.85;0.85
ep1\fx\enviroment\fire\d_fuel_dispener_post_fire_004_embers.particle	oui		0.2;0.49;0.09
ep1\fx\enviroment\fire\d_fuel_dispener_post_fire_005_embers.particle	oui		0.35;0.35;0.45
ep1\fx\enviroment\fire\d_fuel_dispener_post_fire_006_embers.particle	oui		0.35;0.35;0.45
ep1\fx\enviroment\fire\e_fire_big_building_area_001.effect	oui		4.83;4.83;7.66
ep1\fx\enviroment\fire\e_fire_big_building_area_001.particle	oui		4.83;4.83;7.66
ep1\fx\enviroment\fire\e_fire_big_long_distance.particle	oui		11.5;11.5;21.5
ep1\fx\enviroment\fire\e_fire_big_long_distance_randomized_001.effect	oui		12.5;12.5;19.7
ep1\fx\enviroment\fire\e_fire_big_long_distance_randomized_001.particle	oui		12.5;12.5;19.7
ep1\fx\enviroment\fire\e_fire_big_long_distance_randomized_002.particle	oui		12.5;12.5;19.7
ep1\fx\enviroment\fire\e_fire_large_big_distance_coin_building.particle	oui		23.38;23.38;44.26
ep1\fx\enviroment\fire\e_fire_large_big_distance_coin_building_001.particle	oui		23.5;23.5;41.7
ep1\fx\enviroment\fire\e_fire_medium_big_distance_coin_building.particle	oui		3;3;3.28
ep1\fx\enviroment\fire\e_fire_medium_big_distance_hotel_area.particle	oui		11.85;11.85;21.2
ep1\fx\enviroment\fire\e_fire_medium_tall_02.particle	oui		3.25;3.25;6.25
ep1\fx\enviroment\fire\e_fire_medium_tall_02_inside_car.particle	oui		3.25;3.25;6.25
ep1\fx\enviroment\fire\e_fire_medium_with_light_001.effect	oui		3.25;3.25;6.25
ep1\fx\enviroment\fire\e_fire_middle_big_distance_coin_building.particle	oui		19.35;19.35;36.19
ep1\fx\enviroment\fire\e_fire_small_area_001.particle	oui		4.83;4.83;7.66
ep1\fx\enviroment\fire\e_fire_small_area_002.particle	oui		6.7;6.7;10.7
ep1\fx\enviroment\fire\e_fire_small_big_distance_coin_building.particle	oui		11.85;11.85;21.2
ep1\fx\enviroment\fire\e_fire_small_burned_point_001.particle	non	0.7	1.7;1.7;2.4
ep1\fx\enviroment\fire\e_fire_small_burned_point_002.particle	non	1	1.17;1.17;1.35
ep1\fx\enviroment\fire\e_fire_small_burned_wide_003.particle	oui		3.11;3.11;3.44
ep1\fx\enviroment\fire\e_fire_small_electronics_001.effect	oui		2.5;2.5;4
ep1\fx\enviroment\fire\e_fire_small_electronics_001.particle	oui		2.5;2.5;4
ep1\fx\enviroment\fire\e_fire_small_electronics_002.effect	oui		6.7;6.7;10.7
ep1\fx\enviroment\fire\e_fire_small_electronics_002.particle	oui		2.5;2.5;4
ep1\fx\enviroment\fire\e_fire_small_long_distance.particle	oui		2.5;2.5;4
ep1\fx\enviroment\fire\e_fire_small_tall_02.effect	oui		3.25;3.25;6.25
ep1\fx\enviroment\fire\e_fire_small_tall_02_inside_car.effect	oui		3.25;3.25;6.25
ep1\fx\enviroment\fire\e_fire_small_v2.particle	oui		2.5;2.5;4
ep1\fx\enviroment\fire\e_fire_small_very_small.effect	oui		1.65;1.65;2.29
ep1\fx\enviroment\fire\e_fire_small_very_small_area_002.effect	oui		4.83;4.83;7.66
ep1\fx\enviroment\fire\e_fire_small_with_light.effect	oui		2.5;2.5;4
ep1\fx\enviroment\fire\e_fire_super_small_big_distance_coin_building.particle	oui		11.85;11.85;21.2
ep1\fx\enviroment\fire\e_fire_very_small.particle	oui		2.21;2.21;2.23
ep1\fx\enviroment\fire\e_fire_very_small_01.particle	oui		1.65;1.65;2.29
ep1\fx\enviroment\fire\e_heat_device_001.particle	oui		1.49;1.49;1.98
ep1\fx\enviroment\fire\fire_small_01.particle	oui		1.58;1.58;2
ep1\fx\enviroment\fire\fire_very_small_without_sparks.particle	oui		1.96;1.96;1.98
ep1\fx\enviroment\fire\p_burning_aditionals_02.particle	oui		2.5;2.5;4
ep1\fx\enviroment\fire\p_burning_aditionals_03.particle	oui		2.5;2.5;4
ep1\fx\enviroment\flares\e_crane_flare_stadium_big.particle	oui		26;26;51
ep1\fx\enviroment\flares\e_fake_glow_light_001.particle	oui		1.5;1.5;1.5
ep1\fx\enviroment\flares\e_flare_big_building_001.particle	oui		1;1;1
ep1\fx\enviroment\flares\e_flare_fake_001.particle	oui		50;50;50
ep1\fx\enviroment\flares\e_flare_stadium_small_red.particle	oui		26;26;51
ep1\fx\enviroment\flares\e_lens_flare_01.particle	oui		27.5;27.5;52.5
ep1\fx\enviroment\flares\e_searchlights_black_sapphire_roof_001.particle	oui		7;7;12
ep1\fx\enviroment\flares\e_trailer_flare_smoke.particle	oui		27.5;27.5;52.5
ep1\fx\enviroment\flares\e_trailer_flare_smoke_part1.particle	oui		17.43;17.43;32.85
ep1\fx\enviroment\flares\e_trailer_flare_stadium.particle	oui		3;3;3
ep1\fx\enviroment\holograms\e_cracked_tube_002.particle	oui		5;5;5.19
ep1\fx\enviroment\holograms\e_cracked_tube_003.particle	non	1	3.65;2.67;5.19
ep1\fx\enviroment\holograms\e_light_beam_pillar_001.particle	oui		18;18;24
ep1\fx\enviroment\holograms\e_pyramid_light_beam.particle	oui		20.65;20.65;40.65
ep1\fx\enviroment\insects\e_cockroach_small_amount.particle	oui		1.83;1.83;2.36
ep1\fx\enviroment\insects\e_cockroach_small_area.particle	oui		0.93;0.93;0.95
ep1\fx\enviroment\insects\e_cockroach_surface_aligned_2x2_001.particle	oui		2.17;2.17;1.13
ep1\fx\enviroment\insects\e_flies_area_01_smaller.particle	oui		7.51;7.51;15.01
ep1\fx\enviroment\insects\e_flies_grass_rare.particle	oui		1.33;1.33;0.63
ep1\fx\enviroment\insects\e_flies_small_amount.particle	oui		0.02;0.02;0.02
ep1\fx\enviroment\insects\e_flies_test_v001.particle	oui		2.03;2.03;1.03
ep1\fx\enviroment\insects\e_flies_water_wet_places.particle	oui		1;1;1
ep1\fx\enviroment\insects\e_flies_water_wet_places_big_area.particle	oui		4.03;4.03;2.03
ep1\fx\enviroment\insects\e_vfx_flies_swarm_small_v001.particle	oui		0.03;0.03;0.03
ep1\fx\enviroment\lasers\e_decal_herkules_bullethole_001.particle	oui		11;11;16
ep1\fx\enviroment\lasers\e_herkules_decals_001.particle	oui		25.2;25.2;50.2
ep1\fx\enviroment\lasers\e_herkules_decals_002.particle	oui		0.29;0.29;0.09
ep1\fx\enviroment\lasers\e_red_constant_lasers.particle	oui		2.06;2.06;2.12
ep1\fx\enviroment\motes\e_dust_motes_base_medium.particle	oui		0.7;0.7;1.39
ep1\fx\enviroment\motes\e_dust_motes_base_movement_strong.particle	oui		0.18;0.18;0.35
ep1\fx\enviroment\motes\e_dust_motes_base_super_strong.particle	oui		0.7;0.7;1.39
ep1\fx\enviroment\motes\e_dust_motes_base_swirling.particle	oui		13.86;13.86;27.72
ep1\fx\enviroment\motes\e_dust_motes_base_swirling_02.particle	oui		0.99;0.99;1.97
ep1\fx\enviroment\motes\e_dust_motes_fast_movement_01.particle	oui		26.4;26.4;44.76
ep1\fx\enviroment\motes\e_dust_motes_fast_movement_01_small.particle	oui		24.37;24.37;42.73
ep1\fx\enviroment\motes\e_dust_motes_fast_movement_02.particle	oui		17.36;17.36;29.47
ep1\fx\enviroment\motes\e_motes_medium_01.particle	oui		1.37;1.37;2.23
ep1\fx\enviroment\motes\e_motes_medium_01_subtle.particle	oui		7.56;7.56;6.77
ep1\fx\enviroment\motes\e_motes_outdoor_01_small.particle	oui		6.74;6.74;5.46
ep1\fx\enviroment\motes\e_motes_small_01.particle	oui		1.37;1.37;2.23
ep1\fx\enviroment\motes\e_motes_small_dynamic_01.particle	oui		2.58;2.58;4.66
ep1\fx\enviroment\motes\e_motes_small_dynamic_02.particle	oui		0.76;0.76;1.51
ep1\fx\enviroment\motes\e_motes_small_dynamic_03.particle	oui		8.5;8.5;4.16
ep1\fx\enviroment\motes\e_motes_small_outdoor_01.particle	oui		6.58;6.58;5.16
ep1\fx\enviroment\motes\e_motes_small_outdoor_big_area_02.particle	oui		31.5;33.5;54.5
ep1\fx\enviroment\motes\e_motes_small_outdoor_nighttime_001.particle	oui		16.85;17.25;31.81
ep1\fx\enviroment\motes\e_vfx_dust_motes_v001.particle	oui		33.04;33.04;58.04
ep1\fx\enviroment\smoke\e_liquid_nitrogen_05m_slow_01.particle	oui		1.11;1.11;1.72
ep1\fx\enviroment\smoke\e_liquid_nitrogen_05m_slow_02.particle	oui		2.1;2.1;3.7
ep1\fx\enviroment\smoke\e_liquid_nitrogen_1m_puffy_001.particle	oui		4.25;4.85;7.41
ep1\fx\enviroment\smoke\e_liquid_nitrogen_1m_slow_01.particle	oui		1.89;1.89;3.28
ep1\fx\enviroment\smoke\e_liquid_nitrogen_1m_slow_02.particle	oui		2.9;2.9;5.3
ep1\fx\enviroment\smoke\e_liquid_nitrogen_1m_slow_03.particle	oui		1.21;1.21;1.81
ep1\fx\enviroment\smoke\e_liquid_nitrogen_3m_slow_01.particle	oui		2.9;2.9;5.3
ep1\fx\enviroment\smoke\e_liquid_nitrogen_5m_slow_01.particle	oui		3.61;3.61;6.61
ep1\fx\enviroment\smoke\e_liquid_nitrogen_floor_6x6m_spread_001.particle	oui		12.26;12.26;6.55
ep1\fx\enviroment\smoke\e_liquid_nitrogen_floor_6x6m_spread_002.particle	oui		7.7;7.7;5.39
ep1\fx\enviroment\smoke\e_liquid_nitrogen_floor_floating_2x8_001.particle	oui		7.1;3.3;4.75
ep1\fx\enviroment\smoke\e_liquid_nitrogen_floor_slow_001.particle	oui		8.81;8.81;11.16
ep1\fx\enviroment\smoke\e_liquid_nitrogen_pouring_directional_001.particle	oui		5.53;3.73;6.26
ep1\fx\enviroment\smoke\e_liquid_nitrogen_pouring_fast.particle	oui		11.7;7.14;12.09
ep1\fx\enviroment\smoke\e_liquid_nitrogen_pouring_sharp.particle	oui		2.63;2.63;4.26
ep1\fx\enviroment\smoke\e_liquid_nitrogen_pouring_sharp_01.particle	oui		3.86;3.86;6.64
ep1\fx\enviroment\smoke\e_liquid_nitrogen_pouring_sharp_wide_02.particle	oui		8.42;6.22;10.25
ep1\fx\enviroment\smoke\e_liquid_nitrogen_pouring_sharp_wide_03.particle	oui		19.19;13.99;25.37
ep1\fx\enviroment\smoke\e_liquid_nitrogen_pouring_sharp_wide_04.particle	oui		8.09;4.29;8.18
ep1\fx\enviroment\smoke\e_liquid_nitrogen_pouring_sharp_wide_05.particle	oui		31.6;26.4;50.6
ep1\fx\enviroment\smoke\e_liquid_nitrogen_pouring_sharp_wide_dispearsed.particle	oui		30.88;13.88;25.17
ep1\fx\enviroment\smoke\e_liquid_nitrogen_pouring_sharp_wide_dispearsed_01.particle	oui		29.92;18.92;35.24
ep1\fx\enviroment\smoke\e_liquid_nitrogen_pouring_sharp_wide_dispearsed_02.particle	oui		26;26;51
ep1\fx\enviroment\smoke\e_liquid_nitrogen_pouring_system_down_001.particle	non	6	25.6;25.6;50.6
ep1\fx\enviroment\smoke\e_liquid_nitrogen_pouring_system_down_002.particle	non	6	27.6;26;50.6
ep1\fx\enviroment\smoke\e_liquid_nitrogen_pouring_wide_001.particle	oui		10.04;8.24;15.29
ep1\fx\enviroment\smoke\e_liquid_nitrogen_server_box_big_01.particle	oui		11.78;10.48;20.67
ep1\fx\enviroment\smoke\e_liquid_nitrogen_server_box_big_02.particle	oui		2.15;2.95;3.27
ep1\fx\enviroment\smoke\e_liquid_nitrogen_server_box_big_03.particle	oui		2.15;2.15;3.27
ep1\fx\enviroment\smoke\e_liquid_nitrogen_server_box_big_subtle.particle	oui		4.71;3.41;4.83
ep1\fx\enviroment\smoke\e_small_dark_burned_smoke.particle	oui		3.33;3.33;5.45
ep1\fx\enviroment\smoke\e_smoke_ambient_exterior_delicate_2x2x2.particle	oui		16.32;16.32;16.64
ep1\fx\enviroment\smoke\e_smoke_ambient_interior_3x3x3_02.particle	oui		15.59;11.59;12.17
ep1\fx\enviroment\smoke\e_smoke_ambient_interior_medium_03.particle	oui		7.73;7.73;6.47
ep1\fx\enviroment\smoke\e_smoke_ambient_interior_narrow.particle	oui		7.28;5.58;8.56
ep1\fx\enviroment\smoke\e_smoke_ambient_interior_small_02.particle	oui		10.28;8.28;8.06
ep1\fx\enviroment\smoke\e_smoke_ambient_int_delicate.particle	oui		10;10;10
ep1\fx\enviroment\smoke\e_smoke_ambient_int_delicate_15x5x5.particle	oui		48;28;28
ep1\fx\enviroment\smoke\e_smoke_ambient_int_delicate_2x2x2.particle	oui		16;16;16
ep1\fx\enviroment\smoke\e_smoke_ambient_int_dense.particle	oui		11.5;11.5;11.5
ep1\fx\enviroment\smoke\e_smoke_ambient_slow_20x20x10.particle	oui		31.5;31.5;33.74
ep1\fx\enviroment\smoke\e_smoke_burned_cables_small_001.particle	oui		1.29;1.29;2.33
ep1\fx\enviroment\smoke\e_smoke_burned_scattered_big.particle	oui		24.8;26.8;39.6
ep1\fx\enviroment\smoke\e_smoke_burned_scattered_big_01.particle	oui		37;39;62
ep1\fx\enviroment\smoke\e_smoke_burned_scattered_big_02.particle	oui		37;39;62
ep1\fx\enviroment\smoke\e_smoke_burned_small_02.particle	oui		1.4;1.4;2.55
ep1\fx\enviroment\smoke\e_smoke_cover_dense.effect	oui		4;4;7
ep1\fx\enviroment\smoke\e_smoke_cover_dense.particle	oui		4;4;7
ep1\fx\enviroment\smoke\e_smoke_dark_burned_electronics_001.particle	oui		7.56;7.56;13.93
ep1\fx\enviroment\smoke\e_smoke_dense_hanging.particle	oui		7.42;7.42;5.95
ep1\fx\enviroment\smoke\e_smoke_dust_ambient_dense_int.particle	oui		11;11;11
ep1\fx\enviroment\smoke\e_smoke_dust_ambient_int.particle	oui		11.5;11.5;11.5
ep1\fx\enviroment\smoke\e_smoke_dust_hit_gate_001.particle	non	5	13.35;11.55;21.81
ep1\fx\enviroment\smoke\e_smoke_dust_street_blowing_big_001.particle	oui		40;40;54.2
ep1\fx\enviroment\smoke\e_smoke_explosion_dark_electonics_01.particle	non	4	25.8;25.8;50.8
ep1\fx\enviroment\smoke\e_smoke_exterior_column_ambient_001.particle	oui		27.5;27.5;52.5
ep1\fx\enviroment\smoke\e_smoke_exterior_hanging_party_area_001.particle	oui		76;76;20
ep1\fx\enviroment\smoke\e_smoke_exterior_slow_float_001.particle	oui		32.01;32.01;45.01
ep1\fx\enviroment\smoke\e_smoke_fog_hanging_001.particle	oui		15.59;15.59;15.17
ep1\fx\enviroment\smoke\e_smoke_fog_hanging_002.particle	oui		15.59;15.59;13.6
ep1\fx\enviroment\smoke\e_smoke_fog_hanging_003.particle	oui		15.59;15.59;15.17
ep1\fx\enviroment\smoke\e_smoke_fog_hanging_big_area_004.particle	oui		23.59;23.59;15.17
ep1\fx\enviroment\smoke\e_smoke_fog_hanging_interior_001.particle	oui		11.54;11.54;13.07
ep1\fx\enviroment\smoke\e_smoke_gun.effect	oui		6.61;6.61;6.27
ep1\fx\enviroment\smoke\e_smoke_gun.particle	oui		6.61;6.61;6.27
ep1\fx\enviroment\smoke\e_smoke_hanging_water.particle	oui		12.9;14.9;22.51
ep1\fx\enviroment\smoke\e_smoke_int_suspended_1x1m_bright_base.particle	oui		9.94;9.94;12.39
ep1\fx\enviroment\smoke\e_smoke_int_suspended_2x1m_base_apply_light.particle	oui		11.59;9.59;11.47
ep1\fx\enviroment\smoke\e_smoke_int_suspended_4x2m_base_masked_inside_car.particle	oui		15.59;11.59;12.17
ep1\fx\enviroment\smoke\e_smoke_int_suspended_4x2m_base_subtle.particle	oui		15.59;11.59;12.17
ep1\fx\enviroment\smoke\e_smoke_int_suspended_4x2m_subtle_masked_inside_car.particle	oui		15.59;11.59;12.17
ep1\fx\enviroment\smoke\e_smoke_int_suspended_4x2_delicate_slow.particle	oui		22;18;25
ep1\fx\enviroment\smoke\e_smoke_int_suspended_8x2m_base_thick.particle	oui		17.59;17.59;16.17
ep1\fx\enviroment\smoke\e_smoke_int_suspended_base_thick_2x5x2.particle	oui		11.59;17.59;15.17
ep1\fx\enviroment\smoke\e_smoke_low_tr_slow.particle	oui		11.55;11.55;22.71
ep1\fx\enviroment\smoke\e_smoke_low_tr_slow_02.particle	oui		4.6;4.6;8.95
ep1\fx\enviroment\smoke\e_smoke_medium_car_wreck_05_low.particle	oui		7.25;7.25;9.5
ep1\fx\enviroment\smoke\e_smoke_medium_dense_hanging.particle	oui		7.42;7.42;5.95
ep1\fx\enviroment\smoke\e_smoke_medium_super_thick_sparse_01.particle	oui		27.59;27.59;41.18
ep1\fx\enviroment\smoke\e_smoke_medium_super_thick_sparse_02.particle	oui		15.62;15.62;22.73
ep1\fx\enviroment\smoke\e_smoke_medium_super_thinck_sparse_01_low_auto_hide.particle	oui		27.59;27.59;41.18
ep1\fx\enviroment\smoke\e_smoke_medium_thick_car_wreck_02.particle	oui		6.7;6.7;8.39
ep1\fx\enviroment\smoke\e_smoke_medium_thick_car_wreck_03.particle	oui		10.02;10.02;15.05
ep1\fx\enviroment\smoke\e_smoke_medium_thick_car_wreck_04.particle	oui		2.56;2.56;4.47
ep1\fx\enviroment\smoke\e_smoke_medium_thick_car_wreck_04_low.particle	oui		7.25;7.25;9.5
ep1\fx\enviroment\smoke\e_smoke_medium_thick_car_wreck_04_wide.particle	oui		2.7;2.3;3.44
ep1\fx\enviroment\smoke\e_smoke_medium_thick_car_wreck_04_wide_small.particle	oui		1.43;2.03;2.11
ep1\fx\enviroment\smoke\e_smoke_medium_thick_car_wreck_05_inside.particle	oui		6.5;5.7;5.2
ep1\fx\enviroment\smoke\e_smoke_medium_thick_car_wreck_05_low.particle	oui		8;8;11
ep1\fx\enviroment\smoke\e_smoke_medium_thick_car_wreck_06_low.particle	oui		10.3;10.3;15.59
ep1\fx\enviroment\smoke\e_smoke_medium_thick_car_wreck_muammar_car.effect	oui		2.71;2.71;5.27
ep1\fx\enviroment\smoke\e_smoke_medium_thick_sparse_02.particle	oui		26.59;26.59;41.18
ep1\fx\enviroment\smoke\e_smoke_medium_thin_car_wreck_01_low_streaming_dist.particle	oui		22.83;22.83;40.26
ep1\fx\enviroment\smoke\e_smoke_medium_thin_car_wreck_02.particle	oui		5.53;5.53;9.5
ep1\fx\enviroment\smoke\e_smoke_medium_thin_car_wreck_03.particle	oui		15.55;15.55;25.71
ep1\fx\enviroment\smoke\e_smoke_pouring_floor_spread_kt.particle	oui		8.07;8.07;15.14
ep1\fx\enviroment\smoke\e_smoke_pouring_floor_spread_tr.particle	oui		8.65;8.65;16.3
ep1\fx\enviroment\smoke\e_smoke_pouring_spread_wide_001.particle	oui		16.65;15.05;38.09
ep1\fx\enviroment\smoke\e_smoke_steam_pouring_slow_001.particle	oui		5.54;5.94;10.07
ep1\fx\enviroment\smoke\e_smoke_suspended_interior_big_001.particle	oui		16.41;16.41;6.03
ep1\fx\enviroment\smoke\e_smoke_suspended_interior_big_002.particle	oui		18.39;18.39;9.99
ep1\fx\enviroment\smoke\e_smoke_underwater_narrow.particle	oui		17.59;11.59;19.17
ep1\fx\enviroment\smoke\e_smoke_wispy_pouring.particle	oui		2.48;2.48;4.45
ep1\fx\enviroment\smoke\e_smoke_wispy_pouring_01.particle	oui		2.8;2.8;4.91
ep1\fx\enviroment\smoke\e_steam_big_burst_core_001.particle	oui		6.75;1.55;0.9
ep1\fx\enviroment\smoke\e_steam_big_burst_core_002.particle	non	4	8.28;8.28;14.37
ep1\fx\enviroment\smoke\e_steam_big_burst_core_003.particle	non	4	8.28;8.28;14.37
ep1\fx\enviroment\smoke\e_steam_burst_medium_001.particle	non	4	1.57;1.57;2.13
ep1\fx\enviroment\smoke\e_steam_column_4x4x35_01.particle	oui		28;28;53
ep1\fx\enviroment\smoke\e_steam_column_core_fast_001.particle	non	4	8.2;8.2;14.2
ep1\fx\enviroment\smoke\e_steam_column_large_local_space.particle	oui		27.2;27.2;52.2
ep1\fx\enviroment\smoke\e_steam_exterior_column_5x5x50_signal_flare.particle	oui		27.5;27.5;52.5
ep1\fx\enviroment\smoke\e_steam_floor_spread_subtle_01.particle	oui		5.12;7.12;5.44
ep1\fx\enviroment\smoke\e_steam_jet_large.particle	oui		0.33;0.33;0.4
ep1\fx\enviroment\smoke\e_steam_jet_medium_02.particle	oui		0.33;0.33;0.4
ep1\fx\enviroment\smoke\e_steam_jet_medium_03.particle	oui		0.33;0.33;0.4
ep1\fx\enviroment\smoke\e_steam_jet_medium_04.particle	oui		0.53;0.53;0.6
ep1\fx\enviroment\smoke\e_steam_pipe_rising_large_dense_dark_01.particle	oui		15.25;15.25;26.5
ep1\fx\enviroment\smoke\e_steam_pipe_rising_medium_dense.particle	oui		5.86;5.86;7.71
ep1\fx\enviroment\smoke\e_steam_pouring_curtain_ending.particle	oui		3.74;4.14;6.48
ep1\fx\enviroment\smoke\e_steam_pouring_curtain_ending_long.particle	oui		4.7;5.1;8.39
ep1\fx\enviroment\smoke\e_steam_pouring_disperse_local.particle	oui		5.38;2.58;4.16
ep1\fx\enviroment\smoke\e_steam_pouring_fast.particle	oui		2.48;2.48;3.81
ep1\fx\enviroment\smoke\e_steam_pouring_kt.particle	oui		8.76;8.76;16.27
ep1\fx\enviroment\smoke\e_steam_pouring_long.particle	oui		7.78;8.18;14.57
ep1\fx\enviroment\smoke\e_steam_pouring_long_local_002.particle	oui		15.15;15.55;29.31
ep1\fx\enviroment\smoke\e_steam_pouring_slow_local.particle	oui		2.16;2.56;3.32
ep1\fx\enviroment\smoke\e_steam_pouring_slow_long_dimmer.particle	oui		3.3;2.5;4
ep1\fx\enviroment\smoke\e_steam_pouring_slow_long_dimmer_02.particle	oui		3.3;2.5;4
ep1\fx\enviroment\smoke\e_steam_pouring_slow_long_local.particle	oui		3.14;3.14;5.28
ep1\fx\enviroment\smoke\e_steam_pouring_slow_narrow.particle	oui		2.16;2.56;3.32
ep1\fx\enviroment\smoke\e_steam_sewer_upward_001.particle	oui		12.5;8.7;13.2
ep1\fx\enviroment\smoke\e_steam_stream_big_heat_001.particle	oui		2.15;3.65;3.1
ep1\fx\enviroment\smoke\e_steam_vapours_serwer_001.particle	oui		20.24;20.24;16.49
ep1\fx\enviroment\smoke\e_steam_vents_001.particle	oui		2.03;2.03;3.07
ep1\fx\enviroment\smoke\e_steam_vents_intake_001.particle	oui		6.15;6.15;8.3
ep1\fx\enviroment\smoke\e_steam_vents_intake_002.particle	oui		4;4;4
ep1\fx\enviroment\smoke\e_steam_whispy_vents_big_001.particle	oui		2.74;2.74;5.08
ep1\fx\enviroment\smoke\e_steam_whispy_vents_big_002.particle	oui		4.24;5.04;8.27
ep1\fx\enviroment\smoke\e_steam_whispy_vents_big_003.particle	oui		2.74;2.74;5.08
ep1\fx\enviroment\smoke\e_steam_whispy_vents_radial_001.particle	oui		8.42;5.02;8.64
ep1\fx\enviroment\smoke\e_steam_whispy_vents_small_delicate_001.particle	oui		3.52;3.52;6.64
ep1\fx\enviroment\smoke\e_trailer_08_pouringsmoke.particle	oui		3.74;3.94;6.68
ep1\fx\enviroment\smoke\e_trailer_09_pouringsmoke.particle	oui		5.16;5.36;9.52
ep1\fx\enviroment\smoke\e_trailer_10_pouringsmoke.particle	oui		5.09;5.29;9.39
ep1\fx\enviroment\smoke\e_trailer_hanging_mist.particle	oui		17.59;11.59;14.87
ep1\fx\enviroment\smoke\e_trailer_hanging_mist_01.particle	oui		39.62;13.62;21.24
ep1\fx\enviroment\smoke\e_trailer_hanging_mist_02.particle	oui		23.16;11.16;15.83
ep1\fx\enviroment\smoke\e_trailer_hanging_mist_03.particle	oui		23.62;13.62;25.24
ep1\fx\enviroment\smoke\e_trailer_hanging_mist_04_behind_the_sculpture.particle	oui		36.04;11.04;30.07
ep1\fx\enviroment\smoke\e_trailer_hanging_mist_05_camera_close_stairs.particle	oui		15.04;11.04;18.07
ep1\fx\enviroment\smoke\e_trailer_hanging_mist_05_camera_far_stairs.particle	oui		15.04;13.04;20.07
ep1\fx\enviroment\smoke\e_trailer_hanging_mist_06_first_plane.particle	oui		21.03;21.03;41.07
ep1\fx\enviroment\smoke\e_trailer_hanging_mist_07_first_plane_bright_building.particle	oui		8.97;8.97;16.95
ep1\fx\enviroment\smoke\e_trailer_hanging_mist_07_maxtac_car.effect	oui		14.27;14.57;24.66
ep1\fx\enviroment\smoke\e_trailer_hanging_mist_07_maxtac_car.particle	oui		14.27;14.57;24.66
ep1\fx\enviroment\smoke\e_trailer_hanging_mist_07_maxtac_car_low.particle	oui		17.38;20.38;25.97
ep1\fx\enviroment\smoke\large\e_smoke_column_3x3x20_directional.particle	oui		24;24;44
ep1\fx\enviroment\smoke\large\e_smoke_column_4x4x35.particle	oui		28;28;53
ep1\fx\enviroment\smoke\q116_adam_smasher_smoke_floor_less_particles.particle	oui		16.26;16.26;23.06
ep1\fx\enviroment\smoke\small\e_smoke_interior_hallway_subtle.effect	oui		0;0;0
ep1\fx\enviroment\smoke\small\stick_smoke_01.particle	oui		3.75;3.75;6
ep1\fx\enviroment\sparks\e_electricity_arcing_cables_001.effect	oui		6.29;6.29;12.42
ep1\fx\enviroment\sparks\e_electricity_arcing_cables_001.particle	oui		4.02;4.02;8.03
ep1\fx\enviroment\sparks\e_robotic_arms_welding_sparks.effect	non	1.01	6.29;6.29;12.42
ep1\fx\enviroment\sparks\e_robotic_arms_welding_sparks_001.particle	non	1	6.29;6.29;12.42
ep1\fx\enviroment\sparks\e_sparks_burst_electrical_bust_001.particle	oui		25.15;25.15;50.15
ep1\fx\enviroment\sparks\e_sparks_cable_electric_failure_medium_constant_falling_02.effect	oui		2.37;2.37;4.14
ep1\fx\enviroment\sparks\e_sparks_cable_electric_failure_medium_constant_falling_02.particle	oui		2.37;2.37;4.14
ep1\fx\enviroment\sparks\e_sparks_cable_electric_failure_medium_loop.particle	oui		2.9;2.9;5.55
ep1\fx\enviroment\sparks\e_sparks_cable_electric_failure_small_001.particle	oui		2.71;2.71;5.27
ep1\fx\enviroment\sparks\e_sparks_cable_electric_failure_small_01_loop.effect	oui		0.28;0.28;0.4
ep1\fx\enviroment\sparks\e_sparks_cable_electric_failure_small_01_loop.particle	oui		0.28;0.28;0.4
ep1\fx\enviroment\sparks\e_sparks_cable_electric_failure_small_02_01_loop.particle	oui		15.15;15.15;30.15
ep1\fx\enviroment\sparks\e_sparks_cable_electric_failure_small_02_loop.effect	oui		4.65;4.65;9.15
ep1\fx\enviroment\sparks\e_sparks_cable_electric_failure_small_02_loop.particle	oui		4.65;4.65;9.15
ep1\fx\enviroment\sparks\e_sparks_cable_electric_failure_small_03_loop.effect	oui		2.9;2.9;5.55
ep1\fx\enviroment\sparks\e_sparks_cable_electric_failure_small_03_loop.particle	oui		2.9;2.9;5.55
ep1\fx\enviroment\sparks\e_sparks_cable_electric_failure_small_04_loop.particle	oui		0.7;0.7;0.7
ep1\fx\enviroment\sparks\e_sparks_door_electricity_small_001.effect	oui		1.25;1.33;1.87
ep1\fx\enviroment\sparks\e_sparks_door_electric_small_01_loop.particle	non	4	1.03;1.03;1.05
ep1\fx\enviroment\sparks\e_sparks_electricity_cable_failure_001.effect	oui		4.62;4.62;9.12
ep1\fx\enviroment\sparks\e_sparks_electric_failure_looped_001.effect	oui		5.02;5.02;9.44
ep1\fx\enviroment\sparks\e_sparks_electric_serwer_001.particle	oui		2.7;2.7;5
ep1\fx\enviroment\sparks\e_sparks_electric_small_02_loop.particle	oui		2.97;2.97;5.84
ep1\fx\enviroment\sparks\e_sparks_embers_crashsite_big_area_001.particle	oui		23.02;23.02;9.14
ep1\fx\enviroment\sparks\e_sparks_embers_crashsite_big_area_002.particle	oui		20.89;20.89;27.74
ep1\fx\enviroment\sparks\e_sparks_floating_big_area_001.particle	oui		50.01;50.01;29.03
ep1\fx\enviroment\sparks\e_sparks_grill_tr_distance.particle	oui		2.4;2.1;3.1
ep1\fx\enviroment\sparks\e_sparks_medium_burst_loop.effect	oui		0.21;0.21;0.38
ep1\fx\enviroment\sparks\e_sparks_medium_burst_loop.particle	oui		0.21;0.21;0.38
ep1\fx\enviroment\sparks\e_sparks_medium_burst_loop_02.effect	oui		0.21;0.21;0.38
ep1\fx\enviroment\sparks\e_sparks_medium_burst_loop_03.effect	oui		0.21;0.21;0.38
ep1\fx\enviroment\sparks\e_sparks_serwer_destroyed_001.particle	oui		4.02;4.02;8.03
ep1\fx\enviroment\sparks\e_sparks_welding_distance_001.particle	oui		19.29;19.29;38.38
ep1\fx\enviroment\sparks\e_sparks_welding_distance_002.particle	oui		7.81;7.81;15.61
ep1\fx\enviroment\sparks\e_sparks_welding_distance_003.particle	oui		7.54;7.54;15.04
ep1\fx\enviroment\sparks\e_sparks_welding_distance_004.particle	oui		5.4;5.4;10.59
ep1\fx\enviroment\sparks\e_trailer_sparks_entrance.particle	oui		10.89;10.89;21.49
ep1\fx\enviroment\sparks\e_welding_sparks_loop.particle	oui		3.84;3.84;7.56
ep1\fx\enviroment\sparks\e_welding_sparks_loop_distance_001.particle	oui		13.36;13.36;26.52
ep1\fx\enviroment\sparks\e_welding_sparks_loop_distance_002.particle	oui		10.7;10.7;21.2
ep1\fx\enviroment\sparks\sparks_electric_fail_loop_medium.effect	oui		4.02;4.02;8.03
ep1\fx\enviroment\sparks\sparks_electric_fail_loop_medium_delay.effect	oui		4.02;4.02;8.03
ep1\fx\enviroment\underwater\e_bubbles_underwater_streak_constant_high_001.particle	oui		4;4;7.5
ep1\fx\enviroment\underwater\e_bubbles_underwater_streak_constant_low_001.particle	oui		2.3;2.3;4.3
ep1\fx\enviroment\underwater\e_underwater_motes_medium_area_01.particle	oui		6.7;6.7;4.39
ep1\fx\enviroment\vegetation\e_foliage_conifer_tree_debris.particle	oui		5;5;4
ep1\fx\enviroment\vegetation\e_foliage_dry_grass_debris.particle	oui		3;3;3
ep1\fx\enviroment\vegetation\e_foliage_grass.particle	oui		3.76;3.76;6.1
ep1\fx\enviroment\vegetation\e_foliage_leafs_falling_slow_001.particle	oui		7.35;5.35;3.35
ep1\fx\enviroment\vegetation\e_foliage_leafs_falling_slow_002.particle	oui		13.35;5.35;3.35
ep1\fx\enviroment\vegetation\e_foliage_leafs_falling_slow_003.particle	oui		7.35;5.35;3.35
ep1\fx\enviroment\vegetation\e_foliage_leaf_long_lifetime.particle	oui		7.63;7.63;14.95
ep1\fx\enviroment\vegetation\e_foliage_leaves_street.particle	oui		12.95;13.15;24.79
ep1\fx\enviroment\water\e_broken_pipe_splashes_subtle.particle	oui		0.7;0.7;0.75
ep1\fx\enviroment\water\e_broken_pipe_water_02.particle	oui		1.96;1.96;3.27
ep1\fx\enviroment\water\e_broken_pipe_water_03.particle	oui		1.64;1.64;2.93
ep1\fx\enviroment\water\e_broken_pipe_water_04.particle	oui		1.26;1.26;2.18
ep1\fx\enviroment\water\e_broken_pipe_water_05.particle	oui		1.26;1.26;2.18
ep1\fx\enviroment\water\e_bubbles_underwater_streak_bursts.particle	oui		1.5;1.5;2.7
ep1\fx\enviroment\water\e_caustics_smallriver.particle	oui		11;11;16
ep1\fx\enviroment\water\e_fountain_2m_01.effect	oui		2.88;2.88;4.5
ep1\fx\enviroment\water\e_fountain_2m_01.particle	oui		2.88;2.88;4.5
ep1\fx\enviroment\water\e_fountain_2m_02.effect	oui		2.02;2.02;3.05
ep1\fx\enviroment\water\e_fountain_2m_02.particle	oui		2.02;2.02;3.05
ep1\fx\enviroment\water\e_leaves_floating_surface.particle	oui		3.96;3.96;7.63
ep1\fx\enviroment\water\e_leaves_floating_surface_dried.particle	oui		3.96;3.96;7.63
ep1\fx\enviroment\water\e_liquid_dripping_narrow_long.particle	oui		0.11;0.11;0.01
ep1\fx\enviroment\water\e_point_water_splashes.particle	oui		0.7;0.7;1.1
ep1\fx\enviroment\water\e_rainroof_stream_wide_01.particle	oui		2.1;2.1;3.2
ep1\fx\enviroment\water\e_rain_roof_stream_04.particle	oui		7.48;7.48;13.47
ep1\fx\enviroment\water\e_small_stream_bottom.particle	oui		1.5;1.5;1.5
ep1\fx\enviroment\water\e_small_stream_splashes.particle	oui		0.49;0.75;0.5
ep1\fx\enviroment\water\e_small_stream_splashes_01.particle	oui		0.43;0.68;0.38
ep1\fx\enviroment\water\e_small_stream_splashes_02.particle	oui		0.47;0.63;0.46
ep1\fx\enviroment\water\e_stream_splashes_droplets.particle	oui		2.35;2.35;4.6
ep1\fx\enviroment\water\e_stream_splashes_droplets_01.particle	oui		2.28;2.28;4.53
ep1\fx\enviroment\water\e_trash_floating_surface_1x1.particle	oui		2.9;2.9;2.05
ep1\fx\enviroment\water\e_trash_floating_surface_1x1_dense.particle	oui		2.5;2.5;2.1
ep1\fx\enviroment\water\e_trash_floating_surface_1x1_small_amount.particle	oui		2.9;2.9;2.05
ep1\fx\enviroment\water\e_trash_floating_surface_big_area.particle	oui		17.5;17.5;2.05
ep1\fx\enviroment\water\e_waterfall_small_splashes.particle	oui		4.29;5;6.58
ep1\fx\enviroment\water\e_waterfall_splashes_line.particle	oui		0.85;0.85;1.05
ep1\fx\enviroment\water\e_waterfall_splashes_small.particle	oui		0.85;0.85;1.05
ep1\fx\enviroment\water\e_waterfall_waves.particle	oui		5;5;5
ep1\fx\enviroment\water\e_waterfall_waves_01.particle	oui		2.03;2.23;3.55
ep1\fx\enviroment\water\e_waterfall_waves_01_fast.particle	oui		1.65;1.84;2.79
ep1\fx\enviroment\water\e_waterfall_waves_01_fast_02.particle	oui		1.28;1.48;2.1
ep1\fx\enviroment\water\e_waterfall_waves_01_fast_03.particle	oui		3.49;1.49;2.54
ep1\fx\enviroment\water\e_waterfall_waves_01_fast_04.particle	oui		3.64;1.64;2.82
ep1\fx\enviroment\water\e_waterfall_waves_02.particle	oui		4.95;5.25;9.45
ep1\fx\enviroment\water\e_waterfall_waves_somi_escape.particle	oui		5;5;5
ep1\fx\enviroment\water\e_water_broken_pipe.particle	oui		9.81;9.81;18.63
ep1\fx\enviroment\water\e_water_broken_pipe_02.particle	oui		10.06;10.06;18.88
ep1\fx\enviroment\water\e_water_broken_pipe_03.particle	oui		3.2;3.6;5.2
ep1\fx\enviroment\water\e_water_dirty_splashes_001.particle	oui		9.67;9.87;16.33
ep1\fx\enviroment\water\e_water_dripping_big_002.particle	oui		0.61;0.11;0.01
ep1\fx\enviroment\water\e_water_dripping_big_long_001.particle	oui		0.7;0.2;0.1
ep1\fx\enviroment\water\e_water_dripping_constant_02.particle	oui		0.11;0.11;0.01
ep1\fx\enviroment\water\e_water_dripping_constant_tr.particle	oui		0.11;0.11;0.01
ep1\fx\enviroment\water\e_water_dripping_low.particle	oui		1.01;0.12;0.02
ep1\fx\enviroment\water\e_water_dripping_narrow_strong.particle	oui		0.11;0.11;0.01
ep1\fx\enviroment\water\e_water_dripping_strong.particle	oui		0.61;0.11;0.01
ep1\fx\enviroment\water\e_water_dripping_wide_002.particle	oui		2.01;0.81;0.01
ep1\fx\enviroment\water\e_water_drips_lineemitter.particle	oui		0.6;1.2;0.4
ep1\fx\enviroment\water\e_water_drips_small_coll_01.effect	oui		4;4;4
ep1\fx\enviroment\water\e_water_drips_small_coll_01.particle	oui		4;4;4
ep1\fx\enviroment\water\e_water_drips_small_coll_02.effect	oui		4;4;4
ep1\fx\enviroment\water\e_water_drips_small_coll_02.particle	oui		4;4;4
ep1\fx\enviroment\water\e_water_drips_small_coll_03.particle	oui		4;4;4
ep1\fx\enviroment\water\e_water_drips_tap_01.particle	oui		0.1;0.1;0.1
ep1\fx\enviroment\water\e_water_drips_tap_long_02.particle	oui		0.01;0.01;0.01
ep1\fx\enviroment\water\e_water_gush.particle	oui		8.21;8.21;16.22
ep1\fx\enviroment\water\e_water_sewer_dirty_001.particle	oui		7.66;7.66;13.32
ep1\fx\enviroment\water\e_water_splashes_big_visible_01.particle	oui		0.61;0.11;0.01
ep1\fx\enviroment\water\e_water_splashes_big_visible_01_low.particle	oui		2.01;0.11;0.01
ep1\fx\enviroment\water\e_water_splashes_big_visible_02.particle	oui		1.01;0.21;0.01
ep1\fx\enviroment\water\e_water_splashes_medium_001.particle	oui		2.3;2.3;1.6
ep1\fx\enviroment\water\e_water_splashes_medium_002.particle	oui		1.08;1.08;1.06
ep1\fx\enviroment\water\e_water_splashes_medium_003.particle	oui		2.11;2.11;2.22
ep1\fx\enviroment\water\e_water_splashes_medium_004.particle	oui		3.12;3.12;3.25
ep1\fx\enviroment\water\e_water_splashes_medium_fast_003.particle	oui		3.2;3.2;3.4
ep1\fx\enviroment\water\e_water_splashes_medium_fast_004.particle	oui		3.15;3.15;3.3
ep1\fx\enviroment\water\e_water_splashes_medium_fast_005.particle	oui		2.02;2.02;2.03
ep1\fx\enviroment\water\e_water_splashes_medium_fast_006.particle	oui		1.03;1.03;1.05
ep1\fx\enviroment\water\e_water_splashes_point.particle	oui		0.85;0.85;1.05
ep1\fx\enviroment\water\e_water_sprinkler_broken.effect	oui		13.81;13.81;22.63
ep1\fx\enviroment\water\e_water_sprinkler_broken.particle	oui		13.81;13.81;22.63
ep1\fx\enviroment\water\e_water_sprinkler_broken_01.effect	oui		13.81;13.81;22.63
ep1\fx\enviroment\water\e_water_sprinkler_broken_01.particle	oui		13.81;13.81;22.63
ep1\fx\enviroment\water\e_water_sprinkler_broken_02.particle	oui		2.55;2.55;5.05
ep1\fx\enviroment\water\e_water_sprinkler_broken_03.particle	oui		2.55;2.55;5.05
ep1\fx\enviroment\water\e_water_sprinkler_broken_04.particle	oui		2.55;2.55;5.05
ep1\fx\enviroment\water\e_water_sprinler_broken_02.effect	oui		2.55;2.55;5.05
ep1\fx\enviroment\water\e_wet_underwater_ripples_001.particle	oui		3.05;3.05;0.63
ep1\fx\enviroment\water\e_wet_wall_water_001.particle	oui		6.33;6.53;6.45
ep1\fx\gameplay\perks_ep1\monowire\monowire_spy_fx.effect	non	1.72	2.08;2.15;2.09
ep1\fx\gameplay\perks_ep1\monowire\monowire_spy_vfx_weapon.particle	non	0.75	2.08;2.15;2.09
ep1\fx\gameplay\perks_ep1\monowire\monowire_weapon_on_long.effect	non	1.56	0;0;0
ep1\fx\gameplay\perks_ep1\relic_launcher\relictree_explosion_relic_round_charged.effect	non	30	27.5;27.5;52.5
ep1\fx\gameplay\perks_ep1\relic_launcher\relictree_explosion_relic_round_charged.particle	non	6	25.2;25.2;50.2
ep1\fx\gameplay\perks_ep1\relic_launcher\relictree_meleeware_attack_launcher.effect	non	2.13	1;1;1
ep1\fx\gameplay\perks_ep1\relic_launcher\relictree_meleeware_attack_onscreen_launcher.particle	non	0.3	1;1;1
ep1\fx\gameplay\perks_ep1\relic_launcher\relictree_meleeware_chargeindicator_initial_circle_launcher.particle	non	0.3	0;0.01;0.01
ep1\fx\gameplay\perks_ep1\relic_launcher\relictree_meleeware_chargeindicator_initial_launcher.particle	non	0.4	0.7;0.71;0.71
ep1\fx\gameplay\perks_ep1\relic_launcher\relictree_meleeware_chargeindicator_launcher.effect	oui		1;1;1
ep1\fx\gameplay\perks_ep1\relic_launcher\relictree_meleeware_chargeindicator_launcher.particle	oui		0.8;0.71;0.71
ep1\fx\gameplay\perks_ep1\relic_launcher\relictree_meleeware_chargeindicator_onscreen_launcher.particle	oui		1;1;1
ep1\fx\gameplay\perks_ep1\relic_mantis_blades\relictree_meleeware_attack_mantisblades.effect	non	2.13	1;1;1
ep1\fx\gameplay\perks_ep1\relic_mantis_blades\relictree_meleeware_attack_mantisblades.particle	non	0.5	3.18;3.18;3.45
ep1\fx\gameplay\perks_ep1\relic_mantis_blades\relictree_meleeware_attack_onscreen_mantisblades.particle	non	1	1;1;1
ep1\fx\gameplay\perks_ep1\relic_mantis_blades\relictree_meleeware_chargeindicatior_onscreen_mantisblades.particle	oui		1;1;1
ep1\fx\gameplay\perks_ep1\relic_mantis_blades\relictree_meleeware_chargeindicator_mantisblades.particle	oui		0.7;0.71;0.71
ep1\fx\gameplay\perks_ep1\relic_mantis_blades\relictree_meleeware_chargeindicator_mantisblades_01.particle	oui		0.7;0.71;0.71
ep1\fx\gameplay\perks_ep1\relic_mantis_blades\relictree_meleeware_chargeindicator_mantisblades_02.particle	oui		0.7;0.71;0.71
ep1\fx\gameplay\perks_ep1\relic_mantis_blades\relictree_meleeware_chargeindicator_mantisblades_03.particle	oui		0.7;0.71;0.71
ep1\fx\gameplay\perks_ep1\relic_player\relictree_meleeware_powerup.effect	non	0.99	1;1;1
ep1\fx\gameplay\perks_ep1\relic_player\relictree_meleeware_powerup.particle	oui		1;1;1
ep1\fx\gameplay\perks_ep1\spy_strong_arms_punch\spy_strong_arms_charge_fx.particle	oui		0.7;0.71;0.71
ep1\fx\gameplay\perks_ep1\spy_strong_arms_punch\spy_strong_arms_charge_fx2.particle	non		0;0;0
ep1\fx\gameplay\perks_ep1\spy_strong_arms_punch\spy_strong_arms_charge_hand_fx.particle	oui		0.7;0.71;0.71
ep1\fx\gameplay\perks_ep1\spy_strong_arms_punch\spy_strong_arms_hit.effect	non	3.43	8.83;8.83;16.65
ep1\fx\gameplay\perks_ep1\spy_strong_arms_punch\spy_strong_arms_punch_ground.effect	non	5.26	26;26;51
ep1\fx\gameplay\perks_ep1\spy_strong_arms_punch\spy_strong_arms_punch_ground.particle	non	8	26;26;51
ep1\fx\gameplay\perks_ep1\spy_strong_arms_punch\spy_stron_arms_charge_fx.effect	oui		0;0;0
ep1\fx\gameplay\perks_ep1\spy_strong_arms_punch\spy_stron_arms_charge_fx2.effect	oui		0.7;0.71;0.71
ep1\fx\gameplay\perks_ep1\spy_strong_arms_punch\spy_stron_arms_punch_hit.particle	non	0.75	8.83;8.83;16.65
ep1\fx\gameplay\player\big_breach_emp_explosion.particle	non	3	17.62;17.62;34.94
ep1\fx\gameplay\player\breach_emp_explosion.effect	non	6.85	17.62;17.62;34.94
ep1\fx\gameplay\player\breach_emp_explosion.particle	non	3	17.62;17.62;34.94
ep1\fx\gameplay\player\breach_emp_explosion_big.effect	non	6.85	17.62;17.62;34.94
ep1\fx\player\blackwall\blackwall_onscreen_extreme.effect	oui		3;3;3
ep1\fx\player\blackwall\blackwall_onscreen_extreme.particle	oui		3;3;3
ep1\fx\player\blackwall\blackwall_onscreen_extreme_long.particle	non	3	1;1;1
ep1\fx\player\blackwall\blackwall_onscreen_extreme_short.effect	non	1	1;1;1
ep1\fx\player\blackwall\blackwall_onscreen_extreme_short.particle	non	1	1;1;1
ep1\fx\player\blackwall\blackwall_onscreen_high.effect	oui		1;1;1
ep1\fx\player\blackwall\blackwall_onscreen_high.particle	oui		1;1;1
ep1\fx\player\blackwall\blackwall_onscreen_high_short.effect	non	0.5	1;1;1
ep1\fx\player\blackwall\blackwall_onscreen_high_short.particle	non	0.5	1;1;1
ep1\fx\player\blackwall\blackwall_onscreen_low.effect	oui		1;1;1
ep1\fx\player\blackwall\blackwall_onscreen_low.particle	oui		1;1;1
ep1\fx\player\blackwall\blackwall_onscreen_low_short.effect	non	0.5	1;1;1
ep1\fx\player\blackwall\blackwall_onscreen_low_short.particle	non	1	1;1;1
ep1\fx\player\blackwall\blackwall_onscreen_mid.effect	oui		1;1;1
ep1\fx\player\blackwall\blackwall_onscreen_mid.particle	oui		1;1;1
ep1\fx\player\blackwall\blackwall_onscreen_mid_short.effect	non	1	1;1;1
ep1\fx\player\blackwall\blackwall_onscreen_mid_short.particle	non	1	1;1;1
ep1\fx\player\p_cybermask.effect	non	3	1;1;1
ep1\fx\player\p_cybermask.particle	non	2	1;1;1
ep1\fx\player\p_floaters.effect	oui		2.5;2.5;4
ep1\fx\player\p_floaters.particle	oui		2.5;2.5;4
ep1\fx\player\p_songbird_sickness.effect	oui		1;1;1
ep1\fx\player\p_songbird_sickness.particle	oui		1;1;1
ep1\fx\quest\mq301\mq301_initiaion_transition.effect	non	5	25.1;25.1;50.1
ep1\fx\quest\mq301\mq301_scene_transition.effect	non	14	25.1;25.1;50.1
ep1\fx\quest\mq301\mq301_scene_transition_black.particle	oui		8;8;15
ep1\fx\quest\mq301\mq301_scene_transition_exit.effect	non	6.08	25.1;25.1;50.1
ep1\fx\quest\mq301\mq301_scene_transition_exit.particle	oui		8;8;15
ep1\fx\quest\mq304\mq304_blindess.effect	non	5	0;0;0
ep1\fx\quest\mq304\mq304_headshot.effect	non	600	10;10;19.01
ep1\fx\quest\q301\border\q301_blackwall_black_bg.effect	oui		3;3;3
ep1\fx\quest\q301\border\q301_blackwall_black_bg.particle	oui		3;3;3
ep1\fx\quest\q301\border\q301_blackwall_onscreen_analog_sick.effect	oui		3;3;3
ep1\fx\quest\q301\border\q301_blackwall_onscreen_analog_sick.particle	oui		3;3;3
ep1\fx\quest\q301\border\q301_blackwall_onscreen_analog_sick_bright_spots_separated.effect	oui		1;1;1
ep1\fx\quest\q301\border\q301_blackwall_onscreen_analog_sick_bright_spots_separated.particle	oui		1;1;1
ep1\fx\quest\q301\border\q301_blackwall_onscreen_analog_sick_soft_exit.effect	oui		3;3;3
ep1\fx\quest\q301\border\q301_blackwall_onscreen_analog_sick_soft_pulse.effect	oui		3;3;3
ep1\fx\quest\q301\border\q301_blackwall_onscreen_extreme_blackstart.effect	oui		3;3;3
ep1\fx\quest\q301\border\q301_blackwall_onscreen_lab_callingkrausser.effect	non	1.01	3;3;3
ep1\fx\quest\q301\border\q301_blackwall_onscreen_lab_callingkrausser.particle	non	2	3;3;3
ep1\fx\quest\q301\border\q301_blackwall_onscreen_lab_psycho2.effect	non	3	3;3;3
ep1\fx\quest\q301\border\q301_blackwall_onscreen_lab_psycho2.particle	non	2	3;3;3
ep1\fx\quest\q301\border\q301_blackwall_onscreen_lab_psycho2_fly_away.effect	non	3	3;3;3
ep1\fx\quest\q301\border\q301_blackwall_onscreen_lab_psycho2_fly_away.particle	non	2	3;3;3
ep1\fx\quest\q301\border\q301_blackwall_onscreen_lab_psycho3.effect	non	3	3;3;3
ep1\fx\quest\q301\border\q301_blackwall_onscreen_lab_psycho3.particle	non	2	3;3;3
ep1\fx\quest\q301\border\q301_blackwall_onscreen_lab_psycho3_delicate.effect	non	1.51	3;3;3
ep1\fx\quest\q301\border\q301_blackwall_onscreen_lab_psycho3_delicate.particle	non	2	3;3;3
ep1\fx\quest\q301\border\q301_blackwall_onscreen_lab_scene.effect	non	3	2;1.05;1.1
ep1\fx\quest\q301\border\q301_blackwall_onscreen_lab_scene.particle	non	2	3;3;3
ep1\fx\quest\q301\border\q301_blackwall_onscreen_lab_scene_loop.effect	oui		3;3;3
ep1\fx\quest\q301\border\q301_blackwall_onscreen_lab_scene_loop.particle	oui		3;3;3
ep1\fx\quest\q301\border\q301_border_car_distraction.effect	oui		0;0;0
ep1\fx\quest\q301\border\q301_border_holocall_hook_blackwall.effect	non	3.12	1;1;1
ep1\fx\quest\q301\border\q301_border_holocall_hook_blackwall.particle	oui		1;1;1
ep1\fx\quest\q301\border\q301_border_johny_disappearance.effect	non	21.3	1.5;1.5;1.5
ep1\fx\quest\q301\border\q301_border_johny_disappearance.particle	non	21.3	1.5;1.5;1.5
ep1\fx\quest\q301\border\q301_border_machine_distraction.effect	oui		3.3;3.3;6.3
ep1\fx\quest\q301\border\q301_border_machine_distraction_lightnining.particle	oui		1;1;1
ep1\fx\quest\q301\border\q301_border_machine_sparks_welder.particle	oui		1.99;1.99;3.95
ep1\fx\quest\q301\border\q301_border_personal_link_blackwall.particle	non	4	5.3;5.3;6.6
ep1\fx\quest\q301\border\q301_border_personal_link_blackwalled.effect	non	4.2	5.3;5.3;6.6
ep1\fx\quest\q301\border\q301_border_personal_link_lightnings.particle	non	0.15	2.2;2.2;2
ep1\fx\quest\q301\border\q301_border_smoke_dark.particle	oui		31.2;31.2;62
ep1\fx\quest\q301\border\q301_somi_change_into_hologram.effect	oui		0;0;0
ep1\fx\quest\q301\border\trailer2023\q301_blackwall_onscreen_analog_sick_trailer2023.effect	oui		2;2;2
ep1\fx\quest\q301\border\trailer2023\q301_blackwall_onscreen_analog_sick_trailer2023.particle	oui		2;2;2
ep1\fx\quest\q301\border\trailer2023\q301_blackwall_onscreen_extreme_short_trailer2023.effect	non	1	1.5;1.5;2
ep1\fx\quest\q301\border\trailer2023\q301_blackwall_onscreen_extreme_short_trailer2023.particle	non	1	1.5;1.5;2
ep1\fx\quest\q301\border\trailer2023\q301_blackwall_onscreen_lab_callingkrausser_trailer2023.effect	non	1.01	1.12;1.12;1.25
ep1\fx\quest\q301\border\trailer2023\q301_blackwall_onscreen_lab_callingkrausser_trailer2023.particle	non	2	1.12;1.12;1.25
ep1\fx\quest\q301\border\trailer2023\q301_blackwall_onscreen_lab_psycho3_trailer2023.effect	non	3	1.25;1.25;1.5
ep1\fx\quest\q301\border\trailer2023\q301_blackwall_onscreen_lab_psycho3_trailer2023.particle	non	2	1.25;1.25;1.5
ep1\fx\quest\q301\border\trailer2023\q301_blackwall_onscreen_lab_scene_loop_trailer2023.effect	oui		1.05;1.05;1.1
ep1\fx\quest\q301\border\trailer2023\q301_blackwall_onscreen_lab_scene_loop_trailer2023.particle	oui		1.05;1.05;1.1
ep1\fx\quest\q301\border\trailer2023\q301_blackwall_onscreen_lab_scene_trailer2023.effect	non	3	2;1.05;1.1
ep1\fx\quest\q301\border\trailer2023\q301_border_personal_link_blackwalled_trailer2023.effect	non	4.2	5.3;5.3;6.6
ep1\fx\quest\q301\border\trailer2023\q301_border_personal_link_lightnings_trailer2023.particle	non	0.15	2.2;2.2;2
ep1\fx\quest\q301\border\trailer2023\q304_blackwall_onscreen_lab_scene_trailer2023.particle	non	0.15	2;1.05;1.1
ep1\fx\quest\q301\crash_site\av_on_gound\q301_av_on_ground_hover_dust.effect	oui		12.86;11.06;17.81
ep1\fx\quest\q301\crash_site\av_on_gound\q301_av_on_ground_hover_dust.particle	oui		12.86;11.06;17.81
ep1\fx\quest\q301\crash_site\av_on_gound\q301_av_on_ground_sideways_dust.effect	oui		18.04;18.84;20.18
ep1\fx\quest\q301\crash_site\av_on_gound\q301_av_on_ground_sideways_dust.particle	oui		18.04;18.84;20.18
ep1\fx\quest\q301\crash_site\av_on_gound\q301_npc_boots.effect	non	1.37	10;10;10.25
ep1\fx\quest\q301\crash_site\flare\q301_flare_white.particle	oui		10.54;10.54;19.09
ep1\fx\quest\q301\crash_site\q301_falling_rubble.particle	oui		16;17;31
ep1\fx\quest\q301\crash_site\q301_falling_rubble_5m.particle	oui		25.3;25.3;50.3
ep1\fx\quest\q301\crash_site\q301_falling_rubble_5m_01.particle	oui		25.3;25.3;50.3
ep1\fx\quest\q301\crash_site\q301_falling_rubble_5m_02.particle	oui		25.3;25.3;50.3
ep1\fx\quest\q301\crash_site\q301_fire_enormous_distance.particle	oui		8.5;8.5;16
ep1\fx\quest\q301\crash_site\q301_fire_large.particle	oui		5.25;5.25;9
ep1\fx\quest\q301\crash_site\q301_fire_large_sparks.particle	oui		9;9;16.5
ep1\fx\quest\q301\crash_site\q301_floating_dust.particle	oui		21;21;5
ep1\fx\quest\q301\crash_site\q301_floating_sparks.particle	oui		28.21;28.21;19.42
ep1\fx\quest\q301\crash_site\q301_floating_sparks_4x4.particle	oui		16.21;16.21;19.42
ep1\fx\quest\q301\crash_site\q301_floating_sparks_falling.particle	oui		23.02;23.02;9.14
ep1\fx\quest\q301\crash_site\q301_floating_sparks_falling_dense.particle	oui		23.02;23.02;9.14
ep1\fx\quest\q301\crash_site\q301_gigantic_haze_over_fire.particle	oui		106.51;6.71;8.23
ep1\fx\quest\q301\crash_site\q301_light_pollution_fire_big.effect	oui		1;1;1
ep1\fx\quest\q301\crash_site\q301_light_pollution_fire_big.particle	oui		1;1;1
ep1\fx\quest\q301\crash_site\q301_light_pollution_fire_small.effect	oui		1;1;1
ep1\fx\quest\q301\crash_site\q301_light_pollution_fire_small.particle	oui		1;1;1
ep1\fx\quest\q301\crash_site\q301_smoke_column_thick_large.particle	oui		6.51;6.51;8.03
ep1\fx\quest\q301\crash_site\q301_smoke_filling_the_floors.particle	oui		27.5;27.5;52.5
ep1\fx\quest\q301\crash_site\q301_smoke_filling_the_floors_around_player.effect	oui		8;8;8.5
ep1\fx\quest\q301\crash_site\q301_smoke_filling_the_floors_around_player.particle	oui		8;8;8.5
ep1\fx\quest\q301\crash_site\q301_smoke_white_diagonal.particle	oui		29;29;54
ep1\fx\quest\q301\crash_site\smokes_seen_from_302_hideout\q301_smoke_burned_scattered_big.effect	oui		11.41;13.41;20.32
ep1\fx\quest\q301\crash_site\trailer2023\q301_floating_sparks_falling_at_camera.particle	oui		7.02;7.02;9.14
ep1\fx\quest\q301\crash_site\wall_explosion\q301_wall_explosion.effect	non	39.93	30;30;53.2
ep1\fx\quest\q301\crash_site\wall_explosion\q301_wall_explosion.particle	non	8	26.8;26.8;51.8
ep1\fx\quest\q301\crash_site_av_nonlinearities_thruster_sabotage\q301_av_manticore_engine_smoke_fail.particle	non	2	2.28;2.28;2.57
ep1\fx\quest\q301\crash_site_av_nonlinearities_thruster_sabotage\q301_av_manticore_engine_sparks1.particle	non	4	25.5;25.5;50.5
ep1\fx\quest\q301\crash_site_av_nonlinearities_thruster_sabotage\q301_av_manticore_engine_sparks2.particle	non	4	25.5;25.5;50.5
ep1\fx\quest\q301\crash_site_av_nonlinearities_thruster_sabotage\q301_av_manticore_engine_sparks3.particle	non	2.5	25.25;25.25;50.25
ep1\fx\quest\q301\crash_site_av_nonlinearities_thruster_sabotage\q301_av_manticore_light_explo.effect	non	6.96	0;0;0
ep1\fx\quest\q301\crash_site_av_nonlinearities_thruster_sabotage\q301_av_manticore_medium_thrusters.effect	oui		19;19;19
ep1\fx\quest\q301\crash_site_av_nonlinearities_thruster_sabotage\q301_av_manticore_thrusters_blue_pulse.particle	oui		19;19;19
ep1\fx\quest\q301\crash_site_av_nonlinearities_thruster_sabotage\q301_av_manticore_thrusters_blue_strong.particle	oui		19;19;19
ep1\fx\quest\q301\crash_site_av_nonlinearities_thruster_sabotage\q301_av_manticore_thrusters_orange.particle	oui		19;19;19
ep1\fx\quest\q301\crash_site_av_nonlinearities_thruster_sabotage\q301_av_manticore_thrusters_three.effect	oui		19;19;19
ep1\fx\quest\q301\crash_site_av_nonlinearities_thruster_sabotage\q301_av_manticore_thrusters_three.particle	oui		19;19;19
ep1\fx\quest\q301\crash_site_av_nonlinearities_thruster_sabotage\q301_av_manticore_thruster_fail.effect	non	10.03	25.5;25.5;50.5
ep1\fx\quest\q301\crash_site_crane\q301_arm_ripoff_explo.particle	non	6	25.3;25.3;50.3
ep1\fx\quest\q301\crash_site_crane\q301_crane_arm_ripoff.effect	non	6.4	25.3;25.3;50.3
ep1\fx\quest\q301\crash_site_crane\q301_crane_base_electicity.effect	non	6.4	25.15;25.15;50.15
ep1\fx\quest\q301\crash_site_crane\q301_crane_base_ripoff.effect	non	6.4	25.15;25.15;50.15
ep1\fx\quest\q301\crash_site_crane\q301_crane_base_twist.effect	non	6.53	0.3;0.3;0.3
ep1\fx\quest\q301\crash_site_crane\q301_crane_base_twist.particle	non	2	0.3;0.3;0.3
ep1\fx\quest\q301\crash_site_crane\q301_crane_electric_explo.particle	oui		4.26;4.26;4.92
ep1\fx\quest\q301\crash_site_crane\q301_crane_electric_path.particle	non	0.25	5.53;5.53;5.26
ep1\fx\quest\q301\crash_site_crane\q301_crane_left_ground_impact.particle	non	25	28;28;53
ep1\fx\quest\q301\crash_site_crane\q301_crane_main_arm_connection_ripoff.effect	non	6.4	25.2;25.2;50.2
ep1\fx\quest\q301\crash_site_crane\q301_crane_main_impact.effect	non	63.68	29;29;54
ep1\fx\quest\q301\crash_site_crane\q301_crane_main_impact.particle	non	25	28;28;53
ep1\fx\quest\q301\crash_site_crane\q301_crane_main_impact_kickup.particle	non	15	29;29;54
ep1\fx\quest\q301\crash_site_crane\q301_crane_right_ground_impact.particle	non	25	28;28;53
ep1\fx\quest\q301\crash_site_crane\q301_sparks_cable_electric_failure_medium.particle	non	2.5	2.9;2.9;5.55
ep1\fx\quest\q301\crash_site_crane\q301_sparks_cable_electric_failure_small_03.particle	non	2.5	3.25;3.25;6.38
ep1\fx\quest\q301\crash_site_crane\q301_sparks_medium_burst_02.particle	non	6	25.15;25.15;50.15
ep1\fx\quest\q301\crash_site_crane\q301_sparks_spike_large_02.particle	non	4	1;1;1
ep1\fx\quest\q301\crash_site_fuel_tank\q301_fuel_tank_explosion.effect	non	8	27;27;52
ep1\fx\quest\q301\crash_site_fuel_tank\q301_fuel_tank_explosion.particle	non	10	26.8;26.8;51.8
ep1\fx\quest\q301\crash_site_fuel_tank\q301_fuel_tank_fire_explosion.particle	oui		3.12;3.12;5.69
ep1\fx\quest\q301\crash_site_fuel_tank\q301_fuel_tank_shockwave.particle	non	2.5	27;27;52
ep1\fx\quest\q301\crash_site_fuel_tank\q301_fuel_tank_smoke.particle	oui		23.38;23.38;44.26
ep1\fx\quest\q301\crash_site_fuel_tank\q301_fuel_tank_sparks.particle	non	2	0.25;0.25;0.25
ep1\fx\quest\q301\missile\q301_missile_explosion.effect	non	49.2	40;40;53
ep1\fx\quest\q301\missile\q301_missile_explosion.particle	non	45	40;40;53
ep1\fx\quest\q301\missile\q301_missile_thruster.particle	oui		10;10;10
ep1\fx\quest\q301\missile\q301_missile_trail.effect	oui		10;10;12
ep1\fx\quest\q301\missile\q301_missile_trail.particle	oui		2.2;2.2;12
ep1\fx\quest\q301\missile\q301_missile_trail_fake_launch.effect	non	49.8	1;1;10
ep1\fx\quest\q301\missile\q301_missile_trail_fake_launch.particle	non	25	1;1;10
ep1\fx\quest\q301\missile\q301_missile_trail_fake_launch2.effect	non	49.8	4.2;4.2;14
ep1\fx\quest\q301\missile\q301_missile_trail_fake_launch2.particle	non	40	4.2;4.2;14
ep1\fx\quest\q301\myers_cutting_tracker\q301_drone_smoke.effect	oui		7.04;7.04;12.42
ep1\fx\quest\q301\myers_cutting_tracker\q301_drone_smoke.particle	oui		7.04;7.04;12.42
ep1\fx\quest\q301\myers_cutting_tracker\q301_myers_blood_from_rip.effect	non	9.06	4.65;4.65;8.65
ep1\fx\quest\q301\myers_cutting_tracker\q301_myers_blood_from_rip.particle	non	2	4.65;4.65;8.65
ep1\fx\quest\q301\myers_cutting_tracker\q301_myers_cut_blood_flow.effect	oui		0;0;0
ep1\fx\quest\q301\myers_cutting_tracker\q301_myers_tracker_blood_drops.effect	non	5.75	4.65;4.65;8.65
ep1\fx\quest\q301\myers_cutting_tracker\q301_myers_tracker_blood_drops.particle	non	2	4.65;4.65;8.65
ep1\fx\quest\q301\q301_cloud.particle	oui		30;30;30
ep1\fx\quest\q301\q301_cloud2.particle	oui		30;30;30
ep1\fx\quest\q301\q301_crashsite_fire_far.particle	oui		27.5;27.5;52.5
ep1\fx\quest\q301\q301_smoke_shuttle_far.effect	oui		31.2;31.2;62
ep1\fx\quest\q301\q301_smoke_shuttle_far.particle	oui		31.2;31.2;62
ep1\fx\quest\q301\songbird_hacking\d_songbird_hacking_crane_platform.effect	non	5.34	9.3;9.3;10.6
ep1\fx\quest\q301\songbird_hacking\d_songbird_hacking_draft.effect	non	2.39	8.26;6.26;3.52
ep1\fx\quest\q301\songbird_hacking\d_songbird_hacking_draft.particle	non	6	4.66;4.26;3.52
ep1\fx\quest\q301\songbird_hacking\d_songbird_hacking_draft_area.particle	non	6	8.26;6.26;3.52
ep1\fx\quest\q301\songbird_hacking\d_songbird_hacking_draft_small.particle	oui		2.43;2.43;2.87
ep1\fx\quest\q301\songbird_hacking\d_songbird_hacking_elevator.effect	non	3.5	5.3;5.3;6.6
ep1\fx\quest\q301\songbird_hacking\d_songbird_hacking_elevator.particle	non	3.5	5.3;5.3;6.6
ep1\fx\quest\q301\songbird_hacking\d_songbird_hacking_medium.effect	non	7.68	9.3;9.3;10.6
ep1\fx\quest\q301\songbird_hacking\d_songbird_hacking_medium.particle	non	3.5	9.3;9.3;10.6
ep1\fx\quest\q301\songbird_hacking\d_songbird_hacking_medium_masked.effect	non	5.59	9.3;9.3;10.6
ep1\fx\quest\q301\songbird_hacking\d_songbird_hacking_medium_masked.particle	non	2	9.3;9.3;10.6
ep1\fx\quest\q301\songbird_hacking\d_songbird_hacking_platform_frame.effect	non	4.26	9.3;9.3;10.6
ep1\fx\quest\q301\songbird_hacking\d_songbird_hacking_small.effect	non	4.45	5.3;5.3;6.6
ep1\fx\quest\q301\songbird_hacking\d_songbird_hacking_small.particle	non	3.5	5.3;5.3;6.6
ep1\fx\quest\q301\songbird_hacking\d_songbird_hacking_smaller.particle	non	3.5	5.3;5.3;6.6
ep1\fx\quest\q301\songbird_hacking\q301_blackwall_onscreen_low_flash.particle	non	0.6	1;1;1
ep1\fx\quest\q301\songbird_hacking\q301_blackwall_onscreen_low_flash_v2.effect	non	1.58	1.25;1.25;1.5
ep1\fx\quest\q301\songbird_hacking\q301_blackwall_onscreen_low_flash_v2.particle	non	0.6	1.25;1.25;1.5
ep1\fx\quest\q301\songbird_hacking\q301_somi_hack_elevator_fail.effect	non	1	1;1;1
ep1\fx\quest\q301\space_force_one\q301_fire_sucked_in_engine.particle	oui		5.24;5.24;9.49
ep1\fx\quest\q301\space_force_one\q301_sf1_condensation_trail.effect	non	44.89	25.2;25.2;60
ep1\fx\quest\q301\space_force_one\q301_sf1_condenstaion_trail.particle	non	20	25.2;25.2;60
ep1\fx\quest\q301\space_force_one\q301_sf1_condenstaion_trail_static.particle	oui		40;40;40
ep1\fx\quest\q301\space_force_one\q301_shuttle_building_hit.effect	non	31.15	29;29;54
ep1\fx\quest\q301\space_force_one\q301_shuttle_building_hit_initial.particle	non	35	29;29;54
ep1\fx\quest\q301\space_force_one\q301_shuttle_building_hit_path.particle	non	25	29;29;54
ep1\fx\quest\q301\space_force_one\q301_shuttle_fire.effect	oui		6.56;5.24;9.49
ep1\fx\quest\q301\space_force_one\q301_shuttle_fire_side_path.particle	oui		6.56;4.56;5.62
ep1\fx\quest\q301\space_force_one\q301_shuttle_fire_side_path_small.particle	oui		6.35;4.35;5.2
ep1\fx\quest\q301\space_force_one\q301_shuttle_fire_side_path_var2.particle	oui		6.21;4.35;4.91
ep1\fx\quest\q301\space_force_one\q301_shuttle_fire_trail.effect	oui		3;3;3
ep1\fx\quest\q301\space_force_one\q301_shuttle_fire_trail.particle	oui		3;3;3
ep1\fx\quest\q301\space_force_one\q301_shuttle_fire_trail_failstate_extradensity.particle	oui		3;3;3
ep1\fx\quest\q301\space_force_one\q301_shuttle_fire_trail_failstate_extra_density.effect	oui		3;3;3
ep1\fx\quest\q301\space_force_one\q301_shuttle_fire_trail_part2.effect	oui		3;3;3
ep1\fx\quest\q301\space_force_one\q301_shuttle_fire_trail_part2.particle	oui		3;3;3
ep1\fx\quest\q301\space_force_one\q301_shuttle_fire_trail_small.particle	oui		2;2;2
ep1\fx\quest\q301\space_force_one\q301_shuttle_flares.effect	non	20.43	26;26;51
ep1\fx\quest\q301\space_force_one\q301_shuttle_flares.particle	oui		26;26;51
ep1\fx\quest\q301\space_force_one\q301_shuttle_flares2.effect	non	20.43	26;26;51
ep1\fx\quest\q301\space_force_one\q301_shuttle_flares2.particle	oui		26;26;51
ep1\fx\quest\q301\space_force_one\q301_shuttle_front_thrusters_afterburner.effect	oui		27;27;52
ep1\fx\quest\q301\space_force_one\q301_shuttle_front_thrusters_afterburner.particle	oui		27;27;52
ep1\fx\quest\q301\space_force_one\q301_shuttle_hit_explosion.effect	non	30.77	40;40;53
ep1\fx\quest\q301\space_force_one\q301_shuttle_hit_explosion.particle	non	30	40;40;53
ep1\fx\quest\q301\space_force_one\q301_shuttle_hit_explosion_smoke_inherit_vel.particle	non	25	1;1;1
ep1\fx\quest\q301\space_force_one\q301_shuttle_lens_flare.effect	non	18.03	10;10;10
ep1\fx\quest\q301\space_force_one\q301_shuttle_lens_flare.particle	non	1	10;10;10
ep1\fx\quest\q301\space_force_one\q301_shuttle_thrusters_afterburner.effect	oui		27;27;52
ep1\fx\quest\q301\space_force_one\q301_shuttle_thrusters_afterburner.particle	oui		27;27;52
ep1\fx\quest\q301\space_force_one\q301_shuttle_thrusters_idle.effect	oui		30;30;30
ep1\fx\quest\q301\space_force_one\q301_shuttle_thrusters_idle.particle	oui		30;30;30
ep1\fx\quest\q301\space_force_one\q301_shuttle_wing_ripoff.effect	non	10.32	23.91;23.91;44.82
ep1\fx\quest\q301\space_force_one\q301_shuttle_wing_ripoff.particle	non	4	20.33;20.33;37.66
ep1\fx\quest\q301\space_force_one\q301_shuttle_wing_ripoff_flying_part.particle	non	4	23.91;23.91;44.82
ep1\fx\quest\q301\space_force_one\sf1_ejection_pod\q301_ejection_pod.effect	non	6.5	25.3;25.3;50.3
ep1\fx\quest\q301\space_force_one\sf1_ejection_pod\q301_ejection_pod.particle	non	4	25.3;25.3;50.3
ep1\fx\quest\q301\space_force_one\sf1_ejection_pod\q301_ejection_pod_trail.effect	non	24.03	10;10;12
ep1\fx\quest\q301\space_force_one\sf1_ejection_pod\q301_ejection_pod_trail.particle	non	6	2.2;2.2;12
ep1\fx\quest\q301\space_force_one\sf1_ejection_pod\q301_ejection_pod_trail_flare.particle	oui		10;10;10
ep1\fx\quest\q301\space_force_one_crashed\q301_blackout_organic.effect	non	8.26	1.45;1.45;1.9
ep1\fx\quest\q301\space_force_one_crashed\q301_sf_rocket_explosion.effect	non	39.93	32;34;57
ep1\fx\quest\q301\space_force_one_crashed\q301_sf_rocket_explosion.particle	non	8	26.8;26.8;51.8
ep1\fx\quest\q301\space_force_one_crashed\q301_sf_rocket_explosion_debries.particle	non	1	3.5;3.5;6
ep1\fx\quest\q301\space_force_one_crashed\q301_sf_rocket_explosion_fire_door.particle	non	2.5	28.25;29.25;54.25
ep1\fx\quest\q301\space_force_one_crashed\q301_sf_rocket_explosion_sparks_col.particle	non	6	25.15;25.15;50.15
ep1\fx\quest\q301\space_force_one_crashed\q301_sf_rocket_explosion_sparks_door_col.particle	non	10	26.15;25.15;52.15
ep1\fx\quest\q301\space_force_one_crashed\q301_sf_rocket_explosion_wave.particle	non	25	30;30;53.2
ep1\fx\quest\q301\space_force_one_crashed\q301_sf_rocket_explosion_wave_long.particle	non	30	32;34;57
ep1\fx\quest\q301\space_force_one_crashed\q301_sparks_cable_electric_failure_medium_03.effect	oui		2.9;2.9;5.55
ep1\fx\quest\q301\space_force_one_crashed\q301_sparks_cable_electric_failure_medium_constant_falling.effect	oui		5.02;5.02;9.44
ep1\fx\quest\q301\space_force_one_crashed\q301_sparks_cable_electric_failure_small_01.effect	oui		3.4;3.4;6.65
ep1\fx\quest\q301\space_force_one_crashed\q301_sparks_cable_electric_failure_small_02.effect	oui		3.4;3.4;6.65
ep1\fx\quest\q301\space_force_one_crashed\q301_sparks_cable_electric_failure_small_03.effect	oui		3.25;3.25;6.38
ep1\fx\quest\q301\space_force_one_crashed\q301_sparks_small_burst_02.effect	oui		0.21;0.21;0.38
ep1\fx\quest\q301\stadium_av\e_smoke_ambient_exterior_20x20x10.particle	oui		17.5;17.5;5.5
ep1\fx\quest\q301\stadium_av\e_sparks_cable_electric_failure_medium_constant_falling.effect	oui		5.02;5.02;9.44
ep1\fx\quest\q301\stadium_av\e_sparks_cable_electric_failure_medium_constant_falling.particle	oui		5.02;5.02;9.44
ep1\fx\quest\q301\stadium_av\q301_big_dust_cloud.particle	oui		31.2;31.2;62
ep1\fx\quest\q301\stadium_av\q301_sparks_cable_electric_failure_medium.particle	non	2.5	3.25;3.25;6.38
ep1\fx\quest\q301\stadium_av\q301_sparks_cable_electric_failure_medium_01.effect	oui		3.25;3.25;6.38
ep1\fx\quest\q301\stadium_av\q301_sparks_cable_electric_failure_medium_02.effect	oui		3.25;3.25;6.38
ep1\fx\quest\q301\stadium_av\q301_sparks_cable_electric_failure_medium_03.effect	oui		3.25;3.25;6.38
ep1\fx\quest\q301\stadium_av\q301_sparks_cable_electric_failure_medium_loop.particle	oui		7.65;7.65;15.15
ep1\fx\quest\q301\stadium_av\q301_stadium_av_engine_heat.particle	oui		3.25;3.25;5.5
ep1\fx\quest\q301\stadium_av\q301_stadium_av_engine_thrusters.particle	oui		15.25;15.25;15.5
ep1\fx\quest\q301\stadium_av\q301_stadium_av_steam_jet_medium.particle	oui		0.33;0.33;0.4
ep1\fx\quest\q301\stadium_collapse_platform\q301_fall_afterdust.effect	non	3.12	51;51;56.2
ep1\fx\quest\q301\stadium_collapse_platform\q301_fall_afterdust_down.particle	non	3	41;41;56.2
ep1\fx\quest\q301\stadium_collapse_platform\q301_fall_afterdust_pebbles.effect	non	12.34	41;46;56.2
ep1\fx\quest\q301\stadium_collapse_platform\q301_fall_afterdust_pebbles.particle	non	10	36;46;51.2
ep1\fx\quest\q301\stadium_collapse_platform\q301_fall_afterdust_top_dust.particle	non	3	51;51;56.2
ep1\fx\quest\q301\stadium_collapse_platform\q301_fall_face_bar_impact.effect	non	1.73	3.65;3.65;4.3
ep1\fx\quest\q301\stadium_collapse_platform\q301_fall_face_bar_impact.particle	non	1.5	3.65;3.65;4.3
ep1\fx\quest\q301\stadium_collapse_platform\q301_fall_final_dust.particle	non	5	25.1;27.1;70.1
ep1\fx\quest\q301\stadium_collapse_platform\q301_fall_final_impact.effect	non	12.34	25.1;27.1;70.1
ep1\fx\quest\q301\stadium_collapse_platform\q301_fall_final_impact.particle	non	3	3;3;4.5
ep1\fx\quest\q301\stadium_collapse_platform\q301_flyby_engines_cc.effect	non	2.56	0;0;0
ep1\fx\quest\q301\stadium_collapse_platform\q301_sf1_thrusters_on_ground_wave.effect	non	3.12	25.55;25.55;50.55
ep1\fx\quest\q301\stadium_collapse_platform\q301_sf1_thrusters_on_ground_wave.particle	non	5	25.55;25.55;50.55
ep1\fx\quest\q301\stadium_cranes\q301_sparks_spike_curved_large_02.particle	non	0.6	0.35;0.35;0.35
ep1\fx\quest\q301\stadium_cranes\q301_sparks_spike_curv_01.particle	non	0.6	0.35;0.35;0.35
ep1\fx\quest\q301\stadium_cranes\q301_sparks_spike_large_01.particle	non	0.5	0.25;0.25;0.25
ep1\fx\quest\q301\stadium_cranes\q301_stadium_cranes_dust.effect	non	15.67	40;8;0
ep1\fx\quest\q301\stadium_cranes\q301_stadium_cranes_dust_stronger.effect	non	15.67	40;16.68;56.76
ep1\fx\quest\q301\stadium_cranes\q301_stadium_cranes_horizontal_dust_area.particle	non	3	40;8;0
ep1\fx\quest\q301\stadium_cranes\q301_stadium_cranes_sideways_dust.particle	non	3	7.2;8;0
ep1\fx\quest\q301\stadium_cranes\q301_stadium_cranes_sideways_dust_stronger.particle	non	3	7.2;8;0
ep1\fx\quest\q301\stadium_cranes\q301_stadium_cranes_vertical_dust_area.particle	non	3	8.68;16.68;56.76
ep1\fx\quest\q301\stadium_cranes\q301_stadium_crane_hit.effect	non	6.99	25.3;25.3;50.3
ep1\fx\quest\q301\stadium_cranes\q301_stadium_crane_hit.particle	non	2	25.3;25.3;50.3
ep1\fx\quest\q301\stadium_elevator\q301_elevator_break.effect	non	8.14	25.18;25.18;50.01
ep1\fx\quest\q301\stadium_elevator\q301_elevator_break_electric_chain.particle	non	0.25	1.53;1.53;1.26
ep1\fx\quest\q301\stadium_elevator\q301_elevator_break_friction_sparks.effect	oui		3.84;3.84;7.56
ep1\fx\quest\q301\underground_parking\foliage\q301_foliage_leaf_long_lifetime_bigger.effect	oui		7.63;7.63;14.95
ep1\fx\quest\q301\underground_parking\q301_bridge_fall_car_slide.effect	non	55.84	26;26;51
ep1\fx\quest\q301\underground_parking\q301_bridge_fall_car_slide.particle	non	15	26;26;51
ep1\fx\quest\q301\underground_parking\q301_bridge_impact_dust.particle	non	8	13.9;13.9;26.4
ep1\fx\quest\q301\underground_parking\q301_broken_device_sparks_loop.particle	oui		4.02;4.02;8.03
ep1\fx\quest\q301\underground_parking\q301_corridor_lights_1.effect	non	7.48	3.4;3.4;6.65
ep1\fx\quest\q301\underground_parking\q301_corridor_lights_2.effect	non	7.48	7.56;7.56;15.11
ep1\fx\quest\q301\underground_parking\q301_corridor_lights_3.effect	non	7.48	7.56;7.56;15.11
ep1\fx\quest\q301\underground_parking\q301_device_failure.effect	oui		7.56;7.56;15.11
ep1\fx\quest\q301\underground_parking\q301_device_failure_02.effect	oui		7.56;7.56;15.11
ep1\fx\quest\q301\underground_parking\q301_ladder_collapse.effect	non	5.39	7.6;4.6;4.4
ep1\fx\quest\q301\underground_parking\q301_ladder_collapse.particle	non	6	7.6;4.6;4.4
ep1\fx\quest\q301\underground_parking\q301_platform_01_activation.effect	non	13.04	9;12;10.2
ep1\fx\quest\q301\underground_parking\q301_platform_01_dust_falling_area.particle	non	8	9;12;10.2
ep1\fx\quest\q301\underground_parking\q301_platform_02_activation.effect	non	12	5.02;5.02;9.44
ep1\fx\quest\q301\underground_parking\q301_platform_02_activation.particle	oui		5.02;5.02;9.44
ep1\fx\quest\q301\underground_parking\q301_platform_03_activation.effect	non	11.43	5.02;5.02;9.44
ep1\fx\quest\q301\underground_parking\q301_platform_04_activation.effect	non	11.43	5.02;5.02;9.44
ep1\fx\quest\q301\underground_parking\q301_platform_04_electricity.particle	oui		2.6;2.6;2.26
ep1\fx\quest\q301\underground_parking\q301_platform_dust_falling_edge.particle	non	8	6.2;9;10.2
ep1\fx\quest\q301\underground_parking\q301_player_fall.effect	non	57.98	25.2;25.2;50.2
ep1\fx\quest\q301\underground_parking\q301_player_fall_ground_hit.particle	non	50	25.2;25.2;50.2
ep1\fx\quest\q301\underground_parking\q301_sand_fall.particle	oui		11;11;20
ep1\fx\quest\q301\underground_parking\q301_sand_fall_02.particle	oui		11;11;20
ep1\fx\quest\q301\underground_parking\q301_sand_fall_03.particle	oui		11;11;20
ep1\fx\quest\q301\underground_parking\q301_sand_waterfall_3m.particle	oui		11;11;20
ep1\fx\quest\q301\underground_parking\q301_sand_waterfall_6m.particle	oui		11;11;20
ep1\fx\quest\q301\way_to_crashsite\fires\q301_fire_medium.particle	oui		3.5;3.5;6.5
ep1\fx\quest\q301\way_to_crashsite\fires\q301_fire_medium_directional.particle	oui		5.24;5.24;9.49
ep1\fx\quest\q301\way_to_crashsite\fires\q301_fire_medium_tall.particle	oui		3.5;3.5;6.5
ep1\fx\quest\q301\way_to_crashsite\fires\q301_fire_path_medium.particle	oui		6.5;3.5;4
ep1\fx\quest\q301\way_to_crashsite\fires\q301_fire_small_cluster.particle	oui		4.52;4.52;8.24
ep1\fx\quest\q301\way_to_crashsite\fires\q301_fire_tiny_cluster_pipe.particle	oui		7.5;1.9;1.7
ep1\fx\quest\q301\way_to_crashsite\q301_av_manticore_thrusters_strong.effect	oui		19;19;19
ep1\fx\quest\q301\way_to_crashsite\q301_garbage_landing.effect	non	59.32	11.92;11.92;17.85
ep1\fx\quest\q301\way_to_crashsite\q301_garbage_landing.particle	non	5	11.92;11.92;17.85
ep1\fx\quest\q301\way_to_crashsite\q301_hacking_manticore_av_sparks.effect	non	6	7.6;7.6;15.1
ep1\fx\quest\q301\way_to_crashsite\q301_hacking_manticore_av_sparks_big.effect	non	15	25.44;25.44;50.44
ep1\fx\quest\q301\way_to_crashsite\q301_hacking_manticore_av_sparks_small.effect	non	10	2.07;1.81;3.47
ep1\fx\quest\q301\way_to_crashsite\q301_way_to_crashsite_kurtz_trucks_damage.effect	oui		25.2;25.2;50.2
ep1\fx\quest\q301\way_to_crashsite\q301_way_to_crashsite_kurtz_trucks_smoke_small.particle	oui		6.25;6.25;8.5
ep1\fx\quest\q301\way_to_crashsite\q301_way_to_crashsite_kurtz_trucks_sparks_path.particle	non	3	25.2;25.2;50.2
ep1\fx\quest\q302\blackwall_corruption\q302_corruption.effect	non	2	1;1;1
ep1\fx\quest\q302\blackwall_corruption\q302_corruption_main.particle	non	0.2	1;1;1
ep1\fx\quest\q302\blackwall_corruption\q302_spidertank_corruption_burst.effect	non	2	1;1;1
ep1\fx\quest\q302\blackwall_corruption\q302_spidertank_corruption_burst.particle	non	0.12	1;1;1
ep1\fx\quest\q302\blackwall_corruption\q302_spidertank_corruption_electricity.effect	oui		3.4;3.4;3
ep1\fx\quest\q302\blackwall_corruption\q302_spidertank_corruption_electricity.particle	oui		3.4;3.4;3
ep1\fx\quest\q302\blackwall_corruption\q302_spidertank_corruption_raise_section3.effect	non	2	1;1;1
ep1\fx\quest\q302\blackwall_corruption\q302_spidertank_corruption_raise_section3.particle	non	0.2	1;1;1
ep1\fx\quest\q302\blackwall_corruption\q302_spidertank_corruption_sparks.effect	oui		25.1;25.1;50.1
ep1\fx\quest\q302\blackwall_corruption\q302_spidertank_corruption_sparks.particle	oui		25.1;25.1;50.1
ep1\fx\quest\q302\blackwall_corruption\q302_spidertank_heart_corruption.effect	oui		2.22;2.22;2.04
ep1\fx\quest\q302\blackwall_corruption\q302_spidertank_heart_corruption.particle	oui		2.22;2.22;2.04
ep1\fx\quest\q302\blackwall_corruption\q302_spidertank_heart_damage.effect	oui		3.4;3.4;3
ep1\fx\quest\q302\blackwall_corruption\q302_spidertank_heart_damage.particle	oui		3.4;3.4;3
ep1\fx\quest\q302\devices\q302_laser_mine_green.effect	oui		1.97;1.97;3.77
ep1\fx\quest\q302\devices\q302_laser_mine_green.particle	non	3600	1.97;1.97;3.77
ep1\fx\quest\q302\devices\q302_laser_mine_red.effect	oui		1.97;1.97;3.77
ep1\fx\quest\q302\devices\q302_laser_mine_red.particle	non	3600	1.97;1.97;3.77
ep1\fx\quest\q302\environment\q302_aftersmoke.effect	non	1	0;0;0
ep1\fx\quest\q302\environment\q302_aftersmoke.particle	oui		6.59;6.59;8.18
ep1\fx\quest\q302\environment\q302_cable_sparks_directional.effect	oui		4;4;7.75
ep1\fx\quest\q302\environment\q302_cable_sparks_directional.particle	oui		4;4;7.75
ep1\fx\quest\q302\environment\q302_cable_sparks_directional_burst.effect	non	2	7.27;7.27;14.34
ep1\fx\quest\q302\environment\q302_cable_sparks_directional_burst.particle	non	2	7.27;7.27;14.34
ep1\fx\quest\q302\environment\q302_cable_sparks_end.effect	oui		5.83;5.83;8.66
ep1\fx\quest\q302\environment\q302_cable_sparks_end.particle	oui		5.83;5.83;8.66
ep1\fx\quest\q302\environment\q302_cable_sparks_hit.effect	non	3	7.94;7.94;15.44
ep1\fx\quest\q302\environment\q302_cable_sparks_hit.particle	non	2.5	7.94;7.94;15.44
ep1\fx\quest\q302\environment\q302_chandelier_damage_sparks.effect	oui		5.83;5.83;9.97
ep1\fx\quest\q302\environment\q302_chandelier_damage_sparks.particle	oui		5.83;5.83;9.97
ep1\fx\quest\q302\environment\q302_chandelier_ground_hit.particle	non	15	34;34;53
ep1\fx\quest\q302\environment\q302_chandelier_second_hit.effect	non	10	34;34;53
ep1\fx\quest\q302\environment\q302_chandelier_second_hit.particle	non	12	27.3;27.3;51
ep1\fx\quest\q302\environment\q302_damage_explosion_loop.effect	oui		0;0;0
ep1\fx\quest\q302\environment\q302_elevator_falling.effect	non	5	15.66;15.66;30.93
ep1\fx\quest\q302\environment\q302_elevator_falling.particle	non	2	15.66;15.66;30.93
ep1\fx\quest\q302\environment\q302_falling_debris.effect	non	15	0;0;0
ep1\fx\quest\q302\environment\q302_falling_debris.particle	non		0;0;0
ep1\fx\quest\q302\environment\q302_smoke_burst.effect	non	3	4.65;4.65;7.65
ep1\fx\quest\q302\environment\q302_smoke_burst.particle	non	3	4.65;4.65;7.65
ep1\fx\quest\q302\environment\q302_sparks_big_bursts.particle	oui		0.3;0.3;0.3
ep1\fx\quest\q302\environment\q302_sparks_big_loop.effect	oui		5.2;5.2;9.97
ep1\fx\quest\q302\environment\q302_sparks_big_loop.particle	oui		5.2;5.2;9.97
ep1\fx\quest\q302\environment\q302_sparks_fall_dense.effect	oui		10.1;10.1;10.1
ep1\fx\quest\q302\environment\q302_sparks_fall_dense.particle	oui		10.1;10.1;10.1
ep1\fx\quest\q302\environment\q302_sparks_fall_main.effect	oui		10.1;10.1;10.1
ep1\fx\quest\q302\environment\q302_sparks_fall_main.particle	oui		10.1;10.1;10.1
ep1\fx\quest\q302\environment\q302_squot_drone_sparks.effect	oui		1.98;2.18;3.93
ep1\fx\quest\q302\environment\q302_squot_drone_sparks.particle	oui		1.98;2.18;3.93
ep1\fx\quest\q302\environment\q302_water_stream_thin.particle	oui		0.7;0.7;1.3
ep1\fx\quest\q302\environment\q302_water_stream_wide.particle	oui		2.9;2.9;3.5
ep1\fx\quest\q302\generator\q302_generator.effect	oui		3.35;3.35;4.69
ep1\fx\quest\q302\generator\q302_generator_exhaust.particle	oui		3.35;3.35;4.69
ep1\fx\quest\q302\generator\q302_generator_on.effect	non	9.1	0.76;0.76;1.11
ep1\fx\quest\q302\generator\q302_generator_on.particle	non	1.75	0.76;0.76;1.11
ep1\fx\quest\q302\generator\q302_generator_smoke_02.particle	oui		2.72;3.12;4.44
ep1\fx\quest\q302\q302_akebono_ac_blackwall.effect	non	5	4.17;4.17;6.33
ep1\fx\quest\q302\q302_akebono_ac_blackwall.particle	non	4	4.17;4.17;6.33
ep1\fx\quest\q302\q302_akebono_drone_smoke.effect	oui		7.04;7.04;12.42
ep1\fx\quest\q302\q302_akebono_drone_smoke.particle	oui		7.04;7.04;12.42
ep1\fx\quest\q302\q302_akebono_glass_hit.effect	non	1	3.14;3.14;6.27
ep1\fx\quest\q302\q302_akebono_glass_hit.particle	non	4	3.14;3.14;6.27
ep1\fx\quest\q302\q302_akebono_smoke.particle	oui		8.5;8.5;1.5
ep1\fx\quest\q302\q302_akebono_sparks.effect	oui		5.83;5.83;9.97
ep1\fx\quest\q302\q302_akebono_sparks.particle	oui		5.83;5.83;9.97
ep1\fx\quest\q302\q302_akebono_sparks_short.effect	oui		5.83;5.83;9.97
ep1\fx\quest\q302\q302_akebono_sparks_short.particle	oui		5.83;5.83;9.97
ep1\fx\quest\q302\q302_av_searchlight.particle	oui		7;7;12
ep1\fx\quest\q302\q302_av_searchlights.effect	oui		7;7;12
ep1\fx\quest\q302\q302_av_searchlight_long.particle	oui		6;6;11
ep1\fx\quest\q302\q302_boobytrap_explosion.effect	non	10	28;28;51
ep1\fx\quest\q302\q302_boobytrap_explosion.particle	non	12	28;28;51
ep1\fx\quest\q302\q302_drone_deployment.effect	non	4	25.15;25.15;50.15
ep1\fx\quest\q302\q302_drone_deployment.particle	non	3	25.15;25.15;50.15
ep1\fx\quest\q302\q302_drone_fixing.effect	oui		3.45;3.45;6.9
ep1\fx\quest\q302\q302_drone_fixing.particle	oui		3.45;3.45;6.9
ep1\fx\quest\q302\q302_dust_interior.particle	oui		8.5;8.5;1.5
ep1\fx\quest\q302\q302_dust_subway.particle	oui		8.5;8.5;1.5
ep1\fx\quest\q302\q302_elevator_scene_explosion.effect	non	5	26.65;26.65;51.65
ep1\fx\quest\q302\q302_elevator_scene_explosion.particle	non	7	26.65;26.65;51.65
ep1\fx\quest\q302\q302_holo_city_deproject.effect	non	0.5	0;0;0
ep1\fx\quest\q302\q302_holo_city_glitch.effect	non	1	0;0;0
ep1\fx\quest\q302\q302_holo_city_projector.effect	oui		25.2;25.2;50.2
ep1\fx\quest\q302\q302_holo_city_projector.particle	oui		10;10;10
ep1\fx\quest\q302\q302_holo_city_projector_burst.particle	non	2.5	25.2;25.2;50.2
ep1\fx\quest\q302\q302_holo_city_project_mesh.effect	oui		0;0;0
ep1\fx\quest\q302\q302_imp_concrete.effect	non	34.9	13.02;13.02;25.04
ep1\fx\quest\q302\q302_imp_concrete.particle	non	2	13.02;13.02;25.04
ep1\fx\quest\q302\q302_kurt_av_light.effect	oui		26;26;51
ep1\fx\quest\q302\q302_kurt_av_light.particle	oui		26;26;51
ep1\fx\quest\q302\q302_parking_water_dripping.particle	oui		0.11;0.11;0.01
ep1\fx\quest\q302\q302_parking_water_dripping_wide.particle	oui		0.41;0.11;0.01
ep1\fx\quest\q302\q302_smoke_ambient_dense.particle	oui		8.5;8.5;4.5
ep1\fx\quest\q302\q302_smoke_column_dark_4x4x35.particle	oui		28;28;53
ep1\fx\quest\q302\q302_smoke_flare.particle	oui		10.54;10.54;19.09
ep1\fx\quest\q302\q302_smoke_flare_ad.particle	oui		10.54;10.54;19.09
ep1\fx\quest\q302\q302_sparks_burst.particle	non	2.5	25.25;25.25;50.25
ep1\fx\quest\q302\q302_sparks_loop.particle	oui		7.65;7.65;15.15
ep1\fx\quest\q302\q302_spidertank_backlight_red_flare.effect	oui		1.3;1.3;1.3
ep1\fx\quest\q302\q302_spidertank_backlight_red_flare.particle	oui		1.3;1.3;1.3
ep1\fx\quest\q302\q302_spidertank_blackwall.effect	non	12	3.98;3.98;5.71
ep1\fx\quest\q302\q302_spidertank_blackwall.particle	non	4	3.98;3.98;5.71
ep1\fx\quest\q302\q302_spidertank_blackwall_door.effect	non	5	4.17;4.17;6.33
ep1\fx\quest\q302\q302_spidertank_blackwall_door.particle	non	4	4.17;4.17;6.33
ep1\fx\quest\q302\q302_spidertank_blackwall_fast.particle	oui		1;1;1
ep1\fx\quest\q302\q302_spidertank_blackwall_loop.effect	oui		3.98;3.98;5.71
ep1\fx\quest\q302\q302_spidertank_blackwall_small.particle	oui		2.6;1.9;1.9
ep1\fx\quest\q302\q302_spidertank_breake_through_wall.effect	non	15	27.3;27.3;51
ep1\fx\quest\q302\q302_spidertank_breake_through_wall.particle	non	12	27.3;27.3;51
ep1\fx\quest\q302\q302_spidertank_broken_leg.particle	oui		25.1;25.1;50.1
ep1\fx\quest\q302\q302_spidertank_explosion.effect	non	5	25.3;25.3;50.3
ep1\fx\quest\q302\q302_spidertank_explosion.particle	non	5	25.3;25.3;50.3
ep1\fx\quest\q302\q302_spidertank_explosion_failstate.effect	non	5	27;27;52
ep1\fx\quest\q302\q302_spidertank_explosion_failstate.particle	non	5	27;27;52
ep1\fx\quest\q302\q302_spidertank_explosion_failstate_ring.particle	non	1.5	1;1;1
ep1\fx\quest\q302\q302_spidertank_failstate.effect	oui		25.1;25.1;50.1
ep1\fx\quest\q302\q302_spidertank_failstete.particle	oui		25.1;25.1;50.1
ep1\fx\quest\q302\q302_spidertank_falling_smoke.effect	non	15	34;34;53
ep1\fx\quest\q302\q302_spidertank_falling_smoke.particle	non	12	36;26.65;55
ep1\fx\quest\q302\q302_spidertank_gas_release.effect	oui		7.5;7.5;12.5
ep1\fx\quest\q302\q302_spidertank_gas_release.particle	oui		7.5;7.5;12.5
ep1\fx\quest\q302\q302_spidertank_ground_hit.effect	non	2	25.3;25.3;50.3
ep1\fx\quest\q302\q302_spidertank_ground_hit.particle	non	5	25.3;25.3;50.3
ep1\fx\quest\q302\q302_spidertank_hmg_impact.effect	non	34.9	25.35;25.35;50.35
ep1\fx\quest\q302\q302_spidertank_hmg_impact.particle	non	10	25.35;25.35;50.35
ep1\fx\quest\q302\q302_spidertank_leg_hit.effect	non	6	13.8;13.8;25.8
ep1\fx\quest\q302\q302_spidertank_leg_hit.particle	non	8	13.8;13.8;25.8
ep1\fx\quest\q302\q302_spidertank_missle_charge.effect	non	1.5	8.32;8.32;16.45
ep1\fx\quest\q302\q302_spidertank_missle_charge.particle	non	2	8.32;8.32;16.45
ep1\fx\quest\q302\q302_spidertank_missle_explosion.effect	non	4	25.3;25.3;50.3
ep1\fx\quest\q302\q302_spidertank_missle_explosion.particle	non	5	25.3;25.3;50.3
ep1\fx\quest\q302\q302_spidertank_plazma_beam.effect	oui		3;3;3
ep1\fx\quest\q302\q302_spidertank_plazma_beam.particle	oui		3;3;3
ep1\fx\quest\q302\q302_spidertank_plazma_beam_muzzle.effect	oui		2.52;2.52;2.5
ep1\fx\quest\q302\q302_spidertank_plazma_beam_muzzle.particle	oui		13.2;13.2;25.3
ep1\fx\quest\q302\q302_spidertank_plazma_charge.effect	non	1.5	2.52;2.52;2.5
ep1\fx\quest\q302\q302_spidertank_plazma_charge.particle	oui		2.52;2.52;2.5
ep1\fx\quest\q302\q302_spidertank_red_flare.effect	non	5	3.8;3.8;6.3
ep1\fx\quest\q302\q302_spidertank_red_flare.particle	oui		3.8;3.8;6.3
ep1\fx\quest\q302\q302_spidertank_rising_dust.effect	non	45	3;3;3
ep1\fx\quest\q302\q302_spidertank_rising_dust.particle	oui		3;3;3
ep1\fx\quest\q302\q302_spidertank_rockets_barrage.particle	non	6	25.3;25.3;50.3
ep1\fx\quest\q302\q302_spidertank_rocket_attack.particle	non	7	25.3;25.3;50.3
ep1\fx\quest\q302\q302_spidertank_rocket_explosion.effect	non	8	25.1;25.1;50.1
ep1\fx\quest\q302\q302_spidertank_rocket_explosion.particle	non	7	25.1;25.1;50.1
ep1\fx\quest\q302\q302_spidertank_self_destruct_stage_1.effect	oui		2;2;2
ep1\fx\quest\q302\q302_spidertank_self_destruct_stage_1.particle	oui		2;2;2
ep1\fx\quest\q302\q302_spidertank_self_destruct_stage_2.effect	oui		25.3;25.3;50.3
ep1\fx\quest\q302\q302_spidertank_self_destruct_stage_2.particle	oui		25.3;25.3;50.3
ep1\fx\quest\q302\q302_spidertank_self_destruct_stage_3.effect	oui		25.3;25.3;50.3
ep1\fx\quest\q302\q302_spidertank_self_destruct_stage_3.particle	oui		25.3;25.3;50.3
ep1\fx\quest\q302\q302_spidertank_shockwave.effect	non	5.5	25.3;25.3;50.3
ep1\fx\quest\q302\q302_spidertank_shockwave.particle	non	4.35	25.3;25.3;50.3
ep1\fx\quest\q302\q302_spidertank_smoke_cover.effect	non	2	16.65;16.65;31.65
ep1\fx\quest\q302\q302_spidertank_smoke_cover.particle	oui		16.65;16.65;31.65
ep1\fx\quest\q302\q302_spidertank_smoke_loop.effect	oui		19.59;19.59;39.07
ep1\fx\quest\q302\q302_spidertank_smoke_loop.particle	oui		19.59;19.59;39.07
ep1\fx\quest\q302\q302_spidertank_smoke_medium.effect	non	15	26.65;26.65;51.65
ep1\fx\quest\q302\q302_spidertank_smoke_medium.particle	non	10	26.65;26.65;51.65
ep1\fx\quest\q302\q302_spidertank_stomp.effect	non	4	27;27;51
ep1\fx\quest\q302\q302_spidertank_stomp.particle	non	3	27;27;51
ep1\fx\quest\q302\q302_spidertank_takedown.effect	oui		3;3;4
ep1\fx\quest\q302\q302_spidertank_takedown.particle	oui		3;3;4
ep1\fx\quest\q302\q302_spidertank_takedown_heart.effect	oui		1.6;1.6;1.6
ep1\fx\quest\q302\q302_spidertank_takedown_heart.particle	oui		1.6;1.6;1.6
ep1\fx\quest\q302\q302_spidertank_target.effect	oui		0.3;0.3;0.3
ep1\fx\quest\q302\q302_spidertank_target.particle	oui		0.3;0.3;0.3
ep1\fx\quest\q302\q302_spidertank_thrusters.effect	oui		25.3;25.3;50.3
ep1\fx\quest\q302\q302_spidertank_thrusters.particle	oui		25.3;25.3;50.3
ep1\fx\quest\q302\q302_spidertank_transition_explosion.effect	non	5	28;28;53
ep1\fx\quest\q302\q302_spidertank_transition_explosion.particle	non	10	28;28;53
ep1\fx\quest\q302\q302_spidertank_turret_smoke.effect	oui		4.47;4.47;8.15
ep1\fx\quest\q302\q302_spidertank_turret_smoke.particle	oui		4.47;4.47;8.15
ep1\fx\quest\q302\q302_spidertank_walk.effect	non	2	6.7;6.7;13.19
ep1\fx\quest\q302\q302_spidertank_walk.particle	non	3	6.7;6.7;13.19
ep1\fx\quest\q302\q302_spidertank_wall.effect	non	6	36.65;26.65;57.65
ep1\fx\quest\q302\q302_spidertank_wall.particle	non	12	36.65;26.65;57.65
ep1\fx\quest\q302\q302_spidertank_wall_hit.effect	non	15	11.6;11.6;21.55
ep1\fx\quest\q302\q302_spidertank_wall_hit.particle	non	6	11.6;11.6;21.55
ep1\fx\quest\q302\q302_spidertank_weakspot_explosion.effect	non	5	25.1;25.1;50.1
ep1\fx\quest\q302\q302_spidertank_weakspot_explosion.particle	non	3	25.1;25.1;50.1
ep1\fx\quest\q302\q302_spidertank_weakspot_hit.effect	non	1.35	1;1;1
ep1\fx\quest\q302\q302_spidertank_weakspot_hit.particle	non	1.2	0.45;0.45;0.79
ep1\fx\quest\q302\q302_squat_balcony_water_dripping.particle	oui		3.01;0.11;0.01
ep1\fx\quest\q302\q302_steam_exterior_column_5x5x50.particle	oui		28;28;53
ep1\fx\quest\q302\q302_subway_steam.particle	oui		1.4;1.4;2
ep1\fx\quest\q302\q302_subway_steam_cover_soft.particle	oui		14.22;14.22;25.93
ep1\fx\quest\q302\q302_subway_water_dripping.particle	oui		0.61;0.11;0.01
ep1\fx\quest\q302\q302_turret_light.effect	oui		0;0;0
ep1\fx\quest\q302\q302_turret_muzzle_flash.effect	non	0.5	0.5;0.5;0.81
ep1\fx\quest\q302\q302_turret_muzzle_flash.particle	non	0.35	0.5;0.5;0.81
ep1\fx\quest\q302\q302_turret_rise_scene.effect	non	0.5	25.5;25.5;50.5
ep1\fx\quest\q302\q302_turret_rise_scene.particle	non	1	25.5;25.5;50.5
ep1\fx\quest\q302\q302_turret_rise_scene_light.effect	oui		0;0;0
ep1\fx\quest\q302\q302_turret_rise_scene_no_smoke.particle	non	0.6	0.72;0.72;1.24
ep1\fx\quest\q302\status_effects\sp_hacks_brain_bolt.effect	non	5	25.1;25.1;50.1
ep1\fx\quest\q302\status_effects\sp_hacks_brain_bolt.particle	oui		25.1;25.1;50.1
ep1\fx\quest\q302\status_effects\sp_hacks_cripple_movement.particle	oui		25.1;25.1;50.1
ep1\fx\quest\q302\status_effects\sp_hacks_cyberware_malfunction.effect	non	5	25.1;25.1;50.1
ep1\fx\quest\q302\status_effects\sp_hacks_cyberware_malfunction.particle	oui		25.1;25.1;50.1
ep1\fx\quest\q302\status_effects\sp_hacks_locomotion_malfunction.effect	oui		25.1;25.1;50.1
ep1\fx\quest\q302\status_effects\sp_hacks_optics_malfunction.effect	oui		25.1;25.1;50.1
ep1\fx\quest\q302\status_effects\sp_hacks_optics_malfunction.particle	oui		25.1;25.1;50.1
ep1\fx\quest\q302\status_effects\sp_hacks_overheat.effect	oui		9;9;16.5
ep1\fx\quest\q302\status_effects\sp_hacks_overheat.particle	oui		2.5;2.5;4.5
ep1\fx\quest\q302\status_effects\sp_hacks_overheat_big.particle	oui		9;9;16.5
ep1\fx\quest\q302\status_effects\sp_hacks_overheat_medium.particle	oui		9;9;16.5
ep1\fx\quest\q302\status_effects\sp_hacks_system_collapse.effect	oui		25.3;25.3;50.3
ep1\fx\quest\q302\status_effects\sp_hacks_system_collapse.particle	oui		25.3;25.3;50.3
ep1\fx\quest\q302\status_effects\sp_hacks_weapon_malfunction.effect	oui		25.1;25.1;50.1
ep1\fx\quest\q302\status_effects\sp_hacks_weapon_malfunction.particle	oui		25.1;25.1;50.1
ep1\fx\quest\q303\face_morph\transition_bartender.effect	non	19.96	0;0;0
ep1\fx\quest\q303\face_morph\transition_curves.effect	non	19.96	0;0;0
ep1\fx\quest\q303\face_morph\transition_curves_morph_backwards.effect	non	3	0;0;0
ep1\fx\quest\q303\nighthawks\q303_nighthawks_alex_disarm_drink_spill.effect	non	1	1.21;1.21;2.22
ep1\fx\quest\q303\nighthawks\q303_nighthawks_disarm_alex_drink_spill.particle	non	1	1.21;1.21;2.22
ep1\fx\quest\q303\paradise_hotel\concert\q303_black_sapphire_concert_fog.particle	oui		9.99;9.99;11.27
ep1\fx\quest\q303\paradise_hotel\concert\q303_black_sapphire_concert_light_beam_01.particle	oui		7;7;12
ep1\fx\quest\q303\paradise_hotel\concert\q303_black_sapphire_concert_smoke_fall.particle	oui		10.68;10.68;14.26
ep1\fx\quest\q303\paradise_hotel\concert\q303_black_sapphire_concert_stage_fog.effect	oui		9.99;9.99;11.27
ep1\fx\quest\q303\paradise_hotel\concert\q303_black_sapphire_concert_stage_light_beams.effect	oui		7;7;12
ep1\fx\quest\q303\paradise_hotel\concert\q303_black_sapphire_concert_stage_smoke_fall.effect	oui		10.68;10.68;14.26
ep1\fx\quest\q303\paradise_hotel\q303_black_sapphire_balustrade.particle	oui		5.7;11.3;10.3
ep1\fx\quest\q303\paradise_hotel\q303_black_sapphire_clouds.particle	oui		17.38;10.38;16.76
ep1\fx\quest\q303\paradise_hotel\q303_black_sapphire_clouds_spill.particle	oui		26.21;25.21;46.43
ep1\fx\quest\q303\paradise_hotel\q303_black_sapphire_clouds_under.particle	oui		29.38;15.38;16.76
ep1\fx\quest\q303\paradise_hotel\q303_black_sapphire_egde_glow_001.particle	oui		66;66;66
ep1\fx\quest\q303\paradise_hotel\q303_black_sapphire_fire_small_blue.particle	oui		3.45;3.45;4.7
ep1\fx\quest\q303\paradise_hotel\q303_black_sapphire_glow_roof_001.particle	oui		1;1;1
ep1\fx\quest\q303\paradise_hotel\q303_black_sapphire_holographic_waterfall.effect	oui		0;0;0
ep1\fx\quest\q303\paradise_hotel\q303_black_sapphire_laser_medium.particle	oui		200;200;200
ep1\fx\quest\q303\paradise_hotel\q303_black_sapphire_laser_medium_002.particle	oui		300;300;300
ep1\fx\quest\q303\paradise_hotel\q303_black_sapphire_laser_medium_top.particle	oui		66;66;66
ep1\fx\quest\q303\paradise_hotel\q303_black_sapphire_laser_pillars.particle	oui		525;525;550
ep1\fx\quest\q303\paradise_hotel\q303_black_sapphire_laser_pillars_top.particle	oui		825;825;850
ep1\fx\quest\q303\paradise_hotel\q303_black_sapphire_laser_thin_001.particle	oui		400;400;400
ep1\fx\quest\q303\paradise_hotel\q303_black_sapphire_laser_thin_002.particle	oui		400;400;400
ep1\fx\quest\q303\paradise_hotel\q303_black_sapphire_laser_wide.particle	oui		200;200;200
ep1\fx\quest\q303\paradise_hotel\q303_black_sapphire_laser_wide_002.particle	oui		150;150;150
ep1\fx\quest\q303\paradise_hotel\q303_black_sapphire_laser_wide_003.particle	oui		150;150;150
ep1\fx\quest\q303\paradise_hotel\q303_black_sapphire_laser_wide_top.particle	oui		150;150;150
ep1\fx\quest\q303\paradise_hotel\q303_black_sapphire_lightbeam_large.particle	oui		40;40;40
ep1\fx\quest\q303\paradise_hotel\q303_black_sapphire_spotlights_no_party.particle	oui		140;140;140
ep1\fx\quest\q303\paradise_hotel\q303_black_sapphire_spotlights_no_party_02.particle	oui		140;140;140
ep1\fx\quest\q303\paradise_hotel\q303_black_sapphire_spotlight_beam.particle	oui		24;24;24
ep1\fx\quest\q303\paradise_hotel\q303_black_sapphire_spotlight_beam_hallway.particle	oui		4.05;4.05;4.1
ep1\fx\quest\q303\paradise_hotel\q303_black_sapphire_spotlight_beam_hallway_blue.particle	oui		4.05;4.05;4.1
ep1\fx\quest\q303\paradise_hotel\q303_black_sapphire_spotlight_beam_hallway_faint.particle	oui		4.05;4.05;4.1
ep1\fx\quest\q303\paradise_hotel\q303_black_sapphire_spotlight_beam_hallway_lamp.particle	oui		5.05;5.05;5.1
ep1\fx\quest\q303\paradise_hotel\q303_black_sapphire_tower_big_light.particle	oui		250;250;250
ep1\fx\quest\q303\paradise_hotel\q303_holographic_waterfall_mist.particle	oui		2.1;16.1;20.1
ep1\fx\quest\q303\paradise_hotel\q303_holographic_waterfall_mist_x2.particle	oui		2.1;16.1;24.1
ep1\fx\quest\q303\paradise_hotel\roulette_table\q303_holo_chips_shift_arrive.particle	non	2	2.25;2.25;3.51
ep1\fx\quest\q303\paradise_hotel\roulette_table\q303_holo_chips_shift_away.particle	non	0.7	1.1;1.1;1.2
ep1\fx\quest\q303\paradise_hotel\roulette_table\q303_holo_chip_away.effect	non	2	2.25;2.25;3.51
ep1\fx\quest\q303\paradise_hotel\roulette_table\q303_holo_chip_beam.effect	non	1	0.1;0.1;0.1
ep1\fx\quest\q303\paradise_hotel\roulette_table\q303_holo_chip_beam.particle	oui		0.1;0.1;0.1
ep1\fx\quest\q303\paradise_hotel\roulette_table\q303_holo_chip_fade.effect	oui		2.2;2.2;2.2
ep1\fx\quest\q303\paradise_hotel\roulette_table\q303_holo_chip_fall_down.particle	non	0.5	1.01;1.01;1.03
ep1\fx\quest\q303\paradise_hotel\roulette_table\q303_holo_chip_flare.particle	oui		1.2;1.2;1.2
ep1\fx\quest\q303\paradise_hotel\roulette_table\q303_holo_chip_hologram_beams.particle	oui		2.2;2.2;2.2
ep1\fx\quest\q303\paradise_hotel\roulette_table\q303_holo_chip_number_glitch.effect	non	1	0;0;0
ep1\fx\quest\q303\paradise_hotel\roulette_table\q303_holo_chip_stack_add.effect	non	2	1.01;1.01;1.03
ep1\fx\quest\q303\paradise_hotel\roulette_table\q303_roulette_droid_talk.effect	oui		0;0;0
ep1\fx\quest\q303\paradise_hotel\roulette_table\q303_roulette_table_emissive_pulse.effect	oui		0;0;0
ep1\fx\quest\q303\paradise_hotel\roulette_table\q303_roulette_table_emissive_set_on.effect	non	0.1	0;0;0
ep1\fx\quest\q303\paradise_hotel\roulette_table\q303_roulette_wheel_emissive_anim.effect	oui		0;0;0
ep1\fx\quest\q303\paradise_hotel\roulette_table\table_highlights\q303_roulette_table_highlights.effect	oui		408;408;408
ep1\fx\quest\q303\paradise_hotel\roulette_table\table_highlights\q303_roulette_table_highlights_0.particle	oui		213;213;218
ep1\fx\quest\q303\paradise_hotel\roulette_table\table_highlights\q303_roulette_table_highlights_1.particle	oui		149;149;154
ep1\fx\quest\q303\paradise_hotel\roulette_table\table_highlights\q303_roulette_table_highlights_2.particle	oui		149;149;154
ep1\fx\quest\q303\paradise_hotel\roulette_table\table_highlights\q303_roulette_table_highlights_ml.particle	oui		112;112;112
ep1\fx\quest\q303\paradise_hotel\roulette_table\table_highlights\q303_roulette_table_highlights_odd.particle	oui		408;408;408
ep1\fx\quest\q303\paradise_hotel\roulette_table\table_highlights\q303_roulette_table_highlights_passe.particle	oui		408;408;408
ep1\fx\quest\q303\paradise_hotel\roulette_table\table_highlights\q303_roulette_table_highlights_pl.particle	oui		112;112;112
ep1\fx\quest\q303\paradise_hotel\roulette_table\table_highlights\q303_roulette_table_highlights_red.particle	oui		408;408;408
ep1\fx\quest\q303\paradise_hotel\tunnels\q303_equipment_malfunction_bubbles_01.effect	oui		1.11;1.11;1.71
ep1\fx\quest\q303\paradise_hotel\tunnels\q303_equipment_malfunction_bubbles_01.particle	oui		1.11;1.11;1.71
ep1\fx\quest\q303\pyramid_club\q303_blackwall_fullscreen_strong.effect	oui		25.7;25.7;50.7
ep1\fx\quest\q303\pyramid_club\q303_horus_club_fx_lasers.effect	oui		6;6;6
ep1\fx\quest\q303\pyramid_club\q303_horus_hologram_cat_control.effect	non	1	0;0;0
ep1\fx\quest\q303\pyramid_club\q303_pyramid_club_hologram_dancefloor.particle	oui		6;6;6
ep1\fx\quest\q303\pyramid_club\q303_pyramid_club_hologram_dancefloor_pyramid.particle	oui		5;5;5
ep1\fx\quest\q303\pyramid_club\q303_pyramid_club_spotlight_beam.particle	oui		7;7;7
ep1\fx\quest\q303\pyramid_club\q303_pyramid_club_spotlight_beam_01.particle	oui		7;7;7
ep1\fx\quest\q303\safehouse\q303_johnny_sickness_symptoms.effect	non	8.21	1.1;1.1;1.2
ep1\fx\quest\q303\safehouse\q303_safehouse_dust_chair.effect	non	5	12;9.02;11.2
ep1\fx\quest\q303\safehouse\q303_safehouse_dust_chair.particle	oui		12;9.02;11.2
ep1\fx\quest\q303\safehouse\q303_safehouse_light_turn_on.effect	non	5	1.22;1.22;2.34
ep1\fx\quest\q303\sniper_nest\q303_detector_explosion.effect	non	30	25.1;25.1;50.1
ep1\fx\quest\q303\sniper_nest\q303_detector_explosion.particle	non	7	25.1;25.1;50.1
ep1\fx\quest\q303\sniper_nest\sniper_nest_hit.effect	non	1.6	5.04;5.04;9.91
ep1\fx\quest\q303\sniper_nest\sniper_nest_hit_02.particle	non	1.5	1.3;1.3;2.28
ep1\fx\quest\q303\sniper_nest\sniper_nest_sparks_01.particle	non	2	5.04;5.04;9.91
ep1\fx\quest\q303\video\concert_video_particle.particle	oui		0.58;0.58;1.08
ep1\fx\quest\q303\video\fx_q303_concert_lights_asteroid.effect	non	54	0;0;0
ep1\fx\quest\q303\video\fx_q303_concert_lights_asteroid_02.effect	non	26	0;0;0
ep1\fx\quest\q303\video\fx_q303_concert_lights_blue_webs.effect	non	56	0;0;0
ep1\fx\quest\q303\video\fx_q303_concert_lights_doggy.effect	non	44	0;0;0
ep1\fx\quest\q303\video\fx_q303_concert_lights_neurons.effect	non	49	0;0;0
ep1\fx\quest\q303\video\fx_q303_concert_lights_purple_rain.effect	non	37	0;0;0
ep1\fx\quest\q303\video\fx_q303_concert_lights_wings.effect	non	54	0;0;0
ep1\fx\quest\q303\video\fx_q303_light_off.effect	non	0.1	0;0;0
ep1\fx\quest\q303\voodoo_boys\blackwall\onscreen\q303_blackwall_onscreen_connect.effect	non	5	1;1;1
ep1\fx\quest\q303\voodoo_boys\blackwall\onscreen\q303_blackwall_onscreen_connect.particle	non	2	1;1;1
ep1\fx\quest\q303\voodoo_boys\blackwall\onscreen\q303_blackwall_onscreen_connect_attempt.effect	non	3.5	1;1;1
ep1\fx\quest\q303\voodoo_boys\blackwall\onscreen\q303_blackwall_onscreen_connect_attempt.particle	non	3.5	1;1;1
ep1\fx\quest\q303\voodoo_boys\blackwall\onscreen\q303_blackwall_onscreen_connect_persist.effect	oui		1;1;1
ep1\fx\quest\q303\voodoo_boys\blackwall\onscreen\q303_blackwall_onscreen_connect_persist.particle	oui		1;1;1
ep1\fx\quest\q303\voodoo_boys\blackwall\onscreen\q303_blackwall_onscreen_contact.effect	non	3	1;1;1
ep1\fx\quest\q303\voodoo_boys\blackwall\onscreen\q303_blackwall_onscreen_contact.particle	non	3	1;1;1
ep1\fx\quest\q303\voodoo_boys\blackwall\onscreen\q303_blackwall_onscreen_disconnect_wrong.effect	non	4	1;1;1
ep1\fx\quest\q303\voodoo_boys\blackwall\onscreen\q303_blackwall_onscreen_disconnect_wrong.particle	non	3	1;1;1
ep1\fx\quest\q303\voodoo_boys\blackwall\onscreen\q303_blackwall_onscreen_flash_recurrent.effect	oui		1;1;1
ep1\fx\quest\q303\voodoo_boys\blackwall\onscreen\q303_blackwall_onscreen_flash_recurrent.particle	oui		1;1;1
ep1\fx\quest\q303\voodoo_boys\blackwall\onscreen\q303_blackwall_onscreen_flash_recurrent_slomo.effect	oui		1;1;1
ep1\fx\quest\q303\voodoo_boys\blackwall\onscreen\q303_blackwall_onscreen_flash_recurrent_slowmo.particle	oui		1;1;1
ep1\fx\quest\q303\voodoo_boys\blackwall\onscreen\q303_blackwall_onscreen_interval.effect	non	4	1;1;1
ep1\fx\quest\q303\voodoo_boys\blackwall\onscreen\q303_blackwall_onscreen_interval.particle	non	4	1;1;1
ep1\fx\quest\q303\voodoo_boys\blackwall\onscreen\q303_blackwall_onscreen_low_flash.effect	non	1	1;1;1
ep1\fx\quest\q303\voodoo_boys\blackwall\onscreen\q303_blackwall_onscreen_low_flash.particle	non	0.6	1;1;1
ep1\fx\quest\q303\voodoo_boys\blackwall\onscreen\q303_blackwall_onscreen_reconnect.effect	non	5	1.2;1.2;1.2
ep1\fx\quest\q303\voodoo_boys\blackwall\onscreen\q303_blackwall_onscreen_reconnect.particle	non	3.5	1.2;1.2;1.2
ep1\fx\quest\q303\voodoo_boys\blackwall\onscreen\q303_blackwall_onscreen_slider_death.effect	non	10	1;1;1
ep1\fx\quest\q303\voodoo_boys\blackwall\onscreen\q303_blackwall_onscreen_slider_death.particle	non	5	1;1;1
ep1\fx\quest\q303\voodoo_boys\blackwall\onscreen\q303_blackwall_onscreen_warp_low.particle	oui		1;1;1
ep1\fx\quest\q303\voodoo_boys\blackwall\onscreen\q303_blackwall_onscreen_warp_low_flash.effect	non	1	1;1;1
ep1\fx\quest\q303\voodoo_boys\blackwall\q303_blackwall_character_slider.effect	non	20	5.2;5.2;5.2
ep1\fx\quest\q303\voodoo_boys\blackwall\q303_blackwall_character_slider.particle	oui		4.2;4.2;4.2
ep1\fx\quest\q303\voodoo_boys\blackwall\q303_blackwall_character_slider_burst.particle	non	1	5.2;5.2;5.2
ep1\fx\quest\q303\voodoo_boys\blackwall\q303_blackwall_horizon.particle	oui		1;1;1
ep1\fx\quest\q303\voodoo_boys\blackwall\q303_blackwall_horizon_vdb_slider.effect	non	3.28	0;0;0
ep1\fx\quest\q303\voodoo_boys\blackwall\q303_blackwall_horizon_vdb_slider_flash.effect	non	0.1	0;0;0
ep1\fx\quest\q303\voodoo_boys\q303_blackwall_electricity_arc_bursts_slomo.particle	non	30	1;1;1
ep1\fx\quest\q303\voodoo_boys\q303_blackwall_electricity_arc_bursts_snap.particle	non	0.2	1.2;1.2;1
ep1\fx\quest\q303\voodoo_boys\q303_server_dead_electricity_arc_001.particle	oui		1.5;1.5;5.3
ep1\fx\quest\q303\voodoo_boys\q303_server_explosion_main.particle	non	8	26.14;26.14;51
ep1\fx\quest\q303\voodoo_boys\q303_server_explosion_sparks.particle	non	3	25.25;25.25;50.25
ep1\fx\quest\q303\voodoo_boys\q303_server_node_damaged.effect	oui		25.25;25.25;50.25
ep1\fx\quest\q303\voodoo_boys\q303_server_node_damaged_smoke.particle	oui		3.2;3.2;4.7
ep1\fx\quest\q303\voodoo_boys\q303_server_node_destroyed_smoke.particle	oui		7;7;10
ep1\fx\quest\q303\voodoo_boys\q303_server_node_explosion.effect	oui		26.14;26.14;51
ep1\fx\quest\q303\voodoo_boys\q303_server_node_sparks_destroyed_001.particle	oui		1;1;1
ep1\fx\quest\q303\voodoo_boys\q303_server_node_venting.effect	oui		6.25;6.25;8.5
ep1\fx\quest\q303\voodoo_boys\q303_server_venting.particle	oui		6.25;6.25;8.5
ep1\fx\quest\q303\voodoo_boys\q303_server_vent_blast.particle	non	1.6	5.33;5.33;6.65
ep1\fx\quest\q303\voodoo_boys\q303_slider_death.effect	oui		5.53;5.53;9.86
ep1\fx\quest\q303\voodoo_boys\q303_slider_death_buildup.effect	oui		1;1;1
ep1\fx\quest\q303\voodoo_boys\q303_slider_death_machines.effect	oui		7.87;7.87;15.85
ep1\fx\quest\q303\voodoo_boys\q303_slider_death_smoke.particle	oui		5.53;5.53;9.86
ep1\fx\quest\q303\voodoo_boys\q303_slider_fry.particle	non	1.25	1.3;1.3;1.96
ep1\fx\quest\q303\voodoo_boys\q303_slider_looking_blackwall.effect	oui		0;0;0
ep1\fx\quest\q303\voodoo_boys\q303_slider_scene_ecticity_arc_small_constant_realtime.particle	oui		1.23;1.33;1.67
ep1\fx\quest\q303\voodoo_boys\q303_slider_scene_ecticity_arc_small_constant_slomo.particle	oui		5.18;5.28;9.55
ep1\fx\quest\q303\voodoo_boys\q303_slider_scene_electric_arcs_realtime.effect	oui		1.23;1.33;1.67
ep1\fx\quest\q303\voodoo_boys\q303_slider_scene_electric_arcs_slomo.effect	oui		5.18;5.28;9.55
ep1\fx\quest\q303\voodoo_boys\q303_slider_scene_sparks_realtime.particle	oui		5.3;5.3;10.3
ep1\fx\quest\q303\voodoo_boys\q303_slider_scene_sparks_realtime_big.particle	non	1.5	7.87;7.87;15.85
ep1\fx\quest\q303\voodoo_boys\q303_slider_scene_sparks_slow.particle	non	1	2.8;2.8;5.3
ep1\fx\quest\q303\voodoo_boys\q303_slider_scene_sparks_slowing.effect	non	15	25.2;25.2;50.21
ep1\fx\quest\q303\voodoo_boys\q303_slider_scene_sparks_slowing.particle	non	15	25.2;25.2;50.2
ep1\fx\quest\q303\voodoo_boys\q303_slider_scene_sparks_slowing_02.effect	oui		25.2;25.2;50.2
ep1\fx\quest\q303\voodoo_boys\q303_slider_scene_sparks_slowing_02.particle	non	10	25.05;25.05;50.21
ep1\fx\quest\q303\voodoo_boys\q303_slider_time_dilation.effect	oui		0;0;0
ep1\fx\quest\q303\voodoo_boys\q303_slider_time_dilation_flash.effect	non	1.5	0;0;0
ep1\fx\quest\q303\voodoo_boys\slot_test.effect	oui		25.25;25.25;50.25
ep1\fx\quest\q304\charon\q304_charon_flames.effect	oui		1.35;1.35;1.4
ep1\fx\quest\q304\charon\q304_charon_flames_01.particle	oui		1.03;1.03;1.05
ep1\fx\quest\q304\charon\q304_charon_flames_02.particle	oui		1.05;1.05;1.1
ep1\fx\quest\q304\charon\q304_charon_flames_03.particle	oui		1.05;1.05;1.1
ep1\fx\quest\q304\charon\q304_charon_flames_04.particle	oui		1.35;1.35;1.4
ep1\fx\quest\q304\charon\q304_charon_flames_05.particle	oui		0.8;0.8;0.85
ep1\fx\quest\q304\deal\q304_blood_decal.effect	oui		0;0;0
ep1\fx\quest\q304\deal\q304_blood_decal_01.effect	oui		0;0;0
ep1\fx\quest\q304\deal\q304_blood_decal_02.effect	oui		0;0;0
ep1\fx\quest\q304\deal\q304_blood_puddle.particle	oui		1;1;1
ep1\fx\quest\q304\deal\q304_blood_puddle_02.effect	non	60	0;0;0
ep1\fx\quest\q304\e_smoke_int_suspended_4x2_delicate_slow_garage.particle	oui		12.12;9.12;8.44
ep1\fx\quest\q304\farida\q304_drugged_status_01.effect	oui		0;0;0
ep1\fx\quest\q304\farida\q304_drugged_wave.particle	oui		26;26;51
ep1\fx\quest\q304\farida\q304_face_welding_01.effect	oui		3.14;3.14;6.27
ep1\fx\quest\q304\farida\q304_face_welding_01.particle	oui		3.14;3.14;6.27
ep1\fx\quest\q304\farida\q304_red_lids_v.effect	non	14	0;0;0
ep1\fx\quest\q304\farida\q304_smoke_at_faridas.particle	oui		5.5;5.5;2.7
ep1\fx\quest\q304\garage_ambush\q304_netrunner_taser_hit.effect	non	2.04	4;4;7
ep1\fx\quest\q304\garage_ambush\q304_netrunner_taser_loop.effect	oui		2;2;2
ep1\fx\quest\q304\garage_ambush\q304_oncsreen_morphing_01.effect	non	1.03	1.4;1.4;1.8
ep1\fx\quest\q304\garage_ambush\q304_oncsreen_morphing_01.particle	non	0.8	1.4;1.4;1.8
ep1\fx\quest\q304\garage_ambush\q304_taser_hit.particle	non	1.5	4;4;7
ep1\fx\quest\q304\garage_ambush\q304_taser_loop.particle	oui		2;2;2
ep1\fx\quest\q304\heli_rotor\q304_helicopter_rotor_hit.effect	non	60.28	3.81;3.81;6.97
ep1\fx\quest\q304\lab\alex_kills_kurt\q304_alex_impact_glass.effect	non	4.63	11.51;11.51;23.22
ep1\fx\quest\q304\lab\alex_kills_kurt\q304_alex_kils_kurt_light.effect	non	0.5	0;0;0
ep1\fx\quest\q304\lab\alex_kills_kurt\q304_alex_kils_kurt_trail.effect	non	1.81	6;6;6
ep1\fx\quest\q304\lab\alex_kills_kurt\q304_fake_ammo_trail.particle	non	0.4	6;6;6
ep1\fx\quest\q304\lab\alex_kills_kurt\q304_kills_kurt_impact.particle	non	2	11.51;11.51;23.22
ep1\fx\quest\q304\lab\old_emp\q304_emp_blast.effect	non	3	25.3;25.3;50.3
ep1\fx\quest\q304\lab\old_emp\q304_emp_blast.particle	non	7	25.3;25.3;50.3
ep1\fx\quest\q304\lab\old_emp\q304_emp_sparks_tall.effect	non	3	25.3;25.3;50.3
ep1\fx\quest\q304\lab\old_emp\q304_emp_sparks_tall.particle	non	6	25.3;25.3;50.3
ep1\fx\quest\q304\lab\old_emp\q304_emp_sparks_tall_collision.effect	non	30	25.2;25.2;50.2
ep1\fx\quest\q304\lab\old_emp\q304_emp_sparks_tall_collision.particle	non	4	25.2;25.2;50.2
ep1\fx\quest\q304\lab\q304_alex_blood.effect	non	2	5.48;5.48;8.11
ep1\fx\quest\q304\lab\q304_alex_blood.particle	non	1.5	5.48;5.48;8.11
ep1\fx\quest\q304\lab\q304_blood_glass_01.particle	oui		1;1;1
ep1\fx\quest\q304\lab\q304_broken_screen_01.effect	oui		1.4;1.4;1.4
ep1\fx\quest\q304\lab\q304_broken_screen_placeholder.particle	oui		1.4;1.4;1.4
ep1\fx\quest\q304\lab\q304_core_lab_small_sparks.effect	non	1	0.28;0.28;0.4
ep1\fx\quest\q304\lab\q304_core_nitrogene_constant.effect	oui		0.99;0.99;1.28
ep1\fx\quest\q304\lab\q304_core_nitrogene_constant_01.particle	oui		0.99;0.99;1.28
ep1\fx\quest\q304\lab\q304_core_nitrogene_extract_chip.effect	non	10.99	0.62;0.62;0.74
ep1\fx\quest\q304\lab\q304_core_nitrogene_extract_chip.particle	non	1.5	0.62;0.62;0.74
ep1\fx\quest\q304\lab\q304_core_nitrogene_extract_chip_static.effect	non	3.08	0.51;0.51;0.53
ep1\fx\quest\q304\lab\q304_core_nitrogene_extract_chip_static.particle	non	2	0.51;0.51;0.53
ep1\fx\quest\q304\lab\q304_core_nitrogene_open.effect	non	3	0.58;0.58;0.65
ep1\fx\quest\q304\lab\q304_core_nitrogene_open.particle	oui		0.58;0.58;0.65
ep1\fx\quest\q304\lab\q304_core_nitrogene_open_02.particle	oui		0.58;0.58;0.65
ep1\fx\quest\q304\lab\q304_core_welding_01.effect	non	12	3.14;3.14;6.27
ep1\fx\quest\q304\lab\q304_core_welding_01.particle	oui		3.14;3.14;6.27
ep1\fx\quest\q304\lab\q304_cybermask_lab.effect	non	3	1;1;1
ep1\fx\quest\q304\lab\q304_cybermask_lab.particle	non	2.85	1;1;1
ep1\fx\quest\q304\lab\q304_glass_impact.particle	non	4	11.51;11.51;23.22
ep1\fx\quest\q304\lab\q304_glitching_screen_01.effect	non	5	0;0;0
ep1\fx\quest\q304\lab\q304_lab_blood_decal_01.effect	non	34.96	1;1;1
ep1\fx\quest\q304\lab\q304_lab_blood_decal_02.effect	non	15.04	2.11;2.11;4.11
ep1\fx\quest\q304\lab\q304_lab_burnout_glitch_01.effect	non	1.9	1.4;1.4;1.8
ep1\fx\quest\q304\lab\q304_lab_flickering_timing.effect	non	32	0;0;0
ep1\fx\quest\q304\lab\q304_lab_onscreen_glitch_01.effect	non	6	6;6;11
ep1\fx\quest\q304\lab\q304_psychosis_enviro_destro_loop.effect	oui		4.92;4.92;6.05
ep1\fx\quest\q304\lab\q304_red_lightining_arm_01.particle	non	0.11	1;1;1
ep1\fx\quest\q304\lab\q304_red_lightining_arm_kill_soldier.effect	non	1.02	1;1;1
ep1\fx\quest\q304\lab\q304_red_lightining_arm_kill_soldier.particle	non	0.08	1;1;1
ep1\fx\quest\q304\lab\q304_red_lightining_burst_01.particle	non	0.12	1.2;1.2;1
ep1\fx\quest\q304\lab\q304_red_lightining_burst_02.particle	non	0.11	0.5;0.5;0.5
ep1\fx\quest\q304\lab\q304_red_lightining_burst_03.particle	non	0.11	1;1;1
ep1\fx\quest\q304\lab\q304_red_lightining_burst_04.particle	non	0.11	0.7;0.7;0.7
ep1\fx\quest\q304\lab\q304_red_lightining_loop_01.particle	oui		1;1;1
ep1\fx\quest\q304\lab\q304_red_lightining_loop_subtle_01.particle	oui		1;1;1
ep1\fx\quest\q304\lab\q304_red_lightining_roboarm_01.particle	non	0.12	1;1;1
ep1\fx\quest\q304\lab\q304_red_lightining_timing_01.particle	non	0.11	0;0;0
ep1\fx\quest\q304\lab\q304_red_lightining_walk_01.particle	non	0.2	1;1;1
ep1\fx\quest\q304\lab\q304_red_lightining_walk_02.particle	oui		1.2;1.2;1.2
ep1\fx\quest\q304\lab\q304_red_lightning_arm_01.effect	non	10	4.53;4.53;8.03
ep1\fx\quest\q304\lab\q304_red_lightning_burst.effect	non	10	4.53;4.53;8.03
ep1\fx\quest\q304\lab\q304_red_lightning_burst_02.effect	non	10	4.53;4.53;8.03
ep1\fx\quest\q304\lab\q304_red_lightning_burst_03.effect	non	8	25.2;25.2;50.2
ep1\fx\quest\q304\lab\q304_red_lightning_loop_01.effect	oui		1;1;1
ep1\fx\quest\q304\lab\q304_red_lightning_loop_subtle_01.effect	oui		1;1;1
ep1\fx\quest\q304\lab\q304_red_lightning_roboarm_01.effect	non	10	1;1;1
ep1\fx\quest\q304\lab\q304_red_lightning_walk_01.effect	non	10	1.2;1.2;1.2
ep1\fx\quest\q304\lab\q304_scene_alex_impact_glass.effect	non	4.63	11.51;11.51;23.22
ep1\fx\quest\q304\lab\q304_somi_blackwall_device_01.effect	oui		4;4;5.28
ep1\fx\quest\q304\lab\q304_songbird_lightnings_reed_path.effect	oui		1.24;1.24;1.26
ep1\fx\quest\q304\lab\q304_song_sparks_head.effect	non	10.09	2.03;2.03;3.78
ep1\fx\quest\q304\lab\q304_song_sparks_head.particle	non	1.5	2.03;2.03;3.78
ep1\fx\quest\q304\lab\q304_sparks_burst_big_collision_01.particle	non	5	20.25;20.25;40.25
ep1\fx\quest\q304\lab\q304_sparks_small_01.particle	oui		4.53;4.53;8.03
ep1\fx\quest\q304\lab\q304_sparks_tall_collision.effect	non	10	20.25;20.25;40.25
ep1\fx\quest\q304\lab\q304_zap_to_core_01.effect	non	8	2.78;2.78;5.28
ep1\fx\quest\q304\lab\q304_zap_to_core_01.particle	non	0.11	1;1;1
ep1\fx\quest\q304\lab\q304_zap_to_lamp_01.effect	oui		2.78;2.78;5.28
ep1\fx\quest\q304\lab\q304_zap_to_lamp_01.particle	non	0.11	1;1;1
ep1\fx\quest\q304\lab\q304_zap_to_lamp_02.effect	oui		2.78;2.78;5.28
ep1\fx\quest\q304\lab\q304_zap_to_lamp_02.particle	non	0.11	1;1;1
ep1\fx\quest\q304\lab\q304_zap_to_player.effect	non	8	25.18;25.18;50.01
ep1\fx\quest\q304\lab\q304_zap_to_player_01.particle	non	1	1;1;1
ep1\fx\quest\q304\lab\q304_zap_to_roboarm_01.effect	oui		2.78;2.78;5.28
ep1\fx\quest\q304\lab\q304_zap_to_roboarm_01.particle	non	0.11	1;1;1
ep1\fx\quest\q304\lab\q304_zap_to_screen_01.effect	oui		2.78;2.78;5.28
ep1\fx\quest\q304\lab\q304_zap_to_screen_01.particle	non	0.12	1;1;1
ep1\fx\quest\q304\lab\q304_zap_to_server_01.effect	oui		2.78;2.78;5.28
ep1\fx\quest\q304\lab\q304_zap_to_server_01.particle	non	0.11	1;1;1
ep1\fx\quest\q304\lab\q_sparks_burst_big_collision.particle	non	4	2.78;2.78;5.28
ep1\fx\quest\q304\lab\q_sparks_burst_medium_collision.particle	non	3	2.78;2.78;5.28
ep1\fx\quest\q304\q304_billbord_av_sparks.effect	non	39.5	25.25;25.25;50.25
ep1\fx\quest\q304\q304_blackwall_big_devices_statium.effect	oui		4;4;4
ep1\fx\quest\q304\q304_blackwall_big_devices_statium.particle	oui		4;4;4
ep1\fx\quest\q304\q304_blackwall_big_devices_statium_distance.particle	oui		3;3;3
ep1\fx\quest\q304\q304_blackwall_big_devices_statium_distance_single.particle	oui		3.3;3.6;3
ep1\fx\quest\q304\q304_blackwall_characters_kurt_soldiers.effect	oui		1.8;1.8;1.6
ep1\fx\quest\q304\q304_blackwall_characters_kurt_soldiers.particle	non	2	1.55;1.55;1.55
ep1\fx\quest\q304\q304_blackwall_characters_statium.effect	oui		3.56;3.56;3.56
ep1\fx\quest\q304\q304_blackwall_characters_statium.particle	oui		3.56;3.56;3.56
ep1\fx\quest\q304\q304_blackwall_characters_statium_distance.particle	oui		2.56;2.56;2.56
ep1\fx\quest\q304\q304_blackwall_characters_statium_lab.effect	oui		1.55;1.55;1.55
ep1\fx\quest\q304\q304_blackwall_characters_statium_lab.particle	non	2	1.55;1.55;1.55
ep1\fx\quest\q304\q304_blackwall_characters_statium_lab_02.effect	oui		3.56;3.56;3.56
ep1\fx\quest\q304\q304_blackwall_characters_statium_lab_alex.effect	oui		1.35;1.35;1.15
ep1\fx\quest\q304\q304_blackwall_characters_statium_lab_alex.particle	non	3	1.35;1.35;1.15
ep1\fx\quest\q304\q304_blackwall_characters_statium_v_1.effect	oui		2.65;2.65;2.65
ep1\fx\quest\q304\q304_blackwall_characters_statium_v_1.particle	oui		2.65;2.65;2.65
ep1\fx\quest\q304\q304_blackwall_characters_statium_v_1_affecting_area.effect	oui		1.8;1.8;1.6
ep1\fx\quest\q304\q304_blackwall_characters_statium_v_1_affecting_area.particle	oui		1.8;1.8;1.6
ep1\fx\quest\q304\q304_blackwall_characters_statium_v_2.effect	oui		2.2;2.2;2.2
ep1\fx\quest\q304\q304_blackwall_characters_statium_v_2.particle	oui		2.2;2.2;2.2
ep1\fx\quest\q304\q304_blackwall_cynosure_core.effect	oui		2.6;1.9;1.9
ep1\fx\quest\q304\q304_blackwall_cynosure_core.particle	oui		2.6;1.9;1.9
ep1\fx\quest\q304\q304_blackwall_devices_stadium.effect	oui		2;2;2
ep1\fx\quest\q304\q304_blackwall_devices_stadium_lab_path_02_floor.effect	oui		1;1;1
ep1\fx\quest\q304\q304_blackwall_devices_stadium_lab_path_02_floor.particle	oui		1;1;1
ep1\fx\quest\q304\q304_blackwall_devices_stadium_lab_path_03_floor.effect	oui		1;1;1
ep1\fx\quest\q304\q304_blackwall_devices_stadium_lab_path_03_floor.particle	oui		1;1;1
ep1\fx\quest\q304\q304_blackwall_devices_stadium_small_connection_grouped.effect	oui		5;5;5
ep1\fx\quest\q304\q304_blackwall_devices_stadium_small_connection_grouped.particle	oui		5;5;5
ep1\fx\quest\q304\q304_blackwall_devices_stadium_small_group.effect	oui		2;2.8;2
ep1\fx\quest\q304\q304_blackwall_devices_statium.particle	oui		2;2;2
ep1\fx\quest\q304\q304_blackwall_devices_statium_medium.effect	oui		2.3;2.6;2
ep1\fx\quest\q304\q304_blackwall_devices_statium_medium.particle	oui		2.3;2.6;2
ep1\fx\quest\q304\q304_blackwall_devices_statium_medium_distance.effect	oui		3.3;3.6;3
ep1\fx\quest\q304\q304_blackwall_devices_statium_medium_distance.particle	oui		3.3;3.6;3
ep1\fx\quest\q304\q304_blackwall_devices_statium_medium_distance_01.effect	oui		8;3.6;3
ep1\fx\quest\q304\q304_blackwall_devices_statium_medium_distance_01.particle	oui		8;3.6;3
ep1\fx\quest\q304\q304_blackwall_devices_statium_medium_distance_02.effect	oui		3.4;4;3
ep1\fx\quest\q304\q304_blackwall_devices_statium_medium_distance_02.particle	oui		3.4;4;3
ep1\fx\quest\q304\q304_blackwall_devices_statium_medium_lab.effect	oui		2.3;2.6;2
ep1\fx\quest\q304\q304_blackwall_devices_statium_medium_lab_path.effect	oui		2;2;2
ep1\fx\quest\q304\q304_blackwall_devices_statium_medium_lab_path.particle	oui		2;2;2
ep1\fx\quest\q304\q304_blackwall_devices_statium_medium_lab_path_01.effect	oui		2;2.2;2
ep1\fx\quest\q304\q304_blackwall_devices_statium_medium_lab_path_01.particle	oui		2;2.2;2
ep1\fx\quest\q304\q304_blackwall_devices_statium_small.effect	oui		1.9;1.9;1.6
ep1\fx\quest\q304\q304_blackwall_devices_statium_small.particle	oui		1.9;1.9;1.6
ep1\fx\quest\q304\q304_blackwall_devices_statium_small_01.effect	oui		1.9;1.9;1.6
ep1\fx\quest\q304\q304_blackwall_devices_statium_small_01.particle	oui		1.9;1.9;1.6
ep1\fx\quest\q304\q304_blackwall_devices_statium_small_connection.effect	oui		1.8;1.8;1.6
ep1\fx\quest\q304\q304_blackwall_devices_statium_small_connection.particle	oui		1.8;1.8;1.6
ep1\fx\quest\q304\q304_blackwall_devices_statium_small_connection_distance.particle	oui		1.8;1.8;1.6
ep1\fx\quest\q304\q304_blackwall_devices_statium_small_group.particle	oui		2;2.8;2
ep1\fx\quest\q304\q304_blackwall_devices_statium_small_v2.effect	oui		1.9;1.9;1.9
ep1\fx\quest\q304\q304_blackwall_devices_statium_small_v2.particle	oui		1.9;1.9;1.9
ep1\fx\quest\q304\q304_blackwall_devices_statium_super_small_connection.effect	oui		2.2;2.2;2
ep1\fx\quest\q304\q304_blackwall_devices_statium_super_small_connection.particle	oui		2.2;2.2;2
ep1\fx\quest\q304\q304_blackwall_onscreen_lab_callingkrausser.effect	non	1.01	1;1;1
ep1\fx\quest\q304\q304_blackwall_onscreen_lab_callingkrausser.particle	non	0.2	1;1;1
ep1\fx\quest\q304\q304_blackwall_onscreen_lab_callingkrausser_long.effect	non	5.5	3;3;3
ep1\fx\quest\q304\q304_blackwall_onscreen_lab_callingkrausser_long.particle	non	9	3;3;3
ep1\fx\quest\q304\q304_blackwall_onscreen_lab_delicate_single.effect	non	3	4;3;5
ep1\fx\quest\q304\q304_blackwall_onscreen_lab_delicate_single.particle	non	0.5	4;3;5
ep1\fx\quest\q304\q304_blackwall_onscreen_lab_delicate_single_02.effect	non	3	5;1;1
ep1\fx\quest\q304\q304_blackwall_onscreen_lab_delicate_single_02.particle	non	0.85	5;1;1
ep1\fx\quest\q304\q304_blackwall_onscreen_lab_longer.effect	non	3	3;3;3
ep1\fx\quest\q304\q304_blackwall_onscreen_lab_longer.particle	non	0.75	3;3;3
ep1\fx\quest\q304\q304_blackwall_onscreen_lab_longer_song_path.effect	non	4	3;3;3
ep1\fx\quest\q304\q304_blackwall_onscreen_lab_longer_song_path.particle	non	2.85	3;3;3
ep1\fx\quest\q304\q304_blackwall_onscreen_lab_psycho2.effect	non	35.26	3.2;2.5;3
ep1\fx\quest\q304\q304_blackwall_onscreen_lab_psycho2.particle	non	2	3.2;2.5;3
ep1\fx\quest\q304\q304_blackwall_onscreen_lab_psycho2_fly_away.effect	non	3	1;1;1
ep1\fx\quest\q304\q304_blackwall_onscreen_lab_psycho2_fly_away.particle	non	0.45	1;1;1
ep1\fx\quest\q304\q304_blackwall_onscreen_lab_psycho2_intro.particle	non	8.1	6.75;6.05;10.1
ep1\fx\quest\q304\q304_blackwall_onscreen_lab_psycho3.effect	non	3	3;3;3
ep1\fx\quest\q304\q304_blackwall_onscreen_lab_psycho3.particle	non	1.2	3;3;3
ep1\fx\quest\q304\q304_blackwall_onscreen_lab_psycho3_delicate.effect	non	1.51	3;3;3
ep1\fx\quest\q304\q304_blackwall_onscreen_lab_psycho3_delicate.particle	non	1.2	3;3;3
ep1\fx\quest\q304\q304_blackwall_onscreen_lab_scene.effect	non	3	2;1.05;1.1
ep1\fx\quest\q304\q304_blackwall_onscreen_lab_scene.particle	non	0.15	2;1.05;1.1
ep1\fx\quest\q304\q304_blackwall_onscreen_lab_scene_icebreaker_node.particle	non	2.95	3;3;3
ep1\fx\quest\q304\q304_blackwall_onscreen_lab_scene_icebreaker_scene.effect	non	6	3;3;3
ep1\fx\quest\q304\q304_blackwall_onscreen_relic_perks_unlocked.effect	non	5	3;3;3
ep1\fx\quest\q304\q304_blackwall_onscreen_relic_perks_unlocked.particle	non	0.95	2.19;2.19;2.38
ep1\fx\quest\q304\q304_blackwall_onscreen_relic_perks_unlocked_01.particle	non	1	3;3;3
ep1\fx\quest\q304\q304_blackwall_sky.particle	oui		1.5;1.5;2
ep1\fx\quest\q304\q304_blackwall_songbird_capture.effect	oui		11.4;7.4;6.8
ep1\fx\quest\q304\q304_blackwall_songbird_capture.particle	oui		11.4;7.4;6.8
ep1\fx\quest\q304\q304_blackwall_songbird_capture_pillar.effect	oui		13;13;19
ep1\fx\quest\q304\q304_blackwall_songbird_capture_pillar.particle	oui		13;13;19
ep1\fx\quest\q304\q304_blue_light_core.effect	non	20.04	0;0;0
ep1\fx\quest\q304\q304_car_trap_damage_effect.effect	non	4	0;0;0
ep1\fx\quest\q304\q304_destro_gate.particle	non	12	29;30;61
ep1\fx\quest\q304\q304_dust_reed_car_tires.effect	non	15.02	9.17;9.17;17.95
ep1\fx\quest\q304\q304_dust_reed_car_tires.particle	non	1.75	9.17;9.17;17.95
ep1\fx\quest\q304\q304_electric_arc_small.effect	non	5	5.48;5.48;9.47
ep1\fx\quest\q304\q304_escape_songbird_hack_indicator.effect	non	5.97	25.25;25.25;50.25
ep1\fx\quest\q304\q304_escape_songbird_hack_indicator_killer_rotor.effect	oui		25.25;25.25;50.25
ep1\fx\quest\q304\q304_escape_songbird_hack_indicator_killer_rotor.particle	oui		3.2;3.2;2.2
ep1\fx\quest\q304\q304_escape_songbird_hack_indicator_red.effect	non	4.27	8.26;6.26;3.52
ep1\fx\quest\q304\q304_face_tank_bubbles.particle	oui		0.53;0.53;0.75
ep1\fx\quest\q304\q304_fire_large.effect	oui		9;9;16.5
ep1\fx\quest\q304\q304_fire_medium.effect	oui		3.5;3.5;6.5
ep1\fx\quest\q304\q304_fire_small.effect	oui		2.5;2.5;4
ep1\fx\quest\q304\q304_fire_small_tall.effect	oui		3.25;3.25;6.25
ep1\fx\quest\q304\q304_hack_cars.effect	oui		5;5;4
ep1\fx\quest\q304\q304_hack_cars.particle	oui		5;5;4
ep1\fx\quest\q304\q304_hack_indicator_red.effect	oui		1.85;1.75;1.65
ep1\fx\quest\q304\q304_hack_indicator_red.particle	oui		1.85;1.75;1.65
ep1\fx\quest\q304\q304_hack_minotaur.effect	oui		25.25;25.25;50.25
ep1\fx\quest\q304\q304_hack_turret.effect	oui		2.3;2.6;2
ep1\fx\quest\q304\q304_hack_warehouse_android_bw.effect	oui		7.6;7.6;15.1
ep1\fx\quest\q304\q304_hack_warehouse_android_bw.particle	oui		1.85;1.75;1.65
ep1\fx\quest\q304\q304_kurt_ambush_smoke.effect	oui		10;10;19
ep1\fx\quest\q304\q304_lightnings_back_head_somi_path.effect	non	18.09	0.85;0.85;0.85
ep1\fx\quest\q304\q304_lightnings_back_head_somi_path.particle	non	0.1	0.85;0.85;0.85
ep1\fx\quest\q304\q304_lightnings_somi_arm_upper_limb.effect	non	10.96	0.05;0.05;0.05
ep1\fx\quest\q304\q304_lightnings_somi_arm_upper_limb.particle	non	0.35	0.05;0.05;0.05
ep1\fx\quest\q304\q304_maxtac_av_exposure_support.particle	oui		26;26;51
ep1\fx\quest\q304\q304_maxtac_av_light.effect	oui		26;26;51
ep1\fx\quest\q304\q304_maxtac_av_light.particle	oui		26;26;51
ep1\fx\quest\q304\q304_maxtac_av_light_01.effect	oui		10;10;10
ep1\fx\quest\q304\q304_maxtac_av_light_01.particle	oui		10;10;10
ep1\fx\quest\q304\q304_maxtac_av_light_exposure.effect	non	4	26;26;51
ep1\fx\quest\q304\q304_myers_car_holo.particle	oui		0.4;0.4;0.4
ep1\fx\quest\q304\q304_myers_car_holo_intro.effect	non	24	0.4;0.4;0.4
ep1\fx\quest\q304\q304_myers_car_holo_intro.particle	non	2	0.4;0.4;0.4
ep1\fx\quest\q304\q304_myers_car_holo_outro.particle	non	1	0.4;0.4;0.4
ep1\fx\quest\q304\q304_smoke_following_car.effect	non	10.03	4.63;4.63;7.25
ep1\fx\quest\q304\q304_smoke_following_car01.particle	non	1.75	4.63;4.63;7.25
ep1\fx\quest\q304\q304_smoke_hanging_01.particle	oui		12.83;9.83;9.86
ep1\fx\quest\q304\q304_smoke_medium_thick_car_wreck_04_low.particle	oui		7.25;7.25;9.5
ep1\fx\quest\q304\q304_smoke_static_garage.effect	oui		12.83;9.83;9.86
ep1\fx\quest\q304\q304_smoke_static_garage.particle	non	1.75	4.63;4.63;7.25
ep1\fx\quest\q304\q304_somi_back_wake_up.effect	non	30.1	1.25;1.25;1.1
ep1\fx\quest\q304\q304_somi_back_wake_up.particle	non	0.1	1.25;1.25;1.1
ep1\fx\quest\q304\q304_somi_hand_small.effect	oui		1.15;1.15;1.1
ep1\fx\quest\q304\q304_somi_hand_small.particle	non	0.1	1.15;1.15;1.1
ep1\fx\quest\q304\q304_somi_hand_small_fingers.effect	non	1	1.18;1.18;1.16
ep1\fx\quest\q304\q304_somi_hand_small_fingers.particle	non	0.15	1.18;1.18;1.16
ep1\fx\quest\q304\q304_somi_hand_small_fingers_02.effect	non	1	1.03;1.03;1.06
ep1\fx\quest\q304\q304_somi_hand_small_fingers_02.particle	non	0.09	1.03;1.03;1.06
ep1\fx\quest\q304\q304_songbird_blackwall_looped.effect	oui		10.25;6.25;4.5
ep1\fx\quest\q304\q304_songbird_to_soldier_left.effect	non	0.3	2;2;2
ep1\fx\quest\q304\q304_songbird_to_soldier_left.particle	non	0.85	2;2;2
ep1\fx\quest\q304\q304_songbird_to_soldier_right.effect	oui		0.1;0.1;0.1
ep1\fx\quest\q304\q304_songbird_to_soldier_right.particle	oui		0.1;0.1;0.1
ep1\fx\quest\q304\q304_sparks_burst.particle	oui		25.25;25.25;50.25
ep1\fx\quest\q304\q304_sparks_cable_electric_failure_loop_super_long.particle	oui		1.92;1.92;3.15
ep1\fx\quest\q304\q304_sparks_cable_electric_failure_medium_loop.particle	oui		7.95;7.95;15.83
ep1\fx\quest\q304\q304_sparks_cable_electric_failure_medium_loop_base.particle	oui		2.15;2.15;3.15
ep1\fx\quest\q304\q304_sparks_cable_electric_failure_medium_loop_long.particle	oui		10.64;10.64;21.03
ep1\fx\quest\q304\q304_sparks_cable_electric_failure_medium_loop_small_door.particle	oui		3.44;3.44;6.68
ep1\fx\quest\q304\q304_sparks_small.particle	oui		4.45;4.45;8.59
ep1\fx\quest\q304\q304_v_to_core_bolt.effect	oui		7.6;7.6;15.1
ep1\fx\quest\q304\q304_v_to_core_bolt.particle	oui		7.6;7.6;15.1
ep1\fx\quest\q304\q304_v_to_core_bolt_song_path.effect	non	0.3	0.25;0.25;0.4
ep1\fx\quest\q304\q304_v_to_core_bolt_song_path.particle	non	0.3	0.25;0.25;0.4
ep1\fx\quest\q304\ramming_gate\q304_ramming_gate.effect	non	9.99	29;30;61
ep1\fx\quest\q304\ramming_gate\q304_ramming_gate.particle	non	8	25.7;25.7;50.7
ep1\fx\quest\q304\reed_escape\q304_door_cutter.effect	oui		3.52;3.52;7.02
ep1\fx\quest\q304\reed_escape\q304_door_cutter.particle	oui		3.52;3.52;7.02
ep1\fx\quest\q304\reed_finale\q304_av_kickup_dust.effect	oui		8.5;8.5;13
ep1\fx\quest\q304\reed_finale\q304_av_kickup_dust.particle	oui		8.5;8.5;13
ep1\fx\quest\q304\reed_finale\q304_av_kickup_dust_somi_captured.effect	non	40	8.5;8.5;13
ep1\fx\quest\q304\reed_finale\q304_av_kickup_dust_somi_captured.particle	oui		8.5;8.5;13
ep1\fx\quest\q304\somi_meeting\q304_blackwall_aggressive.particle	oui		19.5;163.5;306
ep1\fx\quest\q304\somi_meeting\q304_blackwall_cool.particle	oui		19.5;201;306
ep1\fx\quest\q304\somi_meeting\q304_blackwall_draft.effect	oui		1.5;1.5;2
ep1\fx\quest\q304\somi_meeting\q304_blackwall_draft_intense.effect	oui		1.5;1.5;2
ep1\fx\quest\q304\somi_meeting\q304_holo_somi_despawn.effect	non	1	3;3;3
ep1\fx\quest\q304\somi_meeting\q304_holo_somi_despawn.particle	non	1	3;3;3
ep1\fx\quest\q304\somi_meeting\q304_holo_somi_spawn.effect	non	1	3;3;3
ep1\fx\quest\q304\somi_meeting\q304_holo_somi_spawn.particle	non	1	3;3;3
ep1\fx\quest\q304\sparks_lab_01.effect	non	10.02	10.89;10.89;21.49
ep1\fx\quest\q304\sparks_lab_01.particle	non	4	10.89;10.89;21.49
ep1\fx\quest\q304\sparks_lab_03.effect	non	2	3.3;3.3;6.3
ep1\fx\quest\q304\sparks_lab_03.particle	non	2	3.3;3.3;6.3
ep1\fx\quest\q304\sparks_lab_05.effect	non	2	5.48;5.48;9.47
ep1\fx\quest\q304\sparks_lab_05.particle	non	3	5.48;5.48;9.47
ep1\fx\quest\q305\airlock_hallucination\q305_airlock_smoke_ambient.particle	oui		5.5;5.5;3
ep1\fx\quest\q305\airlock_hallucination\q305_airlock_smoke_default.effect	oui		4.73;4.24;6.66
ep1\fx\quest\q305\airlock_hallucination\q305_airlock_smoke_jet.particle	oui		2.85;2.45;3.41
ep1\fx\quest\q305\airlock_hallucination\q305_airlock_smoke_jets.effect	non	10	12.6;12.6;7.4
ep1\fx\quest\q305\airlock_hallucination\q305_airlock_smoke_jet_disperse.particle	oui		2.85;2.45;3.41
ep1\fx\quest\q305\airlock_hallucination\q305_airlock_smoke_jet_long.particle	oui		2.57;2.57;3.44
ep1\fx\quest\q305\airlock_hallucination\q305_airlock_smoke_jet_long_disperse.particle	oui		2.57;2.57;3.44
ep1\fx\quest\q305\airlock_hallucination\q305_airlock_smoke_rising.particle	oui		12.6;12.6;7.4
ep1\fx\quest\q305\ambush\q305_ambush_car_explode.effect	non	7.83	26.8;26.8;51.8
ep1\fx\quest\q305\ambush\q305_ambush_car_explosion.particle	non	8	26.8;26.8;51.8
ep1\fx\quest\q305\ambush\q305_ambush_car_shockwave.effect	non	4.35	8.72;8.72;15.79
ep1\fx\quest\q305\ambush\q305_ambush_car_shockwave.particle	non	1.5	8.72;8.72;15.79
ep1\fx\quest\q305\ambush\q305_ambush_construction_collapse.effect	non	15	42;33;53.2
ep1\fx\quest\q305\ambush\q305_ambush_construction_collapse.particle	non	14	42;33;53.2
ep1\fx\quest\q305\ambush\q305_ambush_emp_shockwave.effect	non	5.5	25.9;33.3;50.5
ep1\fx\quest\q305\ambush\q305_ambush_emp_shockwave.particle	non	4.35	25.9;33.3;50.5
ep1\fx\quest\q305\ambush\q305_ambush_grenade_marker.particle	oui		1;1;1
ep1\fx\quest\q305\ambush\q305_ambush_rifle_laser_reed.effect	oui		0.5;0.5;0.5
ep1\fx\quest\q305\ambush\q305_ambush_rifle_laser_reed.particle	non	122	0.5;0.5;0.5
ep1\fx\quest\q305\ambush\q305_blackwall_electricity_arc_car.particle	oui		1.37;1.37;1.35
ep1\fx\quest\q305\ambush\q305_blackwall_electric_car_small.particle	oui		1.4;1.4;1
ep1\fx\quest\q305\ambush\q305_blackwall_emp.effect	oui		26;26;51
ep1\fx\quest\q305\ambush\q305_blackwall_emp.particle	oui		26;26;51
ep1\fx\quest\q305\ambush\q305_blackwall_emp_car.effect	non	30	1.4;1.4;1.35
ep1\fx\quest\q305\ambush\q305_blackwall_zap_01.effect	oui		2.78;2.78;5.28
ep1\fx\quest\q305\ambush\q305_blackwall_zap_01.particle	non	0.3	1.5;1.5;1.5
ep1\fx\quest\q305\ambush\q305_blackwall_zap_02.effect	oui		2.78;2.78;5.28
ep1\fx\quest\q305\ambush\q305_blackwall_zap_02.particle	non	0.3	1;1;1
ep1\fx\quest\q305\ambush\q305_blackwall_zap_03.effect	oui		2.78;2.78;5.28
ep1\fx\quest\q305\ambush\q305_blackwall_zap_03.particle	non	0.3	1;1;1
ep1\fx\quest\q305\ambush\q305_blackwall_zap_04.effect	oui		2.78;2.78;5.28
ep1\fx\quest\q305\ambush\q305_blackwall_zap_04.particle	non	0.3	1;1;1
ep1\fx\quest\q305\ambush\q305_blackwall_zap_05.effect	oui		2.78;2.78;5.28
ep1\fx\quest\q305\ambush\q305_blackwall_zap_05.particle	non	0.3	1;1;1
ep1\fx\quest\q305\ambush\q305_blackwall_zap_06.effect	oui		2.78;2.78;5.28
ep1\fx\quest\q305\ambush\q305_blackwall_zap_06.particle	non	0.3	1;1;1
ep1\fx\quest\q305\ambush\q305_blackwall_zap_07.effect	oui		2.78;2.78;5.28
ep1\fx\quest\q305\ambush\q305_blackwall_zap_07.particle	non	0.3	0.8;0.8;0.8
ep1\fx\quest\q305\ambush\q305_dust_blowing_from_storm.particle	oui		68.08;40.08;52.37
ep1\fx\quest\q305\ambush\q305_hologram_marker.effect	oui		1;1;1
ep1\fx\quest\q305\ambush\q305_hologram_marker.particle	oui		1;1;1
ep1\fx\quest\q305\blackwall\blackwall_brooklyn\q305_blackwall_brooklyn_local_gramophone_01.particle	oui		4.17;4.17;6.33
ep1\fx\quest\q305\blackwall\blackwall_brooklyn\q305_blackwall_brooklyn_local_mirror_wall.effect	oui		4.17;4.17;6.33
ep1\fx\quest\q305\blackwall\blackwall_brooklyn\q305_blackwall_brooklyn_local_spread.effect	oui		4.17;4.17;6.33
ep1\fx\quest\q305\blackwall\blackwall_brooklyn\q305_blackwall_brooklyn_local_spread_init.effect	oui		4.17;4.17;6.33
ep1\fx\quest\q305\blackwall\blackwall_brooklyn\q305_blackwall_brooklyn_local_spread_init.particle	non	30	4.17;4.17;6.33
ep1\fx\quest\q305\blackwall\blackwall_brooklyn\q305_blackwall_brooklyn_mirror.effect	oui		0;0;0
ep1\fx\quest\q305\blackwall\blackwall_brooklyn\q305_blackwall_brooklyn_whole_spread.effect	oui		0;0;0
ep1\fx\quest\q305\blackwall\blackwall_core\q305_blackwall_core_horizon_anim.effect	oui		0;0;0
ep1\fx\quest\q305\blackwall\blackwall_core\q305_blackwall_core_horizon_anim_stop.effect	oui		0;0;0
ep1\fx\quest\q305\blackwall\bunker_intro\q305_blackwall_devices_bunker_intro_medium.effect	oui		2;2.2;2
ep1\fx\quest\q305\blackwall\bunker_intro\q305_blackwall_devices_bunker_intro_medium.particle	oui		2;2.2;2
ep1\fx\quest\q305\blackwall\bunker_intro\q305_blackwall_devices_bunker_intro_small.effect	oui		1.7;1.7;1.4
ep1\fx\quest\q305\blackwall\bunker_intro\q305_blackwall_devices_bunker_intro_small.particle	oui		1.7;1.7;1.4
ep1\fx\quest\q305\blackwall\d_blackwall_aggressive_draft.particle	non	3.5	2.26;2.26;2.52
ep1\fx\quest\q305\blackwall\d_blackwall_aggressive_draft_area.particle	oui		10.25;6.25;4.5
ep1\fx\quest\q305\blackwall\d_blackwall_aggressive_draft_medium.particle	oui		4.12;2.12;2.25
ep1\fx\quest\q305\blackwall\d_blackwall_aggressive_draft_small.particle	oui		2.43;2.43;2.87
ep1\fx\quest\q305\blackwall\d_blackwall_aggressive_draft_subtle.particle	oui		2.43;2.43;2.87
ep1\fx\quest\q305\blackwall\d_blackwall_brooklyn.effect	oui		2.95;2.95;5.45
ep1\fx\quest\q305\blackwall\d_blackwall_brooklyn.particle	oui		2.75;2.75;5.25
ep1\fx\quest\q305\blackwall\d_blackwall_brooklyn_big.particle	oui		2.95;2.95;5.45
ep1\fx\quest\q305\blackwall\d_blackwall_brooklyn_small.particle	oui		2.55;2.55;5.05
ep1\fx\quest\q305\blackwall\d_blackwall_draft.effect	non	2.39	10.25;6.26;4.5
ep1\fx\quest\q305\blackwall\d_blackwall_draft_small.particle	oui		4.12;2.12;2.25
ep1\fx\quest\q305\blackwall\path_of_destruction\dead_max_tac\ch_path_of_destruction.effect	oui		3.4;3.4;3
ep1\fx\quest\q305\blackwall\path_of_destruction\q305_blackwall_aberration_large.particle	oui		1;1;1
ep1\fx\quest\q305\blackwall\path_of_destruction\q305_blackwall_aberration_small.particle	oui		1;1;1
ep1\fx\quest\q305\blackwall\path_of_destruction\q305_blackwall_electricity_arc_bursts_01.particle	oui		1.37;1.37;1.35
ep1\fx\quest\q305\blackwall\path_of_destruction\q305_blackwall_electricity_arc_bursts_01_distance.particle	oui		1.37;1.37;1.35
ep1\fx\quest\q305\blackwall\path_of_destruction\q305_blackwall_electricity_arc_bursts_02.particle	oui		1.2;1.2;1
ep1\fx\quest\q305\blackwall\path_of_destruction\q305_blackwall_electricity_arc_bursts_03.particle	oui		1.2;1.2;1
ep1\fx\quest\q305\blackwall\path_of_destruction\q305_blackwall_electricity_arc_bursts_04.particle	oui		1.8;1.8;2.2
ep1\fx\quest\q305\blackwall\path_of_destruction\q305_blackwall_electric_small_01.particle	oui		1.2;1.2;1
ep1\fx\quest\q305\blackwall\path_of_destruction\q305_blackwall_electric_small_01_distance.particle	oui		1.2;1.2;1
ep1\fx\quest\q305\blackwall\path_of_destruction\q305_blackwall_smoke_01.particle	oui		5.68;5.68;11.11
ep1\fx\quest\q305\blackwall\path_of_destruction\q305_blackwall_smoke_01b.particle	oui		5.68;5.68;11.11
ep1\fx\quest\q305\blackwall\path_of_destruction\q305_blackwall_smoke_02.particle	oui		4.2;4.2;7.2
ep1\fx\quest\q305\blackwall\path_of_destruction\q305_blackwall_smoke_03.particle	oui		5.2;5.2;9.2
ep1\fx\quest\q305\blackwall\path_of_destruction\q305_blackwall_smoke_03b.particle	oui		5.2;5.2;9.2
ep1\fx\quest\q305\blackwall\path_of_destruction\q305_blackwall_smoke_04.particle	oui		5.25;5.25;10.25
ep1\fx\quest\q305\blackwall\path_of_destruction\q305_ground_blackwall_shimmer.particle	oui		4;4;3
ep1\fx\quest\q305\blackwall\path_of_destruction\q305_ground_blackwall_shimmer_02.particle	oui		4;4;3
ep1\fx\quest\q305\blackwall\path_of_destruction\q305_ground_blackwall_shimmer_intense_far.particle	oui		4;4;3
ep1\fx\quest\q305\blackwall\path_of_destruction\q305_ground_blackwall_shimmer_small_01.particle	oui		3.4;3.4;3
ep1\fx\quest\q305\blackwall\path_of_destruction\q305_ground_electricity_area_big.particle	oui		2.13;2.13;1.26
ep1\fx\quest\q305\blackwall\path_of_destruction\q305_ground_electricity_area_medium.particle	oui		2;2;1
ep1\fx\quest\q305\blackwall\path_of_destruction\q305_ground_electricity_area_small.particle	oui		1.3;1.3;1.26
ep1\fx\quest\q305\blackwall\path_of_destruction\q305_ground_electricity_area_super_small.particle	oui		1.24;1.24;1.26
ep1\fx\quest\q305\blackwall_fullscreen_storngest.effect	oui		26.2;26.2;51.2
ep1\fx\quest\q305\blackwall_fullscreen_storngest.particle	oui		26.2;26.2;51.2
ep1\fx\quest\q305\border_crossing\q305_av_dust_kickup.effect	non	6	15.92;15.92;17.22
ep1\fx\quest\q305\border_crossing\q305_av_dust_kickup.particle	oui		4.88;4.88;6.75
ep1\fx\quest\q305\border_crossing\q305_dust_helicopter_arriving.effect	non	25.2	28;28;53
ep1\fx\quest\q305\border_crossing\q305_dust_helicopter_start.effect	non	7.93	28;28;53
ep1\fx\quest\q305\border_crossing\q305_helicopter_departure.effect	non	19.94	36.5;34.5;53
ep1\fx\quest\q305\border_crossing\q305_helicopter_departure_dust.particle	oui		14.33;14.33;17.22
ep1\fx\quest\q305\border_crossing\q305_helicopter_departure_dust_kickup.particle	oui		36.5;34.5;53
ep1\fx\quest\q305\border_crossing\q305_helicopter_dust_after.particle	oui		2.97;2.97;4.44
ep1\fx\quest\q305\border_crossing\q305_helicopter_dust_kickup.particle	oui		28;28;53
ep1\fx\quest\q305\border_crossing\q305_helicopter_landing.effect	non	25	28;28;53
ep1\fx\quest\q305\border_crossing\q305_helicopter_landing.particle	oui		28;28;53
ep1\fx\quest\q305\border_crossing\q305_helicopter_on_air_dust.particle	non	5	28;28;53
ep1\fx\quest\q305\border_crossing\q305_myers_av_area_hologram.effect	non	8	1.25;1.25;1.5
ep1\fx\quest\q305\border_crossing\q305_myers_av_landing.effect	non	19.91	21.05;15.92;17.22
ep1\fx\quest\q305\border_crossing\q305_myers_av_landing_dust.effect	non	20.1	15.92;15.92;17.22
ep1\fx\quest\q305\border_crossing\q305_myers_av_landing_dust.particle	oui		4.5;4.5;6
ep1\fx\quest\q305\border_crossing\q305_reed_falling_sand.effect	non	4	1.73;1.73;3.23
ep1\fx\quest\q305\border_crossing\q305_reed_falling_sand.particle	oui		1.73;1.73;3.23
ep1\fx\quest\q305\border_crossing\q305_reed_falling_sand_02.effect	non	7	3.9;2.3;3.23
ep1\fx\quest\q305\border_crossing\q305_reed_falling_sand_02.particle	oui		1.73;1.73;3.23
ep1\fx\quest\q305\border_crossing\q305_reed_sand_ground.particle	oui		3.9;2.3;2.5
ep1\fx\quest\q305\brooklyn_hallucinations\q305_boyfriend_brooklyn_blendable_melanz.effect	oui		0;0;0
ep1\fx\quest\q305\brooklyn_hallucinations\q305_boyfriend_brooklyn_blendable_quarrel.effect	oui		0;0;0
ep1\fx\quest\q305\brooklyn_hallucinations\q305_brooklyn_blendable.effect	oui		0;0;0
ep1\fx\quest\q305\brooklyn_hallucinations\q305_brooklyn_blendable_cigar.effect	oui		0;0;0
ep1\fx\quest\q305\brooklyn_hallucinations\q305_brooklyn_cake_candle.effect	oui		0.52;0.52;0.94
ep1\fx\quest\q305\brooklyn_hallucinations\q305_brooklyn_cake_candle_blow.particle	non	2	0.52;0.52;0.94
ep1\fx\quest\q305\brooklyn_hallucinations\q305_lowlife_wa_04_brooklyn_blendable_birthday.effect	oui		0;0;0
ep1\fx\quest\q305\brooklyn_hallucinations\q305_lowlife_wa_04_brooklyn_blendable_melanz.effect	oui		0;0;0
ep1\fx\quest\q305\brooklyn_hallucinations\q305_lowlife_wa_12_brooklyn_blendable_birthday.effect	oui		0;0;0
ep1\fx\quest\q305\brooklyn_hallucinations\q305_lowlife_wa_12_brooklyn_blendable_melanz.effect	oui		0;0;0
ep1\fx\quest\q305\brooklyn_hallucinations\q305_lowlife_wa_16_brooklyn_blendable_birthday.effect	oui		0;0;0
ep1\fx\quest\q305\brooklyn_hallucinations\q305_lowlife_wa_16_brooklyn_blendable_melanz.effect	oui		0;0;0
ep1\fx\quest\q305\brooklyn_hallucinations\q305_reed_brooklyn_blendable_conversation.effect	oui		0;0;0
ep1\fx\quest\q305\brooklyn_hallucinations\q305_songbird_brooklyn_blendable_birthday.effect	oui		0;0;0
ep1\fx\quest\q305\brooklyn_hallucinations\q305_songbird_brooklyn_blendable_conversation.effect	oui		0;0;0
ep1\fx\quest\q305\brooklyn_hallucinations\q305_songbird_brooklyn_blendable_frustrated.effect	oui		0;0;0
ep1\fx\quest\q305\brooklyn_hallucinations\q305_songbird_brooklyn_blendable_gramophone.effect	oui		0;0;0
ep1\fx\quest\q305\brooklyn_hallucinations\q305_songbird_brooklyn_blendable_melanz.effect	oui		0;0;0
ep1\fx\quest\q305\brooklyn_hallucinations\q305_songbird_brooklyn_blendable_mirror.effect	oui		0;0;0
ep1\fx\quest\q305\brooklyn_hallucinations\q305_songbird_brooklyn_blendable_quarrel.effect	oui		0;0;0
ep1\fx\quest\q305\brooklyn_hallucinations\q305_songbird_brooklyn_blendable_wall.effect	oui		0;0;0
ep1\fx\quest\q305\brooklyn_hallucinations\q305_songbird_brooklyn_blendable_window.effect	oui		0;0;0
ep1\fx\quest\q305\cerberus\q305_cerberus_big_eye_light.effect	oui		1.5;1.5;1.5
ep1\fx\quest\q305\cerberus\q305_cerberus_big_eye_light.particle	oui		1.5;1.5;1.5
ep1\fx\quest\q305\cerberus\q305_cerberus_big_eye_light_yellow.particle	oui		1.5;1.5;1.5
ep1\fx\quest\q305\cerberus\q305_cerberus_eye_light.effect	oui		1;1;1
ep1\fx\quest\q305\cerberus\q305_cerberus_eye_light.particle	oui		1;1;1
ep1\fx\quest\q305\cerberus\q305_cerberus_eye_light_yellow.particle	oui		1;1;1
ep1\fx\quest\q305\cerberus\q305_cerberus_fullscreen_killroom.effect	oui		25.7;25.7;50.7
ep1\fx\quest\q305\cerberus\q305_cerberus_fullscreen_killroom.particle	oui		25.7;25.7;50.7
ep1\fx\quest\q305\cerberus\q305_cerberus_fullscreen_killroom_visibility.effect	oui		25.7;25.7;50.7
ep1\fx\quest\q305\cerberus\q305_cerberus_fullscreen_killroom_visibility.particle	oui		25.7;25.7;50.7
ep1\fx\quest\q305\cerberus\q305_cerberus_fullscreen_medium.effect	oui		25.7;25.7;50.7
ep1\fx\quest\q305\cerberus\q305_cerberus_fullscreen_medium.particle	oui		25.7;25.7;50.7
ep1\fx\quest\q305\cerberus\q305_cerberus_fullscreen_strong.effect	oui		25.7;25.7;50.7
ep1\fx\quest\q305\cerberus\q305_cerberus_fullscreen_strong.particle	oui		25.7;25.7;50.7
ep1\fx\quest\q305\cerberus\q305_cerberus_fullscreen_weak.effect	oui		25.7;25.7;50.7
ep1\fx\quest\q305\cerberus\q305_cerberus_fullscreen_weak.particle	oui		25.7;25.7;50.7
ep1\fx\quest\q305\cerberus\q305_cerberus_hatch_falling_dust.particle	non	6	5.15;5.15;6.6
ep1\fx\quest\q305\cerberus\q305_cerberus_scan.effect	oui		1.5;1.5;1.5
ep1\fx\quest\q305\cerberus\q305_cerberus_scan.particle	oui		1.5;1.5;1.5
ep1\fx\quest\q305\cerberus\q305_cerberus_scan_bottom.particle	oui		1.75;1.75;1.75
ep1\fx\quest\q305\cerberus\q305_cerberus_scan_bottom_01.effect	oui		1.5;1.5;1.5
ep1\fx\quest\q305\cerberus\q305_cerberus_scan_bottom_02.effect	oui		1.5;1.5;1.5
ep1\fx\quest\q305\cerberus\q305_cerberus_scan_upper.particle	oui		1.75;1.75;1.75
ep1\fx\quest\q305\cerberus\q305_cerberus_scan_upper_01.effect	oui		1.5;1.5;1.5
ep1\fx\quest\q305\cerberus\q305_cerberus_scan_upper_02.effect	oui		1.5;1.5;1.5
ep1\fx\quest\q305\cerberus\q305_cerberus_sparks_failure_01.effect	oui		1.61;1.61;2.87
ep1\fx\quest\q305\cerberus\q305_cerberus_sparks_failure_01.particle	non	1.75	1.61;1.61;2.87
ep1\fx\quest\q305\cerberus\q305_cerberus_sparks_failure_02.particle	oui		0.91;0.91;1.47
ep1\fx\quest\q305\cerberus\q305_cerberus_steam_jet.effect	oui		0.38;0.38;0.45
ep1\fx\quest\q305\cerberus\q305_cerberus_steam_jet.particle	non	0.75	0.38;0.38;0.45
ep1\fx\quest\q305\core\e_core_bolt_001.particle	oui		7.6;7.6;15.1
ep1\fx\quest\q305\core\e_explosion_core_cooling_system_002.particle	non	5	27;27;52
ep1\fx\quest\q305\core\e_explosion_core_system_001.particle	non	4	26;26;51
ep1\fx\quest\q305\core\q305_01_unhide.effect	non	12	0;0;0
ep1\fx\quest\q305\core\q305_01_unhide_walls.effect	non	15.15	0;0;0
ep1\fx\quest\q305\core\q305_02_unhide.effect	non	14	0;0;0
ep1\fx\quest\q305\core\q305_03_unhide.effect	non	10	0;0;0
ep1\fx\quest\q305\core\q305_core.effect	non	1	0;0;0
ep1\fx\quest\q305\core\q305_core_nitrogen_10m_001.particle	oui		27;27;52
ep1\fx\quest\q305\core\q305_core_unhide.effect	non	5	0;0;0
ep1\fx\quest\q305\core\q305_core_unhide_01.effect	non	11.5	0;0;0
ep1\fx\quest\q305\core\q305_explosion_sparks_big_001.particle	non	5	27;27;52
ep1\fx\quest\q305\core\q305_lightning_bolts_right.particle	non	0.12	1.06;1.06;1.12
ep1\fx\quest\q305\core\q305_unhide_01.effect	non	11.5	0;0;0
ep1\fx\quest\q305\core\q305_unhide_01_set.effect	oui		0;0;0
ep1\fx\quest\q305\core\q305_unhide_01_walls_set.effect	non	1	0;0;0
ep1\fx\quest\q305\core\q305_unhide_02.effect	non	20.92	0;0;0
ep1\fx\quest\q305\core\q305_unhide_02_set.effect	oui		0;0;0
ep1\fx\quest\q305\core\q305_unhide_03.effect	non	11.5	0;0;0
ep1\fx\quest\q305\core\q305_unhide_03_set.effect	non	1	0;0;0
ep1\fx\quest\q305\core\q305_unhide_04.effect	oui		0;0;0
ep1\fx\quest\q305\core\q305_unhide_04_set.effect	oui		0;0;0
ep1\fx\quest\q305\decay_placeholder\decay_placeholder.effect	oui		1.25;1.25;1.5
ep1\fx\quest\q305\d_scissors_lift_failure.effect	oui		5.53;5.53;9.86
ep1\fx\quest\q305\electronics_burst\q305_bunker_electronics_burst.effect	non	15	25.25;25.25;50.25
ep1\fx\quest\q305\electronics_burst\q305_bunker_electronics_burst_collision_big.particle	non	99	25.25;25.25;50.25
ep1\fx\quest\q305\electronics_burst\q305_bunker_electronics_burst_collision_small.particle	non	10	25.23;25.23;50.23
ep1\fx\quest\q305\electronics_burst\q305_bunker_electronics_burst_horizontal.effect	non	15	25.25;25.25;50.25
ep1\fx\quest\q305\electronics_burst\q305_bunker_electronics_burst_horizontal.particle	non	3	5.48;5.48;9.75
ep1\fx\quest\q305\electronics_burst\q305_bunker_electronics_burst_horizontal_02.effect	non	15	25.25;25.25;50.25
ep1\fx\quest\q305\electronics_burst\q305_bunker_electronics_burst_small_01.effect	non	10	4.65;4.65;9.15
ep1\fx\quest\q305\electronics_burst\q305_bunker_electronics_burst_small_02.effect	non	10	4.65;4.65;9.15
ep1\fx\quest\q305\electronics_burst\q305_bunker_electronics_burst_small_03.effect	non	10	4.65;4.65;9.15
ep1\fx\quest\q305\electronics_burst\q305_bunker_electronics_burst_vertical.effect	non	15	25.3;25.3;50.3
ep1\fx\quest\q305\electronics_burst\q305_bunker_electronics_burst_vertical.particle	non	3	25.3;25.3;50.3
ep1\fx\quest\q305\electronics_burst\q305_bunker_sparks_burst.particle	non	2	0.3;0.3;0.3
ep1\fx\quest\q305\e_smoke_emergency_hatch.particle	oui		5.66;5.66;8.41
ep1\fx\quest\q305\e_smoke_ventilation_rolling.particle	oui		5.25;1.25;1.5
ep1\fx\quest\q305\e_water_splashes_strong.particle	oui		0.49;4.55;0.5
ep1\fx\quest\q305\flatline_hallucination\q305_decoration_blendable_flatline_hallucination.effect	oui		0;0;0
ep1\fx\quest\q305\flatline_hallucination\q305_flatline_hallucination_songbird.effect	non	14	1.5;1.5;2.7
ep1\fx\quest\q305\flatline_hallucination\q305_head_bolt_fire_sparks.particle	non	2	1.5;1.5;2.7
ep1\fx\quest\q305\flatline_hallucination\q305_reed_blendable_flatline_hallucination.effect	oui		0;0;0
ep1\fx\quest\q305\flatline_hallucination\q305_songbird_blendable_flatline_hallucination.effect	oui		0;0;0
ep1\fx\quest\q305\hallucinations\q305_hallucination_kurt.effect	oui		0;0;0
ep1\fx\quest\q305\hallucinations\q305_hallucination_songbird.effect	oui		0;0;0
ep1\fx\quest\q305\inner_bunker\q305_brooklyn_transition_cerberus_flare.effect	non	6.7	4.16;4.16;7
ep1\fx\quest\q305\inner_bunker\q305_brooklyn_transition_cerberus_flare.particle	oui		4.16;4.16;7
ep1\fx\quest\q305\inner_bunker\q305_brooklyn_transition_cerberus_glitch.particle	oui		25.7;25.7;50.7
ep1\fx\quest\q305\inner_bunker\q305_bunker_transition_cerberus_flare.effect	non	7	4.03;4.03;6.6
ep1\fx\quest\q305\inner_bunker\q305_bunker_transition_cerberus_flare.particle	oui		4.03;4.03;6.6
ep1\fx\quest\q305\inner_bunker\q305_cerberus_blackwall_take_control.effect	non	6	1.8;1.8;1.6
ep1\fx\quest\q305\inner_bunker\q305_cerberus_finale_death_sparks.effect	non	7	5.13;5.13;10.13
ep1\fx\quest\q305\inner_bunker\q305_cerberus_finale_death_sparks.particle	non	4	5.13;5.13;10.13
ep1\fx\quest\q305\inner_bunker\q305_cerberus_finale_eye_light.effect	oui		1;1;1
ep1\fx\quest\q305\inner_bunker\q305_cerberus_finale_eye_light.particle	oui		1;1;1
ep1\fx\quest\q305\inner_bunker\q305_cerberus_finale_eye_light_falloff.effect	non	8	1;1;1
ep1\fx\quest\q305\inner_bunker\q305_cerberus_finale_fullscreen_buildup_01.effect	non	3	25.7;25.7;50.7
ep1\fx\quest\q305\inner_bunker\q305_cerberus_finale_fullscreen_buildup_02.effect	oui		26;26;51
ep1\fx\quest\q305\inner_bunker\q305_cerberus_finale_fullscreen_buildup_03.effect	oui		26;26;51
ep1\fx\quest\q305\inner_bunker\q305_cerberus_finale_light_control.effect	non	8	0;0;0
ep1\fx\quest\q305\inner_bunker\q305_cerberus_finale_window_destruction.effect	non	5	5.06;4.06;8.12
ep1\fx\quest\q305\inner_bunker\q305_cerberus_finale_window_destruction.particle	non	5	5.06;4.06;8.12
ep1\fx\quest\q305\inner_bunker\q305_cerberus_off.effect	non	8	2.78;2.78;5.28
ep1\fx\quest\q305\inner_bunker\q305_cynosure_core_failure.effect	non	10	25.35;25.35;50.35
ep1\fx\quest\q305\inner_bunker\q305_cynosure_core_failure.particle	oui		25.35;25.35;50.35
ep1\fx\quest\q305\inner_bunker\q305_cynosure_core_failure_01.effect	non	10	25.35;25.35;50.35
ep1\fx\quest\q305\inner_bunker\q305_cynosure_core_failure_01.particle	oui		25.35;25.35;50.35
ep1\fx\quest\q305\inner_bunker\q305_cynosure_core_failure_02.effect	non	10	25.35;25.35;50.35
ep1\fx\quest\q305\inner_bunker\q305_cynosure_core_failure_02.particle	oui		25.35;25.35;50.35
ep1\fx\quest\q305\inner_bunker\q305_cynosure_core_hot_steam.particle	oui		26.5;26.5;61.1
ep1\fx\quest\q305\inner_bunker\q305_cynosure_core_hot_steam_01.effect	oui		28;28;53
ep1\fx\quest\q305\inner_bunker\q305_cynosure_core_hot_steam_02.effect	oui		28;28;53
ep1\fx\quest\q305\inner_bunker\q305_cynosure_core_hot_steam_jets.effect	oui		26.5;26.5;61.1
ep1\fx\quest\q305\inner_bunker\q305_explosion_thermal_control_cooling_001.particle	non	5	27;27;52
ep1\fx\quest\q305\inner_bunker\q305_neural_network_computer_failure.particle	oui		5.48;5.48;9.47
ep1\fx\quest\q305\inner_bunker\q305_neural_network_computer_failure_01.effect	non	10	5.53;5.53;9.86
ep1\fx\quest\q305\inner_bunker\q305_neural_network_computer_failure_02.effect	non	10	5.53;5.53;9.86
ep1\fx\quest\q305\inner_bunker\q305_scissors_lift_broken_sparking.effect	oui		7.56;7.56;13.93
ep1\fx\quest\q305\inner_bunker\q305_scissors_lift_broken_sparking.particle	oui		5.48;5.48;9.47
ep1\fx\quest\q305\inner_bunker_minor_hallucinations\q305_decoration_blendable_nightmare_hallucination.effect	oui		0;0;0
ep1\fx\quest\q305\inner_bunker_minor_hallucinations\q305_songbird_blendable_angry_hallucination.effect	oui		0;0;0
ep1\fx\quest\q305\inner_bunker_minor_hallucinations\q305_songbird_blendable_crying_hallucination.effect	oui		0;0;0
ep1\fx\quest\q305\inner_bunker_minor_hallucinations\q305_songbird_blendable_nightmare_hallucination.effect	oui		0;0;0
ep1\fx\quest\q305\oath_hallucination\q305_decoartion_blendable_oath_hallucination_01.effect	oui		0;0;0
ep1\fx\quest\q305\oath_hallucination\q305_decoartion_blendable_oath_hallucination_02.effect	oui		0;0;0
ep1\fx\quest\q305\oath_hallucination\q305_myers_blendable_oath_hallucination.effect	oui		0;0;0
ep1\fx\quest\q305\oath_hallucination\q305_reed_blendable_oath_hallucination.effect	oui		0;0;0
ep1\fx\quest\q305\oath_hallucination\q305_songbird_blendable_oath_hallucination_01.effect	oui		0;0;0
ep1\fx\quest\q305\oath_hallucination\q305_songbird_blendable_oath_hallucination_02.effect	oui		0;0;0
ep1\fx\quest\q305\outter_bunker\q305_cerberus_introduction_falling_dust.particle	oui		14.2;15;19
ep1\fx\quest\q305\outter_bunker\q305_cerberus_introduction_sparks.effect	non	7	1.03;1.03;1.4
ep1\fx\quest\q305\outter_bunker\q305_cerberus_introduction_sparks.particle	non	2.5	1.03;1.03;1.4
ep1\fx\quest\q305\outter_bunker\q305_cerberus_introduction_v_landing_dust.particle	non	1.25	3.18;3.78;2.56
ep1\fx\quest\q305\outter_bunker\q305_gate_cerberus_hydraulic_burst_01.effect	non	7	8.06;7.46;10.12
ep1\fx\quest\q305\outter_bunker\q305_pipeline_burst_01.effect	non	7	1.03;1.03;1.4
ep1\fx\quest\q305\outter_bunker\q305_pipeline_burst_01.particle	non	12	13;13;14
ep1\fx\quest\q305\outter_bunker\q305_pipeline_burst_02.particle	non	6	8.06;7.46;10.12
ep1\fx\quest\q305\outter_bunker_minor_hallucinations\q305_decoration_blendable_wheelchair_hallucination.effect	oui		0;0;0
ep1\fx\quest\q305\outter_bunker_minor_hallucinations\q305_songbird_blendable_gate_hallucination.effect	oui		0;0;0
ep1\fx\quest\q305\outter_bunker_minor_hallucinations\q305_songbird_blendable_wheelchair_hallucination.effect	oui		0;0;0
ep1\fx\quest\q305\q305_airlock_vapour_ground.particle	oui		3.7;3.2;5.2
ep1\fx\quest\q305\q305_big_radiator_heat.particle	oui		24.5;8.5;16.2
ep1\fx\quest\q305\q305_blackwall_bunker_core_door.particle	oui		2.2;2.2;2.2
ep1\fx\quest\q305\q305_blackwall_devices_bunker.effect	oui		1.25;1.25;1.25
ep1\fx\quest\q305\q305_blackwall_devices_bunker.particle	oui		1.25;1.25;1.25
ep1\fx\quest\q305\q305_blackwall_devices_bunker_cargo_train.effect	oui		1;1;1
ep1\fx\quest\q305\q305_blackwall_devices_bunker_cargo_train.particle	oui		1;1;1
ep1\fx\quest\q305\q305_blackwall_devices_bunker_cargo_train_spread.effect	oui		2.2;2.2;2.2
ep1\fx\quest\q305\q305_blackwall_devices_bunker_cargo_train_spread.particle	oui		2.2;2.2;2.2
ep1\fx\quest\q305\q305_blackwall_devices_bunker_cargo_train_voxel.effect	oui		0.85;0.85;0.85
ep1\fx\quest\q305\q305_blackwall_devices_bunker_cargo_train_voxel.particle	oui		0.85;0.85;0.85
ep1\fx\quest\q305\q305_blackwall_devices_bunker_medium_connection_wall.effect	oui		2.2;2.2;2.2
ep1\fx\quest\q305\q305_blackwall_devices_bunker_medium_connection_wall.particle	oui		2.2;2.2;2.2
ep1\fx\quest\q305\q305_blackwall_devices_bunker_middle.effect	oui		1.6;1.6;1.6
ep1\fx\quest\q305\q305_blackwall_devices_bunker_middle.particle	oui		1.6;1.6;1.6
ep1\fx\quest\q305\q305_blackwall_devices_bunker_mini_connection.effect	oui		2.2;2.2;2.2
ep1\fx\quest\q305\q305_blackwall_devices_bunker_mini_connection.particle	oui		2.2;2.2;2.2
ep1\fx\quest\q305\q305_blackwall_devices_bunker_mini_connection_v2.effect	oui		2.2;2.2;2.2
ep1\fx\quest\q305\q305_blackwall_devices_bunker_mini_connection_v2.particle	oui		2.2;2.2;2.2
ep1\fx\quest\q305\q305_blackwall_devices_bunker_mini_connection_wall.effect	oui		2.2;2.2;2.2
ep1\fx\quest\q305\q305_blackwall_devices_bunker_mini_connection_wall.particle	oui		2.2;2.2;2.2
ep1\fx\quest\q305\q305_blackwall_devices_bunker_mini_connection_wall_2.effect	oui		2.2;2.2;2.2
ep1\fx\quest\q305\q305_blackwall_devices_bunker_mini_connection_wall_2.particle	oui		2.2;2.2;2.2
ep1\fx\quest\q305\q305_blackwall_devices_bunker_small_connection.effect	oui		1.8;1.8;1.6
ep1\fx\quest\q305\q305_blackwall_devices_bunker_small_connection.particle	oui		1.8;1.8;1.6
ep1\fx\quest\q305\q305_blackwall_devices_bunker_steps.effect	oui		2.2;2.2;2.2
ep1\fx\quest\q305\q305_blackwall_devices_bunker_steps.particle	non	3	2.2;2.2;2.2
ep1\fx\quest\q305\q305_blackwall_devices_bunker_steps_small.particle	non	3	2.2;2.2;2.2
ep1\fx\quest\q305\q305_border_crossing_player_floaters.effect	non	10	21.05;10.32;8.57
ep1\fx\quest\q305\q305_border_crossing_player_floaters.particle	oui		21.05;10.32;8.57
ep1\fx\quest\q305\q305_bunker_smoke_cover_soft.particle	oui		19.75;19.75;27
ep1\fx\quest\q305\q305_cargo_sparks_hit.effect	non	1.02	3.52;3.52;6.6
ep1\fx\quest\q305\q305_car_appear.effect	oui		0;0;0
ep1\fx\quest\q305\q305_color_override.particle	oui		1;1;1
ep1\fx\quest\q305\q305_detonation_bridge_debris.particle	oui		16.2;16.2;30.39
ep1\fx\quest\q305\q305_dynamite_explosion.effect	non	30	25.3;25.3;50.3
ep1\fx\quest\q305\q305_dynamite_explosion.particle	non	8	25.3;25.3;50.3
ep1\fx\quest\q305\q305_dynamite_explosion_core.particle	non	6	27.5;27.5;52.5
ep1\fx\quest\q305\q305_fake_fog_light.particle	oui		7;7;7
ep1\fx\quest\q305\q305_glass_crack_monitor_001.particle	oui		5;5;5
ep1\fx\quest\q305\q305_lightning_core__001.particle	oui		5.75;5.75;8.5
ep1\fx\quest\q305\q305_monitor_failure.effect	oui		5.53;5.53;9.86
ep1\fx\quest\q305\q305_monitor_failure.particle	oui		5.48;5.48;9.47
ep1\fx\quest\q305\q305_pre_ambush_mine_area.effect	oui		0.3;0.3;0.3
ep1\fx\quest\q305\q305_pre_ambush_mine_area.particle	oui		0.3;0.3;0.3
ep1\fx\quest\q305\q305_pre_ambush_turret_laser.effect	oui		1.98;1.98;3.78
ep1\fx\quest\q305\q305_pre_ambush_turret_laser.particle	non	3600	1.98;1.98;3.78
ep1\fx\quest\q305\q305_set_invisible.effect	non	0.1	0;0;0
ep1\fx\quest\q305\q305_smoke_hallucination.effect	non	1	0;0;0
ep1\fx\quest\q305\q305_smoke_hallucination.particle	oui		7.51;7.51;6.47
ep1\fx\quest\q305\q305_somi_eye_glow.effect	oui		1;1;1
ep1\fx\quest\q305\q305_somi_eye_glow.particle	oui		1;1;1
ep1\fx\quest\q305\q305_thruster_dust_ground.effect	oui		15.92;15.92;17.22
ep1\fx\quest\q305\q305_thruster_dust_ground.particle	oui		15.92;15.92;17.22
ep1\fx\quest\q305\q305_truck_fire.effect	oui		3.55;3.55;6.55
ep1\fx\quest\q305\q305_truck_oil_pudle.particle	oui		0.1;0.1;0.1
ep1\fx\quest\q305\q305_under_water_bubbles.effect	oui		2.1;2.1;3.16
ep1\fx\quest\q305\q305_water_stream.effect	non	6	1;1;1.57
ep1\fx\quest\q305\q305_water_stream.particle	oui		1;1;1.57
ep1\fx\quest\q305\q305_water_treatment_car_wreck_smoke.particle	oui		22.83;22.83;40.26
ep1\fx\quest\q305\q305_water_treatment_car_wreck_smoke_02.particle	oui		5.28;5.28;8.3
ep1\fx\quest\q305\q305_water_treatment_fire_idle_small.particle	oui		3.67;3.67;5.33
ep1\fx\quest\q305\q305_water_treatment_fire_medium_tall.particle	oui		3.5;3.5;6.5
ep1\fx\quest\q305\q305_water_treatment_fuel_dispender_post_fire.particle	oui		0.85;0.85;0.85
ep1\fx\quest\q305\q305_water_treatment_pipe_rising_large_dense_dark.particle	oui		14;14;24
ep1\fx\quest\q305\q305_water_treatment_smoke_burned_small.particle	oui		1.4;1.4;2.55
ep1\fx\quest\q305\q305_water_treatment_steam_column_2x2x3.particle	oui		8;8;12
ep1\fx\quest\q305\q305_water_treatment_steam_column_2x2x6.particle	oui		13.25;13.25;22.5
ep1\fx\quest\q305\q305_wt_rain.particle	oui		4;4;4
ep1\fx\quest\q305\q305_wt_rain_1.particle	oui		18.4;18.4;30
ep1\fx\quest\q305\q305_wt_rain_2.particle	oui		4.01;4.01;1.21
ep1\fx\quest\q305\q305_wt_rain_3_line.particle	oui		7;1;1.01
ep1\fx\quest\q305\q305_wt_rain_water_ripples.particle	oui		2.65;2.65;2.65
ep1\fx\quest\q305\q305_wt_rain_water_ripples_square.particle	oui		7.15;4.65;1.15
ep1\fx\quest\q305\q305__scissors_lift.effect	oui		4.65;4.65;9.15
ep1\fx\quest\q305\songbird_finale\q305_sparks_cable_electric_failure_01.effect	non	3	0.76;0.76;1.1
ep1\fx\quest\q305\songbird_finale\q305_sparks_cable_electric_failure_01.particle	non	1.75	0.76;0.76;1.1
ep1\fx\quest\q305\songbird_finale\q305_sparks_cable_electric_failure_02.particle	non	0.5	0.68;0.68;1.1
ep1\fx\quest\q305\thunderstorm\q305_thunderstorm_01.effect	oui		1;1;1.1
ep1\fx\quest\q305\thunderstorm\q305_thunderstorm_01.particle	oui		1;1;1.1
ep1\fx\quest\q305\thunderstorm\q305_thunderstorm_dissolve.effect	non	10.02	1;1;1.1
ep1\fx\quest\q305\upgrade_hallucination\q305_decoration_blendable_upgrade_hallucination.effect	oui		0;0;0
ep1\fx\quest\q305\upgrade_hallucination\q305_decoration_blendable_upgrade_hallucination_02.effect	oui		0;0;0
ep1\fx\quest\q305\upgrade_hallucination\q305_fa_surgery_03_blendable_upgrade_hallucination.effect	oui		0;0;0
ep1\fx\quest\q305\upgrade_hallucination\q305_ma_surgery_01_blendable_upgrade_hallucination.effect	oui		0;0;0
ep1\fx\quest\q305\upgrade_hallucination\q305_ma_surgery_02_blendable_upgrade_hallucination.effect	oui		0;0;0
ep1\fx\quest\q305\upgrade_hallucination\q305_songbird_blendable_upgrade_hallucination.effect	oui		0;0;0
ep1\fx\quest\q306\combat\q306_black_wall_hand.particle	non	1	3.25;3.25;5
ep1\fx\quest\q306\combat\q306_black_wall_leg.particle	non	1	3.25;3.25;5
ep1\fx\quest\q306\combat\q306_black_wall_torso.particle	non	0.35	2.3;2.3;2.4
ep1\fx\quest\q306\combat\q306_flesh_explode.effect	non	22.75	38;38;51.2
ep1\fx\quest\q306\combat\q306_smokegrenade_explode.particle	non	19	38;38;51.2
ep1\fx\quest\q306\combat\q306_smoke_grenade.effect	non	1	0;0;0
ep1\fx\quest\q306\combat\q306_smoke_grenade.particle	non	19	38;38;51.2
ep1\fx\quest\q306\combat\q306_window_explode.effect	non	15.13	26;26;51
ep1\fx\quest\q306\combat\q306_window_explode.particle	non	12	26;26;51
ep1\fx\quest\q306\other\blackwall_force\blackwall_force_screen.effect	oui		1.66;1;1
ep1\fx\quest\q306\other\blackwall_force\blackwall_use_force.effect	non	1.25	2;1;1
ep1\fx\quest\q306\other\blackwall_force\blackwall_use_force.particle	non	0.9	2;1;1
ep1\fx\quest\q306\other\black_wall_activate_drone.effect	non	3.91	32.2;32.2;32.2
ep1\fx\quest\q306\other\hologram_butterfly.particle	oui		3.08;3.08;6.08
ep1\fx\quest\q306\other\q306_black_black_wall_hand.particle	oui		2.18;2.08;2.16
ep1\fx\quest\q306\other\q306_black_black_wall_hand_player.particle	non	1	3.25;3.25;5
ep1\fx\quest\q306\other\q306_black_drone_sparks.particle	non	0.8	32.2;32.2;32.2
ep1\fx\quest\q306\other\q306_cs_black_wall_hand_player.particle	oui		2.18;2.08;2.16
ep1\fx\quest\q306\other\q306_cs_black_wall_hand_player_line.particle	oui		0.58;0.58;0.6
ep1\fx\quest\q306\other\q306_cs_player_use_black_wall_hand.effect	non	4.95	2.18;2.08;2.16
ep1\fx\quest\q306\other\q306_dust_chopper_fight.particle	oui		51;35;53
ep1\fx\quest\q306\other\q306_dust_fall.effect	non	7.98	9.13;6.72;8.45
ep1\fx\quest\q306\other\q306_dust_train.particle	oui		9.13;6.33;7.46
ep1\fx\quest\q306\other\q306_end_big_fire.particle	oui		27.5;27.5;52.5
ep1\fx\quest\q306\other\q306_end_big_fire_epilogue.particle	oui		51.2;51.2;52.5
ep1\fx\quest\q306\other\q306_end_big_fire_glow.particle	oui		1;1;1
ep1\fx\quest\q306\other\q306_light_beam_chopper.particle	oui		5;5;5
ep1\fx\quest\q306\other\q306_light_beam_train.particle	oui		5;5;5
ep1\fx\quest\q306\other\q306_light_spot_chopper.effect	oui		5;5;5
ep1\fx\quest\q306\other\q306_player_use_black_wall_hand.effect	non	4.13	2.18;2.08;2.16
ep1\fx\quest\q306\other\q306_songbird_use_black_wall.effect	oui		1;1;1
ep1\fx\quest\q306\other\q306_songbird_use_black_wall.particle	oui		1;1;1
ep1\fx\quest\q306\other\q306_songbird_use_black_wall_eye.particle	oui		1;1;1
ep1\fx\quest\q306\other\q306_songbird_use_black_wall_hand.effect	non	4.95	2.18;2.08;2.16
ep1\fx\quest\q306\other\rocket_platform_glow_01.particle	oui		1;1;1
ep1\fx\quest\q306\other\rocket_platform_glow_02.particle	oui		1;1;1
ep1\fx\quest\q306\scenes\q306_04_meeting_contact\q306_meeting_black_wall_medium.particle	non	13	3.6;3.6;2.7
ep1\fx\quest\q306\scenes\q306_04_meeting_contact\q306_meeting_black_wall_medium_s.particle	non	13	3.6;3.6;2.7
ep1\fx\quest\q306\scenes\q306_04_meeting_contact\q306_meeting_black_wall_small.particle	non	12	2.3;2.3;2.6
ep1\fx\quest\q306\scenes\q306_06_myers_intro\blackwall\q306_blackwall_panel.particle	non	2.5	2.3;2.3;2.6
ep1\fx\quest\q306\scenes\q306_06_myers_intro\blackwall\q306_myers_blackwall_small.particle	oui		0.6;0.6;1.1
ep1\fx\quest\q306\scenes\q306_06_myers_intro\blackwall\q306_myers_blackwall_sparks.effect	non	2.43	25.25;25.25;50.25
ep1\fx\quest\q306\scenes\q306_06_myers_intro\blackwall\q306_myers_gate_blackwall.effect	non	10.37	2.44;2.44;2.7
ep1\fx\quest\q306\scenes\q306_06_myers_intro\blackwall\q306_myers_gate_blackwall.particle	non	9	2.44;2.44;2.7
ep1\fx\quest\q306\scenes\q306_06_myers_intro\blackwall\q306__blackwall_panel.effect	non	5	2.3;2.3;2.6
ep1\fx\quest\q306\scenes\q306_06_myers_intro\q306_06_broken_elevator_red.particle	oui		4.02;4.02;8.03
ep1\fx\quest\q306\scenes\q306_06_myers_intro\q306_06_broken_elevator_smoke.particle	oui		2.53;2.33;2.46
ep1\fx\quest\q306\scenes\q306_06_myers_intro\q306_06_broken_elevator_start.particle	non	2	7.5;7.5;14.85
ep1\fx\quest\q306\scenes\q306_06_myers_intro\q306_06_myers_av-dust_idle.effect	oui		8.74;8.74;17.22
ep1\fx\quest\q306\scenes\q306_06_myers_intro\q306_06_myers_av-dust_land.effect	non	12.89	11.74;11.74;23.23
ep1\fx\quest\q306\scenes\q306_06_myers_intro\q306_06_myers_av-dust_move.effect	non	11	11.56;11.56;22.88
ep1\fx\quest\q306\scenes\q306_06_myers_intro\q306_06_myers_av-hologram.effect	oui		1.25;1.25;1.5
ep1\fx\quest\q306\scenes\q306_06_myers_intro\q306_06_myers_av_dust_close.effect	non	12.89	8.74;8.74;17.22
ep1\fx\quest\q306\scenes\q306_06_myers_intro\q306_06_myers_av_idle.particle	oui		8.74;8.74;17.22
ep1\fx\quest\q306\scenes\q306_06_myers_intro\q306_06_myers_av_landing.particle	oui		11.74;11.74;23.23
ep1\fx\quest\q306\scenes\q306_06_myers_intro\q306_06_myers_av_landing_close.particle	oui		8.74;8.74;17.22
ep1\fx\quest\q306\scenes\q306_06_myers_intro\q306_06_myers_av_move.particle	oui		11.56;11.56;22.88
ep1\fx\quest\q306\scenes\q306_06_myers_intro\q306_06_myers_broken_elevator.effect	oui		7.5;7.5;14.85
ep1\fx\quest\q306\scenes\q306_06_myers_intro\q306_06_myers_gass_explode.particle	non	6	9.7;9.7;17.91
ep1\fx\quest\q306\scenes\q306_06_myers_intro\q306_06_myers_tunel_explode.effect	non	30	17.28;17.28;33.06
ep1\fx\quest\q306\scenes\q306_06_myers_intro\q306_06_myers_tunel_impact.effect	non	15	5;5;9.7
ep1\fx\quest\q306\scenes\q306_07_somi_duty_free\q306_07_duty_bilboard_off.effect	non	8.68	25.25;25.25;50.25
ep1\fx\quest\q306\scenes\q306_07_somi_duty_free\q306_07_duty_bilboard_sparks.effect	oui		25.25;25.25;50.25
ep1\fx\quest\q306\scenes\q306_07_somi_duty_free\q306_07_duty_free_dust.effect	oui		28;28;53
ep1\fx\quest\q306\scenes\q306_07_somi_duty_free\q306_07_duty_free_dust.particle	oui		28;28;53
ep1\fx\quest\q306\scenes\q306_07_somi_duty_free\q306_07_duty_free_dust_outside.effect	oui		19.02;19.02;37.79
ep1\fx\quest\q306\scenes\q306_07_somi_duty_free\q306_07_duty_free_dust_outside.particle	oui		19.02;19.02;37.79
ep1\fx\quest\q306\scenes\q306_07_somi_duty_free\q306_07_duty_free_scan.effect	oui		16;16;16
ep1\fx\quest\q306\scenes\q306_07_somi_duty_free\q306_07_duty_free_scan.particle	oui		16;16;16
ep1\fx\quest\q306\scenes\q306_07_somi_duty_free\q306_07_duty_gate_dust.effect	non	3.21	19.09;18.49;36.58
ep1\fx\quest\q306\scenes\q306_07_somi_duty_free\q306_07_duty_gate_dust.particle	non	10	19.09;18.49;36.58
ep1\fx\quest\q306\scenes\q306_07_somi_duty_free\q306_07_duty_gate_open.particle	oui		1.65;1.65;2.65
ep1\fx\quest\q306\scenes\q306_07_somi_duty_free\q306_07_duty_gate_sparks.effect	non	2.2	1.65;1.65;2.65
ep1\fx\quest\q306\scenes\q306_07_somi_duty_free\q306_07_duty_gate_sparks_big.particle	non	2.5	25.25;25.25;50.25
ep1\fx\quest\q306\scenes\q306_07_somi_duty_free\q306_07_duty_sparks_rocket_fall.effect	non	7.44	25.18;25.18;50.01
ep1\fx\quest\q306\scenes\q306_07_somi_duty_free\q306_07_duty_sparks_rocket_fall_loop.effect	oui		25.2;25.2;50.2
ep1\fx\quest\q306\scenes\q306_07_somi_duty_free\q306_blackwall_bilboards.effect	non	5.97	25.25;25.25;50.25
ep1\fx\quest\q306\scenes\q306_07_somi_duty_free\q306_blackwall_bilboards.particle	non	6	4.66;4.26;3.52
ep1\fx\quest\q306\scenes\q306_07_somi_duty_free\q306_blackwall_gate_sparks.effect	non	2.43	25.25;25.25;50.25
ep1\fx\quest\q306\scenes\q306_07_somi_duty_free\q306_duty_black_wall_gate.particle	non	13	3.6;3.6;2.7
ep1\fx\quest\q306\scenes\q306_07_somi_duty_free\q306_duty_black_wall_gate_fast.particle	non	2	3.6;3.6;2.7
ep1\fx\quest\q306\scenes\q306_07_somi_duty_free\q306_duty_emisive_panel_sparks.particle	non	3	25.18;25.18;50.01
ep1\fx\quest\q306\scenes\q306_07_somi_duty_free\q306_duty_emisive_panel_sparks_loop.particle	oui		25.18;25.18;50.01
ep1\fx\quest\q306\scenes\q306_07_somi_duty_free\q306_duty_emisive_panel_sparks_loop2.particle	oui		1.35;1.35;8.35
ep1\fx\quest\q306\scenes\q306_07_somi_duty_free\q306_duty_rocket_fall_sparks.particle	non	8	25.18;25.18;50.01
ep1\fx\quest\q306\scenes\q306_07_somi_duty_free\q306_global_gate_blackwall.effect	non	18.79	3.6;3.6;2.7
ep1\fx\quest\q306\scenes\q306_07_somi_duty_free\q306_impact_choper_weapon.effect	non	59.56	25.65;25.65;50.65
ep1\fx\quest\q306\scenes\q306_10_finale\q306_10_dust_land_heavy.effect	non	10.05	27;27;52
ep1\fx\quest\q306\scenes\q306_10_finale\q306_10_dust_land_idle.effect	oui		8.74;8.74;17.22
ep1\fx\quest\q306\scenes\q306_10_finale\q306_10_finale_blood_impact.effect	non	3.53	9.6;9.6;18.61
ep1\fx\quest\q306\scenes\q306_10_finale\q306_10_fine_blood_hit.particle	non	10	9.6;9.6;18.61
ep1\fx\quest\q306\scenes\q306_10_finale\q306_10_fine_blood_reed.particle	non	0.6	0.8;0.8;0.95
ep1\fx\quest\q306\scenes\q306_10_finale\q306_11_av_dust_land.particle	oui		27;27;52
ep1\fx\quest\q306\scenes\q306_10_finale\q306_av_dust_interior.particle	oui		3.86;4.26;6.71
ep1\fx\quest\q306\scenes\q306_10_finale\q306_blood_reed_decal.effect	oui		0.8;0.8;0.95
ep1\fx\quest\q306\scenes\q306_10_finale\q306_blood_reed_head_decal.effect	non	10.15	10;10;19.01
ep1\fx\quest\q306\scenes\q306_10_finale\q306_lunchpad_dust_outside.particle	oui		34.91;32.28;23.58
ep1\fx\quest\q306\scenes\q306_10_finale\q306_lunchpad_splashes.particle	oui		6;6;4
ep1\fx\quest\q306\scenes\q306_10_finale\q306_lunchpad_splashes_line.particle	oui		6;4;4
ep1\fx\quest\q306\scenes\q306_11_resolution\light\q306_light_scatter_room.effect	non	22	0;0;0
ep1\fx\quest\q306\scenes\q306_11_resolution\light\q306_light_scatter_ship.effect	non	22.14	0;0;0
ep1\fx\quest\q306\scenes\q306_11_resolution\q306_11_av_dust_idle_smoke.particle	oui		8.74;8.74;17.22
ep1\fx\quest\q306\scenes\q306_11_resolution\q306_11_construction_smoke01.particle	oui		10.6;10.6;18.71
ep1\fx\quest\q306\scenes\q306_11_resolution\q306_11_construction_smoke_after.particle	oui		6.47;6.47;54.04
ep1\fx\quest\q306\scenes\q306_11_resolution\q306_11_construction_smoke_fast.particle	oui		9.5;9.5;23.01
ep1\fx\quest\q306\scenes\q306_11_resolution\q306_11_construction_smoke_fast_l.particle	oui		9.5;9.5;23.01
ep1\fx\quest\q306\scenes\q306_11_resolution\q306_11_construction_smoke_up.particle	oui		15.43;15.43;28.86
ep1\fx\quest\q306\scenes\q306_11_resolution\q306_11_resolution_construction_smoke1.particle	oui		30;30;55
ep1\fx\quest\q306\scenes\q306_11_resolution\q306_11_resolution_construction_smoke2.particle	oui		28;28;52
ep1\fx\quest\q306\scenes\q306_11_resolution\q306_11_resolution_construction_smoke3.particle	oui		17.5;17.5;31
ep1\fx\quest\q306\scenes\q306_11_resolution\q306_11_resolution_construction_smoke_fast.particle	oui		10;10;28
ep1\fx\quest\q306\scenes\q306_11_resolution\q306_11_resolution_dust_after.particle	oui		17.5;17.5;34.93
ep1\fx\quest\q306\scenes\q306_11_resolution\q306_11_resolution_dust_end.effect	oui		17.5;17.5;34.93
ep1\fx\quest\q306\scenes\q306_11_resolution\q306_11_resolution_dust_engine.particle	oui		17.71;17.71;32.91
ep1\fx\quest\q306\scenes\q306_11_resolution\q306_11_resolution_impact.particle	non	1.5	2.78;2.78;5.28
ep1\fx\quest\q306\scenes\q306_11_resolution\q306_11_resolution_rocket_smoke2_idle.particle	oui		22;22;40
ep1\fx\quest\q306\scenes\q306_11_resolution\q306_11_resolution_rocket_smoke2_idle_slow.particle	oui		25.88;25.88;47.76
ep1\fx\quest\q306\scenes\q306_11_resolution\q306_11_resolution_rocket_smoke3_idle.particle	oui		17.5;17.5;31
ep1\fx\quest\q306\scenes\q306_11_resolution\q306_11_resolution_rocket_smoke_down_01.particle	oui		30;30;55
ep1\fx\quest\q306\scenes\q306_11_resolution\q306_11_resolution_rocket_smoke_idle.particle	oui		5;5;7
ep1\fx\quest\q306\scenes\q306_11_resolution\q306_11_resolution_rocket_smoke_window.particle	oui		69.06;49.06;62.06
ep1\fx\quest\q306\scenes\q306_11_resolution\q306_11_resolution_rocket_start_injection.particle	non	3	6;6;9
ep1\fx\quest\q306\scenes\q306_11_resolution\q306_11_resolution_rocket_start_injection_point.particle	oui		28;28;53
ep1\fx\quest\q306\scenes\q306_11_resolution\q306_11_resolution_rocket_start_smoke.particle	oui		27;27;51
ep1\fx\quest\q306\scenes\q306_11_resolution\q306_11_resolution_smoke_window.effect	oui		69.06;49.06;62.06
ep1\fx\quest\q306\scenes\q306_11_resolution\q306_11_resolution_sparks_hit.particle	non	1.7	2.03;2.03;3.78
ep1\fx\quest\q306\scenes\q306_11_resolution\q306_11_resolution_start_smoke_left.particle	oui		28;28;53
ep1\fx\quest\q306\scenes\q306_11_resolution\q306_11_start_smoke.effect	oui		28;28;53
ep1\fx\quest\q306\scenes\q306_11_resolution\q306_11_water_drip.particle	oui		4.01;0.11;0.01
ep1\fx\quest\q306\scenes\q306_11_resolution\q306_construction_smoke.effect	non	45.19	15.43;15.43;54.04
ep1\fx\quest\q306\scenes\q306_11_resolution\q306_cs_resolution_hit.effect	non	13.3	2.03;2.03;3.78
ep1\fx\quest\q306\scenes\q306_11_resolution\q306_rocket_smoke_idle.effect	oui		30;30;55
ep1\fx\quest\q306\scenes\q306_control_tower\blackwall\chopper_blackwal_llightning.particle	non	0.2	2;2;2
ep1\fx\quest\q306\scenes\q306_control_tower\blackwall\q306_blackawall_end.effect	non	0.5	1;1;1
ep1\fx\quest\q306\scenes\q306_control_tower\blackwall\q306_blackawall_fast.effect	non	0.44	0;0;0
ep1\fx\quest\q306\scenes\q306_control_tower\blackwall\q306_blackawall_short.effect	non	0.5	1;1;1
ep1\fx\quest\q306\scenes\q306_control_tower\blackwall\q306_blackwall_location1.particle	oui		2.5;2.5;2.5
ep1\fx\quest\q306\scenes\q306_control_tower\blackwall\q306_blackwall_medium_use.effect	non	2.25	2;1;1
ep1\fx\quest\q306\scenes\q306_control_tower\blackwall\q306_blackwall_short_high.particle	non	1	1;1;1
ep1\fx\quest\q306\scenes\q306_control_tower\blackwall\q306_blackwall_small.particle	oui		1;1;1
ep1\fx\quest\q306\scenes\q306_control_tower\blackwall\q306_blackwall_use_medium.particle	non	0.9	2;1;1
ep1\fx\quest\q306\scenes\q306_control_tower\blackwall\q306_black_wallscreen_gmp.particle	oui		1.66;1;1
ep1\fx\quest\q306\scenes\q306_control_tower\blackwall\q306_black_wallscreen_gmp2.particle	oui		1.66;1;1
ep1\fx\quest\q306\scenes\q306_control_tower\blackwall\q306_black_wall_screen_gmp.effect	oui		1.66;1;1
ep1\fx\quest\q306\scenes\q306_control_tower\fire_chopper\q306_control_tower_fire02_chopper.particle	oui		5.24;5.24;9.49
ep1\fx\quest\q306\scenes\q306_control_tower\fire_chopper\q306_control_tower_fire_chopper.particle	oui		5.24;5.24;9.49
ep1\fx\quest\q306\scenes\q306_control_tower\fire_chopper\q306_control_tower_fire_chopper_bigger.particle	oui		6.56;4.56;5.62
ep1\fx\quest\q306\scenes\q306_control_tower\fire_chopper\q306_control_tower_fire_chopper_small.particle	oui		6.35;4.35;5.2
ep1\fx\quest\q306\scenes\q306_control_tower\fire_chopper\q306_control_tower_fire_chopper_small_dynamic.particle	oui		25.8;25.8;50.8
ep1\fx\quest\q306\scenes\q306_control_tower\fire_chopper\q306_smoke_ddecoration.particle	oui		8;8;12
ep1\fx\quest\q306\scenes\q306_control_tower\fire_chopper\q306_smoke_decoration_control_tower.effect	oui		8;8;12
ep1\fx\quest\q306\scenes\q306_control_tower\lightning_zap\q306_lightning_zap_soldier_01.effect	non	3.38	0.66;0.66;0.66
ep1\fx\quest\q306\scenes\q306_control_tower\lightning_zap\q306_lightning_zap_soldier_01.particle	non	0.15	0.66;0.66;0.66
ep1\fx\quest\q306\scenes\q306_control_tower\lightning_zap\q306_lightning_zap_soldier_02.effect	non	3.38	2;2;2
ep1\fx\quest\q306\scenes\q306_control_tower\lightning_zap\q306_lightning_zap_soldier_02.particle	non	0.15	2;2;2
ep1\fx\quest\q306\scenes\q306_control_tower\lightning_zap\q306_lightning_zap_soldier_03.effect	non	3.38	3.5;3.5;3.5
ep1\fx\quest\q306\scenes\q306_control_tower\lightning_zap\q306_lightning_zap_soldier_03.particle	non	0.15	3.5;3.5;3.5
ep1\fx\quest\q306\scenes\q306_control_tower\lightning_zap\q306_lightning_zap_soldier_04.effect	non	3.38	2.3;2.3;2.3
ep1\fx\quest\q306\scenes\q306_control_tower\lightning_zap\q306_lightning_zap_soldier_04.particle	non	0.15	2.3;2.3;2.3
ep1\fx\quest\q306\scenes\q306_control_tower\lightning_zap\q306_lightning_zap_soldier_05.effect	non	3.38	1;1;1
ep1\fx\quest\q306\scenes\q306_control_tower\lightning_zap\q306_lightning_zap_soldier_05.particle	non	0.15	1;1;1
ep1\fx\quest\q306\scenes\q306_control_tower\q306_ambient_sparks_scene.effect	non	11.33	7.75;7.75;15.25
ep1\fx\quest\q306\scenes\q306_control_tower\q306_black_wall.effect	oui		0;0;0
ep1\fx\quest\q306\scenes\q306_control_tower\q306_black_wall.particle	oui		1;1;1
ep1\fx\quest\q306\scenes\q306_control_tower\q306_black_wall_area.effect	non	15.64	0;0;0
ep1\fx\quest\q306\scenes\q306_control_tower\q306_black_wall_drone.effect	non	14.94	3.8;3.8;4
ep1\fx\quest\q306\scenes\q306_control_tower\q306_black_wall_drone.particle	non	8	3.8;3.8;4
ep1\fx\quest\q306\scenes\q306_control_tower\q306_black_wall_minotaur.effect	non	14.94	3.8;3.8;3.8
ep1\fx\quest\q306\scenes\q306_control_tower\q306_black_wall_screen.effect	non	2.97	0;0;0
ep1\fx\quest\q306\scenes\q306_control_tower\q306_chopper_blackwall.effect	non	3.09	25.25;25.25;50.25
ep1\fx\quest\q306\scenes\q306_control_tower\q306_chopper_blackwall.particle	non	1.3	5.6;23;6
ep1\fx\quest\q306\scenes\q306_control_tower\q306_chopper_blackwall_sparks_front.particle	non	2.5	25.25;25.25;50.25
ep1\fx\quest\q306\scenes\q306_control_tower\q306_chopper_explode.particle	non	8	27;27;51
ep1\fx\quest\q306\scenes\q306_control_tower\q306_chopper_explode_small.particle	non	7	27;27;51
ep1\fx\quest\q306\scenes\q306_control_tower\q306_chopper_explosion.particle	non	7	27;27;51
ep1\fx\quest\q306\scenes\q306_control_tower\q306_chopper_explosion2.particle	non	8	26;26;51
ep1\fx\quest\q306\scenes\q306_control_tower\q306_chopper_hit_tower.effect	non	9.71	27;27;51
ep1\fx\quest\q306\scenes\q306_control_tower\q306_control_tower_ambient_smoke_close.particle	oui		6.5;6.5;2.5
ep1\fx\quest\q306\scenes\q306_control_tower\q306_control_tower_blackwall_device_small.particle	non	0.25	2.53;2.33;2.26
ep1\fx\quest\q306\scenes\q306_control_tower\q306_control_tower_explode.effect	non	43.94	27;27;51
ep1\fx\quest\q306\scenes\q306_control_tower\q306_control_tower_impact.particle	non	2	13.02;13.02;25.04
ep1\fx\quest\q306\scenes\q306_control_tower\q306_control_tower_impact_glass_simple.particle	non	5	5.42;5.42;8.25
ep1\fx\quest\q306\scenes\q306_control_tower\q306_control_tower_screen_blackwall.particle	non		0;0;0
ep1\fx\quest\q306\scenes\q306_control_tower\q306_control_tower_sparks_destro.effect	non	6.42	7.75;7.75;15.25
ep1\fx\quest\q306\scenes\q306_control_tower\q306_cs_chopper_explosion_.effect	non	43.94	27;27;51
ep1\fx\quest\q306\scenes\q306_control_tower\q306_cs_chopper_smoke.effect	non	15	25.8;25.8;50.8
ep1\fx\quest\q306\scenes\q306_control_tower\q306_cs_control_tower_impact.effect	non	1.99	13.02;13.02;25.04
ep1\fx\quest\q306\scenes\q306_control_tower\q306_cs_control_tower_impact_big.effect	non	5	28;28;51
ep1\fx\quest\q306\scenes\q306_control_tower\q306_cs_control_tower_impact_failstate.effect	non	34.9	13.02;13.02;25.04
ep1\fx\quest\q306\scenes\q306_control_tower\q306_cs_smoke_fall.effect	non	8.85	25.3;25.3;50.3
ep1\fx\quest\q306\scenes\q306_control_tower\q306_destroy_electricity.particle	oui		1.6;1.6;2.6
ep1\fx\quest\q306\scenes\q306_control_tower\q306_electro_destroy_.effect	oui		4.02;4.02;8.03
ep1\fx\quest\q306\scenes\q306_control_tower\q306_electro_destroy_022.effect	oui		25.3;25.3;50.3
ep1\fx\quest\q306\scenes\q306_control_tower\q306_electro_destroy_end_scene.effect	non	5.15	25.3;25.3;50.3
ep1\fx\quest\q306\scenes\q306_control_tower\q306_failstate_explode_.effect	non	9.69	28;28;52.1
ep1\fx\quest\q306\scenes\q306_control_tower\q306_fire_chopper.particle	oui		25.8;25.8;50.8
ep1\fx\quest\q306\scenes\q306_control_tower\q306_glass_crack.effect	non	4.64	0;0;0
ep1\fx\quest\q306\scenes\q306_control_tower\q306_npc_glass_impact.effect	non	2.18	12.2;12.2;24.21
ep1\fx\quest\q306\scenes\q306_control_tower\q306_smoke_debris_fall_scene.particle	non	8	25.3;25.3;50.3
ep1\fx\quest\q306\scenes\q306_control_tower\q306_smoke_destro_v1.particle	oui		7.13;7.13;13.25
ep1\fx\quest\q306\scenes\q306_control_tower\q306_smoke_tower_fall.effect	oui		4.04;4.04;7.07
ep1\fx\quest\q306\scenes\q306_control_tower\q306_sparks_ambient_scene.particle	non	2.5	25.3;25.3;50.3
ep1\fx\quest\q306\scenes\q306_control_tower\q306_sparks_area.particle	oui		7.45;7.45;7.7
ep1\fx\quest\q306\scenes\q306_control_tower\q306_sparks_area_ref.particle	oui		2.5;2.5;4
ep1\fx\quest\q306\scenes\q306_control_tower\q306_sparks_destro.particle	non	2.5	7.75;7.75;15.25
ep1\fx\quest\q306\scenes\q306_control_tower\q306_sparks_device.particle	oui		1.6;1.6;2.6
ep1\fx\quest\q306\scenes\q306_control_tower\q306_sparks_end_destro.particle	non	2.5	7.75;7.75;15.25
ep1\fx\quest\q306\scenes\q306_control_tower\q306_sparks_explode.particle	non	2.5	25.3;25.3;50.3
ep1\fx\quest\q306\scenes\q306_control_tower\q306_sparks_explode_end.particle	oui		25.3;25.3;50.3
ep1\fx\quest\q306\scenes\q306_control_tower\q306_sparks_impact_new.particle	non	1.5	1.89;1.89;3.48
ep1\fx\quest\q306\scenes\q306_control_tower\q306_special_fire_chopper.effect	oui		6.56;5.24;9.49
ep1\fx\quest\q306\scenes\q306_control_tower\q306_window_destroy_.effect	non	8.6	27.1;25.3;52.1
ep1\fx\quest\q306\scenes\q306_control_tower\q306_window_glass_01.particle	non	5	27.1;25.3;52.1
ep1\fx\quest\q306\scenes\q306_control_tower\q306_window_hit_with_decal.effect	non	1	0;0;0
ep1\fx\quest\q306\scenes\q306_rooftop_fire_hose\q306_fire_hose_broken_glass.effect	non	5	5.15;5.15;8.9
ep1\fx\quest\q306\scenes\q306_rooftop_fire_hose\q306_fire_hose_destruction_glass.particle	non	5	5.15;5.15;8.9
ep1\fx\quest\q306\space_rocket\idle_start\rocket_smoke_platform_start_01.particle	oui		30;30;55
ep1\fx\quest\q306\space_rocket\idle_start\space_rocket_smoke_decoration_down_01_start.particle	oui		30;30;55
ep1\fx\quest\q306\space_rocket\idle_start\space_rocket_smoke_decoration_down_02_start.particle	oui		29;29;54
ep1\fx\quest\q306\space_rocket\idle_start\space_rocket_smoke_decoration_down_b_start.particle	oui		30;30;55
ep1\fx\quest\q306\space_rocket\idle_start\space_rocket_smoke_decoration_down_left_start.particle	oui		30;30;55
ep1\fx\quest\q306\space_rocket\idle_start\space_rocket_smoke_decoration_down_l_start.particle	oui		26;26;51
ep1\fx\quest\q306\space_rocket\idle_start\space_rocket_smoke_decoration_down_start.particle	oui		21.32;21.32;37.65
ep1\fx\quest\q306\space_rocket\idle_start\space_rocket_smoke_decoration_down_s_start.particle	oui		21.82;21.82;42.64
ep1\fx\quest\q306\space_rocket\idle_start\space_rocket_smoke_engine_start.particle	oui		23.5;23.5;46
ep1\fx\quest\q306\space_rocket\idle_start\space_rocket_smoke_engine_start22.particle	oui		14.51;14.51;26.51
ep1\fx\quest\q306\space_rocket\idle_start\space_rocket_smoke_idle_big_start.particle	oui		27.5;27.5;52.5
ep1\fx\quest\q306\space_rocket\idle_start\space_rocket_smoke_idle_medium_start.particle	oui		26.88;26.88;51.25
ep1\fx\quest\q306\space_rocket\idle_start\space_rocket_start_bigger.particle	oui		28;28;52
ep1\fx\quest\q306\space_rocket\idle_start\space_rocket_start_bigger_02.particle	oui		29;29;54
ep1\fx\quest\q306\space_rocket\q306_rocket_flare.particle	oui		2.12;2.12;2.25
ep1\fx\quest\q306\space_rocket\q306_rocket_landing_platform_left.effect	non	10.53	28;28;53
ep1\fx\quest\q306\space_rocket\q306_rocket_landing_platform_right.effect	non	10.49	28;28;53
ep1\fx\quest\q306\space_rocket\q306_space_rocket_engine.effect	oui		23;23;32.91
ep1\fx\quest\q306\space_rocket\q306_space_rocket_engine_idle.effect	oui		23;23;26.5
ep1\fx\quest\q306\space_rocket\q306_space_rocket_engine_landing.effect	oui		21.4;21.4;41.4
ep1\fx\quest\q306\space_rocket\space_rocket_engine.particle	oui		23;23;23
ep1\fx\quest\q306\space_rocket\space_rocket_engine_idle.particle	oui		23;23;23
ep1\fx\quest\q306\space_rocket\space_rocket_engine_landing.particle	oui		21.4;21.4;41.4
ep1\fx\quest\q306\space_rocket\space_rocket_landing_big_smoke.particle	oui		27.5;27.5;52.5
ep1\fx\quest\q306\space_rocket\space_rocket_landing_smoke_main.effect	non	54.77	28;28;53
ep1\fx\quest\q306\space_rocket\space_rocket_smoke_decoration_big.particle	oui		93.5;27.5;52.5
ep1\fx\quest\q306\space_rocket\space_rocket_smoke_decoration_down.particle	oui		21.32;21.32;37.65
ep1\fx\quest\q306\space_rocket\space_rocket_smoke_decoration_down_01.particle	oui		24.49;24.49;43.98
ep1\fx\quest\q306\space_rocket\space_rocket_smoke_decoration_down_02.particle	oui		22;22;40
ep1\fx\quest\q306\space_rocket\space_rocket_smoke_decoration_down_l.particle	oui		13.75;13.75;26.5
ep1\fx\quest\q306\space_rocket\space_rocket_smoke_decoration_down_left.particle	oui		30;30;55
ep1\fx\quest\q306\space_rocket\space_rocket_smoke_decoration_down_s.particle	oui		11.41;11.41;21.82
ep1\fx\quest\q306\space_rocket\space_rocket_smoke_decoration_up_big.particle	oui		27.5;27.5;52.5
ep1\fx\quest\q306\space_rocket\space_rocket_smoke_idle_big.particle	oui		26.2;26.2;51.2
ep1\fx\quest\q306\space_rocket\space_rocket_smoke_idle_big_02.particle	oui		27.5;27.5;52.5
ep1\fx\quest\q306\space_rocket\space_rocket_smoke_idle_big_03.particle	oui		49.39;49.39;136.27
ep1\fx\quest\q306\space_rocket\space_rocket_smoke_idle_small.particle	oui		7.45;7.45;10.91
ep1\fx\quest\q306\space_rocket\space_rocket_smoke_platform.particle	oui		28;28;53
ep1\fx\quest\q306\space_rocket\space_rocket_smoke_platform_left.particle	oui		28;28;53
ep1\fx\quest\q306\space_rocket\space_rocket_smoke_platform_right_l.particle	oui		28;28;53
ep1\fx\quest\q306\space_rocket\space_rocket_smoke_platform_weak.particle	oui		28;28;53
ep1\fx\quest\q307\av_landing\q307_av_dust_approach.particle	non	2	27;27;52
ep1\fx\quest\q307\av_landing\q307_av_dust_narrow_side.particle	oui		27;27;52
ep1\fx\quest\q307\coma_02.effect	non	109.5	1;1;1
ep1\fx\quest\q307\coma_03.effect	non	109.5	1;1;1
ep1\fx\quest\q307\coma_04.effect	non	109.5	1;1;1
ep1\fx\quest\q307\coma_05.effect	non	109.5	1;1;1
ep1\fx\quest\q307\hospital\q307_blink_slow.effect	non	25	1;1;1
ep1\fx\quest\q307\hospital\q307_blink_slow.particle	non	15	1;1;1
ep1\fx\quest\q307\hospital\q307_blink_slow_02.particle	non	10	1;1;1
ep1\fx\quest\q307\q037_cloud_layer.particle	oui		60;120;89
ep1\fx\quest\q307\q307_av_dust.effect	oui		5.25;5.25;7.5
ep1\fx\quest\q307\q307_av_dust.particle	oui		5.25;5.25;7.5
ep1\fx\quest\q307\q307_av_landing.effect	non	29.83	27;27;52
ep1\fx\quest\q307\q307_cabridge_water_dripping.particle	oui		2.65;2.65;2.65
ep1\fx\quest\q307\q307_coma.effect	non	69.3	1;1;1
ep1\fx\quest\q307\q307_coma.particle	oui		1;1;1
ep1\fx\quest\q307\q307_debris_magazines.particle	oui		25.6;28.4;56.4
ep1\fx\quest\q307\q307_debris_magazines_pavement.particle	oui		5.52;5.52;10.65
ep1\fx\quest\q307\q307_dizzy.effect	non	40.06	0;0;0
ep1\fx\quest\q307\q307_dizzy_wakeup.effect	non	24	0;0;0
ep1\fx\quest\q307\q307_door_opening.effect	non	0.1	0;0;0
ep1\fx\quest\q307\q307_dust_cloud_blowing_exterior.particle	oui		15.7;17.5;28.2
ep1\fx\quest\q307\q307_exposure_01.effect	oui		0;0;0
ep1\fx\quest\q307\q307_exposure_02.effect	oui		0;0;0
ep1\fx\quest\q307\q307_exposure_03.effect	oui		0;0;0
ep1\fx\quest\q307\q307_exposure_04.effect	oui		0;0;0
ep1\fx\quest\q307\q307_exposure_05.effect	oui		0;0;0
ep1\fx\quest\q307\q307_exposure_06.effect	oui		0;0;0
ep1\fx\quest\q307\q307_exposure_07.effect	oui		0;0;0
ep1\fx\quest\q307\q307_exposure_08.effect	oui		0;0;0
ep1\fx\quest\q307\q307_exposure_09.effect	oui		0;0;0
ep1\fx\quest\q307\q307_exposure_10.effect	oui		0;0;0
ep1\fx\quest\q307\q307_exposure_11.effect	oui		0;0;0
ep1\fx\quest\q307\q307_exposure_12.effect	oui		0;0;0
ep1\fx\quest\q307\q307_exposure_13.effect	oui		0;0;0
ep1\fx\quest\q307\q307_falling_down_stairs.effect	oui		0;0;0
ep1\fx\quest\q307\q307_sewer_cinematic_smoke_last_scene.particle	oui		17;13.2;22.2
ep1\fx\quest\q307\q307_steam_manhole_cover_dense_subtle.particle	oui		6.5;6.5;9
ep1\fx\quest\sts_ep1_03\sts_03_muzzle_flash.effect	non	10	17.19;17.19;33.39
ep1\fx\quest\sts_ep1_03\sts_ep1_03_muzlle_flash.particle	non	0.6	0.72;0.72;1.24
ep1\fx\quest\sts_ep1_07\fx_sts_ep1_07_cd_start.effect	non	1	0;0;0
ep1\fx\quest\sts_ep1_07\laser_aim.particle	oui		0.03;0.03;0.03
ep1\fx\quest\sts_ep1_12\airdrop_intro_drone_sparks.effect	oui		25.15;25.15;50.15
ep1\fx\quest\sts_ep1_12\sts_ep1_12_door_sparks.effect	oui		25.15;25.15;50.15
ep1\fx\quest\sts_ep1_12\sts_ep1_12_kick_dust.effect	non	4.03	1;1;1
ep1\fx\quest\sts_ep1_12\sts_ep1_12_kick_dust.particle	non	2	1;1;1
ep1\fx\quest\sts_ep1_13\e_steam_jet_hot_small_sts_ep1_13.effect	oui		1.1;1.1;1.4
ep1\fx\quest\sts_ep1_13\e_steam_jet_hot_small_sts_ep1_13.particle	oui		1.1;1.1;1.4
ep1\fx\quest\sts_ep1_13\e_steam_jet_hot_sts_ep1_13.effect	oui		1.4;1.4;2
ep1\fx\quest\sts_ep1_13\e_steam_jet_hot_sts_ep1_13.particle	oui		1.4;1.4;2
ep1\fx\quest\we_ep1_17\we_ep1_17_stream_01.particle	oui		1.2;2.85;1.2
ep1\fx\tst.particle	oui		3.64;3.64;7.17
ep1\fx\vehicles\air_drop_pod\v_drop_pod_flare.effect	oui		10;10;10
ep1\fx\vehicles\air_drop_pod\v_drop_pod_flare.particle	oui		10;10;10
ep1\fx\vehicles\air_drop_pod\v_drop_pod_thrusters.effect	oui		19;19;19
ep1\fx\vehicles\air_drop_pod\v_drop_pod_thrusters.particle	oui		19;19;19
ep1\fx\vehicles\air_drop_pod\v_drop_pod_thrusters_afterburner.effect	oui		10;10;10
ep1\fx\vehicles\air_drop_pod\v_drop_pod_thrusters_afterburner.particle	oui		10;10;10
ep1\fx\vehicles\air_traffic_kurt_security\av_kurt_security_engine_01.particle	oui		26;26;26
ep1\fx\vehicles\air_traffic_kurt_security\av_kurt_security_searchlight.effect	oui		7;7;12
ep1\fx\vehicles\air_traffic_kurt_security\av_kurt_security_searchlight.particle	oui		7;7;12
ep1\fx\vehicles\air_traffic_kurt_security\av_kurt_security_searchlight_long.particle	oui		7;7;12
ep1\fx\vehicles\cars\exhaust\exhaust_v_sport_riptide.effect	non	1	1.43;1.33;1.66
ep1\fx\vehicles\cars\exhaust\exhaust_v_sport_riptide_fire.particle	non	0.33	1.43;1.33;1.66
ep1\fx\vehicles\chimera\v_chimera_gas_cloud.effect	oui		27.5;27.5;52.5
ep1\fx\vehicles\chimera\v_chimera_gas_cloud.particle	oui		27.5;27.5;52.5
ep1\fx\vehicles\chimera\v_chimera_missile_rain_explosion.effect	non	10	25.3;25.3;50.3
ep1\fx\vehicles\chimera\v_chimera_rocket_explosion.effect	non	10.03	25.3;25.3;50.3
ep1\fx\vehicles\chimera\v_chimera_rocket_explosion.particle	non	5	25.3;25.3;50.3
ep1\fx\vehicles\chimera\v_chimera_rocket_explosion_sparks.particle	non	2	0.4;0.4;0.4
ep1\fx\weapons\explosives\smoke_grenade\w_explosives_001_smoke_grenade_01.effect	oui		10;10;19
ep1\fx\weapons\explosives\smoke_grenade\w_explosives_001_smoke_grenade_02.particle	oui		10;10;19
ep1\fx\weapons\explosives\smoke_grenade\w_explosives_smoke_grenade.particle	oui		4.36;4.36;7.83
ep1\fx\weapons\firearms\pistols\krausser_grit\w_pistol_grit_charged.effect	oui		2;2;2
ep1\fx\weapons\firearms\pistols\krausser_grit\w_pistol_grit_charged.particle	oui		2;2;2
ep1\fx\weapons\firearms\pistols\krausser_grit\w_pistol_grit_charging.effect	oui		2;2;2
ep1\fx\weapons\firearms\pistols\krausser_grit\w_pistol_grit_charging.particle	non	0.05	2;2;2
ep1\fx\weapons\firearms\pistols\krausser_grit\w_pistol_grit_eject.particle	non	1.3	0.78;0.78;1.46
ep1\fx\weapons\firearms\pistols\krausser_grit\w_pistol_grit_ejection_port.effect	non	10	17.19;17.19;33.39
ep1\fx\weapons\firearms\pistols\krausser_grit\w_pistol_grit_electric_add.particle	non	0.05	1;1;1
ep1\fx\weapons\firearms\pistols\krausser_grit\w_pistol_grit_muzle_fpp.particle	non	0.8	12.15;12.15;24.27
ep1\fx\weapons\firearms\pistols\krausser_grit\w_pistol_grit_muzzle.effect	non	10	12.15;12.15;24.27
ep1\fx\weapons\firearms\pistols\krausser_grit\w_pistol_grit_muzzle.particle	non	0.9	22.11;22.11;44.11
ep1\fx\weapons\firearms\pistols\krausser_grit\w_pistol_grit_muzzle_tpp.effect	non	5	12.15;12.15;24.27
ep1\fx\weapons\firearms\pistols\krausser_grit\w_pistol_grit_muzzle_tpp.particle	non	0.8	12.15;12.15;24.27
ep1\fx\weapons\firearms\pistols\krausser_grit\w_pistol_grit_reload.effect	non	7	2.03;2.03;3.66
ep1\fx\weapons\firearms\pistols\krausser_grit\w_pistol_grit_reload.particle	non	3	2.03;2.03;3.66
ep1\fx\weapons\firearms\pistols\krausser_grit\w_pistol_grit_tip.particle	non	2	0.4;0.4;0.4
ep1\fx\weapons\firearms\pistols\militech_ticon\w_pistol_ticon_charging.effect	oui		2;2;2
ep1\fx\weapons\firearms\pistols\militech_ticon\w_pistol_ticon_charging.particle	oui		2;2;2
ep1\fx\weapons\firearms\pistols\militech_ticon\w_pistol_ticon_direction.particle	non	1.5	22.74;22.74;45.47
ep1\fx\weapons\firearms\pistols\militech_ticon\w_pistol_ticon_muzzle.effect	non	10	22.74;22.74;45.47
ep1\fx\weapons\firearms\pistols\militech_ticon\w_pistol_ticon_muzzle.particle	non	0.6	1.5;1.5;1.5
ep1\fx\weapons\firearms\pistols\militech_ticon\w_pistol_ticon_muzzle_tpp.effect	non	5	22.74;22.74;45.47
ep1\fx\weapons\firearms\pistols\militech_ticon\w_pistol_ticon_muzzle_tpp.particle	non	0.8	12.15;12.15;24.27
ep1\fx\weapons\firearms\pistols\militech_ticon\w_pistol_ticon_muzzle_tpp_and_light.effect	non	5	12.15;12.15;24.27
ep1\fx\weapons\firearms\pistols\militech_ticon\w_pistol_ticon_reload.effect	non	7	2.03;2.03;3.66
ep1\fx\weapons\firearms\pistols\militech_ticon\w_pistol_ticon_reload.particle	non	3	2.03;2.03;3.66
ep1\fx\weapons\firearms\pistols\militech_ticon\w_pistol_ticon_silencer.effect	non	10	25.2;25.2;50.2
ep1\fx\weapons\firearms\pistols\militech_ticon\w_pistol_ticon_tip.particle	non	1.5	0.57;0.57;0.74
ep1\fx\weapons\firearms\revolvers\techtronika_metel\w_revolver_metel_eject.particle	non	1.5	4.24;4.24;8.28
ep1\fx\weapons\firearms\revolvers\techtronika_metel\w_revolver_metel_eject_tpp.particle	non	1.5	4.24;4.24;8.28
ep1\fx\weapons\firearms\revolvers\techtronika_metel\w_revolver_metel_muzzle.effect	non	9.99	25.18;25.18;50.18
ep1\fx\weapons\firearms\revolvers\techtronika_metel\w_revolver_metel_muzzle.particle	non	1.5	25.18;25.18;50.18
ep1\fx\weapons\firearms\revolvers\techtronika_metel\w_revolver_metel_muzzle_silencer.effect	non	5	25.2;25.2;50.2
ep1\fx\weapons\firearms\revolvers\techtronika_metel\w_revolver_metel_muzzle_tip.particle	non	2	0.4;0.4;0.4
ep1\fx\weapons\firearms\revolvers\techtronika_metel\w_revolver_metel_muzzle_tpp.effect	non	5	23.17;23.17;46.32
ep1\fx\weapons\firearms\revolvers\techtronika_metel\w_revolver_metel_muzzle_tpp.particle	non	0.9	23.17;23.17;46.32
ep1\fx\weapons\firearms\revolvers\techtronika_metel\w_revolver_metel_reload.effect	non	7	2.03;2.03;3.66
ep1\fx\weapons\firearms\revolvers\techtronika_metel\w_revolver_metel_reload.particle	non	3	2.03;2.03;3.66
ep1\fx\weapons\firearms\revolvers\techtronika_metel\w_revolver_metel_shell.effect	non	10	19.71;19.71;38.43
ep1\fx\weapons\firearms\revolvers\techtronika_metel\w_revolver_metel_shell.particle	non	10	11.38;11.38;21.77
ep1\fx\weapons\firearms\rifles_sniper\nokota_osprey\w_rifle_sniper_osprey_eject.particle	non	1	0.81;0.91;1.54
ep1\fx\weapons\firearms\rifles_sniper\nokota_osprey\w_rifle_sniper_osprey_muzzle.particle	non	2	9.21;9.21;18.22
ep1\fx\weapons\firearms\rifles_sniper\nokota_osprey\w_rifle_sniper_osprey_muzzle_side.particle	non	4	15.2;15.2;30.23
ep1\fx\weapons\firearms\rifles_sniper\nokota_osprey\w_rifle_sniper_osprey_muzzle_side_2.particle	non	1.5	1.19;1.19;1.98
ep1\fx\weapons\firearms\rifles_sniper\nokota_osprey\w_rifle_sniper_osprey_muzzle_tpp.particle	non	2	9.21;9.21;18.22
ep1\fx\weapons\firearms\rifles_sniper\nokota_osprey\w_rifle_sniper_osprey_reload.effect	non	10	2.03;2.03;3.66
ep1\fx\weapons\firearms\rifles_sniper\nokota_osprey\w_rifle_sniper_osprey_reload.particle	non	3	2.03;2.03;3.66
ep1\fx\weapons\firearms\rifles_sniper\tsunami_rasetsu\w_rifle_niper_tsunami_rasetsu_electric.particle	non	0.2	2.2;2.2;2.3
ep1\fx\weapons\firearms\rifles_sniper\tsunami_rasetsu\w_rifle_sniper_tsunami_rasetsu_muzzle.effect	non	10	4.86;4.86;9.58
ep1\fx\weapons\firearms\rifles_sniper\tsunami_rasetsu\w_rifle_sniper_tsunami_rasetsu_muzzle.particle	non	2	4.86;4.86;9.58
ep1\fx\weapons\firearms\rifles_sniper\tsunami_rasetsu\w_rifle_sniper_tsunami_rasetsu_muzzle_side.particle	non		0;0;0
ep1\fx\weapons\firearms\rifles_sniper\tsunami_rasetsu\w_rifle_sniper_tsunami_rasetsu_muzzle_side2.particle	non		0;0;0
ep1\fx\weapons\firearms\rifles_sniper\tsunami_rasetsu\w_rifle_sniper_tsunami_rasetsu_muzzle_tpp.effect	non	3.15	13.7;13.7;27.2
ep1\fx\weapons\firearms\rifles_sniper\tsunami_rasetsu\w_rifle_sniper_tsunami_rasetsu_muzzle_tpp.particle	non	1.55	13.7;13.7;27.2
ep1\fx\weapons\firearms\rifles_sniper\tsunami_rasetsu\w_rifle_sniper_tsunami_rasetsu_muzzle_tpp2.particle	non	0.07	0.21;0.21;0.27
ep1\fx\weapons\firearms\rifles_sniper\tsunami_rasetsu\w_rifle_sniper_tsunami_rasetsu_star.particle	non		0;0;0
ep1\fx\weapons\firearms\rifles_sniper\tsunami_rasetsu\w_rifle_sniper_tsunami_rasetsu_tip.particle	non	2	0.4;0.4;0.4
ep1\fx\weapons\firearms\smg\krausser_warden\krausser_warden_muzzle_flash_fpp.particle	non	0.9	4.74;4.74;9.29
ep1\fx\weapons\firearms\smg\krausser_warden\krausser_warden_reload.particle	non	1.75	0.92;0.92;1.77
ep1\fx\weapons\firearms\smg\krausser_warden\krausser_warden_silencer.particle	non	0.5	25.2;25.2;50.2
ep1\fx\weapons\firearms\smg\krausser_warden\krausser_warden_smoke_left.particle	non	1	1.36;1.36;2.42
ep1\fx\weapons\firearms\smg\krausser_warden\w_krausser_warden_muzzle_flash_fpp.effect	non	1.33	4.74;4.74;9.29
ep1\fx\weapons\firearms\smg\krausser_warden\w_krausser_warden_reload.effect	non	3.03	0.92;0.92;1.77
ep1\fx\weapons\firearms\smg\krausser_warden\w_krausser_warden_silencer.effect	non	5.47	25.2;25.2;50.2
ep1\fx\weapons\firearms\smg\midnight_borg4a\w_smg_borg4a_blackwall_trail.particle	non	3	0.03;0.03;0.03
ep1\fx\weapons\firearms\smg\midnight_borg4a\w_smg_borg4a_eject.particle	non	1	2.67;2.67;4.45
ep1\fx\weapons\firearms\smg\midnight_borg4a\w_smg_borg4a_ejection_port.effect	non	10	17.19;17.19;33.39
ep1\fx\weapons\firearms\smg\midnight_borg4a\w_smg_borg4a_eject_2.particle	non	1	0.2;0.2;0.2
ep1\fx\weapons\firearms\smg\midnight_borg4a\w_smg_borg4a_extra_impact.particle	non	1.5	25.6;25.6;50.6
ep1\fx\weapons\firearms\smg\midnight_borg4a\w_smg_borg4a_muzzle.effect	non	10	25.12;25.12;50.12
ep1\fx\weapons\firearms\smg\midnight_borg4a\w_smg_borg4a_muzzle.particle	non	1	25.12;25.12;50.12
ep1\fx\weapons\firearms\smg\midnight_borg4a\w_smg_borg4a_muzzle_brake_flame.particle	non	1.5	22.74;22.74;45.47
ep1\fx\weapons\firearms\smg\midnight_borg4a\w_smg_borg4a_muzzle_silencer.effect	non	10	25.2;25.2;50.2
ep1\fx\weapons\firearms\smg\midnight_borg4a\w_smg_borg4a_muzzle_tpp.effect	non	5	22.74;22.74;45.47
ep1\fx\weapons\firearms\smg\midnight_borg4a\w_smg_borg4a_muzzle_tpp.particle	non	1	22.16;22.16;44.16
ep1\fx\weapons\firearms\smg\midnight_borg4a\w_smg_borg4_blackwall_impact.effect	non	2.95	25.6;25.6;50.6
ep1\fx\weapons\firearms\smg\midnight_borg4a\w_smg_borg4_trail_blackwall.effect	non	2.17	0.03;0.03;0.03
ep1\fx\weapons\firearms\special\hercules\w_hercules_death_explosion.effect	non	30	24.69;24.69;47.74
ep1\fx\weapons\firearms\special\hercules\w_hercules_death_explosion.particle	non	6	24.69;24.69;47.74
ep1\fx\weapons\firearms\special\hercules\w_hercules_muzzle_flash_fpp.effect	non	2.8	5.4;5.4;10.7
ep1\fx\weapons\firearms\special\hercules\w_hercules_muzzle_flash_fpp.particle	non	1	5.4;5.4;10.7
ep1\fx\weapons\firearms\special\hercules\w_hercules_projectile_hit.effect	non	1.3	13.55;13.55;26.79
ep1\fx\weapons\firearms\special\hercules\w_hercules_projectile_hit.particle	oui		13.55;13.55;26.79
ep1\fx\weapons\firearms\special\hercules\w_hercules_projectile_trail.effect	oui		1;1;1
ep1\fx\weapons\firearms\special\hercules\w_hercules_projectile_trail.particle	oui		1;1;1
ep1\fx\weapons\firearms\special\hercules\w_hercules_projectile_trail_low.effect	oui		1;1;1
ep1\fx\weapons\firearms\special\hercules\w_hercules_projectile_trail_low.particle	non	0.5	1;1;1
ep1\fx\weapons\firearms\special\hercules\w_hercules_reload.effect	non	5.16	0.96;0.96;1.87
ep1\fx\weapons\firearms\special\hercules\w_hercules_reload.particle	non	0.88	0.96;0.96;1.87
ep1\fx\weapons\impacts\hercules\imp_default_decal_hercules.effect	non	60	1.14;0.94;1.49
ep1\fx\weapons\impacts\hercules\imp_default_particles_hercules.particle	non	0.66	1.14;0.94;1.49
ep1\fx\weapons\tomahawk_woodooboys\vbaaxe_emp_explosion.effect	non	6.85	17.62;17.62;34.94
ep1\fx\weapons\tomahawk_woodooboys\vbaxe_impact.effect	non	1.69	1.22;1.22;2.34
ep1\fx\weapons\tomahawk_woodooboys\weapon_fx_idle.particle	oui		1;1;1.06
ep1\fx\weapons\tomahawk_woodooboys\weapon_vbaxe_impact.particle	non	1	1.22;1.22;2.34
ep1\lighting\particles\fx_light_pollution_combat_tower.particle	oui		1;1;1
ep1\mechanical\mech\mch_004__militech_chimera\chimera_cloth_sim.effect	non	25.57	0;0;0
ep1\mechanical\mech\mch_004__militech_chimera\__debug__force_dust_off.effect	non	0.5	0;0;0
ep1\mechanical\mech\mch_004__militech_chimera\__debug__force_dust_on.effect	non	0.5	0;0;0
ep1\openworld\street_stories\sts_ep1_04\entities\sts_ep1_04_bridge_control_vfx.effect	non	21.28	4.62;4.62;9.12
ep1\openworld\street_stories\sts_ep1_04\entities\sts_ep1_04_bridge_control_vfx_dusts.effect	non	7.01	6.72;6.72;8.45
ep1\openworld\street_stories\sts_ep1_08\entities\sts_ep1_08_holograms_vfx.effect	oui		3.8;3.8;3.8
ep1\openworld\street_stories\sts_ep1_12\entities\server_overcharge.effect	oui		24.97;24.97;49.85
ep1\openworld\street_stories\sts_ep1_12\entities\server_overcharge.particle	non	1.5	24.97;24.97;49.85
ep1\openworld\street_stories\sts_ep1_13\fx\sts_ep1_13_v_auction_pour_1_effect.effect	non	2.4	0;0;0
ep1\openworld\street_stories\sts_ep1_13\fx\sts_ep1_13_v_auction_pour_2_effect.effect	non	2.37	0;0;0
ep1\openworld\street_stories\sts_ep1_13\fx\sts_ep1_13_v_auction_pour_3_effect.effect	non	2.4	0;0;0
ep1\quest\main_quests\q302\assets\destruction\simulated\q302_gate_a_sim_destro_effect.effect	non	9	0;0;0
ep1\quest\main_quests\q302\entities\q302_floor_baked_dst\q302_floor_dst.effect	non	10	0;0;0
ep1\quest\main_quests\q303\fx\q303_02_nighthawks_pour_1_effect.effect	non	1.27	0;0;0
ep1\quest\main_quests\q303\fx\q303_02_nighthawks_pour_2_effect.effect	non	1.27	0;0;0
ep1\quest\main_quests\q303\fx\q303_04_mr_hands_brew_effect.effect	non	1.77	0;0;0
ep1\quest\main_quests\q303\fx\q303_04_mr_hands_pour_effect.effect	non	5.13	0;0;0
ep1\quest\main_quests\q303\fx\q303_06a_paradise_roleplay_restaurant_floor_pour_1_effect.effect	non	4.67	0;0;0
ep1\quest\main_quests\q303\fx\q303_06a_paradise_roleplay_restaurant_floor_pour_2_effect.effect	non	2.23	0;0;0
ep1\quest\main_quests\q303\fx\q303_06a_paradise_roleplay_restaurant_floor_pour_3_effect.effect	non	2.57	0;0;0
ep1\quest\main_quests\q303\fx\q303_06a_paradise_roleplay_restaurant_floor_pour_4_effect.effect	non	1.37	0;0;0
ep1\quest\main_quests\q303\fx\q303_06a_paradise_roleplay_restaurant_floor_pour_5.effect	non	2.57	0;0;0
ep1\quest\main_quests\q304\fx\q304_04e_alex_heart_to_heart_pour_2_effect.effect	non	3.27	0;0;0
ep1\quest\main_quests\q304\fx\q304_04e_alex_heart_to_heart_pour_effect.effect	non	3.07	0;0;0
ep1\quest\main_quests\q304\fx\q304_07a_deal_part1_pour_effect.effect	non	2.7	0;0;0
ep1\quest\main_quests\q305\effect\q305_pre_ambush_grenade_effect.particle	non	12222	26;26;51
ep1\quest\main_quests\q305\effect\q305_pre_ambush_grenade_fx.effect	oui		1;1;1
ep1\quest\main_quests\q305\effect\q305_scene_temp_laser.particle	non	3600	2.66;2.66;4.46
ep1\quest\main_quests\q305\entities\q305_pre_ambush_holo_smoke.effect	oui		8.39;8.39;16.68
ep1\quest\main_quests\q305\entities\q305_pre_ambush_holo_smoke.particle	oui		8.39;8.39;16.68
ep1\quest\main_quests\q306\fx\q306_13_epilogue_pour_3_effect.effect	non	2.3	0;0;0
ep1\quest\main_quests\q306\fx\q306_13_epilogue_pour_4_effect.effect	non	2.67	0;0;0
ep1\quest\main_quests\q306\fx\q306_13_epilogue_pour_effect.effect	non	4.97	0;0;0
ep1\quest\main_quests\q307\entities\q307_spotlight_custom.particle	oui		24;24;24
ep1\quest\mini_world_story\mws_cz_14\mws_cz_14_status_emp.effect	non	3.29	2.33;2.23;2.26
ep1\quest\minor_quests\mq301\fx\mq301_fireplace_pour_1_effect.effect	non	1.73	0;0;0
ep1\quest\minor_quests\mq301\fx\mq301_fireplace_pour_2_effect.effect	non	2.3	0;0;0
ep1\quest\minor_quests\mq301\fx\mq301_fireplace_pour_3_effect.effect	non	0.97	0;0;0
ep1\vehicles\special\v_baron_wheelchair\entities\meshes\effects\bubbles_01.particle	oui		0.55;0.55;0.8
ep1\vehicles\special\v_baron_wheelchair\entities\meshes\effects\q303_slider_chair_bubbles.effect	oui		0.55;0.55;0.8
